category,parameter_name,value,unit,description
# Phenology Model Parameters
phenology_parameters,base_temperature,4.5,°C,"Base temperature for thermal time calculation (Wurr et al., 1996)"
phenology_parameters,optimal_temperature_min,18.0,°C,Minimum optimal temperature for development
phenology_parameters,optimal_temperature_max,24.0,°C,Maximum optimal temperature for development
phenology_parameters,maximum_temperature,35.0,°C,Maximum temperature beyond which development ceases
phenology_parameters,thermal_time_scale,1.0,dimensionless,Scaling factor for thermal time calculation
phenology_parameters,photoperiod_sensitive,true,boolean,Whether plant is sensitive to photoperiod
phenology_parameters,critical_photoperiod,14.0,hours,Critical photoperiod for flowering induction
phenology_parameters,photoperiod_slope,0.1,dimensionless,Slope of photoperiod response function
phenology_parameters,bolting_photoperiod_threshold,16.0,hours,Photoperiod threshold for bolting risk
phenology_parameters,bolting_temperature_threshold,25.0,°C,Temperature threshold for bolting risk
phenology_parameters,bolting_photoperiod_divisor,2.0,dimensionless,Divisor for photoperiod bolting risk calculation
phenology_parameters,bolting_photoperiod_risk_max,0.8,fraction,Maximum risk from photoperiod stress
phenology_parameters,bolting_temperature_divisor,5.0,dimensionless,Divisor for temperature bolting risk calculation
phenology_parameters,bolting_temperature_risk_max,0.7,fraction,Maximum risk from temperature stress
phenology_parameters,bolting_sustained_stress_risk,0.05,fraction,Daily risk accumulation under sustained stress
phenology_parameters,bolting_maturity_risk_factor,0.02,fraction,Risk increase per day after maturity
phenology_parameters,bolting_maturity_risk_max,0.6,fraction,Maximum maturity-related bolting risk
phenology_parameters,bolting_risk_threshold,0.3,fraction,Cumulative risk threshold for bolting initiation
phenology_parameters,environmental_buffer_days,3,days,Buffer days for environmental stress averaging
phenology_parameters,environmental_history_days,7,days,Days of environmental history to consider
phenology_parameters,head_formation_node_requirement,8,nodes,Minimum node count required for head formation
phenology_parameters,vernalization_required,false,boolean,Whether vernalization is required for flowering
phenology_parameters,vernalization_temperature,4.0,°C,Temperature for vernalization requirement
phenology_parameters,vernalization_days,30,days,Days of vernalization required
phenology_parameters,stress_acceleration_factor,1.5,dimensionless,Acceleration factor under stress conditions
phenology_parameters,drought_threshold,0.3,fraction,Water stress threshold for development acceleration
phenology_parameters,heat_threshold,30.0,°C,Temperature threshold for heat stress effects
phenology_parameters,optimal_water_stress,1.0,dimensionless,Optimal water stress factor for phenology calculations

# Thermal Requirements for Growth Stage Transitions
phenology_parameters,GE_to_VE,60.0,GDD,Germination to emergence (Scaife & Turner, 1983)
phenology_parameters,VE_to_V1,80.0,GDD,Emergence to first leaf (Scaife & Turner, 1983)
phenology_parameters,V1_to_V2,50.0,GDD,First to second leaf (Wheeler et al., 1994)
phenology_parameters,V2_to_V3,50.0,GDD,Second to third leaf (Wheeler et al., 1994)
phenology_parameters,V3_to_V4,50.0,GDD,Third to fourth leaf (Wheeler et al., 1994)
phenology_parameters,V4_to_V5,50.0,GDD,Fourth to fifth leaf (Wheeler et al., 1994)
phenology_parameters,V5_to_V6,50.0,GDD,Fifth to sixth leaf (Wheeler et al., 1994)
phenology_parameters,V6_to_V7,50.0,GDD,Sixth to seventh leaf (Wheeler et al., 1994)
phenology_parameters,V7_to_V8,50.0,GDD,Seventh to eighth leaf (Wheeler et al., 1994)
phenology_parameters,V8_to_V9,50.0,GDD,Eighth to ninth leaf (Wheeler et al., 1994)
phenology_parameters,V9_to_V10,50.0,GDD,Ninth to tenth leaf (Wheeler et al., 1994)
phenology_parameters,V10_to_V11+,50.0,GDD,Tenth leaf to mature vegetative (Wheeler et al., 1994)
phenology_parameters,V11+_to_HI,100.0,GDD,Mature vegetative to head initiation (Scaife & Turner, 1983)
phenology_parameters,HI_to_HD,80.0,GDD,Head initiation to head development (Both et al., 1997)
phenology_parameters,HD_to_HM,60.0,GDD,Head development to harvest maturity (Both et al., 1997)
phenology_parameters,HM_to_BI,300.0,GDD,Harvest maturity to bolting initiation
phenology_parameters,BI_to_FL,120.0,GDD,Bolting initiation to flowering
phenology_parameters,FL_to_AN,50.0,GDD,Flowering to anthesis
phenology_parameters,AN_to_SD,200.0,GDD,Anthesis to seed development
phenology_parameters,SD_to_PM,150.0,GDD,Seed development to physiological maturity

# Consolidated Thermal Time Parameters (using phenology_parameters values)
thermal_time,base_temp,10.0,°C,Base temperature for thermal time calculation
thermal_time,thermal_time_scale,1.0,dimensionless,Scale factor for thermal time calculation

# Photosynthesis Model Parameters
photosynthesis_parameters,phi_psii,0.85,dimensionless,Maximum quantum efficiency of PSII
photosynthesis_parameters,r,8.314,J_mol_K,Gas constant for Arrhenius calculations
photosynthesis_parameters,g_max,0.6,mol_m2_s,Maximum stomatal conductance
photosynthesis_parameters,min_par_threshold,30.0,μmol_m2_s,Minimum PAR threshold for photosynthesis
photosynthesis_parameters,enzyme_saturation_lai,3.0,m2_m2,LAI threshold for enzyme saturation
photosynthesis_parameters,light_penetration_lai,2.5,m2_m2,LAI threshold for light penetration effects
photosynthesis_parameters,enzyme_saturation_rate,0.1,dimensionless,Rate of enzyme saturation decline per LAI unit
photosynthesis_parameters,min_enzyme_factor,0.3,dimensionless,Minimum enzyme efficiency factor
photosynthesis_parameters,excess_lai_efficiency,0.8,dimensionless,Efficiency factor for excess LAI
photosynthesis_parameters,umol_to_g_carbon_ratio,1.2e-4,g_μmol,Conversion ratio from μmol CO2 to g C
photosynthesis_parameters,seconds_per_hour,3600,s,Seconds per hour for time conversions
photosynthesis_parameters,hours_per_day,24,h,Hours per day for daily calculations
photosynthesis_parameters,kc,270.0,μbar,Michaelis constant for CO2
photosynthesis_parameters,ko,165000.0,μbar,Michaelis constant for O2
photosynthesis_parameters,gamma_star,42.75,μbar,CO2 compensation point
photosynthesis_parameters,jmax_25,120.0,μmol_m2_s,Maximum electron transport rate at 25°C
photosynthesis_parameters,vcmax_25,60.0,μmol_m2_s,Maximum carboxylation rate at 25°C
photosynthesis_parameters,theta,0.7,dimensionless,Curvature factor of light response
photosynthesis_parameters,alpha,0.24,mol_mol,Quantum efficiency of CO2 fixation
photosynthesis_parameters,rd_25,1.5,μmol_m2_s,Dark respiration rate at 25°C
photosynthesis_parameters,eaj,37000.0,J_mol,Activation energy for Jmax
photosynthesis_parameters,eav,65000.0,J_mol,Activation energy for Vcmax
photosynthesis_parameters,ear,46000.0,J_mol,Activation energy for dark respiration
photosynthesis_parameters,o2_mmol_mol,210.0,mmol_mol,Atmospheric O2 concentration
photosynthesis_parameters,shaded_light_fraction,0.15,dimensionless,Fraction of PAR available to shaded leaves
photosynthesis_parameters,photosynthesis_cold_limit,5.0,°C,Cold temperature limit for photosynthesis stress
photosynthesis_parameters,photosynthesis_heat_limit,40.0,°C,Heat temperature limit for photosynthesis stress
photosynthesis_parameters,min_stress_factor,0.1,dimensionless,Minimum temperature stress factor for photosynthesis

# Respiration Model Parameters
respiration_parameters,maintenance_base_rate,0.005,g_C_g_biomass_day,Base maintenance respiration rate at 25°C
respiration_parameters,reference_temperature,25.0,°C,Reference temperature for Q10 response
respiration_parameters,q10_factor,2.0,dimensionless,Temperature response coefficient for respiration
respiration_parameters,growth_efficiency,0.75,dimensionless,Conversion efficiency for biomass synthesis
respiration_parameters,biosynthetic_cost,1.35,g_glucose_g_biomass,General biosynthetic cost for growth
respiration_parameters,age_effect_coefficient,0.005,day_inverse,Daily increase in respiration per day of age
respiration_parameters,max_age_effect,3.0,dimensionless,Maximum age multiplier for respiration
respiration_parameters,acclimation_rate,0.1,dimensionless,Rate of thermal acclimation per day
respiration_parameters,acclimation_memory,14.0,days,Days of temperature memory for acclimation
respiration_parameters,n_effect_slope,1.2,dimensionless,Respiration response to leaf N content
respiration_parameters,reference_leaf_n,0.035,g_N_g_biomass,Reference leaf nitrogen content
respiration_parameters,max_temperature_threshold,40.0,°C,Maximum temperature before protein denaturation
respiration_parameters,temperature_decay_factor,0.1,°C_inverse,Decay factor for high temperature respiration
respiration_parameters,size_penalty_threshold,50.0,g_biomass,Biomass threshold for size penalty
respiration_parameters,size_penalty_rate,0.002,g_inverse,Rate of size penalty increase per g biomass
respiration_parameters,glucose_to_carbon_ratio,0.4,g_C_g_glucose,Glucose to carbon conversion ratio
respiration_parameters,min_history_threshold,3,days,Minimum temperature history days for acclimation
respiration_parameters,day_start_hour,6,h,Start hour of day period
respiration_parameters,day_end_hour,18,h,End hour of day period
respiration_parameters,day_respiration_factor,1.0,dimensionless,Day period respiration factor
respiration_parameters,night_respiration_factor,0.8,dimensionless,Night period respiration factor
respiration_parameters,carbon_to_co2_ratio,3.67,g_CO2_g_C,Carbon to CO2 molecular weight ratio
respiration_parameters,circadian_amplitude_1,0.15,dimensionless,Amplitude of first circadian peak
respiration_parameters,circadian_peak_1,14,h,Hour of first circadian peak
respiration_parameters,circadian_amplitude_2,0.05,dimensionless,Amplitude of second circadian peak
respiration_parameters,circadian_peak_2,2,h,Hour of second circadian peak
respiration_parameters,diurnal_base_factor,1.0,dimensionless,Base factor for diurnal variation
# respiration_parameters,optimal_temperature,22.0,°C,Optimal temperature for respiration (consolidated to phenology_parameters)
respiration_parameters,moderate_stress_threshold,30.0,°C,Temperature threshold for moderate stress
respiration_parameters,severe_stress_threshold,35.0,°C,Temperature threshold for severe stress
respiration_parameters,moderate_stress_factor,1.5,dimensionless,Multiplication factor for moderate stress
respiration_parameters,severe_stress_base,0.5,dimensionless,Base factor for severe stress
respiration_parameters,severe_stress_factor,2.0,dimensionless,Multiplication factor for severe stress
respiration_parameters,daytime_respiratory_quotient,0.9,dimensionless,CO2 release to O2 uptake ratio during day
respiration_parameters,nighttime_respiratory_quotient,1.0,dimensionless,CO2 release to O2 uptake ratio during night
respiration_parameters,min_acclimation_temperature,10.0,°C,Minimum temperature for acclimation
respiration_parameters,max_acclimation_temperature,35.0,°C,Maximum temperature for acclimation
respiration_parameters,min_diurnal_factor,0.3,dimensionless,Minimum diurnal respiration factor
respiration_parameters,max_diurnal_factor,1.8,dimensionless,Maximum diurnal respiration factor
respiration_parameters,tissue_factor_leaves,1.0,dimensionless,Respiration factor for leaf tissues
respiration_parameters,tissue_factor_stems,0.8,dimensionless,Respiration factor for stem tissues
respiration_parameters,tissue_factor_roots,1.2,dimensionless,Respiration factor for root tissues
respiration_parameters,tissue_factor_reproductive,1.5,dimensionless,Respiration factor for reproductive tissues
respiration_parameters,protein_respiration_cost,2.2,g_glucose_g_protein,Biosynthetic cost for protein synthesis
respiration_parameters,carbohydrate_respiration_cost,1.1,g_glucose_g_carb,Biosynthetic cost for carbohydrate synthesis
respiration_parameters,lipid_respiration_cost,3.2,g_glucose_g_lipid,Biosynthetic cost for lipid synthesis
respiration_parameters,organic_acid_respiration_cost,1.4,g_glucose_g_acid,Biosynthetic cost for organic acid synthesis
respiration_parameters,lignin_respiration_cost,2.8,g_glucose_g_lignin,Biosynthetic cost for lignin synthesis
respiration_parameters,mineral_respiration_cost,0.1,g_glucose_g_mineral,Biosynthetic cost for mineral uptake
respiration_parameters,protein_fraction,0.15,dimensionless,Fraction of growth allocated to proteins
respiration_parameters,carbohydrate_fraction,0.50,dimensionless,Fraction of growth allocated to carbohydrates
respiration_parameters,lipid_fraction,0.08,dimensionless,Fraction of growth allocated to lipids
respiration_parameters,organic_acid_fraction,0.12,dimensionless,Fraction of growth allocated to organic acids
respiration_parameters,lignin_fraction,0.15,dimensionless,Fraction of growth allocated to lignin
respiration_parameters,mineral_fraction,0.10,dimensionless,Fraction of growth allocated to minerals

# Water Uptake Model Parameters
water_parameters,psychrometric_constant,0.665,kPa_°C,Psychrometric constant for Penman-Monteith
water_parameters,wind_speed,2.0,m_s,Wind speed for evapotranspiration calculations
water_parameters,net_radiation_factor,0.77,dimensionless,Fraction of solar radiation converted to net radiation
water_parameters,radiation_offset,2.45,MJ_m2_day,Radiation offset for net radiation calculation
water_parameters,base_crop_coefficient,2.0,dimensionless,Base crop coefficient for lettuce
water_parameters,lai_coefficient_factor,3.0,m2_m2,LAI scaling factor for crop coefficient
water_parameters,vegetative_stage_factor,0.8,dimensionless,Crop coefficient multiplier for vegetative stage
water_parameters,head_formation_stage_factor,1.2,dimensionless,Crop coefficient multiplier for head formation
water_parameters,mature_stage_factor,0.9,dimensionless,Crop coefficient multiplier for mature stage
# water_parameters,optimal_temperature,22.0,°C,Optimal temperature for water uptake (consolidated to phenology_parameters)
water_parameters,temperature_sensitivity,0.15,°C_inverse,Temperature response sensitivity factor
water_parameters,optimal_vpd_min,0.8,kPa,Minimum optimal vapor pressure deficit
water_parameters,optimal_vpd_max,1.5,kPa,Maximum optimal vapor pressure deficit
water_parameters,vpd_sensitivity,0.3,kPa_inverse,VPD response sensitivity factor
water_parameters,metabolic_water_per_biomass,0.4,L_g_biomass,Metabolic water demand per unit biomass
water_parameters,metabolic_water_per_lai,0.1,L_LAI,Metabolic water demand per LAI unit
water_parameters,temp_tolerance,15.0,°C,Temperature tolerance range for water uptake
water_parameters,min_temp_factor,0.3,dimensionless,Minimum temperature response factor
water_parameters,stem_biomass_fraction,0.3,dimensionless,Fraction of total biomass allocated to stem
water_parameters,leaf_area_to_biomass_ratio,0.1,g_per_m2,Ratio for converting leaf area to biomass
water_parameters,water_uptake_sensitivity_low,0.06,per_°C,Water uptake sensitivity per °C below optimum for RZT
water_parameters,water_uptake_sensitivity_high,0.10,per_°C,Water uptake sensitivity per °C above optimum for RZT

# Root System Parameters
root_system_parameters,base_root_conductance,0.5,L_day_MPa_m2,Base root hydraulic conductance
root_system_parameters,root_conductance_scaling_factor,2.0,dimensionless,Root conductance scaling factor
root_system_parameters,base_xylem_conductance,1.2,L_day_MPa,Base xylem hydraulic conductance
root_system_parameters,xylem_conductance_scaling_factor,10.0,g_biomass,Xylem conductance scaling factor
root_system_parameters,base_leaf_potential,-0.3,MPa,Baseline leaf water potential
root_system_parameters,transpiration_potential_factor,0.05,MPa_mm_day,Leaf potential change per transpiration rate
root_system_parameters,solution_potential_factor,-0.036,MPa_dS_m,Solution potential change per EC unit
root_system_parameters,cavitation_threshold,-2.0,MPa,Water potential threshold for cavitation

# Stress Parameters (water uptake specific)
stress_parameters,max_osmotic_adjustment,0.5,MPa,Maximum osmotic adjustment under stress
stress_parameters,salt_stress_osmotic_factor,0.8,dimensionless,Salinity stress effect on osmotic adjustment

# Environmental Control System Parameters
environment,target_vpd,1.0,kPa,Target vapor pressure deficit for optimal growth
environment,vpd_tolerance,0.2,kPa,Acceptable VPD deviation from target
environment,min_humidity,45.0,%,Minimum allowed relative humidity
environment,max_humidity,75.0,%,Maximum allowed relative humidity
environment,day_temp,22.0,°C,Optimal daytime temperature
environment,night_temp,18.0,°C,Optimal nighttime temperature
environment,temp_tolerance,2.0,°C,Acceptable temperature deviation
environment,target_co2,800.0,ppm,Target CO2 concentration during photoperiod
environment,ambient_co2,400.0,ppm,Ambient atmospheric CO2 concentration
environment,co2_tolerance,50.0,ppm,Acceptable CO2 deviation from target
environment,light_hours,16.0,h,Photoperiod duration per day
environment,light_intensity_control,200.0,μmol_m2_s,Light intensity setpoint for control
environment,co2_enrichment_start_hour,6.0,h,Hour to begin CO2 enrichment
environment,humidity_deadband,3.0,%,Humidity control deadband to prevent oscillation
environment,max_temperature_change_per_hour,3.0,°C_h,Maximum temperature change rate for HVAC
environment,ambient_temperature,20.0,°C,External ambient temperature
environment,thermal_mass_factor,0.05,h_inverse,Building thermal inertia factor
environment,base_co2_loss_rate,20.0,ppm_h,Baseline CO2 loss rate from ventilation
environment,min_co2_concentration,300.0,ppm,Minimum allowable CO2 concentration
environment,max_co2_concentration,1200.0,ppm,Maximum allowable CO2 concentration
environment,light_saturation_threshold,800.0,μmol_m2_s,Light saturation threshold for CO2 response
environment,co2_response_vmax,2.0,dimensionless,Maximum CO2 photosynthesis enhancement factor
environment,co2_response_km,200.0,ppm,Half-saturation CO2 concentration for response
environment,max_co2_enhancement_factor,2.2,dimensionless,Maximum theoretical CO2 enhancement factor
environment,co2_enrichment_duration,8.0,h,Duration of CO2 enrichment period
environment,co2_enrichment_strategy,morning_only,text,CO2 enrichment timing strategy
environment,co2_morning_target,1000.0,ppm,CO2 target during morning enrichment
environment,co2_afternoon_target,600.0,ppm,CO2 target during afternoon period

# PID Control Parameters
environment,pid_humidity_kp,1.2,dimensionless,Proportional gain for humidity PID control
environment,pid_humidity_ki,0.1,dimensionless,Integral gain for humidity PID control
environment,pid_humidity_kd,0.05,dimensionless,Derivative gain for humidity PID control
environment,pid_co2_kp,0.8,dimensionless,Proportional gain for CO2 PID control
environment,pid_co2_ki,0.05,dimensionless,Integral gain for CO2 PID control
environment,pid_co2_kd,0.02,dimensionless,Derivative gain for CO2 PID control
environment,pid_temperature_kp,2.0,dimensionless,Proportional gain for temperature PID control
environment,pid_temperature_ki,0.2,dimensionless,Integral gain for temperature PID control
environment,pid_temperature_kd,0.1,dimensionless,Derivative gain for temperature PID control

# Control Equipment Parameters
control_equipment_parameters,humidifier_capacity,5.0,L_h,Maximum humidifier water addition rate
control_equipment_parameters,dehumidifier_capacity,8.0,L_h,Maximum dehumidifier water removal rate
control_equipment_parameters,humidifier_efficiency,0.12,%_per_L_h,Humidity increase per liter per hour
control_equipment_parameters,dehumidifier_efficiency,0.15,%_per_L_h,Humidity decrease per liter per hour
control_equipment_parameters,co2_injection_rate,100.0,ppm_min,Maximum CO2 injection rate
control_equipment_parameters,co2_sensor_accuracy,25.0,ppm,CO2 sensor measurement accuracy
control_equipment_parameters,co2_mixing_time,5.0,min,Time for CO2 to mix throughout growing area
control_equipment_parameters,air_exchange_rate,2.0,ACH,Air changes per hour for ventilation
control_equipment_parameters,circulation_fan_power,150.0,W,Circulation fan power consumption

# Nutrient Model Parameters
nutrient_parameters,ec_factor_n_no3,0.071,dS_m_per_mg_L,EC contribution factor for nitrate nitrogen
nutrient_parameters,ec_factor_n_nh4,0.073,dS_m_per_mg_L,EC contribution factor for ammonium nitrogen
nutrient_parameters,ec_factor_p_po4,0.058,dS_m_per_mg_L,EC contribution factor for phosphate phosphorus
nutrient_parameters,ec_factor_k,0.064,dS_m_per_mg_L,EC contribution factor for potassium
nutrient_parameters,ec_factor_ca,0.050,dS_m_per_mg_L,EC contribution factor for calcium
nutrient_parameters,ec_factor_mg,0.082,dS_m_per_mg_L,EC contribution factor for magnesium
nutrient_parameters,ec_factor_s_so4,0.065,dS_m_per_mg_L,EC contribution factor for sulfate sulfur
nutrient_parameters,ec_factor_fe,0.018,dS_m_per_mg_L,EC contribution factor for iron
nutrient_parameters,ec_factor_mn,0.019,dS_m_per_mg_L,EC contribution factor for manganese
nutrient_parameters,ec_factor_zn,0.015,dS_m_per_mg_L,EC contribution factor for zinc
nutrient_parameters,ec_factor_cu,0.016,dS_m_per_mg_L,EC contribution factor for copper
nutrient_parameters,ec_factor_b,0.014,dS_m_per_mg_L,EC contribution factor for boron
nutrient_parameters,ec_factor_mo,0.010,dS_m_per_mg_L,EC contribution factor for molybdenum
nutrient_parameters,minimum_volume_fraction,0.1,dimensionless,Minimum solution volume fraction
nutrient_parameters,xylem_transport_capacity,0.8,L_day_mg,Maximum xylem transport rate per unit concentration
nutrient_parameters,phloem_transport_capacity,0.3,g_day_mg,Maximum phloem transport rate per unit concentration
nutrient_parameters,temperature_q10,2.1,dimensionless,Temperature response coefficient for nutrient processes
nutrient_parameters,transpiration_coupling,0.7,dimensionless,Coupling factor for transpiration-driven transport
nutrient_parameters,ec_uptake_high_threshold,1.5,dimensionless,High EC ratio threshold for uptake modification
nutrient_parameters,ec_uptake_low_threshold,0.5,dimensionless,Low EC ratio threshold for uptake modification
nutrient_parameters,ec_uptake_modifier_n_high,0.3,dimensionless,Nitrogen uptake modifier under high EC
nutrient_parameters,ec_uptake_modifier_p_high,0.4,dimensionless,Phosphorus uptake modifier under high EC
nutrient_parameters,ec_uptake_modifier_k_high,0.2,dimensionless,Potassium uptake modifier under high EC
nutrient_parameters,ec_uptake_modifier_ca_high,0.1,dimensionless,Calcium uptake modifier under high EC
nutrient_parameters,ec_uptake_modifier_n_low,0.2,dimensionless,Nitrogen uptake modifier under low EC
nutrient_parameters,ec_uptake_modifier_p_low,0.3,dimensionless,Phosphorus uptake modifier under low EC
nutrient_parameters,ec_uptake_modifier_fe_low,0.4,dimensionless,Iron uptake modifier under low EC

# Michaelis-Menten Uptake Kinetics
nutrient_parameters,kinetics_n_no3_vmax,0.08,mg_cm2_day,Maximum uptake rate for nitrate nitrogen
nutrient_parameters,kinetics_n_no3_km,15.0,mg_L,Michaelis constant for nitrate nitrogen
nutrient_parameters,kinetics_n_no3_min_conc,0.5,mg_L,Minimum concentration for nitrate nitrogen uptake
nutrient_parameters,kinetics_n_nh4_vmax,0.05,mg_cm2_day,Maximum uptake rate for ammonium nitrogen
nutrient_parameters,kinetics_n_nh4_km,5.0,mg_L,Michaelis constant for ammonium nitrogen
nutrient_parameters,kinetics_n_nh4_min_conc,0.2,mg_L,Minimum concentration for ammonium nitrogen uptake
nutrient_parameters,kinetics_p_po4_vmax,0.008,mg_cm2_day,Maximum uptake rate for phosphate phosphorus
nutrient_parameters,kinetics_p_po4_km,3.0,mg_L,Michaelis constant for phosphate phosphorus
nutrient_parameters,kinetics_p_po4_min_conc,0.1,mg_L,Minimum concentration for phosphate phosphorus uptake
nutrient_parameters,kinetics_k_vmax,0.06,mg_cm2_day,Maximum uptake rate for potassium
nutrient_parameters,kinetics_k_km,25.0,mg_L,Michaelis constant for potassium
nutrient_parameters,kinetics_k_min_conc,1.0,mg_L,Minimum concentration for potassium uptake
nutrient_parameters,kinetics_ca_vmax,0.04,mg_cm2_day,Maximum uptake rate for calcium
nutrient_parameters,kinetics_ca_km,40.0,mg_L,Michaelis constant for calcium
nutrient_parameters,kinetics_ca_min_conc,2.0,mg_L,Minimum concentration for calcium uptake
nutrient_parameters,kinetics_mg_vmax,0.02,mg_cm2_day,Maximum uptake rate for magnesium
nutrient_parameters,kinetics_mg_km,12.0,mg_L,Michaelis constant for magnesium
nutrient_parameters,kinetics_mg_min_conc,0.5,mg_L,Minimum concentration for magnesium uptake

# Biomass Allocation Model Parameters
allocation_parameters,vegetative_leaf_allocation,0.50,dimensionless,Base leaf allocation fraction during vegetative stage
allocation_parameters,vegetative_stem_allocation,0.20,dimensionless,Base stem allocation fraction during vegetative stage
allocation_parameters,vegetative_root_allocation,0.30,dimensionless,Base root allocation fraction during vegetative stage
allocation_parameters,reproductive_leaf_allocation,0.40,dimensionless,Base leaf allocation fraction during reproductive stage
allocation_parameters,reproductive_stem_allocation,0.35,dimensionless,Base stem allocation fraction during reproductive stage
allocation_parameters,reproductive_root_allocation,0.25,dimensionless,Base root allocation fraction during reproductive stage
allocation_parameters,light_response_factor,0.3,dimensionless,Response strength to light limitation
allocation_parameters,nitrogen_response_factor,0.4,dimensionless,Response strength to nitrogen limitation
allocation_parameters,water_response_factor,0.35,dimensionless,Response strength to water limitation
allocation_parameters,minimum_organ_fraction,0.05,dimensionless,Minimum allocation fraction for any organ

# Senescence Effect Parameters
senescence_parameters,photosynthesis_senescence_sensitivity,0.8,dimensionless,Sensitivity of photosynthesis to senescence rate reduction

# Canopy Architecture Model Parameters
canopy_parameters,number_of_layers,5,dimensionless,Number of canopy layers for light calculations
canopy_parameters,max_lai,8.0,m2_m2,Maximum possible leaf area index for the crop
canopy_parameters,extinction_coefficient,0.6,dimensionless,Base light extinction coefficient
canopy_parameters,diffuse_extinction_coeff,0.8,dimensionless,Extinction coefficient multiplier for diffuse light
canopy_parameters,beam_extinction_coeff,0.5,dimensionless,Extinction coefficient multiplier for direct beam light
canopy_parameters,row_spacing,0.3,m,Distance between crop rows
canopy_parameters,mean_leaf_angle,45.0,degrees,Mean leaf angle from horizontal
canopy_parameters,canopy_width,0.25,m,Width of individual plant canopy
canopy_parameters,leaf_angle_distribution,spherical,text,Type of leaf angle distribution
canopy_parameters,leaf_angle_variance,20.0,degrees,Variance in leaf angle distribution
canopy_parameters,plant_spacing,0.2,m,Distance between plants within a row
canopy_parameters,plant_height,0.3,m,Maximum plant height at maturity
canopy_parameters,leaf_reflectance,0.08,dimensionless,Fraction of incident light reflected by leaves
canopy_parameters,leaf_transmittance,0.05,dimensionless,Fraction of incident light transmitted through leaves
canopy_parameters,leaf_absorptance,0.87,dimensionless,Fraction of incident light absorbed by leaves
canopy_parameters,self_shading_factor,0.7,dimensionless,Factor for self-shading within individual plants
canopy_parameters,neighbor_shading_distance,0.5,m,Distance threshold for neighbor plant shading effects
canopy_parameters,sunlit_fraction_method,campbell,text,Method for calculating sunlit leaf fraction
canopy_parameters,clumping_index,0.85,dimensionless,Leaf clumping index (1=random distribution 0=completely clumped)
canopy_parameters,max_extinction_coefficient,20.0,dimensionless,Maximum extinction coefficient when sun is at horizon
canopy_parameters,upper_canopy_lai_factor,0.3,dimensionless,LAI distribution factor for upper canopy layers
canopy_parameters,middle_canopy_lai_factor,0.4,dimensionless,LAI distribution factor for middle canopy layers
canopy_parameters,lower_middle_canopy_lai_factor,0.25,dimensionless,LAI distribution factor for lower-middle canopy layers
canopy_parameters,bottom_canopy_lai_factor,0.05,dimensionless,LAI distribution factor for bottom canopy layers
canopy_parameters,max_temperature_gradient,3.0,°C,Maximum temperature gradient from top to bottom of canopy
canopy_parameters,temperature_gradient_factor,0.5,°C_per_LAI,Temperature gradient factor per unit LAI
canopy_parameters,ppfd_to_photosynthesis_factor,0.045,μmol_CO2_per_μmol_PPFD,Conversion factor from PPFD to photosynthesis rate

# Canopy Architecture Hardcoded Constants
canopy_parameters,spherical_x_coefficient,1.0,dimensionless,Leaf angle coefficient for spherical distribution
canopy_parameters,planophile_x_coefficient,0.637,dimensionless,Leaf angle coefficient for planophile distribution (2/π)
canopy_parameters,erectophile_x_coefficient,2.0,dimensionless,Leaf angle coefficient for erectophile distribution
canopy_parameters,plagiophile_x_coefficient,1.33,dimensionless,Leaf angle coefficient for plagiophile distribution
canopy_parameters,upper_canopy_height_threshold,0.8,dimensionless,Relative height threshold for upper canopy classification
canopy_parameters,middle_canopy_height_threshold,0.5,dimensionless,Relative height threshold for middle canopy classification
canopy_parameters,lower_middle_canopy_height_threshold,0.2,dimensionless,Relative height threshold for lower-middle canopy classification
canopy_parameters,zenith_angle_precision_threshold,0.001,dimensionless,Numerical precision threshold for zenith angle calculations
canopy_parameters,direct_beam_fraction,0.7,dimensionless,Direct beam light fraction
canopy_parameters,diffuse_fraction,0.3,dimensionless,Diffuse light fraction

# Genetic Parameters Model
# Thermal requirements calculated from phenology_parameters transitions for genetic model compatibility
genetic_parameters,EM_FL,1340.0,GDD,Days from emergence to first flower - calculated from phenology transitions sum
genetic_parameters,FL_SH,150.0,GDD,Days from first flower to first seed - mapped from AN_to_SD + SD_to_PM
genetic_parameters,FL_SD,200.0,GDD,Days from first flower to first pod - mapped from FL_to_AN + AN_to_SD
genetic_parameters,SD_PM,150.0,GDD,Days from first seed to physiological maturity - mapped from SD_to_PM
genetic_parameters,FL_LF,200.0,GDD,Days from first flower to end of leaf expansion - genetic trait
genetic_parameters,LFMAX,45.0,mg_CO2_m2_s,Maximum leaf photosynthesis rate
genetic_parameters,SLAVR,250.0,cm2_g,Specific leaf area under standard conditions
genetic_parameters,SIZLF,120.0,cm2,Maximum size of full leaf
genetic_parameters,XFRT,0.8,dimensionless,Maximum fraction of growth to reproductive growth
genetic_parameters,SFDUR,450.0,GDD,Seed filling duration in growing degree days
genetic_parameters,SDPDV,25.0,dimensionless,Average seed per pod under standard conditions
genetic_parameters,PODUR,200.0,GDD,Time to reach final pod load in growing degree days
genetic_parameters,WTPSD,0.05,g,Maximum weight per seed
genetic_parameters,THRSH,0.85,dimensionless,Maximum ratio of seed/(seed+shell) at maturity
genetic_parameters,SDPRO,0.25,dimensionless,Fraction protein in seeds
genetic_parameters,SDLIP,0.05,dimensionless,Fraction oil in seeds
genetic_parameters,EC_TOLERANCE,3.5,dS_m,Maximum EC tolerance
genetic_parameters,ROOT_ACTIVITY,0.8,dimensionless,Root activity coefficient
genetic_parameters,PHOTOSYNTHETIC_CAPACITY,0.9,dimensionless,Relative photosynthetic capacity
genetic_parameters,NITRATE_EFFICIENCY,0.7,dimensionless,Nitrogen use efficiency factor
genetic_parameters,cultivar_id,BOSTON_BIBB_001,text,Cultivar identifier
genetic_parameters,cultivar_name,Boston Bibb,text,Cultivar name
genetic_parameters,lettuce_type,butterhead,text,Type of lettuce
genetic_parameters,breeder,Generic,text,Breeding company or program
genetic_parameters,year_released,2020,year,Year cultivar was released
genetic_parameters,yield_potential,0.85,dimensionless,Relative yield potential (0-1)
genetic_parameters,adaptation_score,0.75,dimensionless,Environmental adaptation score (0-1)
genetic_parameters,pedigree,Unknown,text,Genetic pedigree information
genetic_parameters,breeding_notes,Standard butterhead cultivar,text,Breeding notes and characteristics

# Genetic Parameter Constants and Weights
genetic_parameters,adaptation_index_min,0.1,dimensionless,Minimum adaptation index value
genetic_parameters,adaptation_index_max,1.0,dimensionless,Maximum adaptation index value
genetic_parameters,expression_min,0.0,dimensionless,Minimum trait expression value
genetic_parameters,expression_max,1.0,dimensionless,Maximum trait expression value
genetic_parameters,default_trait_value,0.5,dimensionless,Default trait value when not specified
genetic_parameters,default_adaptation_weight,0.6,dimensionless,Default weight for adaptation scoring
genetic_parameters,default_yield_weight,0.25,dimensionless,Default weight for yield scoring
genetic_parameters,default_temperature_stress_weight,0.5,dimensionless,Default weight for temperature stress
genetic_parameters,default_nitrogen_excess_weight,0.3,dimensionless,Default weight for nitrogen excess effects
genetic_parameters,default_stress_response_weight,0.2,dimensionless,Default weight for stress response
genetic_parameters,default_heterosis_factor,1.05,dimensionless,Default heterosis factor for hybrids
genetic_parameters,breeding_complementary_threshold,0.8,dimensionless,Minimum trait threshold for breeding complementarity
genetic_parameters,hybrid_vigor_factor,1.1,dimensionless,Hybrid vigor enhancement factor for yield
genetic_parameters,harvest_time_base,90.0,days,Base harvest time in days
genetic_parameters,harvest_time_range,30.0,days,Range for harvest time variation
genetic_parameters,default_performance_index,0.5,dimensionless,Default performance index value

# Performance Metric Weights
genetic_parameters,yield_weight_leaf_size,0.3,dimensionless,Weight of leaf size in yield index
genetic_parameters,yield_weight_chlorophyll,0.2,dimensionless,Weight of chlorophyll content in yield index
genetic_parameters,yield_weight_nitrate_avoidance,0.2,dimensionless,Weight of nitrate avoidance in yield index
genetic_parameters,yield_weight_root_development,0.15,dimensionless,Weight of root development in yield index
genetic_parameters,yield_weight_yield_potential,0.15,dimensionless,Weight of yield potential in yield index
genetic_parameters,quality_weight_vitamin_c,0.3,dimensionless,Weight of vitamin C content in quality index
genetic_parameters,quality_weight_carotenoid,0.25,dimensionless,Weight of carotenoid content in quality index
genetic_parameters,quality_weight_nitrate_avoidance,0.25,dimensionless,Weight of nitrate avoidance in quality index
genetic_parameters,quality_weight_chlorophyll,0.2,dimensionless,Weight of chlorophyll content in quality index
genetic_parameters,stress_weight_heat,0.3,dimensionless,Weight of heat tolerance in stress tolerance index
genetic_parameters,stress_weight_cold,0.25,dimensionless,Weight of cold tolerance in stress tolerance index
genetic_parameters,stress_weight_salinity,0.25,dimensionless,Weight of salinity tolerance in stress tolerance index
genetic_parameters,stress_weight_disease,0.2,dimensionless,Weight of disease resistance in stress tolerance index

# Trait Values for Default Cultivar
genetic_parameters,trait_days_to_emergence,0.6,dimensionless,Days to emergence trait value
genetic_parameters,trait_days_to_harvest,0.7,dimensionless,Days to harvest trait value
genetic_parameters,trait_bolting_tolerance,0.8,dimensionless,Bolting tolerance trait value
genetic_parameters,trait_leaf_size,0.75,dimensionless,Leaf size trait value
genetic_parameters,trait_plant_architecture,0.7,dimensionless,Plant architecture trait value
genetic_parameters,trait_root_development,0.65,dimensionless,Root development trait value
genetic_parameters,trait_yield_potential,0.85,dimensionless,Yield potential trait value
genetic_parameters,trait_chlorophyll_content,0.8,dimensionless,Chlorophyll content trait value
genetic_parameters,trait_carotenoid_content,0.6,dimensionless,Carotenoid content trait value
genetic_parameters,trait_vitamin_c_content,0.7,dimensionless,Vitamin C content trait value
genetic_parameters,trait_nitrate_accumulation,0.3,dimensionless,Nitrate accumulation trait value (lower is better)
genetic_parameters,trait_heat_tolerance,0.6,dimensionless,Heat tolerance trait value
genetic_parameters,trait_cold_tolerance,0.8,dimensionless,Cold tolerance trait value
genetic_parameters,trait_salinity_tolerance,0.5,dimensionless,Salinity tolerance trait value
genetic_parameters,trait_disease_resistance,0.7,dimensionless,Disease resistance trait value

# Leaf Development Model Parameters
leaf_development,base_phyllochron,80.0,°C_day,Thermal time interval between leaf appearances
leaf_development,max_leaf_number,25.0,dimensionless,Maximum number of leaves for lettuce
leaf_development,initial_leaf_number,2.0,dimensionless,Initial number of leaves (cotyledons + first true leaves)
leaf_development,leaf_appearance_rate,1.0,leaves_per_phyllochron,Leaves per phyllochron unit
leaf_development,max_individual_leaf_area,0.008,m2,Maximum area per individual leaf
leaf_development,leaf_area_expansion_rate,0.15,dimensionless,Natural cellular expansion rate per day
leaf_development,drought_threshold,0.6,dimensionless,Water stress threshold for leaf development
leaf_development,n_stress_threshold,0.7,dimensionless,Nitrogen stress threshold for leaf expansion
leaf_development,temperature_stress_sensitivity,0.8,dimensionless,Response sensitivity to temperature stress

# Leaf Development Constants and Factors
leaf_development,initial_leaf_area_factor,0.3,dimensionless,Factor for initial leaf area relative to maximum
leaf_development,initial_thermal_time_factor,0.5,dimensionless,Factor for initial thermal time accumulation
leaf_development,emerging_to_expanding_factor,0.3,dimensionless,Factor for emerging to expanding transition timing
leaf_development,late_leaf_phyllochron_factor,1.5,dimensionless,Factor for late leaf phyllochron (slower appearance)
leaf_development,very_late_leaf_phyllochron_factor,2.0,dimensionless,Factor for very late leaf phyllochron
leaf_development,early_leaf_size_factor,0.4,dimensionless,Size factor for early leaves (smaller than mature)
leaf_development,late_leaf_size_factor,0.6,dimensionless,Size factor for late leaves (smaller due to resource limits)
leaf_development,leaf_maturation_thermal_time,150.0,°C_day,Thermal time required for leaf maturation
leaf_development,leaf_lifespan_thermal_time,800.0,°C_day,Thermal time for complete leaf lifespan
leaf_development,senescence_threshold_age,0.8,dimensionless,Age threshold for senescence initiation (fraction of lifespan)
leaf_development,senescence_rate_base,0.02,per_day,Base senescence rate per day
leaf_development,minimum_active_leaf_area,0.0001,m2,Minimum area for active leaf counting
leaf_development,minimum_visible_leaf_area,0.00005,m2,Minimum area for visible leaf counting

# Leaf Development Hardcoded Constants
leaf_development,late_leaf_vstage_threshold,15.0,dimensionless,V-stage threshold for late leaf classification
leaf_development,very_late_leaf_vstage_threshold,20.0,dimensionless,V-stage threshold for very late leaf classification
leaf_development,early_leaf_position_threshold,5.0,dimensionless,V-stage threshold for early leaf position classification
leaf_development,middle_leaf_position_threshold,15.0,dimensionless,V-stage threshold for middle leaf position classification
leaf_development,early_position_scaling_factor,4.0,dimensionless,Scaling factor for early leaf position calculation
leaf_development,late_position_scaling_factor,10.0,dimensionless,Scaling factor for late leaf position calculation

# Nitrogen Balance Model Parameters  
nitrogen_parameters,nitrate_reduction_rate,0.8,g_N_g_root_day,Rate of nitrate reduction to ammonium
nitrogen_parameters,ammonium_assimilation_rate,1.2,g_N_g_root_day,Rate of ammonium assimilation into amino acids  
nitrogen_parameters,amino_acid_uptake_rate,0.4,g_N_g_root_day,Rate of amino acid uptake by roots
nitrogen_parameters,photosynthetic_n_use_efficiency,70.0,g_biomass_g_N,Biomass produced per unit nitrogen in photosynthesis
nitrogen_parameters,growth_n_use_efficiency,60.0,g_biomass_g_N,Biomass produced per unit nitrogen in growth
nitrogen_parameters,luxury_uptake_threshold,0.08,g_N_g_dry_mass,Threshold for luxury nitrogen uptake
nitrogen_parameters,specific_root_activity,0.02,g_N_g_root_day,Maximum nitrogen uptake rate per unit root mass  
nitrogen_parameters,root_zone_exploration,0.85,dimensionless,Root zone exploration efficiency factor

# Nitrogen Uptake Kinetics (NO3 form - use existing values where available)
nitrogen_parameters,uptake_kinetics_NO3_vmax,0.03,g_N_g_root_day,Maximum nitrate uptake rate  
nitrogen_parameters,uptake_kinetics_NO3_km,0.5,mg_N_L,Michaelis constant for nitrate
nitrogen_parameters,uptake_kinetics_NO3_min_conc,0.1,mg_N_L,Minimum nitrate concentration for uptake
nitrogen_parameters,uptake_kinetics_NO3_inhibition_ki,2.0,mg_N_L,Ammonium inhibition constant for nitrate uptake

# Nitrogen Uptake Kinetics (NH4 form)
nitrogen_parameters,uptake_kinetics_NH4_vmax,0.02,g_N_g_root_day,Maximum ammonium uptake rate
nitrogen_parameters,uptake_kinetics_NH4_km,0.3,mg_N_L,Michaelis constant for ammonium
nitrogen_parameters,uptake_kinetics_NH4_min_conc,0.05,mg_N_L,Minimum ammonium concentration for uptake
nitrogen_parameters,uptake_kinetics_NH4_inhibition_ki,1.5,mg_N_L,Nitrate inhibition constant for ammonium uptake

# Nitrogen Uptake Kinetics (amino acids form)
nitrogen_parameters,uptake_kinetics_amino_acids_vmax,0.08,g_N_g_root_day,Maximum amino acid uptake rate
nitrogen_parameters,uptake_kinetics_amino_acids_km,0.8,mg_N_L,Michaelis constant for amino acids
nitrogen_parameters,uptake_kinetics_amino_acids_min_conc,0.2,mg_N_L,Minimum amino acid concentration for uptake
nitrogen_parameters,uptake_kinetics_amino_acids_inhibition_ki,0.0,mg_N_L,No competitive inhibition for amino acids

# Nitrogen Allocation Coefficients - Vegetative Stage
nitrogen_parameters,allocation_coefficients_vegetative_leaves,0.6,dimensionless,Nitrogen allocation priority to leaves during vegetative growth
nitrogen_parameters,allocation_coefficients_vegetative_stems,0.2,dimensionless,Nitrogen allocation priority to stems during vegetative growth
nitrogen_parameters,allocation_coefficients_vegetative_roots,0.2,dimensionless,Nitrogen allocation priority to roots during vegetative growth
nitrogen_parameters,allocation_coefficients_vegetative_reproductive,0.0,dimensionless,Nitrogen allocation priority to reproductive organs during vegetative growth

# Nitrogen Allocation Coefficients - Reproductive Stage  
nitrogen_parameters,allocation_coefficients_reproductive_leaves,0.4,dimensionless,Nitrogen allocation priority to leaves during reproductive growth
nitrogen_parameters,allocation_coefficients_reproductive_stems,0.2,dimensionless,Nitrogen allocation priority to stems during reproductive growth
nitrogen_parameters,allocation_coefficients_reproductive_roots,0.1,dimensionless,Nitrogen allocation priority to roots during reproductive growth
nitrogen_parameters,allocation_coefficients_reproductive_reproductive,0.3,dimensionless,Nitrogen allocation priority to reproductive organs during reproductive growth

# Critical Nitrogen Concentrations - Leaves
nitrogen_parameters,critical_n_concentrations_leaves_minimum,0.015,g_N_g_dry_mass,Minimum nitrogen concentration in leaves
nitrogen_parameters,critical_n_concentrations_leaves_critical,0.025,g_N_g_dry_mass,Critical nitrogen concentration in leaves
nitrogen_parameters,critical_n_concentrations_leaves_optimal,0.045,g_N_g_dry_mass,Optimal nitrogen concentration in leaves
nitrogen_parameters,critical_n_concentrations_leaves_maximum,0.060,g_N_g_dry_mass,Maximum nitrogen concentration in leaves

# Critical Nitrogen Concentrations - Stems  
nitrogen_parameters,critical_n_concentrations_stems_minimum,0.008,g_N_g_dry_mass,Minimum nitrogen concentration in stems
nitrogen_parameters,critical_n_concentrations_stems_critical,0.015,g_N_g_dry_mass,Critical nitrogen concentration in stems
nitrogen_parameters,critical_n_concentrations_stems_optimal,0.025,g_N_g_dry_mass,Optimal nitrogen concentration in stems
nitrogen_parameters,critical_n_concentrations_stems_maximum,0.035,g_N_g_dry_mass,Maximum nitrogen concentration in stems

# Critical Nitrogen Concentrations - Roots
nitrogen_parameters,critical_n_concentrations_roots_minimum,0.012,g_N_g_dry_mass,Minimum nitrogen concentration in roots
nitrogen_parameters,critical_n_concentrations_roots_critical,0.020,g_N_g_dry_mass,Critical nitrogen concentration in roots
nitrogen_parameters,critical_n_concentrations_roots_optimal,0.035,g_N_g_dry_mass,Optimal nitrogen concentration in roots
nitrogen_parameters,critical_n_concentrations_roots_maximum,0.050,g_N_g_dry_mass,Maximum nitrogen concentration in roots

# Critical Nitrogen Concentrations - Reproductive
nitrogen_parameters,critical_n_concentrations_reproductive_minimum,0.020,g_N_g_dry_mass,Minimum nitrogen concentration in reproductive organs
nitrogen_parameters,critical_n_concentrations_reproductive_critical,0.030,g_N_g_dry_mass,Critical nitrogen concentration in reproductive organs
nitrogen_parameters,critical_n_concentrations_reproductive_optimal,0.050,g_N_g_dry_mass,Optimal nitrogen concentration in reproductive organs
nitrogen_parameters,critical_n_concentrations_reproductive_maximum,0.070,g_N_g_dry_mass,Maximum nitrogen concentration in reproductive organs

# Nitrogen Remobilization Rates by Pool Type
nitrogen_parameters,remobilization_rates_structural,0.02,g_N_g_pool_day,Remobilization rate for structural nitrogen pool
nitrogen_parameters,remobilization_rates_metabolic,0.15,g_N_g_pool_day,Remobilization rate for metabolic nitrogen pool
nitrogen_parameters,remobilization_rates_storage,0.25,g_N_g_pool_day,Remobilization rate for storage nitrogen pool
nitrogen_parameters,remobilization_rates_transport,0.30,g_N_g_pool_day,Remobilization rate for transport nitrogen pool

# Nitrogen Remobilization Efficiency by Organ
nitrogen_parameters,remobilization_efficiency_leaves,0.75,dimensionless,Nitrogen remobilization efficiency from leaves
nitrogen_parameters,remobilization_efficiency_stems,0.60,dimensionless,Nitrogen remobilization efficiency from stems  
nitrogen_parameters,remobilization_efficiency_roots,0.50,dimensionless,Nitrogen remobilization efficiency from roots
nitrogen_parameters,remobilization_efficiency_reproductive,0.40,dimensionless,Nitrogen remobilization efficiency from reproductive organs

# Organ Weight Factors for Stress Calculation
nitrogen_parameters,organ_weights_leaves,0.5,dimensionless,Weight factor for leaves in nitrogen stress calculation
nitrogen_parameters,organ_weights_stems,0.2,dimensionless,Weight factor for stems in nitrogen stress calculation
nitrogen_parameters,organ_weights_roots,0.2,dimensionless,Weight factor for roots in nitrogen stress calculation
nitrogen_parameters,organ_weights_reproductive,0.1,dimensionless,Weight factor for reproductive organs in nitrogen stress calculation

# Nitrogen Pool Fractions - Leaves
nitrogen_parameters,pool_fractions_leaves_structural,0.4,dimensionless,Fraction of leaf nitrogen in structural pool
nitrogen_parameters,pool_fractions_leaves_metabolic,0.35,dimensionless,Fraction of leaf nitrogen in metabolic pool
nitrogen_parameters,pool_fractions_leaves_storage,0.2,dimensionless,Fraction of leaf nitrogen in storage pool
nitrogen_parameters,pool_fractions_leaves_transport,0.05,dimensionless,Fraction of leaf nitrogen in transport pool

# Nitrogen Pool Fractions - Stems
nitrogen_parameters,pool_fractions_stems_structural,0.6,dimensionless,Fraction of stem nitrogen in structural pool
nitrogen_parameters,pool_fractions_stems_metabolic,0.2,dimensionless,Fraction of stem nitrogen in metabolic pool
nitrogen_parameters,pool_fractions_stems_storage,0.15,dimensionless,Fraction of stem nitrogen in storage pool
nitrogen_parameters,pool_fractions_stems_transport,0.05,dimensionless,Fraction of stem nitrogen in transport pool

# Nitrogen Pool Fractions - Roots
nitrogen_parameters,pool_fractions_roots_structural,0.5,dimensionless,Fraction of root nitrogen in structural pool
nitrogen_parameters,pool_fractions_roots_metabolic,0.3,dimensionless,Fraction of root nitrogen in metabolic pool
nitrogen_parameters,pool_fractions_roots_storage,0.15,dimensionless,Fraction of root nitrogen in storage pool
nitrogen_parameters,pool_fractions_roots_transport,0.05,dimensionless,Fraction of root nitrogen in transport pool

# Nitrogen Pool Fractions - Reproductive
nitrogen_parameters,pool_fractions_reproductive_structural,0.3,dimensionless,Fraction of reproductive nitrogen in structural pool
nitrogen_parameters,pool_fractions_reproductive_metabolic,0.4,dimensionless,Fraction of reproductive nitrogen in metabolic pool
nitrogen_parameters,pool_fractions_reproductive_storage,0.25,dimensionless,Fraction of reproductive nitrogen in storage pool
nitrogen_parameters,pool_fractions_reproductive_transport,0.05,dimensionless,Fraction of reproductive nitrogen in transport pool

# pH Model Parameters
ph_parameters,ph_target_min,5.5,pH,Minimum target pH for control system
ph_parameters,ph_target_max,6.5,pH,Maximum target pH for control system
ph_parameters,ph_buffer_capacity,5.0,mEq_L,Base buffer capacity of nutrient solution
ph_parameters,ph_drift_rate,0.05,pH_per_day,Natural pH drift rate without intervention
ph_parameters,nitrate_acidification_factor,0.02,pH_per_mg_N,pH decrease per mg N from nitrate uptake
ph_parameters,ammonium_alkalinization_factor,0.02,pH_per_mg_N,pH increase per mg N from ammonium uptake
ph_parameters,phosphate_acidification_factor,0.01,pH_per_mg_P,pH decrease per mg P from phosphate uptake
ph_parameters,carbonate_buffer_pka,6.1,pH,pKa for carbonate buffer system (HCO3-/CO2)
ph_parameters,phosphate_buffer_pka1,2.12,pH,First pKa for phosphate system (H3PO4/H2PO4-)
ph_parameters,phosphate_buffer_pka2,7.21,pH,Second pKa for phosphate system (H2PO4-/HPO4--)
ph_parameters,phosphate_buffer_pka3,12.67,pH,Third pKa for phosphate system (HPO4--/PO4---)
ph_parameters,ph_adjustment_rate,0.5,pH_per_hour,Maximum pH adjustment rate by control system
ph_parameters,ph_deadband,0.1,pH,pH control deadband to prevent oscillation
ph_parameters,temperature_correction_factor,0.01,pH_per_°C,pH correction factor per degree C from 25°C
ph_parameters,ec_buffer_factor,0.2,dimensionless,Buffer capacity multiplier per EC unit (dS/m)
ph_parameters,proportional_control_factor,0.8,dimensionless,Proportional control multiplier for dosing calculations
ph_parameters,current_ph,6.0,pH,Initial pH of the nutrient solution
ph_parameters,total_alkalinity,3.0,mEq_L,Total alkalinity of the solution
ph_parameters,carbonate_conc,50.0,mg_L,Carbonate concentration as HCO3-
ph_parameters,phosphate_total,15.0,mg_L_P,Total phosphate concentration as P
ph_parameters,ionic_strength,0.02,M,Ionic strength of the solution
ph_parameters,ph_min_limit,4.0,pH,Absolute minimum allowable pH
ph_parameters,ph_max_limit,8.5,pH,Absolute maximum allowable pH
ph_parameters,calcium_phosphate_ksp,2.07e-33,M5,Solubility product constant for Ca3(PO4)2
ph_parameters,magnesium_phosphate_ksp,1.04e-24,M5,Solubility product constant for Mg3(PO4)2

# pH-dependent Phosphate Solubility Data (mg P/L)
ph_parameters,phosphate_solubility_ph_4_0,250.0,mg_L_P,Phosphate solubility at pH 4.0
ph_parameters,phosphate_solubility_ph_5_0,180.0,mg_L_P,Phosphate solubility at pH 5.0
ph_parameters,phosphate_solubility_ph_6_0,120.0,mg_L_P,Phosphate solubility at pH 6.0
ph_parameters,phosphate_solubility_ph_7_0,80.0,mg_L_P,Phosphate solubility at pH 7.0
ph_parameters,phosphate_solubility_ph_8_0,45.0,mg_L_P,Phosphate solubility at pH 8.0

# pH-dependent Iron Solubility Data (mg Fe/L)
ph_parameters,iron_solubility_ph_4_0,50.0,mg_L_Fe,Iron solubility at pH 4.0
ph_parameters,iron_solubility_ph_5_0,25.0,mg_L_Fe,Iron solubility at pH 5.0
ph_parameters,iron_solubility_ph_6_0,8.0,mg_L_Fe,Iron solubility at pH 6.0
ph_parameters,iron_solubility_ph_7_0,2.0,mg_L_Fe,Iron solubility at pH 7.0
ph_parameters,iron_solubility_ph_8_0,0.5,mg_L_Fe,Iron solubility at pH 8.0

# Molecular Weight Constants for pH Calculations
ph_parameters,co2_molecular_weight,44.0,g_mol,Molecular weight of CO2
ph_parameters,no3_molecular_weight,62.0,g_mol,Molecular weight of NO3-
ph_parameters,nh4_molecular_weight,18.0,g_mol,Molecular weight of NH4+
ph_parameters,po4_molecular_weight,95.0,g_mol,Molecular weight of PO4---
ph_parameters,nitrogen_atomic_weight,14.0,g_mol,Atomic weight of nitrogen
ph_parameters,phosphorus_atomic_weight,31.0,g_mol,Atomic weight of phosphorus
ph_parameters,unit_conversion_factor,1000.0,mg_g,Conversion factor from grams to milligrams

# Root System Model Additional Parameters

# Root Zone Layer Configuration Parameters
root_system_parameters,temperature_range_factor,10.0,°C,Temperature range factor for root zone layers
root_system_parameters,min_temperature_factor,0.1,dimensionless,Minimum temperature factor for root uptake
root_system_parameters,max_temperature_factor,4.0,dimensionless,Maximum temperature factor for root uptake
root_system_parameters,low_flow_factor,0.4,dimensionless,Flow factor when below minimum flow rate
root_system_parameters,high_flow_factor,0.6,dimensionless,Flow factor when above maximum flow rate
root_system_parameters,ph_zone_min,5.5,pH,Minimum optimal pH for root zones
root_system_parameters,ph_zone_max,6.5,pH,Maximum optimal pH for root zones
root_system_parameters,min_ph_factor,0.2,dimensionless,Minimum pH factor for root uptake
root_system_parameters,ph_penalty_factor,0.5,dimensionless,pH penalty factor outside optimal range

# Root System Volume Distribution Factors
root_system_parameters,nft_zone_1_fraction,0.4,dimensionless,Volume fraction for NFT zone 1 (0-2cm)
root_system_parameters,nft_zone_2_fraction,0.4,dimensionless,Volume fraction for NFT zone 2 (2-4cm)
root_system_parameters,nft_zone_3_fraction,0.2,dimensionless,Volume fraction for NFT zone 3 (4-6cm)
root_system_parameters,dwc_zone_1_fraction,0.2,dimensionless,Volume fraction for DWC zone 1 (0-5cm)
root_system_parameters,dwc_zone_2_fraction,0.5,dimensionless,Volume fraction for DWC zone 2 (5-15cm)
root_system_parameters,dwc_zone_3_fraction,0.3,dimensionless,Volume fraction for DWC zone 3 (15-25cm)
root_system_parameters,general_zone_1_fraction,0.25,dimensionless,Volume fraction for other systems zone 1 (0-3cm)
root_system_parameters,general_zone_2_fraction,0.35,dimensionless,Volume fraction for other systems zone 2 (3-8cm)
root_system_parameters,general_zone_3_fraction,0.25,dimensionless,Volume fraction for other systems zone 3 (8-15cm)
root_system_parameters,general_zone_4_fraction,0.15,dimensionless,Volume fraction for other systems zone 4 (15-20cm)

# Root Growth Calculation Parameters
root_system_parameters,root_biomass_density,0.3,g_cm3,Density factor for root biomass calculation
root_system_parameters,coarse_root_min_threshold,0.05,cm,Minimum length threshold for coarse root cohorts
root_system_parameters,fine_root_min_threshold,0.1,cm,Minimum length threshold for fine root cohorts
root_system_parameters,diameter_minimum_limit,0.05,mm,Absolute minimum root diameter

# Zone Growth Potential Weights
root_system_parameters,auxin_gradient_weight,0.15,dimensionless,Weight of auxin gradient in growth potential
root_system_parameters,nutrient_signal_weight,0.1,dimensionless,Weight of nutrient signal in growth potential
root_system_parameters,oxygen_effect_weight,0.1,dimensionless,Weight of oxygen effect in growth potential
root_system_parameters,competition_effect_weight,0.05,dimensionless,Weight of competition effect in growth potential
root_system_parameters,temperature_effect_weight,0.03,dimensionless,Weight of temperature effect in growth potential
root_system_parameters,min_growth_potential,0.02,dimensionless,Minimum zone growth potential
root_system_parameters,max_growth_potential,0.2,dimensionless,Maximum zone growth potential

# Temperature Factor Missing Parameters
root_system_parameters,max_temp_threshold,35.0,°C,Maximum temperature threshold for root activity
root_system_parameters,temp_decay_factor,0.1,dimensionless,Temperature decay factor above optimal

# Flow Rate Calculation Parameters
root_system_parameters,flow_rate_offset,0.5,dimensionless,Offset for flow rate calculation
root_system_parameters,flow_rate_multiplier,0.5,dimensionless,Multiplier for flow rate calculation

# Transport and Age Effect Parameters
root_system_parameters,transport_temp_exponent,1.25,dimensionless,Exponent for temperature effect on nutrient transport
root_system_parameters,minimum_surface_area,1.0,cm2,Minimum surface area for calculations
root_system_parameters,minimum_biomass,0.001,g,Minimum biomass for specific root length calculations
root_system_parameters,minimum_volume,1.0,cm3,Minimum volume for density calculations
root_system_parameters,effective_area_minimum,1e-1,cm2,Minimum effective surface area threshold

# Core Root System Parameters
root_system_parameters,container_volume,5000.0,cm3,Container/reservoir volume
root_system_parameters,channel_length,100.0,cm,Channel length for NFT systems
root_system_parameters,system_type,deep_water_culture,string,Hydroponic system type
root_system_parameters,channel_width,10.0,cm,Channel width for NFT systems
root_system_parameters,channel_depth,5.0,cm,Channel depth for NFT systems
root_system_parameters,n_channels,4,count,Number of parallel channels
root_system_parameters,root_zone_independent,true,boolean,Whether root zone size is independent of tank volume
root_system_parameters,primary_root_growth_rate,15.0,cm_day,Primary root growth rate
root_system_parameters,lateral_root_density,8.0,count_per_cm,Lateral roots per cm of primary root
root_system_parameters,branching_angle_mean,45.0,degrees,Mean branching angle
root_system_parameters,branching_angle_std,15.0,degrees,Standard deviation of branching angle
root_system_parameters,fine_root_fraction,0.6,dimensionless,Fraction of fine roots
root_system_parameters,medium_root_fraction,0.3,dimensionless,Fraction of medium roots
root_system_parameters,coarse_root_fraction,0.1,dimensionless,Fraction of coarse roots
root_system_parameters,fine_diameter_mean,0.2,mm,Mean diameter of fine roots
root_system_parameters,fine_diameter_std,0.05,mm,Standard deviation of fine root diameter
root_system_parameters,medium_diameter_mean,0.8,mm,Mean diameter of medium roots
root_system_parameters,medium_diameter_std,0.2,mm,Standard deviation of medium root diameter
root_system_parameters,coarse_diameter_mean,2.0,mm,Mean diameter of coarse roots
root_system_parameters,coarse_diameter_std,0.5,mm,Standard deviation of coarse root diameter
root_system_parameters,fine_turnover_rate,0.05,fraction_per_day,Fine root turnover rate
root_system_parameters,medium_turnover_rate,0.02,fraction_per_day,Medium root turnover rate
root_system_parameters,coarse_turnover_rate,0.01,fraction_per_day,Coarse root turnover rate
root_system_parameters,fine_root_half_life_days,20.0,days,Fine root activity half-life
root_system_parameters,medium_root_half_life_days,40.0,days,Medium root activity half-life
root_system_parameters,coarse_root_half_life_days,80.0,days,Coarse root activity half-life
root_system_parameters,fine_min_activity,0.2,dimensionless,Minimum activity factor for fine roots
root_system_parameters,medium_min_activity,0.15,dimensionless,Minimum activity factor for medium roots
root_system_parameters,coarse_min_activity,0.1,dimensionless,Minimum activity factor for coarse roots
root_system_parameters,establishment_plateau_days,7.0,days,Days of establishment plateau for root activity
root_system_parameters,initial_root_activity,1.0,dimensionless,Initial activity factor for new roots
root_system_parameters,fine_root_effectiveness,1.0,dimensionless,Fine root effectiveness factor
root_system_parameters,medium_root_effectiveness,0.7,dimensionless,Medium root effectiveness factor
root_system_parameters,coarse_root_effectiveness,0.3,dimensionless,Coarse root effectiveness factor
# root_system_parameters,optimal_temperature,22.0,°C,Optimal temperature for root uptake (consolidated to phenology_parameters)
root_system_parameters,q10_factor,2.0,dimensionless,Q10 factor for temperature response
root_system_parameters,optimal_flow_rate,1.5,L_min,Optimal flow rate
root_system_parameters,flow_stress_threshold,4.0,L_min,Flow rate stress threshold
root_system_parameters,root_growth_auxin_decay_rate,0.1,per_zone,Auxin decay rate for growth potential
root_system_parameters,root_optimal_density,50.0,cm_per_cm3,Optimal root length density
root_system_parameters,root_density_stress_factor,0.3,dimensionless,Root density stress factor
root_system_parameters,root_temp_optimum,20.0,°C,Optimal root temperature
root_system_parameters,root_temp_max,35.0,°C,Maximum root temperature
root_system_parameters,root_temp_min_factor,0.1,dimensionless,Minimum temperature factor for roots
root_system_parameters,root_oxygen_optimum,8.0,mg_L,Optimal dissolved oxygen level
root_system_parameters,root_oxygen_min_factor,0.2,dimensionless,Minimum oxygen factor
root_system_parameters,ph_stress_range_acidic,1.0,pH_units,pH stress range on acidic side
root_system_parameters,ph_stress_range_basic,1.5,pH_units,pH stress range on basic side
root_system_parameters,ph_stress_factor,0.5,dimensionless,pH stress factor
root_system_parameters,young_root_activity,0.9,dimensionless,Activity factor for young roots
root_system_parameters,old_root_activity,0.4,dimensionless,Activity factor for old roots

# Nutrient Uptake Kinetics Parameters
root_system_parameters,no3_uptake_vmax,0.03,mg_cm2_day,Maximum nitrate uptake rate
root_system_parameters,no3_uptake_km,50.0,mg_L,Michaelis constant for nitrate uptake
root_system_parameters,nh4_uptake_vmax,0.02,mg_cm2_day,Maximum ammonium uptake rate
root_system_parameters,nh4_uptake_km,20.0,mg_L,Michaelis constant for ammonium uptake
root_system_parameters,po4_uptake_vmax,0.08,mg_cm2_day,Maximum phosphate uptake rate
root_system_parameters,po4_uptake_km,15.0,mg_L,Michaelis constant for phosphate uptake
root_system_parameters,k_uptake_vmax,0.10,mg_cm2_day,Maximum potassium uptake rate
root_system_parameters,k_uptake_km,30.0,mg_L,Michaelis constant for potassium uptake
root_system_parameters,ca_uptake_vmax,0.06,mg_cm2_day,Maximum calcium uptake rate
root_system_parameters,ca_uptake_km,40.0,mg_L,Michaelis constant for calcium uptake
root_system_parameters,mg_uptake_vmax,0.05,mg_cm2_day,Maximum magnesium uptake rate
root_system_parameters,mg_uptake_km,25.0,mg_L,Michaelis constant for magnesium uptake
root_system_parameters,so4_uptake_vmax,0.04,mg_cm2_day,Maximum sulfate uptake rate
root_system_parameters,so4_uptake_km,35.0,mg_L,Michaelis constant for sulfate uptake

# System-Specific Multipliers (NFT)
root_system_parameters,system_multipliers_nutrient_film_technique_root_length_multiplier,1.2,dimensionless,NFT root length multiplier
root_system_parameters,system_multipliers_nutrient_film_technique_surface_area_multiplier,1.3,dimensionless,NFT surface area multiplier
root_system_parameters,system_multipliers_nutrient_film_technique_branching_multiplier,1.1,dimensionless,NFT branching multiplier

# System-Specific Multipliers (DWC)
root_system_parameters,system_multipliers_deep_water_culture_root_length_multiplier,1.0,dimensionless,DWC root length multiplier
root_system_parameters,system_multipliers_deep_water_culture_surface_area_multiplier,1.0,dimensionless,DWC surface area multiplier
root_system_parameters,system_multipliers_deep_water_culture_branching_multiplier,1.0,dimensionless,DWC branching multiplier

# System-Specific Multipliers (Aeroponics)
root_system_parameters,system_multipliers_aeroponics_root_length_multiplier,1.5,dimensionless,Aeroponics root length multiplier
root_system_parameters,system_multipliers_aeroponics_surface_area_multiplier,1.4,dimensionless,Aeroponics surface area multiplier
root_system_parameters,system_multipliers_aeroponics_branching_multiplier,1.3,dimensionless,Aeroponics branching multiplier

# Nutrient Demand Weights
root_system_parameters,nutrient_demand_weight_no3,0.4,dimensionless,Nitrogen demand weight
root_system_parameters,nutrient_demand_weight_po4,0.2,dimensionless,Phosphate demand weight
root_system_parameters,nutrient_demand_weight_k,0.2,dimensionless,Potassium demand weight
root_system_parameters,nutrient_demand_weight_ca,0.1,dimensionless,Calcium demand weight
root_system_parameters,nutrient_demand_weight_mg,0.1,dimensionless,Magnesium demand weight

# Nutrient Reference Concentrations
root_system_parameters,nutrient_ref_concentration_no3,200.0,mg_L,Nitrogen reference concentration
root_system_parameters,nutrient_ref_concentration_po4,50.0,mg_L,Phosphate reference concentration
root_system_parameters,nutrient_ref_concentration_k,300.0,mg_L,Potassium reference concentration
root_system_parameters,nutrient_ref_concentration_ca,200.0,mg_L,Calcium reference concentration
root_system_parameters,nutrient_ref_concentration_mg,50.0,mg_L,Magnesium reference concentration

# Nutrient Competition Groups
root_system_parameters,nutrient_competition_no3,NH4,string,NO3 competition group
root_system_parameters,nutrient_competition_nh4,NO3,string,NH4 competition group
root_system_parameters,nutrient_competition_po4,,string,PO4 competition group
root_system_parameters,nutrient_competition_k,Ca-Mg,string,K competition group
root_system_parameters,nutrient_competition_ca,K-Mg,string,Ca competition group
root_system_parameters,nutrient_competition_mg,K-Ca,string,Mg competition group

# Nutrient pH Optima
root_system_parameters,ph_optimum_no3_min,5.5,pH,NO3 optimal pH minimum
root_system_parameters,ph_optimum_no3_max,6.5,pH,NO3 optimal pH maximum
root_system_parameters,ph_optimum_nh4_min,6.0,pH,NH4 optimal pH minimum
root_system_parameters,ph_optimum_nh4_max,7.0,pH,NH4 optimal pH maximum
root_system_parameters,ph_optimum_po4_min,6.0,pH,PO4 optimal pH minimum
root_system_parameters,ph_optimum_po4_max,7.0,pH,PO4 optimal pH maximum
root_system_parameters,ph_optimum_k_min,5.5,pH,K optimal pH minimum
root_system_parameters,ph_optimum_k_max,7.5,pH,K optimal pH maximum
root_system_parameters,ph_optimum_ca_min,6.0,pH,Ca optimal pH minimum
root_system_parameters,ph_optimum_ca_max,8.0,pH,Ca optimal pH maximum
root_system_parameters,ph_optimum_mg_min,6.0,pH,Mg optimal pH minimum
root_system_parameters,ph_optimum_mg_max,8.0,pH,Mg optimal pH maximum

# Missing Core Root System Parameters
root_system_parameters,root_zone_efficiency_factor,0.8,dimensionless,Root zone efficiency factor

# Temperature Stress Model Parameters
# stress_parameters,optimal_temp_min,18.0,°C,Minimum optimal temperature for temperature stress (consolidated to phenology_parameters)
# stress_parameters,optimal_temp_max,26.0,°C,Maximum optimal temperature for temperature stress (consolidated to phenology_parameters)
stress_parameters,heat_threshold_mild,28.0,°C,Mild heat stress threshold
stress_parameters,heat_threshold_severe,32.0,°C,Severe heat stress threshold
stress_parameters,heat_lethal_temperature,40.0,°C,Lethal temperature for heat stress
stress_parameters,cold_threshold_mild,15.0,°C,Mild cold stress threshold
stress_parameters,cold_threshold_severe,10.0,°C,Severe cold stress threshold
stress_parameters,frost_threshold,2.0,°C,Frost damage threshold
stress_parameters,photosynthesis_heat_sensitivity,0.8,dimensionless,Photosynthesis sensitivity to heat stress
stress_parameters,photosynthesis_cold_sensitivity,0.9,dimensionless,Photosynthesis sensitivity to cold stress
stress_parameters,respiration_heat_sensitivity,0.6,dimensionless,Respiration sensitivity to heat stress
stress_parameters,respiration_cold_sensitivity,0.7,dimensionless,Respiration sensitivity to cold stress
stress_parameters,growth_heat_sensitivity,0.9,dimensionless,Growth sensitivity to heat stress
stress_parameters,growth_cold_sensitivity,1.0,dimensionless,Growth sensitivity to cold stress
stress_parameters,development_heat_sensitivity,0.7,dimensionless,Development sensitivity to heat stress
stress_parameters,development_cold_sensitivity,0.8,dimensionless,Development sensitivity to cold stress
stress_parameters,acclimation_rate,0.1,per_day,Rate of temperature acclimation
stress_parameters,max_acclimation_days,14,days,Maximum days for temperature acclimation history
stress_parameters,acclimation_decay_rate,0.05,per_day,Rate of acclimation decay
stress_parameters,heat_damage_threshold,0.7,dimensionless,Threshold for heat damage accumulation
stress_parameters,cold_damage_threshold,0.6,dimensionless,Threshold for cold damage accumulation
stress_parameters,frost_damage_rate,0.1,per_day,Rate of frost damage accumulation
stress_parameters,recovery_rate_heat,0.02,per_day,Recovery rate from heat damage
stress_parameters,recovery_rate_cold,0.015,per_day,Recovery rate from cold damage
stress_parameters,stress_memory_duration,7,days,Duration of stress memory effect
stress_parameters,memory_effect_strength,0.2,dimensionless,Strength of stress memory effect

# Integrated Stress Model Hardcoded Constants
stress_parameters,stress_weight_water,0.25,dimensionless,Weight of water stress in overall stress calculation
stress_parameters,stress_weight_temperature,0.3,dimensionless,Weight of temperature stress in overall stress calculation
stress_parameters,stress_weight_nutrient,0.2,dimensionless,Weight of nutrient stress in overall stress calculation
stress_parameters,stress_weight_light,0.1,dimensionless,Weight of light stress in overall stress calculation
stress_parameters,stress_weight_salinity,0.1,dimensionless,Weight of salinity stress in overall stress calculation
stress_parameters,stress_weight_oxygen,0.03,dimensionless,Weight of oxygen stress in overall stress calculation
stress_parameters,stress_weight_ph,0.02,dimensionless,Weight of pH stress in overall stress calculation

# Stress Interaction Factors (hardcoded in code)
stress_parameters,water_temp_interaction_factor,1.3,dimensionless,Water-temperature stress interaction factor
stress_parameters,water_salinity_interaction_factor,1.4,dimensionless,Water-salinity stress interaction factor
stress_parameters,water_nutrient_interaction_factor,1.2,dimensionless,Water-nutrient stress interaction factor
stress_parameters,temp_light_interaction_factor,1.1,dimensionless,Temperature-light stress interaction factor
stress_parameters,nutrient_ph_interaction_factor,1.5,dimensionless,Nutrient-pH stress interaction factor
stress_parameters,nutrient_salinity_interaction_factor,1.1,dimensionless,Nutrient-salinity stress interaction factor

# Stress Onset and Damage Thresholds
stress_parameters,stress_onset_threshold_water,0.2,dimensionless,Onset threshold for water stress
stress_parameters,stress_onset_threshold_temperature,0.15,dimensionless,Onset threshold for temperature stress
stress_parameters,stress_onset_threshold_nutrient,0.25,dimensionless,Onset threshold for nutrient stress
stress_parameters,stress_onset_threshold_light,0.3,dimensionless,Onset threshold for light stress
stress_parameters,stress_onset_threshold_salinity,0.2,dimensionless,Onset threshold for salinity stress
stress_parameters,stress_onset_threshold_oxygen,0.1,dimensionless,Onset threshold for oxygen stress
stress_parameters,stress_onset_threshold_ph,0.15,dimensionless,Onset threshold for pH stress
stress_parameters,damage_threshold_water,0.6,dimensionless,Damage threshold for water stress
stress_parameters,damage_threshold_temperature,0.5,dimensionless,Damage threshold for temperature stress
stress_parameters,damage_threshold_nutrient,0.7,dimensionless,Damage threshold for nutrient stress
stress_parameters,damage_threshold_light,0.8,dimensionless,Damage threshold for light stress
stress_parameters,damage_threshold_salinity,0.6,dimensionless,Damage threshold for salinity stress
stress_parameters,damage_threshold_oxygen,0.4,dimensionless,Damage threshold for oxygen stress
stress_parameters,damage_threshold_ph,0.5,dimensionless,Damage threshold for pH stress

# UnifiedStressCalculator Hardcoded Constants
stress_parameters,root_temp_tolerance,5.0,°C,Root temperature tolerance range
stress_parameters,root_temp_stress_factor,0.1,per_°C,Root temperature stress factor
stress_parameters,vpd_stress_low_factor,0.15,per_kPa,VPD stress factor for low VPD
stress_parameters,vpd_stress_high_factor,0.25,per_kPa,VPD stress factor for high VPD
stress_parameters,optimal_vpd_min,0.5,kPa,Minimum optimal VPD
stress_parameters,optimal_vpd_max,1.2,kPa,Maximum optimal VPD
stress_parameters,optimal_ec_min,1.2,dS_m,Minimum optimal EC
stress_parameters,optimal_ec_max,2.0,dS_m,Maximum optimal EC
stress_parameters,ec_stress_high_factor,0.1,per_dS_m,EC stress factor for high EC
stress_parameters,ec_stress_low_factor,0.15,per_dS_m,EC stress factor for low EC
stress_parameters,nitrogen_stress_factor,0.3,dimensionless,Nitrogen stress factor
stress_parameters,optimal_n_min,150.0,mg_L,Minimum optimal nitrogen concentration
stress_parameters,optimal_n_max,250.0,mg_L,Maximum optimal nitrogen concentration
stress_parameters,severe_deficiency_threshold,50.0,mg_L,Severe nitrogen deficiency threshold

# Process Sensitivity Factors (hardcoded defaults)
stress_parameters,process_sensitivity_photosynthesis,0.8,dimensionless,Default photosynthesis sensitivity to stress
stress_parameters,process_sensitivity_respiration,0.8,dimensionless,Default respiration sensitivity to stress
stress_parameters,process_sensitivity_transpiration,0.8,dimensionless,Default transpiration sensitivity to stress
stress_parameters,process_sensitivity_growth,0.7,dimensionless,Default growth sensitivity to stress

# Temperature Stress Level Constants (replace hardcoded values)
stress_parameters,mild_stress_level,0.3,dimensionless,Stress level for mild temperature deviation
stress_parameters,moderate_stress_level,0.4,dimensionless,Additional stress level for moderate temperature deviation
stress_parameters,mild_cold_stress_level,0.2,dimensionless,Stress level for mild cold deviation
stress_parameters,moderate_cold_stress_level,0.3,dimensionless,Additional stress level for moderate cold deviation
stress_parameters,severe_cold_stress_level,0.3,dimensionless,Additional stress level for severe cold deviation
stress_parameters,frost_base_stress_level,0.8,dimensionless,Base stress level for frost conditions
stress_parameters,frost_additional_stress,0.2,dimensionless,Additional stress for extreme frost

# Acclimation Effect Constants
stress_parameters,heat_acclimation_reduction,0.4,dimensionless,Heat acclimation stress reduction factor
stress_parameters,cold_acclimation_reduction,0.5,dimensionless,Cold acclimation stress reduction factor

# Process Factor Weights
stress_parameters,photosynthesis_weight,0.35,dimensionless,Weight of photosynthesis in overall stress
stress_parameters,growth_weight,0.35,dimensionless,Weight of growth in overall stress
stress_parameters,development_weight,0.20,dimensionless,Weight of development in overall stress
stress_parameters,respiration_weight,0.10,dimensionless,Weight of respiration in overall stress

# Damage and Recovery Constants
stress_parameters,heat_damage_rate,0.01,per_day,Heat damage accumulation rate per day
stress_parameters,cold_damage_rate,0.008,per_day,Cold damage accumulation rate per day
stress_parameters,frost_recovery_multiplier,0.5,dimensionless,Frost damage recovery rate multiplier
stress_parameters,damage_factor_multiplier,0.5,dimensionless,Damage effect multiplier on process factors

# IntegratedStressModel Default Constants
stress_parameters,cumulative_threshold_default,0.8,dimensionless,Default cumulative stress threshold
stress_parameters,damage_accumulation_default,0.01,per_day,Default damage accumulation rate
stress_parameters,recovery_threshold_default,0.8,dimensionless,Default recovery threshold
stress_parameters,full_recovery_time_default,7.0,days,Default full recovery time
stress_parameters,acclimation_capacity_default,0.3,dimensionless,Default acclimation capacity
stress_parameters,acclimation_memory_default,7.0,days,Default acclimation memory duration

# UnifiedStressCalculator Calculation Constants
stress_parameters,chronic_stress_weight,0.8,dimensionless,Weight of chronic stress in combined calculation
stress_parameters,acute_stress_weight,0.2,dimensionless,Weight of acute stress in combined calculation
stress_parameters,acclimation_benefit_factor,0.3,dimensionless,Acclimation benefit factor
stress_parameters,interaction_penalty_factor,0.1,dimensionless,Stress interaction penalty factor
stress_parameters,recovery_bonus_factor,0.05,dimensionless,Recovery bonus factor
stress_parameters,damage_penalty_factor,0.2,dimensionless,Damage penalty factor
stress_parameters,memory_divisor,3.0,dimensionless,Memory effect time divisor for exponential weighting
stress_parameters,chronic_factor_multiplier,1.5,dimensionless,Chronic stress factor multiplier
senescence_parameters,natural_lifespan_gdd,800.0,gdd,Leaf lifespan in GDD before natural senescence
senescence_parameters,age_senescence_rate,0.02,per_day,Daily senescence rate for old leaves
senescence_parameters,water_stress_threshold,0.7,dimensionless,Water stress threshold for senescence
senescence_parameters,nitrogen_stress_threshold,0.6,dimensionless,Nitrogen stress threshold for senescence
senescence_parameters,temperature_stress_threshold,0.65,dimensionless,Temperature stress threshold for senescence
senescence_parameters,light_stress_threshold,0.5,dimensionless,Light stress threshold for senescence
senescence_parameters,water_stress_rate,0.05,per_day,Daily senescence rate under water stress
senescence_parameters,nitrogen_stress_rate,0.04,per_day,Daily senescence rate under nitrogen stress
senescence_parameters,temperature_stress_rate,0.06,per_day,Daily senescence rate under temperature stress
senescence_parameters,light_stress_rate,0.03,per_day,Daily senescence rate under light stress
senescence_parameters,early_senescence_threshold,0.15,dimensionless,Damage threshold for early senescence
senescence_parameters,active_senescence_threshold,0.35,dimensionless,Damage threshold for active senescence
senescence_parameters,late_senescence_threshold,0.65,dimensionless,Damage threshold for late senescence
senescence_parameters,death_threshold,0.9,dimensionless,Damage threshold for death
senescence_parameters,recovery_rate,0.01,per_day,Daily recovery rate under good conditions
senescence_parameters,max_recovery,0.3,dimensionless,Maximum recoverable damage fraction
senescence_parameters,reproductive_priority_factor,1.8,dimensionless,Senescence acceleration during reproduction
senescence_parameters,lower_canopy_factor,1.4,dimensionless,Senescence acceleration for shaded leaves
senescence_parameters,active_senescence_multiplier,2.5,dimensionless,Remobilization multiplier for active senescence
senescence_parameters,normal_senescence_multiplier,1.0,dimensionless,Remobilization multiplier for normal senescence
senescence_parameters,stress_history_days,7,days,Days of stress history tracked
senescence_parameters,daily_area_loss_factor,0.8,dimensionless,Daily area loss factor during senescence
senescence_parameters,daily_biomass_loss_factor,0.6,dimensionless,Daily biomass loss factor during senescence
senescence_parameters,stress_recovery_threshold,0.25,dimensionless,Stress threshold for recovery
senescence_parameters,recovery_stress_threshold,0.25,dimensionless,Stress threshold for recovery initiation
senescence_parameters,nitrogen_recovery,0.8,dimensionless,Nitrogen remobilization efficiency
senescence_parameters,phosphorus_recovery,0.7,dimensionless,Phosphorus remobilization efficiency
senescence_parameters,potassium_recovery,0.9,dimensionless,Potassium remobilization efficiency
senescence_parameters,magnesium_recovery,0.6,dimensionless,Magnesium remobilization efficiency
senescence_parameters,sulfur_recovery,0.7,dimensionless,Sulfur remobilization efficiency
senescence_parameters,calcium_recovery,0.2,dimensionless,Calcium remobilization efficiency
senescence_parameters,iron_recovery,0.5,dimensionless,Iron remobilization efficiency
senescence_parameters,manganese_recovery,0.4,dimensionless,Manganese remobilization efficiency
senescence_parameters,zinc_recovery,0.6,dimensionless,Zinc remobilization efficiency
senescence_parameters,copper_recovery,0.5,dimensionless,Copper remobilization efficiency
senescence_parameters,boron_recovery,0.3,dimensionless,Boron remobilization efficiency
senescence_parameters,molybdenum_recovery,0.4,dimensionless,Molybdenum remobilization efficiency
senescence_parameters,age_factor_base,1.0,dimensionless,Base factor for age senescence calculation
senescence_parameters,stress_intensity_denominator,1.0,dimensionless,Denominator for stress intensity calculation
senescence_parameters,reproductive_factor_adjustment,1.0,dimensionless,Adjustment factor for reproductive senescence
senescence_parameters,canopy_shading_threshold,0.5,dimensionless,Canopy position threshold for shading effects
senescence_parameters,shading_factor_multiplier,2.0,dimensionless,Multiplier for shading factor calculation
senescence_parameters,lower_canopy_adjustment,1.0,dimensionless,Adjustment factor for lower canopy senescence
senescence_parameters,recovery_rate_fraction,0.1,dimensionless,Fraction of damage used in recovery rate calculation
senescence_parameters,senescence_damage_minimum,0.0,dimensionless,Minimum senescence damage value
senescence_parameters,senescence_damage_maximum,1.0,dimensionless,Maximum senescence damage value
root_zone_temperature_parameters,optimal_rzt_offset,3.0,°C,Root zone temperature offset above air temperature
root_zone_temperature_parameters,min_effective_rzt,15.0,°C,Minimum effective root zone temperature
root_zone_temperature_parameters,max_effective_rzt,28.0,°C,Maximum effective root zone temperature
root_zone_temperature_parameters,linear_growth_slope,0.15,per_°C,Growth factor increase per °C below optimum
root_zone_temperature_parameters,rapid_decline_slope,0.25,per_°C,Growth factor decrease per °C above optimum
root_zone_temperature_parameters,base_growth_factor,1.0,dimensionless,Growth factor at optimal RZT
root_zone_temperature_parameters,nutrient_uptake_sensitivity_low,0.08,per_°C,Nutrient uptake sensitivity per °C below optimum
root_zone_temperature_parameters,nutrient_uptake_sensitivity_high,0.12,per_°C,Nutrient uptake sensitivity per °C above optimum
root_zone_temperature_parameters,photosynthesis_sensitivity_low,0.05,per_°C,Photosynthesis sensitivity per °C below optimum
root_zone_temperature_parameters,photosynthesis_sensitivity_high,0.10,per_°C,Photosynthesis sensitivity per °C above optimum
root_zone_temperature_parameters,root_metabolism_sensitivity_low,0.10,per_°C,Root metabolism sensitivity per °C below optimum
root_zone_temperature_parameters,root_metabolism_sensitivity_high,0.15,per_°C,Root metabolism sensitivity per °C above optimum
root_zone_temperature_parameters,max_nutrient_uptake_factor,1.5,dimensionless,Maximum nutrient uptake factor
root_zone_temperature_parameters,max_water_uptake_factor,1.4,dimensionless,Maximum water uptake factor
root_zone_temperature_parameters,max_photosynthesis_factor,1.3,dimensionless,Maximum photosynthesis factor
root_zone_temperature_parameters,max_root_metabolism_factor,1.6,dimensionless,Maximum root metabolism factor
root_zone_temperature_parameters,rzt_min_growth_factor,0.1,dimensionless,Minimum growth factor below effective temperature (reuses existing)
root_zone_temperature_parameters,max_growth_factor,1.8,dimensionless,Maximum growth factor
root_zone_temperature_parameters,min_nutrient_uptake_factor,0.2,dimensionless,Minimum nutrient uptake factor
root_zone_temperature_parameters,min_water_uptake_factor,0.15,dimensionless,Minimum water uptake factor
root_zone_temperature_parameters,min_photosynthesis_factor,0.3,dimensionless,Minimum photosynthesis factor
root_zone_temperature_parameters,min_root_metabolism_factor,0.1,dimensionless,Minimum root metabolism factor
root_zone_temperature_parameters,rzt_thermal_mass_factor,0.05,h_inverse,How quickly RZT responds to changes (reuses existing)
root_zone_temperature_parameters,rzt_ambient_temp_amplitude,2.5,°C,Amplitude of diurnal temperature variation
root_zone_temperature_parameters,rzt_root_respiration_heat,0.5,°C,Heat generation from root respiration
root_zone_temperature_parameters,rzt_pump_heat_generation,0.3,°C,Heat generation from circulation pumps
root_zone_temperature_parameters,rzt_ambient_exchange_factor,0.1,dimensionless,Factor for ambient temperature exchange
root_zone_temperature_parameters,rzt_thermal_response_time,4.0,h,Thermal response time constant
root_zone_temperature_parameters,rzt_heat_transfer_coefficient,2.5,W_m2_°C,Heat transfer coefficient for calculations
root_zone_temperature_parameters,base_factor_constant,1.0,dimensionless,Base constant for factor calculations
root_zone_temperature_parameters,thermal_stress_normalizer,5.0,°C,Thermal stress normalization factor
root_zone_temperature_parameters,diurnal_cycle_shift,6,h,Hour shift for diurnal temperature cycle
root_zone_temperature_parameters,diurnal_cycle_period,24,h,Period of diurnal temperature cycle
root_zone_temperature_parameters,daily_representative_hour,12,h,Representative hour for daily calculations
stress_parameters,stress_memory_duration_water,24.0,hours,Memory duration for water stress effects
stress_parameters,stress_memory_duration_temperature,24.0,hours,Memory duration for temperature stress effects
stress_parameters,stress_memory_duration_nutrient,48.0,hours,Memory duration for nutrient stress effects
stress_parameters,stress_memory_duration_light,12.0,hours,Memory duration for light stress effects
stress_parameters,cumulative_threshold_water,0.7,dimensionless,Cumulative water stress threshold
stress_parameters,cumulative_threshold_temperature,0.8,dimensionless,Cumulative temperature stress threshold
stress_parameters,cumulative_threshold_nutrient,0.6,dimensionless,Cumulative nutrient stress threshold
stress_parameters,cumulative_threshold_light,0.5,dimensionless,Cumulative light stress threshold
stress_parameters,damage_accumulation_rate_water,0.1,per_day,Water stress damage accumulation rate
stress_parameters,damage_accumulation_rate_temperature,0.15,per_day,Temperature stress damage accumulation rate
stress_parameters,recovery_rate_water,0.2,per_day,Water stress recovery rate
stress_parameters,recovery_rate_temperature,0.1,per_day,Temperature stress recovery rate
stress_parameters,recovery_threshold_water,0.3,dimensionless,Water stress recovery threshold
stress_parameters,recovery_threshold_temperature,0.4,dimensionless,Temperature stress recovery threshold
stress_parameters,full_recovery_time_water,72.0,hours,Full recovery time from water stress
stress_parameters,full_recovery_time_temperature,96.0,hours,Full recovery time from temperature stress
stress_parameters,acclimation_rate_water,0.05,per_day,Water stress acclimation rate
stress_parameters,acclimation_rate_temperature,0.03,per_day,Temperature stress acclimation rate
stress_parameters,acclimation_capacity_water,0.8,dimensionless,Water stress acclimation capacity
stress_parameters,acclimation_capacity_temperature,0.7,dimensionless,Temperature stress acclimation capacity
stress_parameters,acclimation_memory_water,168.0,hours,Water stress acclimation memory duration
stress_parameters,acclimation_memory_temperature,240.0,hours,Temperature stress acclimation memory duration
stress_parameters,stress_onset_threshold_water,0.2,dimensionless,Water stress onset threshold
stress_parameters,stress_onset_threshold_temperature,0.25,dimensionless,Temperature stress onset threshold
stress_parameters,damage_threshold_water,0.8,dimensionless,Water stress damage threshold
stress_parameters,damage_threshold_temperature,0.85,dimensionless,Temperature stress damage threshold
stress_parameters,process_sensitivity_photosynthesis_water,0.9,dimensionless,Photosynthesis sensitivity to water stress
stress_parameters,process_sensitivity_photosynthesis_temperature,0.8,dimensionless,Photosynthesis sensitivity to temperature stress
stress_parameters,process_sensitivity_growth_water,0.95,dimensionless,Growth sensitivity to water stress
stress_parameters,process_sensitivity_growth_temperature,0.85,dimensionless,Growth sensitivity to temperature stress
stress_parameters,process_sensitivity_development_water,0.7,dimensionless,Development sensitivity to water stress
stress_parameters,process_sensitivity_development_temperature,0.75,dimensionless,Development sensitivity to temperature stress
leaf_development,min_temp,4.5,°C,Minimum temperature for leaf development
# leaf_development,opt_temp_min,18.0,°C,Lower optimal temperature for leaf development (consolidated to phenology_parameters)
# leaf_development,opt_temp_max,24.0,°C,Upper optimal temperature for leaf development (consolidated to phenology_parameters)
leaf_development,max_temp,35.0,°C,Maximum temperature for leaf development
leaf_development,specific_leaf_area,800.0,cm2_g,Specific leaf area (cm²/g dry weight)

# Initial State Parameters
initial_state,initial_day,0,days,Initial simulation day
initial_state,initial_hour,6,hours,Initial simulation hour
initial_state,initial_leaf_biomass,0.01,g,Initial leaf biomass
initial_state,initial_stem_biomass,0.005,g,Initial stem biomass
initial_state,initial_root_biomass,0.005,g,Initial root biomass
# Removed static initial_total_biomass - should be calculated as sum of organ biomass values
# total_biomass = initial_leaf_biomass + initial_stem_biomass + initial_root_biomass
initial_state,initial_lai,0.001,dimensionless,Initial leaf area index
initial_state,initial_leaf_area,2.5,cm2,Initial leaf area
initial_state,initial_canopy_height,1.0,cm,Initial canopy height
# Removed static initial rate parameters - should be calculated dynamically by respective models:
# - photosynthesis_rate: calculated by PhotosynthesisModel from light, CO2, temperature, LAI
# - respiration_rate: calculated by RespirationModel from biomass and temperature
# - net_assimilation: calculated as photosynthesis_rate - respiration_rate
initial_state,initial_thermal_time,0.0,GDD,Initial thermal time
initial_state,initial_growth_stage,EMERGENCE,string,Initial growth stage
initial_state,initial_development_index,0.0,dimensionless,Initial development index
# Removed static initial stress parameters - should be calculated dynamically by UnifiedStressCalculator
# Initial stress factors should be calculated from initial environmental conditions:
# - temperature_stress: from initial_air_temperature vs optimal temperature range
# - water_stress: from initial_humidity and VPD calculations
# - nutrient_stress: from initial nutrient concentrations vs optimal levels
# - light_stress: from initial_light_intensity vs optimal light requirements
initial_state,initial_n_content,0.03,g_N_g_dry_mass,Initial nitrogen content
initial_state,initial_p_content,0.005,g_P_g_dry_mass,Initial phosphorus content
initial_state,initial_k_content,0.02,g_K_g_dry_mass,Initial potassium content
# Removed static initial water rate parameters - should be calculated dynamically by WaterUptakeModel:
# - water_uptake: calculated by WaterUptakeModel from root biomass, solution concentration, and environmental stress
# - transpiration: calculated by WaterUptakeModel from leaf area, VPD, stomatal conductance, and environmental factors
initial_state,initial_water_uptake,0.008,L_day,Initial water uptake rate
initial_state,initial_transpiration,0.006,L_day,Initial transpiration rate
initial_state,initial_root_depth,1.0,cm,Initial root depth
initial_state,initial_root_distribution,"{'zone1': 0.4, 'zone2': 0.4, 'zone3': 0.2}",dict,Initial root distribution by zone
initial_state,initial_air_temperature,20.0,°C,Initial air temperature
initial_state,initial_solution_temperature,18.0,°C,Initial solution temperature
initial_state,initial_humidity,70.0,%,Initial humidity
initial_state,initial_co2_concentration,400.0,ppm,Initial CO2 concentration
initial_state,initial_light_intensity,200.0,umol_m2_s,Initial light intensity
initial_state,initial_ph,6.0,pH,Initial pH

# Control Strategy Parameters
control_parameters,control_strategy,PID,string,Control strategy for environmental control system

# Logging and Validation Parameters
system_parameters,enable_logging,true,boolean,Enable detailed logging during simulation
system_parameters,validation_mode,false,boolean,Enable validation mode for parameter checking

# Initial Nitrogen Content Parameters
initial_nitrogen,initial_leaf_nitrogen_content,0.035,g_N_g_dry_mass,Initial nitrogen content in leaves
initial_nitrogen,initial_stem_nitrogen_content,0.020,g_N_g_dry_mass,Initial nitrogen content in stems
initial_nitrogen,initial_root_nitrogen_content,0.025,g_N_g_dry_mass,Initial nitrogen content in roots

# Initial Water Parameters
initial_water,initial_water_growth_stage,vegetative,string,Initial water growth stage

# Nutrient Mobility Classifications - Nitrogen
nutrient_mobility,mobility_classifications_nitrogen_mobility,highly_mobile,string,Mobility classification for nitrogen
nutrient_mobility,mobility_classifications_nitrogen_transport,bidirectional,string,Transport classification for nitrogen
nutrient_mobility,remobilization_efficiency_nitrogen,0.8,dimensionless,Remobilization efficiency for nitrogen
nutrient_mobility,deficiency_mobility_nitrogen,very_high,string,Deficiency mobility for nitrogen
nutrient_mobility,retranslocation_rate_nitrogen,0.05,g_g_day,Retranslocation rate for nitrogen
nutrient_mobility,xylem_transport_rates_nitrogen,0.15,g_g_day,Xylem transport rate for nitrogen
# Nutrient Mobility Classifications - N-NO3 (specific form)
nutrient_mobility,mobility_classifications_n_no3_mobility,highly_mobile,string,Mobility classification for N-NO3
nutrient_mobility,mobility_classifications_n_no3_transport,bidirectional,string,Transport classification for N-NO3
nutrient_mobility,mobility_classifications_n_no3_remobilization_efficiency,0.8,dimensionless,Remobilization efficiency for N-NO3
nutrient_mobility,mobility_classifications_n_no3_deficiency_mobility,very_high,string,Deficiency mobility for N-NO3
nutrient_mobility,mobility_classifications_n_no3_retranslocation_rate,0.05,g_g_day,Retranslocation rate for N-NO3
nutrient_mobility,xylem_transport_rates_n_no3,0.15,g_g_day,Xylem transport rate for N-NO3

# Nutrient Mobility Classifications - Phosphorus
nutrient_mobility,mobility_classifications_phosphorus_mobility,immobile,string,Mobility classification for phosphorus
nutrient_mobility,mobility_classifications_phosphorus_transport,phloem_only,string,Transport classification for phosphorus
nutrient_mobility,remobilization_efficiency_phosphorus,0.6,dimensionless,Remobilization efficiency for phosphorus
nutrient_mobility,deficiency_mobility_phosphorus,low,string,Deficiency mobility for phosphorus
nutrient_mobility,retranslocation_rate_phosphorus,0.02,g_g_day,Retranslocation rate for phosphorus
nutrient_mobility,xylem_transport_rates_phosphorus,0.08,g_g_day,Xylem transport rate for phosphorus
# Nutrient Mobility Classifications - N-NH4 (specific form)
nutrient_mobility,mobility_classifications_n_nh4_mobility,highly_mobile,string,Mobility classification for N-NH4
nutrient_mobility,mobility_classifications_n_nh4_transport,bidirectional,string,Transport classification for N-NH4
nutrient_mobility,mobility_classifications_n_nh4_remobilization_efficiency,0.8,dimensionless,Remobilization efficiency for N-NH4
nutrient_mobility,mobility_classifications_n_nh4_deficiency_mobility,very_high,string,Deficiency mobility for N-NH4
nutrient_mobility,mobility_classifications_n_nh4_retranslocation_rate,0.05,g_g_day,Retranslocation rate for N-NH4
nutrient_mobility,xylem_transport_rates_n_nh4,0.15,g_g_day,Xylem transport rate for N-NH4
# Nutrient Mobility Classifications - P-PO4 (specific form)
nutrient_mobility,mobility_classifications_p_po4_mobility,immobile,string,Mobility classification for P-PO4
nutrient_mobility,mobility_classifications_p_po4_transport,phloem_only,string,Transport classification for P-PO4
nutrient_mobility,remobilization_efficiency_p_po4,0.6,dimensionless,Remobilization efficiency for P-PO4
nutrient_mobility,deficiency_mobility_p_po4,low,string,Deficiency mobility for P-PO4
nutrient_mobility,retranslocation_rate_p_po4,0.02,g_g_day,Retranslocation rate for P-PO4
nutrient_mobility,xylem_transport_rates_p_po4,0.08,g_g_day,Xylem transport rate for P-PO4

# Nutrient Mobility Classifications - Potassium
nutrient_mobility,mobility_classifications_potassium_mobility,highly_mobile,string,Mobility classification for potassium
nutrient_mobility,mobility_classifications_potassium_transport,bidirectional,string,Transport classification for potassium
nutrient_mobility,remobilization_efficiency_potassium,0.7,dimensionless,Remobilization efficiency for potassium
nutrient_mobility,deficiency_mobility_potassium,very_high,string,Deficiency mobility for potassium
nutrient_mobility,retranslocation_rate_potassium,0.04,g_g_day,Retranslocation rate for potassium
nutrient_mobility,xylem_transport_rates_potassium,0.12,g_g_day,Xylem transport rate for potassium
# Nutrient Mobility Classifications - K (specific form)
nutrient_mobility,mobility_classifications_k_mobility,highly_mobile,string,Mobility classification for K
nutrient_mobility,mobility_classifications_k_transport,bidirectional,string,Transport classification for K
nutrient_mobility,remobilization_efficiency_k,0.7,dimensionless,Remobilization efficiency for K
nutrient_mobility,deficiency_mobility_k,very_high,string,Deficiency mobility for K
nutrient_mobility,retranslocation_rate_k,0.04,g_g_day,Retranslocation rate for K
nutrient_mobility,xylem_transport_rates_k,0.12,g_g_day,Xylem transport rate for K

# Nutrient Mobility Classifications - Calcium
nutrient_mobility,mobility_classifications_calcium_mobility,immobile,string,Mobility classification for calcium
nutrient_mobility,mobility_classifications_calcium_transport,xylem_only,string,Transport classification for calcium
nutrient_mobility,remobilization_efficiency_calcium,0.1,dimensionless,Remobilization efficiency for calcium
nutrient_mobility,deficiency_mobility_calcium,very_low,string,Deficiency mobility for calcium
nutrient_mobility,retranslocation_rate_calcium,0.001,g_g_day,Retranslocation rate for calcium
nutrient_mobility,xylem_transport_rates_calcium,0.06,g_g_day,Xylem transport rate for calcium
# Nutrient Mobility Classifications - Ca (specific form)
nutrient_mobility,mobility_classifications_ca_mobility,immobile,string,Mobility classification for Ca
nutrient_mobility,mobility_classifications_ca_transport,xylem_only,string,Transport classification for Ca
nutrient_mobility,remobilization_efficiency_ca,0.1,dimensionless,Remobilization efficiency for Ca
nutrient_mobility,deficiency_mobility_ca,very_low,string,Deficiency mobility for Ca
nutrient_mobility,retranslocation_rate_ca,0.001,g_g_day,Retranslocation rate for Ca
nutrient_mobility,xylem_transport_rates_ca,0.06,g_g_day,Xylem transport rate for Ca

# Nutrient Mobility Classifications - Magnesium
nutrient_mobility,mobility_classifications_magnesium_mobility,moderately_mobile,string,Mobility classification for magnesium
nutrient_mobility,mobility_classifications_magnesium_transport,bidirectional,string,Transport classification for magnesium
nutrient_mobility,remobilization_efficiency_magnesium,0.5,dimensionless,Remobilization efficiency for magnesium
nutrient_mobility,deficiency_mobility_magnesium,high,string,Deficiency mobility for magnesium
nutrient_mobility,retranslocation_rate_magnesium,0.02,g_g_day,Retranslocation rate for magnesium
nutrient_mobility,xylem_transport_rates_magnesium,0.08,g_g_day,Xylem transport rate for magnesium

# Nutrient Mobility Classifications - Sulfur
nutrient_mobility,mobility_classifications_sulfur_mobility,moderately_mobile,string,Mobility classification for sulfur
nutrient_mobility,mobility_classifications_sulfur_transport,bidirectional,string,Transport classification for sulfur
nutrient_mobility,remobilization_efficiency_sulfur,0.4,dimensionless,Remobilization efficiency for sulfur
nutrient_mobility,deficiency_mobility_sulfur,high,string,Deficiency mobility for sulfur
nutrient_mobility,retranslocation_rate_sulfur,0.015,g_g_day,Retranslocation rate for sulfur
nutrient_mobility,xylem_transport_rates_sulfur,0.07,g_g_day,Xylem transport rate for sulfur

# Nutrient Mobility Classifications - Iron
nutrient_mobility,mobility_classifications_iron_mobility,immobile,string,Mobility classification for iron
nutrient_mobility,mobility_classifications_iron_transport,xylem_only,string,Transport classification for iron
nutrient_mobility,remobilization_efficiency_iron,0.2,dimensionless,Remobilization efficiency for iron
nutrient_mobility,deficiency_mobility_iron,very_low,string,Deficiency mobility for iron
nutrient_mobility,retranslocation_rate_iron,0.005,g_g_day,Retranslocation rate for iron
nutrient_mobility,xylem_transport_rates_iron,0.03,g_g_day,Xylem transport rate for iron

# Nutrient Mobility Classifications - Manganese
nutrient_mobility,mobility_classifications_manganese_mobility,immobile,string,Mobility classification for manganese
nutrient_mobility,mobility_classifications_manganese_transport,xylem_only,string,Transport classification for manganese
nutrient_mobility,remobilization_efficiency_manganese,0.15,dimensionless,Remobilization efficiency for manganese
nutrient_mobility,deficiency_mobility_manganese,very_low,string,Deficiency mobility for manganese
nutrient_mobility,retranslocation_rate_manganese,0.003,g_g_day,Retranslocation rate for manganese
nutrient_mobility,xylem_transport_rates_manganese,0.025,g_g_day,Xylem transport rate for manganese

# Nutrient Mobility Classifications - Zinc
nutrient_mobility,mobility_classifications_zinc_mobility,immobile,string,Mobility classification for zinc
nutrient_mobility,mobility_classifications_zinc_transport,xylem_only,string,Transport classification for zinc
nutrient_mobility,remobilization_efficiency_zinc,0.3,dimensionless,Remobilization efficiency for zinc
nutrient_mobility,deficiency_mobility_zinc,very_low,string,Deficiency mobility for zinc
nutrient_mobility,retranslocation_rate_zinc,0.008,g_g_day,Retranslocation rate for zinc
nutrient_mobility,xylem_transport_rates_zinc,0.04,g_g_day,Xylem transport rate for zinc

# Nutrient Mobility Classifications - Copper
nutrient_mobility,mobility_classifications_copper_mobility,immobile,string,Mobility classification for copper
nutrient_mobility,mobility_classifications_copper_transport,xylem_only,string,Transport classification for copper
nutrient_mobility,remobilization_efficiency_copper,0.25,dimensionless,Remobilization efficiency for copper
nutrient_mobility,deficiency_mobility_copper,very_low,string,Deficiency mobility for copper
nutrient_mobility,retranslocation_rate_copper,0.006,g_g_day,Retranslocation rate for copper
nutrient_mobility,xylem_transport_rates_copper,0.035,g_g_day,Xylem transport rate for copper

# Nutrient Mobility Classifications - Boron
nutrient_mobility,mobility_classifications_boron_mobility,immobile,string,Mobility classification for boron
nutrient_mobility,mobility_classifications_boron_transport,xylem_only,string,Transport classification for boron
nutrient_mobility,remobilization_efficiency_boron,0.1,dimensionless,Remobilization efficiency for boron
nutrient_mobility,deficiency_mobility_boron,very_low,string,Deficiency mobility for boron
nutrient_mobility,retranslocation_rate_boron,0.002,g_g_day,Retranslocation rate for boron
nutrient_mobility,xylem_transport_rates_boron,0.02,g_g_day,Xylem transport rate for boron

# Nutrient Mobility Classifications - Molybdenum
nutrient_mobility,mobility_classifications_molybdenum_mobility,moderately_mobile,string,Mobility classification for molybdenum
nutrient_mobility,mobility_classifications_molybdenum_transport,bidirectional,string,Transport classification for molybdenum
nutrient_mobility,remobilization_efficiency_molybdenum,0.6,dimensionless,Remobilization efficiency for molybdenum
nutrient_mobility,deficiency_mobility_molybdenum,high,string,Deficiency mobility for molybdenum
nutrient_mobility,retranslocation_rate_molybdenum,0.01,g_g_day,Retranslocation rate for molybdenum
nutrient_mobility,xylem_transport_rates_molybdenum,0.05,g_g_day,Xylem transport rate for molybdenum

# Phloem Transport Rates
phloem_transport,phloem_transport_rates_nitrogen,0.12,g_g_day,Phloem transport rate for nitrogen
phloem_transport,phloem_transport_rates_phosphorus,0.06,g_g_day,Phloem transport rate for phosphorus
phloem_transport,phloem_transport_rates_potassium,0.10,g_g_day,Phloem transport rate for potassium
phloem_transport,phloem_transport_rates_calcium,0.02,g_g_day,Phloem transport rate for calcium
phloem_transport,phloem_transport_rates_magnesium,0.06,g_g_day,Phloem transport rate for magnesium
phloem_transport,phloem_transport_rates_sulfur,0.05,g_g_day,Phloem transport rate for sulfur
phloem_transport,phloem_transport_rates_iron,0.02,g_g_day,Phloem transport rate for iron
phloem_transport,phloem_transport_rates_manganese,0.015,g_g_day,Phloem transport rate for manganese
phloem_transport,phloem_transport_rates_zinc,0.03,g_g_day,Phloem transport rate for zinc
phloem_transport,phloem_transport_rates_copper,0.025,g_g_day,Phloem transport rate for copper
phloem_transport,phloem_transport_rates_boron,0.01,g_g_day,Phloem transport rate for boron
phloem_transport,phloem_transport_rates_molybdenum,0.04,g_g_day,Phloem transport rate for molybdenum

# Buffering Capacities
buffering,buffering_capacities_leaves_nitrogen,0.8,dimensionless,Buffering capacity for nitrogen in leaves
buffering,buffering_capacities_leaves_phosphorus,0.6,dimensionless,Buffering capacity for phosphorus in leaves
buffering,buffering_capacities_leaves_potassium,0.7,dimensionless,Buffering capacity for potassium in leaves
buffering,buffering_capacities_stems_nitrogen,0.5,dimensionless,Buffering capacity for nitrogen in stems
buffering,buffering_capacities_stems_phosphorus,0.4,dimensionless,Buffering capacity for phosphorus in stems
buffering,buffering_capacities_stems_potassium,0.6,dimensionless,Buffering capacity for potassium in stems
buffering,buffering_capacities_roots_nitrogen,0.6,dimensionless,Buffering capacity for nitrogen in roots
buffering,buffering_capacities_roots_phosphorus,0.7,dimensionless,Buffering capacity for phosphorus in roots
buffering,buffering_capacities_roots_potassium,0.8,dimensionless,Buffering capacity for potassium in roots

# Storage Pool Sizes
storage,storage_pool_sizes_leaves_nitrogen,0.15,g_g_dry_mass,Storage pool size for nitrogen in leaves
storage,storage_pool_sizes_leaves_phosphorus,0.05,g_g_dry_mass,Storage pool size for phosphorus in leaves
storage,storage_pool_sizes_leaves_potassium,0.10,g_g_dry_mass,Storage pool size for potassium in leaves
storage,storage_pool_sizes_stems_nitrogen,0.10,g_g_dry_mass,Storage pool size for nitrogen in stems
storage,storage_pool_sizes_stems_phosphorus,0.03,g_g_dry_mass,Storage pool size for phosphorus in stems
storage,storage_pool_sizes_stems_potassium,0.08,g_g_dry_mass,Storage pool size for potassium in stems
storage,storage_pool_sizes_roots_nitrogen,0.12,g_g_dry_mass,Storage pool size for nitrogen in roots
storage,storage_pool_sizes_roots_phosphorus,0.06,g_g_dry_mass,Storage pool size for phosphorus in roots
storage,storage_pool_sizes_roots_potassium,0.12,g_g_dry_mass,Storage pool size for potassium in roots

# Redistribution Parameters
redistribution,redistribution_thresholds_nitrogen,0.7,dimensionless,Redistribution threshold for nitrogen
redistribution,redistribution_thresholds_phosphorus,0.8,dimensionless,Redistribution threshold for phosphorus
redistribution,redistribution_thresholds_potassium,0.75,dimensionless,Redistribution threshold for potassium
redistribution,redistribution_thresholds_calcium,0.6,dimensionless,Redistribution threshold for calcium
redistribution,redistribution_thresholds_magnesium,0.65,dimensionless,Redistribution threshold for magnesium
redistribution,redistribution_thresholds_sulfur,0.7,dimensionless,Redistribution threshold for sulfur
redistribution,stress_redistribution_rates_nitrogen,0.3,g_g_day,Stress redistribution rate for nitrogen
redistribution,stress_redistribution_rates_phosphorus,0.2,g_g_day,Stress redistribution rate for phosphorus
redistribution,stress_redistribution_rates_potassium,0.25,g_g_day,Stress redistribution rate for potassium
redistribution,stress_redistribution_rates_calcium,0.1,g_g_day,Stress redistribution rate for calcium
redistribution,stress_redistribution_rates_magnesium,0.15,g_g_day,Stress redistribution rate for magnesium
redistribution,stress_redistribution_rates_sulfur,0.2,g_g_day,Stress redistribution rate for sulfur

# Sink Strength Coefficients
sink_strength,sink_strength_coefficients_vegetative_leaves,0.6,dimensionless,Sink strength coefficient for leaves in vegetative stage
sink_strength,sink_strength_coefficients_vegetative_stems,0.3,dimensionless,Sink strength coefficient for stems in vegetative stage
sink_strength,sink_strength_coefficients_vegetative_roots,0.4,dimensionless,Sink strength coefficient for roots in vegetative stage
sink_strength,sink_strength_coefficients_reproductive_leaves,0.4,dimensionless,Sink strength coefficient for leaves in reproductive stage
sink_strength,sink_strength_coefficients_reproductive_stems,0.2,dimensionless,Sink strength coefficient for stems in reproductive stage
sink_strength,sink_strength_coefficients_reproductive_roots,0.3,dimensionless,Sink strength coefficient for roots in reproductive stage
sink_strength,sink_strength_coefficients_reproductive_reproductive,0.8,dimensionless,Sink strength coefficient for reproductive organs
sink_strength,sink_strength_coefficients_senescence_leaves,0.1,dimensionless,Sink strength coefficient for leaves in senescence stage
sink_strength,sink_strength_coefficients_senescence_stems,0.2,dimensionless,Sink strength coefficient for stems in senescence stage
sink_strength,sink_strength_coefficients_senescence_roots,0.3,dimensionless,Sink strength coefficient for roots in senescence stage

# Additional Nutrient Parameters
nutrient_system,nutrient_mobility,highly_mobile,string,Nutrient mobility classification
# Additional mobility parameters for specific nutrient forms
nutrient_mobility,mobility_classifications_mg_mobility,moderately_mobile,string,Mobility classification for Mg
nutrient_mobility,mobility_classifications_mg_transport,bidirectional,string,Transport classification for Mg
nutrient_mobility,remobilization_efficiency_mg,0.5,dimensionless,Remobilization efficiency for Mg
nutrient_mobility,deficiency_mobility_mg,high,string,Deficiency mobility for Mg
nutrient_mobility,retranslocation_rate_mg,0.02,g_g_day,Retranslocation rate for Mg
nutrient_mobility,xylem_transport_rates_mg,0.08,g_g_day,Xylem transport rate for Mg
nutrient_mobility,mobility_classifications_s_so4_mobility,moderately_mobile,string,Mobility classification for S-SO4
nutrient_mobility,mobility_classifications_s_so4_transport,bidirectional,string,Transport classification for S-SO4
nutrient_mobility,remobilization_efficiency_s_so4,0.4,dimensionless,Remobilization efficiency for S-SO4
nutrient_mobility,deficiency_mobility_s_so4,high,string,Deficiency mobility for S-SO4
nutrient_mobility,retranslocation_rate_s_so4,0.015,g_g_day,Retranslocation rate for S-SO4
nutrient_mobility,xylem_transport_rates_s_so4,0.07,g_g_day,Xylem transport rate for S-SO4
nutrient_mobility,mobility_classifications_fe_mobility,immobile,string,Mobility classification for Fe
nutrient_mobility,mobility_classifications_fe_transport,xylem_only,string,Transport classification for Fe
nutrient_mobility,remobilization_efficiency_fe,0.2,dimensionless,Remobilization efficiency for Fe
nutrient_mobility,deficiency_mobility_fe,very_low,string,Deficiency mobility for Fe
nutrient_mobility,retranslocation_rate_fe,0.005,g_g_day,Retranslocation rate for Fe
nutrient_mobility,xylem_transport_rates_fe,0.03,g_g_day,Xylem transport rate for Fe
nutrient_mobility,mobility_classifications_mn_mobility,immobile,string,Mobility classification for Mn
nutrient_mobility,mobility_classifications_mn_transport,xylem_only,string,Transport classification for Mn
nutrient_mobility,remobilization_efficiency_mn,0.15,dimensionless,Remobilization efficiency for Mn
nutrient_mobility,deficiency_mobility_mn,very_low,string,Deficiency mobility for Mn
nutrient_mobility,retranslocation_rate_mn,0.003,g_g_day,Retranslocation rate for Mn
nutrient_mobility,xylem_transport_rates_mn,0.025,g_g_day,Xylem transport rate for Mn
nutrient_mobility,mobility_classifications_zn_mobility,immobile,string,Mobility classification for Zn
nutrient_mobility,mobility_classifications_zn_transport,xylem_only,string,Transport classification for Zn
nutrient_mobility,remobilization_efficiency_zn,0.3,dimensionless,Remobilization efficiency for Zn
nutrient_mobility,deficiency_mobility_zn,very_low,string,Deficiency mobility for Zn
nutrient_mobility,retranslocation_rate_zn,0.008,g_g_day,Retranslocation rate for Zn
nutrient_mobility,xylem_transport_rates_zn,0.04,g_g_day,Xylem transport rate for Zn
nutrient_mobility,mobility_classifications_cu_mobility,immobile,string,Mobility classification for Cu
nutrient_mobility,mobility_classifications_cu_transport,xylem_only,string,Transport classification for Cu
nutrient_mobility,remobilization_efficiency_cu,0.25,dimensionless,Remobilization efficiency for Cu
nutrient_mobility,deficiency_mobility_cu,very_low,string,Deficiency mobility for Cu
nutrient_mobility,retranslocation_rate_cu,0.006,g_g_day,Retranslocation rate for Cu
nutrient_mobility,xylem_transport_rates_cu,0.035,g_g_day,Xylem transport rate for Cu
nutrient_mobility,mobility_classifications_b_mobility,immobile,string,Mobility classification for B
nutrient_mobility,mobility_classifications_b_transport,xylem_only,string,Transport classification for B
nutrient_mobility,remobilization_efficiency_b,0.1,dimensionless,Remobilization efficiency for B
nutrient_mobility,deficiency_mobility_b,very_low,string,Deficiency mobility for B
nutrient_mobility,retranslocation_rate_b,0.002,g_g_day,Retranslocation rate for B
nutrient_mobility,xylem_transport_rates_b,0.02,g_g_day,Xylem transport rate for B
nutrient_mobility,mobility_classifications_mo_mobility,moderately_mobile,string,Mobility classification for Mo
nutrient_mobility,mobility_classifications_mo_transport,bidirectional,string,Transport classification for Mo
nutrient_mobility,remobilization_efficiency_mo,0.6,dimensionless,Remobilization efficiency for Mo
nutrient_mobility,deficiency_mobility_mo,high,string,Deficiency mobility for Mo
nutrient_mobility,retranslocation_rate_mo,0.01,g_g_day,Retranslocation rate for Mo
nutrient_mobility,xylem_transport_rates_mo,0.05,g_g_day,Xylem transport rate for Mo
nutrient_system,transport_mechanism,bidirectional,string,Transport mechanism type
nutrient_system,initial_organ_name,leaves,string,Initial organ name for nutrient pools
nutrient_system,initial_nutrient_name,nitrogen,string,Initial nutrient name for nutrient pools

# pH Buffer System Parameters
ph_system,buffer_system,phosphate,string,pH buffer system type
ph_system,initial_temperature,20.0,°C,Initial temperature for pH calculations

# Leaf Development Parameters
leaf_development,initial_leaf_stage,emerging,string,Initial leaf development stage
leaf_development,initial_leaf_angle_distribution,planophile,string,Initial leaf angle distribution
leaf_development,initial_ppfd_above_canopy,200.0,umol_m2_s,Initial PPFD above canopy
leaf_development,initial_direct_beam_fraction,0.7,dimensionless,Initial direct beam fraction
leaf_development,initial_diffuse_fraction,0.3,dimensionless,Initial diffuse fraction
leaf_development,initial_solar_zenith_angle,30.0,degrees,Initial solar zenith angle
leaf_development,initial_solar_azimuth_angle,180.0,degrees,Initial solar azimuth angle

# Senescence Parameters
senescence,initial_senescence_type,age_based,string,Initial senescence type
senescence,initial_senescence_stage,healthy,string,Initial senescence stage

# Root System Initial Parameters
root_system,initial_total_root_length,10.0,cm,Initial total root length
root_system,initial_total_root_surface_area,5.0,cm2,Initial total root surface area
# Removed duplicate initial_total_root_biomass - should use initial_root_biomass from initial_state category
root_system,initial_total_root_volume,2.0,cm3,Initial total root volume
root_system,initial_root_length_density,5.0,cm_cm3,Initial root length density
root_system,initial_root_surface_area_density,2.5,cm2_cm3,Initial root surface area density
# Removed static initial_specific_root_length - should be calculated dynamically by RootSystemModel
# Specific root length = total_root_length / total_root_biomass (emergent property from root architecture)
root_system,initial_average_root_activity,1.0,dimensionless,Initial average root activity
root_system,initial_fine_root_length,6.0,cm,Initial fine root length
root_system,initial_medium_root_length,3.0,cm,Initial medium root length
root_system,initial_coarse_root_length,1.0,cm,Initial coarse root length
root_system,initial_fine_root_fraction,0.6,dimensionless,Initial fine root fraction
root_system,initial_root_age_days,0,days,Initial root age in days
root_system,initial_cumulative_growth,0.0,cm,Initial cumulative growth
root_system,initial_total_nutrient_uptake,0.0,g,Initial total nutrient uptake
root_system,initial_uptake_per_surface_area,0.0,g_cm2,Initial uptake per surface area
root_system,initial_uptake_temperature_factor,1.0,dimensionless,Initial uptake temperature factor
root_system,initial_uptake_flow_factor,1.0,dimensionless,Initial uptake flow factor
root_system,initial_effective_root_surface_area,5.0,cm2,Initial effective root surface area
root_system,initial_total_uptake_g_per_day,0.0,g_day,Initial total uptake per day
root_system,initial_nitrogen_uptake_g_per_day,0.0,g_day,Initial nitrogen uptake per day

# Model State Parameters
model_state,initial_model_state,initialized,string,Initial model state

# Initial Nutrient Concentrations
nutrient_concentrations,initial_no3_conc,50.0,mg_L,Initial NO3 concentration
nutrient_concentrations,initial_nh4_conc,5.0,mg_L,Initial NH4 concentration
nutrient_concentrations,initial_po4_conc,50.0,mg_L,Initial PO4 concentration
nutrient_concentrations,initial_k_conc,200.0,mg_L,Initial K concentration
nutrient_concentrations,initial_ca_conc,150.0,mg_L,Initial Ca concentration
nutrient_concentrations,initial_mg_conc,50.0,mg_L,Initial Mg concentration
nutrient_concentrations,initial_s_conc,50.0,mg_L,Initial S concentration
nutrient_concentrations,initial_fe_conc,5.0,mg_L,Initial Fe concentration
nutrient_concentrations,initial_mn_conc,2.0,mg_L,Initial Mn concentration
nutrient_concentrations,initial_zn_conc,0.5,mg_L,Initial Zn concentration
nutrient_concentrations,initial_cu_conc,0.1,mg_L,Initial Cu concentration
nutrient_concentrations,initial_b_conc,0.5,mg_L,Initial B concentration
nutrient_concentrations,initial_mo_conc,0.05,mg_L,Initial Mo concentration
nutrient_concentrations,initial_so4_conc,50.0,mg_L,Initial SO4 concentration

# Simulation Parameters
simulation,simulation_days,35,days,Number of days to simulate
simulation,representative_hour,12,hours,Representative hour for simulation
simulation,dt_hours,1.0,hours,Time step in hours
simulation,ambient_co2,400.0,ppm,Ambient CO2 concentration
simulation,photoperiod_hours,16,hours,Photoperiod hours per day

# Removed duplicate thermal_requirements section - consolidated into phenology_parameters
# phenology_parameters section contains authoritative thermal requirements with scientific references

# Initial Nutrient Uptake Parameters
nutrient_uptake,initial_no3_uptake,0.5,mg_per_day,Initial NO3 uptake rate
nutrient_uptake,initial_nh4_uptake,0.3,mg_per_day,Initial NH4 uptake rate
nutrient_uptake,initial_po4_uptake,0.2,mg_per_day,Initial PO4 uptake rate
nutrient_uptake,initial_k_uptake,1.0,mg_per_day,Initial K uptake rate
nutrient_uptake,initial_ca_uptake,0.8,mg_per_day,Initial Ca uptake rate
nutrient_uptake,initial_mg_uptake,0.4,mg_per_day,Initial Mg uptake rate
nutrient_uptake,initial_s_uptake,0.3,mg_per_day,Initial S uptake rate
nutrient_uptake,initial_fe_uptake,0.05,mg_per_day,Initial Fe uptake rate
nutrient_uptake,initial_mn_uptake,0.02,mg_per_day,Initial Mn uptake rate
nutrient_uptake,initial_zn_uptake,0.01,mg_per_day,Initial Zn uptake rate
nutrient_uptake,initial_cu_uptake,0.005,mg_per_day,Initial Cu uptake rate
nutrient_uptake,initial_b_uptake,0.01,mg_per_day,Initial B uptake rate
nutrient_uptake,initial_mo_uptake,0.002,mg_per_day,Initial Mo uptake rate

# Additional Initial Nutrient Concentration Parameters
nutrient_concentrations,initial_p_po4_conc,30.0,mg_L,Initial P-PO4 concentration

# Initial System Parameters
# Removed static initial_ec - should be calculated dynamically by NutrientModel
# from initial nutrient concentrations using _calculate_ec_from_concentrations()

# Light and PAR Parameters
light,solar_to_par_conversion,0.47,fraction,Solar radiation to PAR conversion factor

# EC and Nutrient Parameters
nutrient,ec_factor,1.0,factor,EC factor for nutrient calculations

# Canopy and Light Parameters
# Removed static sunlit_fraction - should be calculated dynamically by CanopyArchitectureModel
# based on LAI, canopy height, solar angle, and extinction coefficients

# Removed static tissue nitrogen content parameters - should be calculated dynamically by NitrogenBalanceModel
# based on nitrogen uptake, allocation, growth rates, and remobilization processes

# Growth Parameters
growth,new_growth_fraction,0.8,fraction,Fraction of new growth

# Removed duplicate biochemical composition parameters - use respiration_parameters section instead
# Note: growth_minerals_fraction (0.10) moved to respiration_parameters as mineral_fraction

# Root Parameters
# Removed static root_specific_area - should be calculated dynamically by RootSystemModel
# Specific root area = total_root_surface_area / total_root_biomass (calculated from root architecture)

# System Volume Parameters
system,tank_volume_L,10.0,L,Nutrient solution tank volume

# Plant Count Parameters
system,plant_count,1,count,Number of plants in the system

# EC Parameters
nutrient,optimal_ec,1.2,mS_cm,Optimal electrical conductivity

# Nutrient Demand Parameters
# Removed static nutrient demand parameters - demands should be calculated dynamically from growth models
# based on organ growth rates and target tissue concentrations, not provided as fixed CSV values

# Transport Efficiency Parameters
transport,n_transport_efficiency,0.8,fraction,Nitrogen transport efficiency
transport,p_transport_efficiency,0.6,fraction,Phosphorus transport efficiency
transport,k_transport_efficiency,0.7,fraction,Potassium transport efficiency

# Stress Parameters
stress,stress_threshold,0.5,fraction,Stress threshold for limiting stress types

# Leaf Development Parameters
leaf,new_leaf_cohort_interval,5,days,Interval for creating new leaf cohorts
leaf,max_leaf_area,0.1,m2,Maximum leaf area per leaf

# Plant Spacing Parameters
plant,row_spacing,0.05,m,Spacing between rows of plants
plant,column_spacing,0.05,m,Spacing between plants within a row

# Plant Scale Parameters
plant,photosynthesis_scaling_factor,0.16,dimensionless,Scaling factor to convert photosynthesis model output to realistic plant biomass
plant,min_biomass_for_full_photosynthesis,0.1,g,Minimum biomass required for full photosynthetic capacity

# Solar and Light Parameters
solar,solar_angle,45,degrees,Solar angle for canopy calculations

# Thermal Equilibrium Parameters
# Removed static thermal equilibrium parameters - should be calculated dynamically by RootZoneTemperatureModel
# based on thermal dynamics including air temperature, solution temperature, pump heat, root respiration, and ambient exchange

# Nutrient Concentration Parameters
nutrients,n_concentration_per_biomass,30.0,mg_per_g,Nitrogen content per gram new biomass (3%)
nutrients,p_concentration_per_biomass,5.0,mg_per_g,Phosphorus content per gram new biomass (0.5%)
nutrients,k_concentration_per_biomass,20.0,mg_per_g,Potassium content per gram new biomass (2%)

# Minimum Biomass Parameters
biomass,min_leaf_biomass,0.01,g,Minimum leaf biomass for photosynthesis
biomass,min_stem_biomass,0.005,g,Minimum stem biomass for structure
biomass,min_root_biomass,0.01,g,Minimum root biomass for uptake
biomass,stem_biomass_fraction,0.3,dimensionless,Fraction of total biomass allocated to stem

# Stress Effect Parameters
stress,stress_effect_type,multiplicative,type,Type of stress effect application
stress,photosynthesis_stress_sensitivity,1.0,dimensionless,Sensitivity of photosynthesis to overall stress
stress,respiration_stress_sensitivity,0.5,dimensionless,Sensitivity of respiration to temperature stress

# Minimum Tissue Nutrient Concentrations (for plant survival)
nutrients,min_tissue_n_concentration,25.0,mg_per_g,Minimum nitrogen concentration in plant tissue
nutrients,min_tissue_p_concentration,3.0,mg_per_g,Minimum phosphorus concentration in plant tissue
nutrients,min_tissue_k_concentration,35.0,mg_per_g,Minimum potassium concentration in plant tissue

# Stress Threshold Recalibration
stress,temperature_stress_threshold_low,18.0,°C,Temperature below which stress begins
stress,temperature_stress_threshold_high,22.0,°C,Temperature above which stress begins
stress,light_stress_threshold_low,150.0,umol_per_m2_per_s,Light intensity below which stress begins
stress,light_stress_threshold_high,1200.0,umol_per_m2_per_s,Light intensity above which stress begins

light,diffuse_fraction,0.3,fraction,Diffuse light fraction

# Minimum Root Allocation for Biological Realism
allocation_parameters,min_root_allocation_fraction,0.15,dimensionless,Minimum root allocation fraction to maintain biological realism

# Missing Parameters for Hardcoded Value Replacement
photosynthesis_parameters,photosynthesis_temp_factor,0.8,dimensionless,Temperature factor for photosynthesis efficiency
water_parameters,hydraulic_conductance,0.5,L_per_day_per_MPa,Plant hydraulic conductance
stress_parameters,minimum_temperature_stress,0.0,dimensionless,Minimum baseline temperature stress
stress_parameters,minimum_light_stress,0.0,dimensionless,Minimum baseline light stress
# Removed static hydroponic_water_stress - should be calculated dynamically by UnifiedStressCalculator
# based on VPD, EC, temperature, humidity, and system conditions
stress_parameters,minimum_nutrient_stress,0.0,dimensionless,Minimum baseline nutrient stress
stress_parameters,water_salinity_interaction_factor,0.3,dimensionless,Water-salinity stress interaction factor
stress_parameters,ph_stress_sensitivity,0.3,dimensionless,pH stress sensitivity factor
stress_parameters,nutrient_stress_sensitivity,0.3,dimensionless,Nutrient stress sensitivity factor
stress_parameters,salinity_stress_sensitivity,0.3,dimensionless,Salinity stress sensitivity factor
stress_parameters,oxygen_stress_sensitivity,0.3,dimensionless,Oxygen stress sensitivity factor
stress_parameters,water_recovery_base_rate,0.3,dimensionless,Base water stress recovery rate
stress_parameters,temperature_recovery_base_rate,0.5,dimensionless,Base temperature stress recovery rate
stress_parameters,light_recovery_base_rate,0.3,dimensionless,Base light stress recovery rate
stress_parameters,acute_stress_base_weight,0.3,dimensionless,Base weight for acute stress calculation

# Simulator Default Parameters (for early simulation stages)
simulator_defaults,early_leaf_biomass,0.1,g,Default leaf biomass for early simulation stages
simulator_defaults,early_stem_biomass,0.1,g,Default stem biomass for early simulation stages
simulator_defaults,early_root_biomass,0.1,g,Default root biomass for early simulation stages
simulator_defaults,early_total_biomass,0.3,g,Default total biomass for early simulation stages
simulator_defaults,early_growth_stage,GERMINATION,stage,Default growth stage for early simulation
simulator_defaults,early_development_index,0.0,dimensionless,Default development index for early simulation
simulator_defaults,optimal_temperature_stress,1.0,dimensionless,Optimal temperature stress factor
simulator_defaults,optimal_water_stress,1.0,dimensionless,Optimal water stress factor
simulator_defaults,optimal_humidity_stress,1.0,dimensionless,Optimal humidity stress factor
simulator_defaults,optimal_light_stress,1.0,dimensionless,Optimal light stress factor
simulator_defaults,default_air_temperature,20.0,°C,Default air temperature for initialization
simulator_defaults,default_humidity,60.0,%,Default humidity for initialization
simulator_defaults,default_light_intensity,200.0,μmol_m2_s,Default light intensity for initialization
simulator_defaults,default_photosynthesis_rate,0.1,g_C_per_day,Default photosynthesis rate
simulator_defaults,default_respiration_rate,0.05,g_C_per_day,Default respiration rate
simulator_defaults,default_nutrient_availability,1.0,dimensionless,Default nutrient availability
simulator_defaults,default_nitrate_uptake,0.1,mg_per_day,Default nitrate uptake rate
simulator_defaults,default_ammonium_uptake,0.05,mg_per_day,Default ammonium uptake rate
simulator_defaults,default_phosphate_uptake,0.02,mg_per_day,Default phosphate uptake rate
simulator_defaults,default_phosphate_concentration,0.5,mg_L,Default phosphate concentration
simulator_defaults,default_iron_concentration,0.1,mg_L,Default iron concentration
simulator_defaults,default_time_step,1.0,hours,Default time step for calculations
simulator_defaults,cache_timeout,1.0,seconds,Cache timeout for dependency data
simulator_defaults,step_duration_seconds,0.1,seconds,Step duration for fast execution
growth_parameters,minimum_growth_rate,0.0,g_per_day,Minimum daily growth rate when conditions are limiting
allocation_parameters,allocation_efficiency,0.95,dimensionless,Efficiency of biomass allocation between organs

# Physiological Validation Parameters
validation_parameters,max_daily_lai_change,1.0,per_day,Maximum realistic daily LAI change
validation_parameters,max_k_concentration,110.0,mg_per_g,Maximum realistic tissue K concentration
validation_parameters,min_respiration_photosynthesis_ratio,0.001,dimensionless,Minimum realistic respiration to photosynthesis ratio for young plants
genetic_parameters,trait_growth_rate,0.7,dimensionless,Growth rate trait value

# Simulation Configuration Parameters (for distributed_simulation_runner.py)
simulator_defaults,total_days,30,days,Total simulation duration (overridden by weather data length)
simulator_defaults,steps_per_day,24,steps,Number of timesteps per day (hourly = 24)
simulator_defaults,enable_real_time,false,boolean,Enable real-time simulation mode (false for batch)
simulator_defaults,synchronization_mode,sequential,string,Simulator execution mode (sequential/parallel/event_driven)

# Stress Model Parameters (from parameter_loader.py lines 334-411)
# Temperature Stress
stress_parameters,temperature_lethal_min,2.0,°C,Minimum survival temperature for lettuce
stress_parameters,temperature_recovery_rate,0.2,per_day,Recovery rate from temperature stress

# Water Stress
stress_parameters,water_critical_threshold,0.15,fraction,Critical water stress threshold
stress_parameters,water_recovery_rate,0.3,per_day,Recovery rate from water stress

# Nutrient Stress
stress_parameters,nutrient_critical_threshold,0.1,fraction,Critical nutrient deficiency threshold
stress_parameters,nutrient_toxicity_threshold,3.0,dimensionless,Threshold for nutrient toxicity stress
stress_parameters,nutrient_recovery_rate,0.25,per_day,Recovery rate from nutrient stress

# Light Stress
stress_parameters,light_max_ppfd,2000.0,μmol_m2_s,Maximum PPFD before stress (2x saturation)
stress_parameters,light_photoinhibition_threshold,1800.0,μmol_m2_s,PPFD threshold for photoinhibition onset
stress_parameters,light_recovery_rate,0.4,per_day,Recovery rate from light stress

# pH Stress
stress_parameters,ph_stress_sensitivity,2.0,dimensionless,Sensitivity factor for pH stress
stress_parameters,ph_recovery_rate,0.5,per_day,Recovery rate from pH stress

# Salinity Stress
stress_parameters,salinity_threshold_ec,2.5,dS_m,EC threshold for salinity stress onset
stress_parameters,salinity_critical_ec,4.0,dS_m,EC threshold for severe salinity stress
stress_parameters,salinity_recovery_rate,0.2,per_day,Recovery rate from salinity stress

# Oxygen Stress
stress_parameters,oxygen_critical_min,3.0,mg_L,Critical minimum dissolved oxygen
stress_parameters,oxygen_optimal_min,5.0,mg_L,Optimal minimum dissolved oxygen
stress_parameters,oxygen_recovery_rate,0.6,per_day,Recovery rate from oxygen stress

# Stress Integration Weights
stress_parameters,integration_water_weight,0.3,dimensionless,Weight for water stress in integration
stress_parameters,integration_nutrient_weight,0.15,dimensionless,Weight for nutrient stress in integration
stress_parameters,integration_light_weight,0.05,dimensionless,Weight for light stress in integration
stress_parameters,integration_interaction_factor,1.2,dimensionless,Multiplicative interaction strength between stresses
stress_parameters,integration_threshold_severe,0.3,fraction,Threshold for severe combined stress
stress_parameters,integration_threshold_critical,0.15,fraction,Threshold for critical combined stress

# Acclimation Parameters
stress_parameters,acclimation_max_adjustment,0.5,dimensionless,Maximum stress acclimation adjustment
stress_parameters,acclimation_decay_rate,0.1,per_day,Daily decay rate of acclimation

# Physiological Process Sensitivity to Stress
stress_parameters,sensitivity_photosynthesis,0.8,dimensionless,Photosynthesis sensitivity to stress (high)
stress_parameters,sensitivity_respiration,0.4,dimensionless,Respiration sensitivity to stress (moderate)
stress_parameters,sensitivity_transpiration,0.6,dimensionless,Transpiration sensitivity to stress (moderate-high)
stress_parameters,sensitivity_growth,0.9,dimensionless,Growth sensitivity to stress (very high)
stress_parameters,sensitivity_development,0.5,dimensionless,Development sensitivity to stress (moderate)
