Traceback (most recent call last):
  File "/Users/kapilbhattarai/hydroponic_python/src/simulations/communication_bus.py", line 194, in _process_event
    handler(event)
    ~~~~~~~^^^^^^^
  File "/Users/kapilbhattarai/hydroponic_python/src/simulations/communication_bus.py", line 307, in _handle_simulation_step
    self.on_simulation_step(event.data)
    ~~~~~~~~~~~~~~~~~~~~~~~^^^^^^^^^^^^
  File "/Users/kapilbhattarai/hydroponic_python/src/simulations/photosynthesis_simulator.py", line 107, in on_simulation_step
    self._execute_photosynthesis_step(weather_data)
    ~~~~~~~~~~~~~~~~~~~~~~~~~~~~~~~~~^^^^^^^^^^^^^^
  File "/Users/kapilbhattarai/hydroponic_python/src/simulations/photosynthesis_simulator.py", line 169, in _execute_photosynthesis_step
    raise ValueError("LAI missing from both canopy_architecture_simulator and initial_state")
ValueError: LAI missing from both canopy_architecture_simulator and initial_state
================================================================================
Hydroponic Research Framework - Distributed Simulation
================================================================================

Initializing Distributed Hydroponic Simulation System
Loading parameters from CSV files...
Loaded 31 universal constants from input/constants.csv
Loaded 192 parameters from input/stress.csv (category: stress_parameters)
Loaded 320 parameters from input/roots.csv (category: root_system_parameters)
Loaded 75 parameters from input/genetics.csv (category: genetic_parameters)
Loaded 33 parameters from input/photo.csv (category: photosynthesis_parameters)
Loaded 56 parameters from input/respiration.csv (category: respiration_parameters)
Loaded 16 parameters from input/allocation.csv (category: allocation_parameters)
Loaded 71 parameters from input/phenology.csv (category: phenology_parameters)
Loaded 62 parameters from input/nitrogen_balance.csv (category: nitrogen_balance)
Loaded 39 parameters from input/canopy.csv (category: canopy_parameters)
Loaded 38 parameters from input/leaf.csv (category: leaf_development)
Loaded 37 parameters from input/water.csv (category: water_parameters)
Loaded 486 parameters from input/nutrient.csv (category: nutrient_parameters)
Loading initial state from initials.csv...
Registered simulator: orchestrator
Initializing all simulators...
Registered simulator: photosynthesis_simulator
Photosynthesis simulator initialized with parameters from CSV
Orchestrator: Registered photosynthesis_simulator
Registered simulator: respiration_simulator
Respiration simulator initialized with parameters from CSV
Orchestrator: Registered respiration_simulator
Registered simulator: biomass_allocation_simulator
Biomass allocation simulator initialized with parameters from CSV
Orchestrator: Registered biomass_allocation_simulator
Registered simulator: phenology_simulator
Phenology simulator initialized with parameters from CSV
Orchestrator: Registered phenology_simulator
Registered simulator: stress_models
Stress models simulator initialized with parameters from CSV
Orchestrator: Registered stress_models
Registered simulator: water_uptake_simulator
Water uptake simulator initialized with parameters from CSV
Orchestrator: Registered water_uptake_simulator
Registered simulator: nutrient_models_simulator
Nutrient models simulator initialized with parameters from CSV
Orchestrator: Registered nutrient_models_simulator
Registered simulator: canopy_architecture_simulator
Canopy architecture simulator initialized with parameters from CSV
Orchestrator: Registered canopy_architecture_simulator
Registered simulator: root_system_simulator
Root system simulator initialized with parameters from CSV
Orchestrator: Registered root_system_simulator
Registered simulator: genetic_parameters_simulator
Genetic parameters simulator initialized with parameters from CSV
Orchestrator: Registered genetic_parameters_simulator
Registered simulator: leaf_development_simulator
Leaf development simulator initialized with parameters from CSV
Orchestrator: Registered leaf_development_simulator
Registered simulator: nitrogen_balance_simulator
Nitrogen balance simulator initialized with parameters from CSV
Orchestrator: Registered nitrogen_balance_simulator
Initialized 12 simulators successfully
Distributed simulation system initialized with 12 simulators
Starting simulation...

Starting distributed hydroponic simulation...
Loading weather data...
Running simulation for 92 days (up to harvest maturity)
Starting distributed simulation with 12 simulators
Simulation message bus started
Waiting for simulators to publish initial state...
Photosynthesis simulator: Simulation started
Respiration simulator: Simulation started
Biomass allocation simulator: Simulation started
Biomass: Initialized leaf=0.8, stem=0.2, root=0.3
Phenology simulator: Simulation started
Stress models simulator: Simulation started
Stress: Initialized all stress levels from CSV
Water uptake simulator: Simulation started
Nutrient models simulator: Simulation started
DEBUG Nutrient init: initial_state keys = ['root_biomass', 'shoot_biomass', 'leaf_biomass', 'stem_biomass', 'total_biomass', 'lai', 'leaf_area', 'plant_height', 'root_length', 'root_surface_area', 'water_stress', 'nutrient_stress', 'temperature_stress', 'light_stress', 'salinity_stress', 'oxygen_stress', 'ph_stress', 'trait_growth_rate', 'trait_leaf_size', 'trait_yield_potential', 'trait_disease_resistance', 'trait_heat_tolerance', 'trait_cold_tolerance', 'trait_bolting_tolerance', 'trait_chlorophyll_content', 'trait_root_development', 'trait_plant_architecture', 'solution_n_concentration', 'solution_p_concentration', 'solution_k_concentration', 'solution_ca_concentration', 'solution_mg_concentration', 'solution_s_concentration', 'solution_fe_concentration', 'solution_ec', 'solution_ph', 'root_zone_temperature', 'canopy_temperature', 'water_uptake_rate', 'n_uptake_rate', 'p_uptake_rate', 'k_uptake_rate', 'relative_growth_rate', 'leaf_expansion_rate', 'root_growth_rate', 'thermal_time_accumulated', 'development_index', 'days_from_planting', 'growth_stage', 'detailed_growth_stage', 'gross_photosynthesis', 'net_photosynthesis', 'stomatal_conductance', 'maintenance_respiration', 'growth_respiration', 'total_respiration', 'ph', 'alkalinity', 'phosphate_total', 'cumulative_root_growth']
Nutrient: Initialized from CSV - EC=2, pH=6, N=135.0 mg/L
Nutrient: Loaded system_config from CSV - tank_volume=100L, plants=20
Canopy architecture simulator: Simulation started
Canopy initialized with LAI=0.050 from initials.csv
Root system simulator: Simulation started
Root: Initialized root_biomass=0.3g, root_length=5cm, root_surface_area=12.6cm² from CSV
Genetic parameters simulator: Simulation started
Genetic: Initialized growth_rate = 0.5 from CSV
Genetic: Initialized leaf_size = 0.5 from CSV
Genetic: Initialized yield_potential = 0.5 from CSV
Genetic: Initialized disease_resistance = 0.5 from CSV
Genetic: Initialized heat_tolerance = 0.5 from CSV
Genetic: Initialized cold_tolerance = 0.5 from CSV
Genetic: Initialized bolting_tolerance = 0.5 from CSV
Genetic: Initialized chlorophyll_content = 0.5 from CSV
Genetic: Initialized root_development = 0.5 from CSV
Genetic: Initialized plant_architecture = 0.5 from CSV
Leaf development simulator: Simulation started
Leaf Dev: Initialized with 2 initial leaf cohorts
Nitrogen balance simulator: Simulation started
Shared cache: Collected 12 values from photosynthesis_simulator
Shared cache: Collected 11 values from respiration_simulator
Shared cache: Collected 11 values from biomass_allocation_simulator
Shared cache: Collected 17 values from phenology_simulator
Shared cache: Collected 12 values from stress_models
Shared cache: Collected 12 values from water_uptake_simulator
Shared cache: Collected 47 values from nutrient_models_simulator
Shared cache: Collected 14 values from canopy_architecture_simulator
Shared cache: Collected 14 values from root_system_simulator
Shared cache: Collected 53 values from genetic_parameters_simulator
Shared cache: Collected 34 values from leaf_development_simulator
Shared cache: Collected 41 values from nitrogen_balance_simulator
Initial state published by all simulators
Error in photosynthesis calculation: LAI missing from both canopy_architecture_simulator and initial_state
Photosynthesis simulator error in step 0: LAI missing from both canopy_architecture_simulator and initial_state
Error in event handler: LAI missing from both canopy_architecture_simulator and initial_state
Biomass: Skipping calculation on first step - waiting for photosynthesis data
Stress: Skipping calculation on first step due to missing dependencies: ['water_uptake_rate', 'transpiration_rate', 'water_availability', 'nitrogen_availability', 'nitrogen_uptake', 'growth_stage', 'development_index']
Water: Skipping calculation on first step due to missing canopy data
Nutrient: Skipping calculation on step 0 due to missing water_uptake data
Canopy: Skipping calculation on step 0 due to missing biomass_allocation data
Warning: Using default total biomass value: 1.0
Genetic: Skipping calculation on step 0 due to missing stress_models data
Leaf Dev: Skipping calculation on step 0 due to missing phenology data
N-Balance: Skipping calculation on step 0 due to missing nutrient_models data
DEBUG Nutrient step 1: Calling calculate_nutrient_dynamics
DEBUG Nutrient plant_status keys: ['root_surface_area', 'tank_volume_L', 'plant_count', 'daily_growth_rate', 'growth_stage', 'senescence_rates', 'stress_factors', 'organ_nutrient_status']
DEBUG Nutrient env_conditions keys: ['temperature', 'ph', 'optimal_ec']
DEBUG Photo step 0: light=1500.69, co2=1200.0, temp=25.2, lai=0.1, water_stress=0.00013003540072609177, sunlit_lai=0.09897747672634673, shaded_lai=0.001022523273653278, leaf_N=2.5
DEBUG Photo step 0: net_assimilation=0.005005905148462876
DEBUG Biomass step 1: net_assim=0.005, resp=0.003, net_carbon=0.002 g C/hr, hourly_gain=0.005280 g/hr, total_biomass=1.30
DEBUG Photo step 1: light=1500.69, co2=1200.0, temp=25.2, lai=0.1, water_stress=0.00013003540072609177, sunlit_lai=0.09897747672634673, shaded_lai=0.001022523273653278, leaf_N=2.5
DEBUG Photo step 1: net_assimilation=0.005005905148462876
DEBUG Biomass step 2: net_assim=0.005, resp=0.003, net_carbon=0.002 g C/hr, hourly_gain=0.005280 g/hr, total_biomass=1.31
DEBUG Nutrient step 2: Calling calculate_nutrient_dynamics
DEBUG Nutrient plant_status keys: ['root_surface_area', 'tank_volume_L', 'plant_count', 'daily_growth_rate', 'growth_stage', 'senescence_rates', 'stress_factors', 'organ_nutrient_status']
DEBUG Nutrient env_conditions keys: ['temperature', 'ph', 'optimal_ec']
DEBUG Nutrient step 3: Calling calculate_nutrient_dynamics
DEBUG Nutrient plant_status keys: ['root_surface_area', 'tank_volume_L', 'plant_count', 'daily_growth_rate', 'growth_stage', 'senescence_rates', 'stress_factors', 'organ_nutrient_status']
DEBUG Nutrient env_conditions keys: ['temperature', 'ph', 'optimal_ec']
DEBUG Photo step 2: light=1500.69, co2=1200.0, temp=25.2, lai=0.10032117189744355, water_stress=0.00013066958304208676, sunlit_lai=0.09929533960887621, shaded_lai=0.001025832288567341, leaf_N=2.5
DEBUG Photo step 2: net_assimilation=0.005021982039765758
DEBUG Biomass step 3: net_assim=0.005, resp=0.003, net_carbon=0.002 g C/hr, hourly_gain=0.004999 g/hr, total_biomass=1.31
DEBUG Photo step 3: light=1500.69, co2=1200.0, temp=25.2, lai=0.10032117189744355, water_stress=0.00013066958304208676, sunlit_lai=0.09929533960887621, shaded_lai=0.001025832288567341, leaf_N=2.5
DEBUG Photo step 3: net_assimilation=0.005021982039765758
DEBUG Biomass step 4: net_assim=0.005, resp=0.003, net_carbon=0.002 g C/hr, hourly_gain=0.004999 g/hr, total_biomass=1.32
DEBUG Nutrient step 4: Calling calculate_nutrient_dynamics
DEBUG Nutrient plant_status keys: ['root_surface_area', 'tank_volume_L', 'plant_count', 'daily_growth_rate', 'growth_stage', 'senescence_rates', 'stress_factors', 'organ_nutrient_status']
DEBUG Nutrient env_conditions keys: ['temperature', 'ph', 'optimal_ec']
DEBUG Nutrient step 5: Calling calculate_nutrient_dynamics
DEBUG Nutrient plant_status keys: ['root_surface_area', 'tank_volume_L', 'plant_count', 'daily_growth_rate', 'growth_stage', 'senescence_rates', 'stress_factors', 'organ_nutrient_status']
DEBUG Nutrient env_conditions keys: ['temperature', 'ph', 'optimal_ec']
DEBUG Photo step 4: light=1500.69, co2=1200.0, temp=25.2, lai=0.10094641160867175, water_stress=0.0001316034800499244, sunlit_lai=0.09990780023630362, shaded_lai=0.0010386113723681312, leaf_N=2.5
DEBUG Photo step 4: net_assimilation=0.005053110249400864
DEBUG Nutrient step 6: Calling calculate_nutrient_dynamics
DEBUG Nutrient plant_status keys: ['root_surface_area', 'tank_volume_L', 'plant_count', 'daily_growth_rate', 'growth_stage', 'senescence_rates', 'stress_factors', 'organ_nutrient_status']
DEBUG Nutrient env_conditions keys: ['temperature', 'ph', 'optimal_ec']
DEBUG Nutrient step 7: Calling calculate_nutrient_dynamics
DEBUG Nutrient plant_status keys: ['root_surface_area', 'tank_volume_L', 'plant_count', 'daily_growth_rate', 'growth_stage', 'senescence_rates', 'stress_factors', 'organ_nutrient_status']
DEBUG Nutrient env_conditions keys: ['temperature', 'ph', 'optimal_ec']
DEBUG Nutrient step 8: Calling calculate_nutrient_dynamics
DEBUG Nutrient plant_status keys: ['root_surface_area', 'tank_volume_L', 'plant_count', 'daily_growth_rate', 'growth_stage', 'senescence_rates', 'stress_factors', 'organ_nutrient_status']
DEBUG Nutrient env_conditions keys: ['temperature', 'ph', 'optimal_ec']
DEBUG Nutrient step 9: Calling calculate_nutrient_dynamics
DEBUG Nutrient plant_status keys: ['root_surface_area', 'tank_volume_L', 'plant_count', 'daily_growth_rate', 'growth_stage', 'senescence_rates', 'stress_factors', 'organ_nutrient_status']
DEBUG Nutrient env_conditions keys: ['temperature', 'ph', 'optimal_ec']
DEBUG Nutrient step 10: Calling calculate_nutrient_dynamics
DEBUG Nutrient plant_status keys: ['root_surface_area', 'tank_volume_L', 'plant_count', 'daily_growth_rate', 'growth_stage', 'senescence_rates', 'stress_factors', 'organ_nutrient_status']
DEBUG Nutrient env_conditions keys: ['temperature', 'ph', 'optimal_ec']
DEBUG Nutrient step 11: Calling calculate_nutrient_dynamics
DEBUG Nutrient plant_status keys: ['root_surface_area', 'tank_volume_L', 'plant_count', 'daily_growth_rate', 'growth_stage', 'senescence_rates', 'stress_factors', 'organ_nutrient_status']
DEBUG Nutrient env_conditions keys: ['temperature', 'ph', 'optimal_ec']
DEBUG Nutrient step 12: Calling calculate_nutrient_dynamics
DEBUG Nutrient plant_status keys: ['root_surface_area', 'tank_volume_L', 'plant_count', 'daily_growth_rate', 'growth_stage', 'senescence_rates', 'stress_factors', 'organ_nutrient_status']
DEBUG Nutrient env_conditions keys: ['temperature', 'ph', 'optimal_ec']
DEBUG Nutrient step 13: Calling calculate_nutrient_dynamics
DEBUG Nutrient plant_status keys: ['root_surface_area', 'tank_volume_L', 'plant_count', 'daily_growth_rate', 'growth_stage', 'senescence_rates', 'stress_factors', 'organ_nutrient_status']
DEBUG Nutrient env_conditions keys: ['temperature', 'ph', 'optimal_ec']
DEBUG Nutrient step 14: Calling calculate_nutrient_dynamics
DEBUG Nutrient plant_status keys: ['root_surface_area', 'tank_volume_L', 'plant_count', 'daily_growth_rate', 'growth_stage', 'senescence_rates', 'stress_factors', 'organ_nutrient_status']
DEBUG Nutrient env_conditions keys: ['temperature', 'ph', 'optimal_ec']
DEBUG Nutrient step 15: Calling calculate_nutrient_dynamics
DEBUG Nutrient plant_status keys: ['root_surface_area', 'tank_volume_L', 'plant_count', 'daily_growth_rate', 'growth_stage', 'senescence_rates', 'stress_factors', 'organ_nutrient_status']
DEBUG Nutrient env_conditions keys: ['temperature', 'ph', 'optimal_ec']
DEBUG Nutrient step 16: Calling calculate_nutrient_dynamics
DEBUG Nutrient plant_status keys: ['root_surface_area', 'tank_volume_L', 'plant_count', 'daily_growth_rate', 'growth_stage', 'senescence_rates', 'stress_factors', 'organ_nutrient_status']
DEBUG Nutrient env_conditions keys: ['temperature', 'ph', 'optimal_ec']
DEBUG Nutrient step 17: Calling calculate_nutrient_dynamics
DEBUG Nutrient plant_status keys: ['root_surface_area', 'tank_volume_L', 'plant_count', 'daily_growth_rate', 'growth_stage', 'senescence_rates', 'stress_factors', 'organ_nutrient_status']
DEBUG Nutrient env_conditions keys: ['temperature', 'ph', 'optimal_ec']
DEBUG Nutrient step 18: Calling calculate_nutrient_dynamics
DEBUG Nutrient plant_status keys: ['root_surface_area', 'tank_volume_L', 'plant_count', 'daily_growth_rate', 'growth_stage', 'senescence_rates', 'stress_factors', 'organ_nutrient_status']
DEBUG Nutrient env_conditions keys: ['temperature', 'ph', 'optimal_ec']
DEBUG Nutrient step 19: Calling calculate_nutrient_dynamics
DEBUG Nutrient plant_status keys: ['root_surface_area', 'tank_volume_L', 'plant_count', 'daily_growth_rate', 'growth_stage', 'senescence_rates', 'stress_factors', 'organ_nutrient_status']
DEBUG Nutrient env_conditions keys: ['temperature', 'ph', 'optimal_ec']
DEBUG Nutrient step 20: Calling calculate_nutrient_dynamics
DEBUG Nutrient plant_status keys: ['root_surface_area', 'tank_volume_L', 'plant_count', 'daily_growth_rate', 'growth_stage', 'senescence_rates', 'stress_factors', 'organ_nutrient_status']
DEBUG Nutrient env_conditions keys: ['temperature', 'ph', 'optimal_ec']
DEBUG Nutrient step 21: Calling calculate_nutrient_dynamics
DEBUG Nutrient plant_status keys: ['root_surface_area', 'tank_volume_L', 'plant_count', 'daily_growth_rate', 'growth_stage', 'senescence_rates', 'stress_factors', 'organ_nutrient_status']
DEBUG Nutrient env_conditions keys: ['temperature', 'ph', 'optimal_ec']
DEBUG Nutrient step 22: Calling calculate_nutrient_dynamics
DEBUG Nutrient plant_status keys: ['root_surface_area', 'tank_volume_L', 'plant_count', 'daily_growth_rate', 'growth_stage', 'senescence_rates', 'stress_factors', 'organ_nutrient_status']
DEBUG Nutrient env_conditions keys: ['temperature', 'ph', 'optimal_ec']
DEBUG Nutrient step 23: Calling calculate_nutrient_dynamics
DEBUG Nutrient plant_status keys: ['root_surface_area', 'tank_volume_L', 'plant_count', 'daily_growth_rate', 'growth_stage', 'senescence_rates', 'stress_factors', 'organ_nutrient_status']
DEBUG Nutrient env_conditions keys: ['temperature', 'ph', 'optimal_ec']
DEBUG Biomass step 24: net_assim=0.005, resp=0.005, net_carbon=0.001 g C/hr, hourly_gain=0.001420 g/hr, total_biomass=1.37
DEBUG Nutrient step 24: Calling calculate_nutrient_dynamics
DEBUG Nutrient plant_status keys: ['root_surface_area', 'tank_volume_L', 'plant_count', 'daily_growth_rate', 'growth_stage', 'senescence_rates', 'stress_factors', 'organ_nutrient_status']
DEBUG Nutrient env_conditions keys: ['temperature', 'ph', 'optimal_ec']
DEBUG Nutrient step 25: Calling calculate_nutrient_dynamics
DEBUG Nutrient plant_status keys: ['root_surface_area', 'tank_volume_L', 'plant_count', 'daily_growth_rate', 'growth_stage', 'senescence_rates', 'stress_factors', 'organ_nutrient_status']
DEBUG Nutrient env_conditions keys: ['temperature', 'ph', 'optimal_ec']
DEBUG Nutrient step 26: Calling calculate_nutrient_dynamics
DEBUG Nutrient plant_status keys: ['root_surface_area', 'tank_volume_L', 'plant_count', 'daily_growth_rate', 'growth_stage', 'senescence_rates', 'stress_factors', 'organ_nutrient_status']
DEBUG Nutrient env_conditions keys: ['temperature', 'ph', 'optimal_ec']
DEBUG Nutrient step 27: Calling calculate_nutrient_dynamics
DEBUG Nutrient plant_status keys: ['root_surface_area', 'tank_volume_L', 'plant_count', 'daily_growth_rate', 'growth_stage', 'senescence_rates', 'stress_factors', 'organ_nutrient_status']
DEBUG Nutrient env_conditions keys: ['temperature', 'ph', 'optimal_ec']
DEBUG Nutrient step 28: Calling calculate_nutrient_dynamics
DEBUG Nutrient plant_status keys: ['root_surface_area', 'tank_volume_L', 'plant_count', 'daily_growth_rate', 'growth_stage', 'senescence_rates', 'stress_factors', 'organ_nutrient_status']
DEBUG Nutrient env_conditions keys: ['temperature', 'ph', 'optimal_ec']
DEBUG Nutrient step 29: Calling calculate_nutrient_dynamics
DEBUG Nutrient plant_status keys: ['root_surface_area', 'tank_volume_L', 'plant_count', 'daily_growth_rate', 'growth_stage', 'senescence_rates', 'stress_factors', 'organ_nutrient_status']
DEBUG Nutrient env_conditions keys: ['temperature', 'ph', 'optimal_ec']
DEBUG Nutrient step 30: Calling calculate_nutrient_dynamics
DEBUG Nutrient plant_status keys: ['root_surface_area', 'tank_volume_L', 'plant_count', 'daily_growth_rate', 'growth_stage', 'senescence_rates', 'stress_factors', 'organ_nutrient_status']
DEBUG Nutrient env_conditions keys: ['temperature', 'ph', 'optimal_ec']
DEBUG Nutrient step 31: Calling calculate_nutrient_dynamics
DEBUG Nutrient plant_status keys: ['root_surface_area', 'tank_volume_L', 'plant_count', 'daily_growth_rate', 'growth_stage', 'senescence_rates', 'stress_factors', 'organ_nutrient_status']
DEBUG Nutrient env_conditions keys: ['temperature', 'ph', 'optimal_ec']
DEBUG Nutrient step 32: Calling calculate_nutrient_dynamics
DEBUG Nutrient plant_status keys: ['root_surface_area', 'tank_volume_L', 'plant_count', 'daily_growth_rate', 'growth_stage', 'senescence_rates', 'stress_factors', 'organ_nutrient_status']
DEBUG Nutrient env_conditions keys: ['temperature', 'ph', 'optimal_ec']
DEBUG Nutrient step 33: Calling calculate_nutrient_dynamics
DEBUG Nutrient plant_status keys: ['root_surface_area', 'tank_volume_L', 'plant_count', 'daily_growth_rate', 'growth_stage', 'senescence_rates', 'stress_factors', 'organ_nutrient_status']
DEBUG Nutrient env_conditions keys: ['temperature', 'ph', 'optimal_ec']
DEBUG Nutrient step 34: Calling calculate_nutrient_dynamics
DEBUG Nutrient plant_status keys: ['root_surface_area', 'tank_volume_L', 'plant_count', 'daily_growth_rate', 'growth_stage', 'senescence_rates', 'stress_factors', 'organ_nutrient_status']
DEBUG Nutrient env_conditions keys: ['temperature', 'ph', 'optimal_ec']
DEBUG Nutrient step 35: Calling calculate_nutrient_dynamics
DEBUG Nutrient plant_status keys: ['root_surface_area', 'tank_volume_L', 'plant_count', 'daily_growth_rate', 'growth_stage', 'senescence_rates', 'stress_factors', 'organ_nutrient_status']
DEBUG Nutrient env_conditions keys: ['temperature', 'ph', 'optimal_ec']
DEBUG Nutrient step 36: Calling calculate_nutrient_dynamics
DEBUG Nutrient plant_status keys: ['root_surface_area', 'tank_volume_L', 'plant_count', 'daily_growth_rate', 'growth_stage', 'senescence_rates', 'stress_factors', 'organ_nutrient_status']
DEBUG Nutrient env_conditions keys: ['temperature', 'ph', 'optimal_ec']
DEBUG Nutrient step 37: Calling calculate_nutrient_dynamics
DEBUG Nutrient plant_status keys: ['root_surface_area', 'tank_volume_L', 'plant_count', 'daily_growth_rate', 'growth_stage', 'senescence_rates', 'stress_factors', 'organ_nutrient_status']
DEBUG Nutrient env_conditions keys: ['temperature', 'ph', 'optimal_ec']
DEBUG Nutrient step 38: Calling calculate_nutrient_dynamics
DEBUG Nutrient plant_status keys: ['root_surface_area', 'tank_volume_L', 'plant_count', 'daily_growth_rate', 'growth_stage', 'senescence_rates', 'stress_factors', 'organ_nutrient_status']
DEBUG Nutrient env_conditions keys: ['temperature', 'ph', 'optimal_ec']
DEBUG Nutrient step 39: Calling calculate_nutrient_dynamics
DEBUG Nutrient plant_status keys: ['root_surface_area', 'tank_volume_L', 'plant_count', 'daily_growth_rate', 'growth_stage', 'senescence_rates', 'stress_factors', 'organ_nutrient_status']
DEBUG Nutrient env_conditions keys: ['temperature', 'ph', 'optimal_ec']
DEBUG Nutrient step 40: Calling calculate_nutrient_dynamics
DEBUG Nutrient plant_status keys: ['root_surface_area', 'tank_volume_L', 'plant_count', 'daily_growth_rate', 'growth_stage', 'senescence_rates', 'stress_factors', 'organ_nutrient_status']
DEBUG Nutrient env_conditions keys: ['temperature', 'ph', 'optimal_ec']
DEBUG Nutrient step 41: Calling calculate_nutrient_dynamics
DEBUG Nutrient plant_status keys: ['root_surface_area', 'tank_volume_L', 'plant_count', 'daily_growth_rate', 'growth_stage', 'senescence_rates', 'stress_factors', 'organ_nutrient_status']
DEBUG Nutrient env_conditions keys: ['temperature', 'ph', 'optimal_ec']
DEBUG Nutrient step 42: Calling calculate_nutrient_dynamics
DEBUG Nutrient plant_status keys: ['root_surface_area', 'tank_volume_L', 'plant_count', 'daily_growth_rate', 'growth_stage', 'senescence_rates', 'stress_factors', 'organ_nutrient_status']
DEBUG Nutrient env_conditions keys: ['temperature', 'ph', 'optimal_ec']
DEBUG Nutrient step 43: Calling calculate_nutrient_dynamics
DEBUG Nutrient plant_status keys: ['root_surface_area', 'tank_volume_L', 'plant_count', 'daily_growth_rate', 'growth_stage', 'senescence_rates', 'stress_factors', 'organ_nutrient_status']
DEBUG Nutrient env_conditions keys: ['temperature', 'ph', 'optimal_ec']
DEBUG Nutrient step 44: Calling calculate_nutrient_dynamics
DEBUG Nutrient plant_status keys: ['root_surface_area', 'tank_volume_L', 'plant_count', 'daily_growth_rate', 'growth_stage', 'senescence_rates', 'stress_factors', 'organ_nutrient_status']
DEBUG Nutrient env_conditions keys: ['temperature', 'ph', 'optimal_ec']
DEBUG Nutrient step 45: Calling calculate_nutrient_dynamics
DEBUG Nutrient plant_status keys: ['root_surface_area', 'tank_volume_L', 'plant_count', 'daily_growth_rate', 'growth_stage', 'senescence_rates', 'stress_factors', 'organ_nutrient_status']
DEBUG Nutrient env_conditions keys: ['temperature', 'ph', 'optimal_ec']
DEBUG Nutrient step 46: Calling calculate_nutrient_dynamics
DEBUG Nutrient plant_status keys: ['root_surface_area', 'tank_volume_L', 'plant_count', 'daily_growth_rate', 'growth_stage', 'senescence_rates', 'stress_factors', 'organ_nutrient_status']
DEBUG Nutrient env_conditions keys: ['temperature', 'ph', 'optimal_ec']
DEBUG Nutrient step 47: Calling calculate_nutrient_dynamics
DEBUG Nutrient plant_status keys: ['root_surface_area', 'tank_volume_L', 'plant_count', 'daily_growth_rate', 'growth_stage', 'senescence_rates', 'stress_factors', 'organ_nutrient_status']
DEBUG Nutrient env_conditions keys: ['temperature', 'ph', 'optimal_ec']
DEBUG Nutrient step 48: Calling calculate_nutrient_dynamics
DEBUG Nutrient plant_status keys: ['root_surface_area', 'tank_volume_L', 'plant_count', 'daily_growth_rate', 'growth_stage', 'senescence_rates', 'stress_factors', 'organ_nutrient_status']
DEBUG Nutrient env_conditions keys: ['temperature', 'ph', 'optimal_ec']
DEBUG Nutrient step 49: Calling calculate_nutrient_dynamics
DEBUG Nutrient plant_status keys: ['root_surface_area', 'tank_volume_L', 'plant_count', 'daily_growth_rate', 'growth_stage', 'senescence_rates', 'stress_factors', 'organ_nutrient_status']
DEBUG Nutrient env_conditions keys: ['temperature', 'ph', 'optimal_ec']
DEBUG Nutrient step 50: Calling calculate_nutrient_dynamics
DEBUG Nutrient plant_status keys: ['root_surface_area', 'tank_volume_L', 'plant_count', 'daily_growth_rate', 'growth_stage', 'senescence_rates', 'stress_factors', 'organ_nutrient_status']
DEBUG Nutrient env_conditions keys: ['temperature', 'ph', 'optimal_ec']
DEBUG Nutrient step 51: Calling calculate_nutrient_dynamics
DEBUG Nutrient plant_status keys: ['root_surface_area', 'tank_volume_L', 'plant_count', 'daily_growth_rate', 'growth_stage', 'senescence_rates', 'stress_factors', 'organ_nutrient_status']
DEBUG Nutrient env_conditions keys: ['temperature', 'ph', 'optimal_ec']
DEBUG Nutrient step 52: Calling calculate_nutrient_dynamics
DEBUG Nutrient plant_status keys: ['root_surface_area', 'tank_volume_L', 'plant_count', 'daily_growth_rate', 'growth_stage', 'senescence_rates', 'stress_factors', 'organ_nutrient_status']
DEBUG Nutrient env_conditions keys: ['temperature', 'ph', 'optimal_ec']
DEBUG Nutrient step 53: Calling calculate_nutrient_dynamics
DEBUG Nutrient plant_status keys: ['root_surface_area', 'tank_volume_L', 'plant_count', 'daily_growth_rate', 'growth_stage', 'senescence_rates', 'stress_factors', 'organ_nutrient_status']
DEBUG Nutrient env_conditions keys: ['temperature', 'ph', 'optimal_ec']
DEBUG Nutrient step 54: Calling calculate_nutrient_dynamics
DEBUG Nutrient plant_status keys: ['root_surface_area', 'tank_volume_L', 'plant_count', 'daily_growth_rate', 'growth_stage', 'senescence_rates', 'stress_factors', 'organ_nutrient_status']
DEBUG Nutrient env_conditions keys: ['temperature', 'ph', 'optimal_ec']
DEBUG Nutrient step 55: Calling calculate_nutrient_dynamics
DEBUG Nutrient plant_status keys: ['root_surface_area', 'tank_volume_L', 'plant_count', 'daily_growth_rate', 'growth_stage', 'senescence_rates', 'stress_factors', 'organ_nutrient_status']
DEBUG Nutrient env_conditions keys: ['temperature', 'ph', 'optimal_ec']
DEBUG Nutrient step 56: Calling calculate_nutrient_dynamics
DEBUG Nutrient plant_status keys: ['root_surface_area', 'tank_volume_L', 'plant_count', 'daily_growth_rate', 'growth_stage', 'senescence_rates', 'stress_factors', 'organ_nutrient_status']
DEBUG Nutrient env_conditions keys: ['temperature', 'ph', 'optimal_ec']
DEBUG Nutrient step 57: Calling calculate_nutrient_dynamics
DEBUG Nutrient plant_status keys: ['root_surface_area', 'tank_volume_L', 'plant_count', 'daily_growth_rate', 'growth_stage', 'senescence_rates', 'stress_factors', 'organ_nutrient_status']
DEBUG Nutrient env_conditions keys: ['temperature', 'ph', 'optimal_ec']
DEBUG Nutrient step 58: Calling calculate_nutrient_dynamics
DEBUG Nutrient plant_status keys: ['root_surface_area', 'tank_volume_L', 'plant_count', 'daily_growth_rate', 'growth_stage', 'senescence_rates', 'stress_factors', 'organ_nutrient_status']
DEBUG Nutrient env_conditions keys: ['temperature', 'ph', 'optimal_ec']
DEBUG Nutrient step 59: Calling calculate_nutrient_dynamics
DEBUG Nutrient plant_status keys: ['root_surface_area', 'tank_volume_L', 'plant_count', 'daily_growth_rate', 'growth_stage', 'senescence_rates', 'stress_factors', 'organ_nutrient_status']
DEBUG Nutrient env_conditions keys: ['temperature', 'ph', 'optimal_ec']
DEBUG Nutrient step 60: Calling calculate_nutrient_dynamics
DEBUG Nutrient plant_status keys: ['root_surface_area', 'tank_volume_L', 'plant_count', 'daily_growth_rate', 'growth_stage', 'senescence_rates', 'stress_factors', 'organ_nutrient_status']
DEBUG Nutrient env_conditions keys: ['temperature', 'ph', 'optimal_ec']
DEBUG Nutrient step 61: Calling calculate_nutrient_dynamics
DEBUG Nutrient plant_status keys: ['root_surface_area', 'tank_volume_L', 'plant_count', 'daily_growth_rate', 'growth_stage', 'senescence_rates', 'stress_factors', 'organ_nutrient_status']
DEBUG Nutrient env_conditions keys: ['temperature', 'ph', 'optimal_ec']
DEBUG Nutrient step 62: Calling calculate_nutrient_dynamics
DEBUG Nutrient plant_status keys: ['root_surface_area', 'tank_volume_L', 'plant_count', 'daily_growth_rate', 'growth_stage', 'senescence_rates', 'stress_factors', 'organ_nutrient_status']
DEBUG Nutrient env_conditions keys: ['temperature', 'ph', 'optimal_ec']
DEBUG Nutrient step 63: Calling calculate_nutrient_dynamics
DEBUG Nutrient plant_status keys: ['root_surface_area', 'tank_volume_L', 'plant_count', 'daily_growth_rate', 'growth_stage', 'senescence_rates', 'stress_factors', 'organ_nutrient_status']
DEBUG Nutrient env_conditions keys: ['temperature', 'ph', 'optimal_ec']
DEBUG Nutrient step 64: Calling calculate_nutrient_dynamics
DEBUG Nutrient plant_status keys: ['root_surface_area', 'tank_volume_L', 'plant_count', 'daily_growth_rate', 'growth_stage', 'senescence_rates', 'stress_factors', 'organ_nutrient_status']
DEBUG Nutrient env_conditions keys: ['temperature', 'ph', 'optimal_ec']
DEBUG Nutrient step 65: Calling calculate_nutrient_dynamics
DEBUG Nutrient plant_status keys: ['root_surface_area', 'tank_volume_L', 'plant_count', 'daily_growth_rate', 'growth_stage', 'senescence_rates', 'stress_factors', 'organ_nutrient_status']
DEBUG Nutrient env_conditions keys: ['temperature', 'ph', 'optimal_ec']
DEBUG Nutrient step 66: Calling calculate_nutrient_dynamics
DEBUG Nutrient plant_status keys: ['root_surface_area', 'tank_volume_L', 'plant_count', 'daily_growth_rate', 'growth_stage', 'senescence_rates', 'stress_factors', 'organ_nutrient_status']
DEBUG Nutrient env_conditions keys: ['temperature', 'ph', 'optimal_ec']
DEBUG Nutrient step 67: Calling calculate_nutrient_dynamics
DEBUG Nutrient plant_status keys: ['root_surface_area', 'tank_volume_L', 'plant_count', 'daily_growth_rate', 'growth_stage', 'senescence_rates', 'stress_factors', 'organ_nutrient_status']
DEBUG Nutrient env_conditions keys: ['temperature', 'ph', 'optimal_ec']
DEBUG Nutrient step 68: Calling calculate_nutrient_dynamics
DEBUG Nutrient plant_status keys: ['root_surface_area', 'tank_volume_L', 'plant_count', 'daily_growth_rate', 'growth_stage', 'senescence_rates', 'stress_factors', 'organ_nutrient_status']
DEBUG Nutrient env_conditions keys: ['temperature', 'ph', 'optimal_ec']
DEBUG Nutrient step 69: Calling calculate_nutrient_dynamics
DEBUG Nutrient plant_status keys: ['root_surface_area', 'tank_volume_L', 'plant_count', 'daily_growth_rate', 'growth_stage', 'senescence_rates', 'stress_factors', 'organ_nutrient_status']
DEBUG Nutrient env_conditions keys: ['temperature', 'ph', 'optimal_ec']
DEBUG Nutrient step 70: Calling calculate_nutrient_dynamics
DEBUG Nutrient plant_status keys: ['root_surface_area', 'tank_volume_L', 'plant_count', 'daily_growth_rate', 'growth_stage', 'senescence_rates', 'stress_factors', 'organ_nutrient_status']
DEBUG Nutrient env_conditions keys: ['temperature', 'ph', 'optimal_ec']
DEBUG Nutrient step 71: Calling calculate_nutrient_dynamics
DEBUG Nutrient plant_status keys: ['root_surface_area', 'tank_volume_L', 'plant_count', 'daily_growth_rate', 'growth_stage', 'senescence_rates', 'stress_factors', 'organ_nutrient_status']
DEBUG Nutrient env_conditions keys: ['temperature', 'ph', 'optimal_ec']
DEBUG Nutrient step 72: Calling calculate_nutrient_dynamics
DEBUG Nutrient plant_status keys: ['root_surface_area', 'tank_volume_L', 'plant_count', 'daily_growth_rate', 'growth_stage', 'senescence_rates', 'stress_factors', 'organ_nutrient_status']
DEBUG Nutrient env_conditions keys: ['temperature', 'ph', 'optimal_ec']
DEBUG Nutrient step 73: Calling calculate_nutrient_dynamics
DEBUG Nutrient plant_status keys: ['root_surface_area', 'tank_volume_L', 'plant_count', 'daily_growth_rate', 'growth_stage', 'senescence_rates', 'stress_factors', 'organ_nutrient_status']
DEBUG Nutrient env_conditions keys: ['temperature', 'ph', 'optimal_ec']
DEBUG Nutrient step 74: Calling calculate_nutrient_dynamics
DEBUG Nutrient plant_status keys: ['root_surface_area', 'tank_volume_L', 'plant_count', 'daily_growth_rate', 'growth_stage', 'senescence_rates', 'stress_factors', 'organ_nutrient_status']
DEBUG Nutrient env_conditions keys: ['temperature', 'ph', 'optimal_ec']
DEBUG Nutrient step 75: Calling calculate_nutrient_dynamics
DEBUG Nutrient plant_status keys: ['root_surface_area', 'tank_volume_L', 'plant_count', 'daily_growth_rate', 'growth_stage', 'senescence_rates', 'stress_factors', 'organ_nutrient_status']
DEBUG Nutrient env_conditions keys: ['temperature', 'ph', 'optimal_ec']
DEBUG Nutrient step 76: Calling calculate_nutrient_dynamics
DEBUG Nutrient plant_status keys: ['root_surface_area', 'tank_volume_L', 'plant_count', 'daily_growth_rate', 'growth_stage', 'senescence_rates', 'stress_factors', 'organ_nutrient_status']
DEBUG Nutrient env_conditions keys: ['temperature', 'ph', 'optimal_ec']
DEBUG Nutrient step 77: Calling calculate_nutrient_dynamics
DEBUG Nutrient plant_status keys: ['root_surface_area', 'tank_volume_L', 'plant_count', 'daily_growth_rate', 'growth_stage', 'senescence_rates', 'stress_factors', 'organ_nutrient_status']
DEBUG Nutrient env_conditions keys: ['temperature', 'ph', 'optimal_ec']
DEBUG Nutrient step 78: Calling calculate_nutrient_dynamics
DEBUG Nutrient plant_status keys: ['root_surface_area', 'tank_volume_L', 'plant_count', 'daily_growth_rate', 'growth_stage', 'senescence_rates', 'stress_factors', 'organ_nutrient_status']
DEBUG Nutrient env_conditions keys: ['temperature', 'ph', 'optimal_ec']
DEBUG Nutrient step 79: Calling calculate_nutrient_dynamics
DEBUG Nutrient plant_status keys: ['root_surface_area', 'tank_volume_L', 'plant_count', 'daily_growth_rate', 'growth_stage', 'senescence_rates', 'stress_factors', 'organ_nutrient_status']
DEBUG Nutrient env_conditions keys: ['temperature', 'ph', 'optimal_ec']
DEBUG Nutrient step 80: Calling calculate_nutrient_dynamics
DEBUG Nutrient plant_status keys: ['root_surface_area', 'tank_volume_L', 'plant_count', 'daily_growth_rate', 'growth_stage', 'senescence_rates', 'stress_factors', 'organ_nutrient_status']
DEBUG Nutrient env_conditions keys: ['temperature', 'ph', 'optimal_ec']
DEBUG Nutrient step 81: Calling calculate_nutrient_dynamics
DEBUG Nutrient plant_status keys: ['root_surface_area', 'tank_volume_L', 'plant_count', 'daily_growth_rate', 'growth_stage', 'senescence_rates', 'stress_factors', 'organ_nutrient_status']
DEBUG Nutrient env_conditions keys: ['temperature', 'ph', 'optimal_ec']
DEBUG Nutrient step 82: Calling calculate_nutrient_dynamics
DEBUG Nutrient plant_status keys: ['root_surface_area', 'tank_volume_L', 'plant_count', 'daily_growth_rate', 'growth_stage', 'senescence_rates', 'stress_factors', 'organ_nutrient_status']
DEBUG Nutrient env_conditions keys: ['temperature', 'ph', 'optimal_ec']
DEBUG Nutrient step 83: Calling calculate_nutrient_dynamics
DEBUG Nutrient plant_status keys: ['root_surface_area', 'tank_volume_L', 'plant_count', 'daily_growth_rate', 'growth_stage', 'senescence_rates', 'stress_factors', 'organ_nutrient_status']
DEBUG Nutrient env_conditions keys: ['temperature', 'ph', 'optimal_ec']
DEBUG Nutrient step 84: Calling calculate_nutrient_dynamics
DEBUG Nutrient plant_status keys: ['root_surface_area', 'tank_volume_L', 'plant_count', 'daily_growth_rate', 'growth_stage', 'senescence_rates', 'stress_factors', 'organ_nutrient_status']
DEBUG Nutrient env_conditions keys: ['temperature', 'ph', 'optimal_ec']
DEBUG Nutrient step 85: Calling calculate_nutrient_dynamics
DEBUG Nutrient plant_status keys: ['root_surface_area', 'tank_volume_L', 'plant_count', 'daily_growth_rate', 'growth_stage', 'senescence_rates', 'stress_factors', 'organ_nutrient_status']
DEBUG Nutrient env_conditions keys: ['temperature', 'ph', 'optimal_ec']
DEBUG Nutrient step 86: Calling calculate_nutrient_dynamics
DEBUG Nutrient plant_status keys: ['root_surface_area', 'tank_volume_L', 'plant_count', 'daily_growth_rate', 'growth_stage', 'senescence_rates', 'stress_factors', 'organ_nutrient_status']
DEBUG Nutrient env_conditions keys: ['temperature', 'ph', 'optimal_ec']
DEBUG Nutrient step 87: Calling calculate_nutrient_dynamics
DEBUG Nutrient plant_status keys: ['root_surface_area', 'tank_volume_L', 'plant_count', 'daily_growth_rate', 'growth_stage', 'senescence_rates', 'stress_factors', 'organ_nutrient_status']
DEBUG Nutrient env_conditions keys: ['temperature', 'ph', 'optimal_ec']
DEBUG Nutrient step 88: Calling calculate_nutrient_dynamics
DEBUG Nutrient plant_status keys: ['root_surface_area', 'tank_volume_L', 'plant_count', 'daily_growth_rate', 'growth_stage', 'senescence_rates', 'stress_factors', 'organ_nutrient_status']
DEBUG Nutrient env_conditions keys: ['temperature', 'ph', 'optimal_ec']
DEBUG Nutrient step 89: Calling calculate_nutrient_dynamics
DEBUG Nutrient plant_status keys: ['root_surface_area', 'tank_volume_L', 'plant_count', 'daily_growth_rate', 'growth_stage', 'senescence_rates', 'stress_factors', 'organ_nutrient_status']
DEBUG Nutrient env_conditions keys: ['temperature', 'ph', 'optimal_ec']
DEBUG Nutrient step 90: Calling calculate_nutrient_dynamics
DEBUG Nutrient plant_status keys: ['root_surface_area', 'tank_volume_L', 'plant_count', 'daily_growth_rate', 'growth_stage', 'senescence_rates', 'stress_factors', 'organ_nutrient_status']
DEBUG Nutrient env_conditions keys: ['temperature', 'ph', 'optimal_ec']
DEBUG Nutrient step 91: Calling calculate_nutrient_dynamics
DEBUG Nutrient plant_status keys: ['root_surface_area', 'tank_volume_L', 'plant_count', 'daily_growth_rate', 'growth_stage', 'senescence_rates', 'stress_factors', 'organ_nutrient_status']
DEBUG Nutrient env_conditions keys: ['temperature', 'ph', 'optimal_ec']
DEBUG Nutrient step 92: Calling calculate_nutrient_dynamics
DEBUG Nutrient plant_status keys: ['root_surface_area', 'tank_volume_L', 'plant_count', 'daily_growth_rate', 'growth_stage', 'senescence_rates', 'stress_factors', 'organ_nutrient_status']
DEBUG Nutrient env_conditions keys: ['temperature', 'ph', 'optimal_ec']
DEBUG Nutrient step 93: Calling calculate_nutrient_dynamics
DEBUG Nutrient plant_status keys: ['root_surface_area', 'tank_volume_L', 'plant_count', 'daily_growth_rate', 'growth_stage', 'senescence_rates', 'stress_factors', 'organ_nutrient_status']
DEBUG Nutrient env_conditions keys: ['temperature', 'ph', 'optimal_ec']
DEBUG Nutrient step 94: Calling calculate_nutrient_dynamics
DEBUG Nutrient plant_status keys: ['root_surface_area', 'tank_volume_L', 'plant_count', 'daily_growth_rate', 'growth_stage', 'senescence_rates', 'stress_factors', 'organ_nutrient_status']
DEBUG Nutrient env_conditions keys: ['temperature', 'ph', 'optimal_ec']
DEBUG Nutrient step 95: Calling calculate_nutrient_dynamics
DEBUG Nutrient plant_status keys: ['root_surface_area', 'tank_volume_L', 'plant_count', 'daily_growth_rate', 'growth_stage', 'senescence_rates', 'stress_factors', 'organ_nutrient_status']
DEBUG Nutrient env_conditions keys: ['temperature', 'ph', 'optimal_ec']
DEBUG Nutrient step 96: Calling calculate_nutrient_dynamics
DEBUG Nutrient plant_status keys: ['root_surface_area', 'tank_volume_L', 'plant_count', 'daily_growth_rate', 'growth_stage', 'senescence_rates', 'stress_factors', 'organ_nutrient_status']
DEBUG Nutrient env_conditions keys: ['temperature', 'ph', 'optimal_ec']
DEBUG Nutrient step 97: Calling calculate_nutrient_dynamics
DEBUG Nutrient plant_status keys: ['root_surface_area', 'tank_volume_L', 'plant_count', 'daily_growth_rate', 'growth_stage', 'senescence_rates', 'stress_factors', 'organ_nutrient_status']
DEBUG Nutrient env_conditions keys: ['temperature', 'ph', 'optimal_ec']
DEBUG Nutrient step 98: Calling calculate_nutrient_dynamics
DEBUG Nutrient plant_status keys: ['root_surface_area', 'tank_volume_L', 'plant_count', 'daily_growth_rate', 'growth_stage', 'senescence_rates', 'stress_factors', 'organ_nutrient_status']
DEBUG Nutrient env_conditions keys: ['temperature', 'ph', 'optimal_ec']
DEBUG Nutrient step 99: Calling calculate_nutrient_dynamics
DEBUG Nutrient plant_status keys: ['root_surface_area', 'tank_volume_L', 'plant_count', 'daily_growth_rate', 'growth_stage', 'senescence_rates', 'stress_factors', 'organ_nutrient_status']
DEBUG Nutrient env_conditions keys: ['temperature', 'ph', 'optimal_ec']
DEBUG Biomass step 100: net_assim=0.006, resp=0.003, net_carbon=0.003 g C/hr, hourly_gain=0.006188 g/hr, total_biomass=1.63
DEBUG Nutrient step 100: Calling calculate_nutrient_dynamics
DEBUG Nutrient plant_status keys: ['root_surface_area', 'tank_volume_L', 'plant_count', 'daily_growth_rate', 'growth_stage', 'senescence_rates', 'stress_factors', 'organ_nutrient_status']
DEBUG Nutrient env_conditions keys: ['temperature', 'ph', 'optimal_ec']
DEBUG Nutrient step 101: Calling calculate_nutrient_dynamics
DEBUG Nutrient plant_status keys: ['root_surface_area', 'tank_volume_L', 'plant_count', 'daily_growth_rate', 'growth_stage', 'senescence_rates', 'stress_factors', 'organ_nutrient_status']
DEBUG Nutrient env_conditions keys: ['temperature', 'ph', 'optimal_ec']
DEBUG Nutrient step 102: Calling calculate_nutrient_dynamics
DEBUG Nutrient plant_status keys: ['root_surface_area', 'tank_volume_L', 'plant_count', 'daily_growth_rate', 'growth_stage', 'senescence_rates', 'stress_factors', 'organ_nutrient_status']
DEBUG Nutrient env_conditions keys: ['temperature', 'ph', 'optimal_ec']
DEBUG Nutrient step 103: Calling calculate_nutrient_dynamics
DEBUG Nutrient plant_status keys: ['root_surface_area', 'tank_volume_L', 'plant_count', 'daily_growth_rate', 'growth_stage', 'senescence_rates', 'stress_factors', 'organ_nutrient_status']
DEBUG Nutrient env_conditions keys: ['temperature', 'ph', 'optimal_ec']
DEBUG Nutrient step 104: Calling calculate_nutrient_dynamics
DEBUG Nutrient plant_status keys: ['root_surface_area', 'tank_volume_L', 'plant_count', 'daily_growth_rate', 'growth_stage', 'senescence_rates', 'stress_factors', 'organ_nutrient_status']
DEBUG Nutrient env_conditions keys: ['temperature', 'ph', 'optimal_ec']
DEBUG Nutrient step 105: Calling calculate_nutrient_dynamics
DEBUG Nutrient plant_status keys: ['root_surface_area', 'tank_volume_L', 'plant_count', 'daily_growth_rate', 'growth_stage', 'senescence_rates', 'stress_factors', 'organ_nutrient_status']
DEBUG Nutrient env_conditions keys: ['temperature', 'ph', 'optimal_ec']
DEBUG Nutrient step 106: Calling calculate_nutrient_dynamics
DEBUG Nutrient plant_status keys: ['root_surface_area', 'tank_volume_L', 'plant_count', 'daily_growth_rate', 'growth_stage', 'senescence_rates', 'stress_factors', 'organ_nutrient_status']
DEBUG Nutrient env_conditions keys: ['temperature', 'ph', 'optimal_ec']
DEBUG Nutrient step 107: Calling calculate_nutrient_dynamics
DEBUG Nutrient plant_status keys: ['root_surface_area', 'tank_volume_L', 'plant_count', 'daily_growth_rate', 'growth_stage', 'senescence_rates', 'stress_factors', 'organ_nutrient_status']
DEBUG Nutrient env_conditions keys: ['temperature', 'ph', 'optimal_ec']
DEBUG Nutrient step 108: Calling calculate_nutrient_dynamics
DEBUG Nutrient plant_status keys: ['root_surface_area', 'tank_volume_L', 'plant_count', 'daily_growth_rate', 'growth_stage', 'senescence_rates', 'stress_factors', 'organ_nutrient_status']
DEBUG Nutrient env_conditions keys: ['temperature', 'ph', 'optimal_ec']
DEBUG Nutrient step 109: Calling calculate_nutrient_dynamics
DEBUG Nutrient plant_status keys: ['root_surface_area', 'tank_volume_L', 'plant_count', 'daily_growth_rate', 'growth_stage', 'senescence_rates', 'stress_factors', 'organ_nutrient_status']
DEBUG Nutrient env_conditions keys: ['temperature', 'ph', 'optimal_ec']
DEBUG Nutrient step 110: Calling calculate_nutrient_dynamics
DEBUG Nutrient plant_status keys: ['root_surface_area', 'tank_volume_L', 'plant_count', 'daily_growth_rate', 'growth_stage', 'senescence_rates', 'stress_factors', 'organ_nutrient_status']
DEBUG Nutrient env_conditions keys: ['temperature', 'ph', 'optimal_ec']
DEBUG Nutrient step 111: Calling calculate_nutrient_dynamics
DEBUG Nutrient plant_status keys: ['root_surface_area', 'tank_volume_L', 'plant_count', 'daily_growth_rate', 'growth_stage', 'senescence_rates', 'stress_factors', 'organ_nutrient_status']
DEBUG Nutrient env_conditions keys: ['temperature', 'ph', 'optimal_ec']
DEBUG Nutrient step 112: Calling calculate_nutrient_dynamics
DEBUG Nutrient plant_status keys: ['root_surface_area', 'tank_volume_L', 'plant_count', 'daily_growth_rate', 'growth_stage', 'senescence_rates', 'stress_factors', 'organ_nutrient_status']
DEBUG Nutrient env_conditions keys: ['temperature', 'ph', 'optimal_ec']
DEBUG Nutrient step 113: Calling calculate_nutrient_dynamics
DEBUG Nutrient plant_status keys: ['root_surface_area', 'tank_volume_L', 'plant_count', 'daily_growth_rate', 'growth_stage', 'senescence_rates', 'stress_factors', 'organ_nutrient_status']
DEBUG Nutrient env_conditions keys: ['temperature', 'ph', 'optimal_ec']
DEBUG Nutrient step 114: Calling calculate_nutrient_dynamics
DEBUG Nutrient plant_status keys: ['root_surface_area', 'tank_volume_L', 'plant_count', 'daily_growth_rate', 'growth_stage', 'senescence_rates', 'stress_factors', 'organ_nutrient_status']
DEBUG Nutrient env_conditions keys: ['temperature', 'ph', 'optimal_ec']
DEBUG Nutrient step 115: Calling calculate_nutrient_dynamics
DEBUG Nutrient plant_status keys: ['root_surface_area', 'tank_volume_L', 'plant_count', 'daily_growth_rate', 'growth_stage', 'senescence_rates', 'stress_factors', 'organ_nutrient_status']
DEBUG Nutrient env_conditions keys: ['temperature', 'ph', 'optimal_ec']
DEBUG Nutrient step 116: Calling calculate_nutrient_dynamics
DEBUG Nutrient plant_status keys: ['root_surface_area', 'tank_volume_L', 'plant_count', 'daily_growth_rate', 'growth_stage', 'senescence_rates', 'stress_factors', 'organ_nutrient_status']
DEBUG Nutrient env_conditions keys: ['temperature', 'ph', 'optimal_ec']
DEBUG Nutrient step 117: Calling calculate_nutrient_dynamics
DEBUG Nutrient plant_status keys: ['root_surface_area', 'tank_volume_L', 'plant_count', 'daily_growth_rate', 'growth_stage', 'senescence_rates', 'stress_factors', 'organ_nutrient_status']
DEBUG Nutrient env_conditions keys: ['temperature', 'ph', 'optimal_ec']
DEBUG Nutrient step 118: Calling calculate_nutrient_dynamics
DEBUG Nutrient plant_status keys: ['root_surface_area', 'tank_volume_L', 'plant_count', 'daily_growth_rate', 'growth_stage', 'senescence_rates', 'stress_factors', 'organ_nutrient_status']
DEBUG Nutrient env_conditions keys: ['temperature', 'ph', 'optimal_ec']
DEBUG Nutrient step 119: Calling calculate_nutrient_dynamics
DEBUG Nutrient plant_status keys: ['root_surface_area', 'tank_volume_L', 'plant_count', 'daily_growth_rate', 'growth_stage', 'senescence_rates', 'stress_factors', 'organ_nutrient_status']
DEBUG Nutrient env_conditions keys: ['temperature', 'ph', 'optimal_ec']
DEBUG Nutrient step 120: Calling calculate_nutrient_dynamics
DEBUG Nutrient plant_status keys: ['root_surface_area', 'tank_volume_L', 'plant_count', 'daily_growth_rate', 'growth_stage', 'senescence_rates', 'stress_factors', 'organ_nutrient_status']
DEBUG Nutrient env_conditions keys: ['temperature', 'ph', 'optimal_ec']
DEBUG Nutrient step 121: Calling calculate_nutrient_dynamics
DEBUG Nutrient plant_status keys: ['root_surface_area', 'tank_volume_L', 'plant_count', 'daily_growth_rate', 'growth_stage', 'senescence_rates', 'stress_factors', 'organ_nutrient_status']
DEBUG Nutrient env_conditions keys: ['temperature', 'ph', 'optimal_ec']
DEBUG Nutrient step 122: Calling calculate_nutrient_dynamics
DEBUG Nutrient plant_status keys: ['root_surface_area', 'tank_volume_L', 'plant_count', 'daily_growth_rate', 'growth_stage', 'senescence_rates', 'stress_factors', 'organ_nutrient_status']
DEBUG Nutrient env_conditions keys: ['temperature', 'ph', 'optimal_ec']
DEBUG Nutrient step 123: Calling calculate_nutrient_dynamics
DEBUG Nutrient plant_status keys: ['root_surface_area', 'tank_volume_L', 'plant_count', 'daily_growth_rate', 'growth_stage', 'senescence_rates', 'stress_factors', 'organ_nutrient_status']
DEBUG Nutrient env_conditions keys: ['temperature', 'ph', 'optimal_ec']
DEBUG Nutrient step 124: Calling calculate_nutrient_dynamics
DEBUG Nutrient plant_status keys: ['root_surface_area', 'tank_volume_L', 'plant_count', 'daily_growth_rate', 'growth_stage', 'senescence_rates', 'stress_factors', 'organ_nutrient_status']
DEBUG Nutrient env_conditions keys: ['temperature', 'ph', 'optimal_ec']
DEBUG Nutrient step 125: Calling calculate_nutrient_dynamics
DEBUG Nutrient plant_status keys: ['root_surface_area', 'tank_volume_L', 'plant_count', 'daily_growth_rate', 'growth_stage', 'senescence_rates', 'stress_factors', 'organ_nutrient_status']
DEBUG Nutrient env_conditions keys: ['temperature', 'ph', 'optimal_ec']
DEBUG Nutrient step 126: Calling calculate_nutrient_dynamics
DEBUG Nutrient plant_status keys: ['root_surface_area', 'tank_volume_L', 'plant_count', 'daily_growth_rate', 'growth_stage', 'senescence_rates', 'stress_factors', 'organ_nutrient_status']
DEBUG Nutrient env_conditions keys: ['temperature', 'ph', 'optimal_ec']
DEBUG Nutrient step 127: Calling calculate_nutrient_dynamics
DEBUG Nutrient plant_status keys: ['root_surface_area', 'tank_volume_L', 'plant_count', 'daily_growth_rate', 'growth_stage', 'senescence_rates', 'stress_factors', 'organ_nutrient_status']
DEBUG Nutrient env_conditions keys: ['temperature', 'ph', 'optimal_ec']
DEBUG Nutrient step 128: Calling calculate_nutrient_dynamics
DEBUG Nutrient plant_status keys: ['root_surface_area', 'tank_volume_L', 'plant_count', 'daily_growth_rate', 'growth_stage', 'senescence_rates', 'stress_factors', 'organ_nutrient_status']
DEBUG Nutrient env_conditions keys: ['temperature', 'ph', 'optimal_ec']
DEBUG Nutrient step 129: Calling calculate_nutrient_dynamics
DEBUG Nutrient plant_status keys: ['root_surface_area', 'tank_volume_L', 'plant_count', 'daily_growth_rate', 'growth_stage', 'senescence_rates', 'stress_factors', 'organ_nutrient_status']
DEBUG Nutrient env_conditions keys: ['temperature', 'ph', 'optimal_ec']
DEBUG Nutrient step 130: Calling calculate_nutrient_dynamics
DEBUG Nutrient plant_status keys: ['root_surface_area', 'tank_volume_L', 'plant_count', 'daily_growth_rate', 'growth_stage', 'senescence_rates', 'stress_factors', 'organ_nutrient_status']
DEBUG Nutrient env_conditions keys: ['temperature', 'ph', 'optimal_ec']
DEBUG Nutrient step 131: Calling calculate_nutrient_dynamics
DEBUG Nutrient plant_status keys: ['root_surface_area', 'tank_volume_L', 'plant_count', 'daily_growth_rate', 'growth_stage', 'senescence_rates', 'stress_factors', 'organ_nutrient_status']
DEBUG Nutrient env_conditions keys: ['temperature', 'ph', 'optimal_ec']
DEBUG Nutrient step 132: Calling calculate_nutrient_dynamics
DEBUG Nutrient plant_status keys: ['root_surface_area', 'tank_volume_L', 'plant_count', 'daily_growth_rate', 'growth_stage', 'senescence_rates', 'stress_factors', 'organ_nutrient_status']
DEBUG Nutrient env_conditions keys: ['temperature', 'ph', 'optimal_ec']
DEBUG Nutrient step 133: Calling calculate_nutrient_dynamics
DEBUG Nutrient plant_status keys: ['root_surface_area', 'tank_volume_L', 'plant_count', 'daily_growth_rate', 'growth_stage', 'senescence_rates', 'stress_factors', 'organ_nutrient_status']
DEBUG Nutrient env_conditions keys: ['temperature', 'ph', 'optimal_ec']
DEBUG Nutrient step 134: Calling calculate_nutrient_dynamics
DEBUG Nutrient plant_status keys: ['root_surface_area', 'tank_volume_L', 'plant_count', 'daily_growth_rate', 'growth_stage', 'senescence_rates', 'stress_factors', 'organ_nutrient_status']
DEBUG Nutrient env_conditions keys: ['temperature', 'ph', 'optimal_ec']
DEBUG Nutrient step 135: Calling calculate_nutrient_dynamics
DEBUG Nutrient plant_status keys: ['root_surface_area', 'tank_volume_L', 'plant_count', 'daily_growth_rate', 'growth_stage', 'senescence_rates', 'stress_factors', 'organ_nutrient_status']
DEBUG Nutrient env_conditions keys: ['temperature', 'ph', 'optimal_ec']
DEBUG Nutrient step 136: Calling calculate_nutrient_dynamics
DEBUG Nutrient plant_status keys: ['root_surface_area', 'tank_volume_L', 'plant_count', 'daily_growth_rate', 'growth_stage', 'senescence_rates', 'stress_factors', 'organ_nutrient_status']
DEBUG Nutrient env_conditions keys: ['temperature', 'ph', 'optimal_ec']
DEBUG Nutrient step 137: Calling calculate_nutrient_dynamics
DEBUG Nutrient plant_status keys: ['root_surface_area', 'tank_volume_L', 'plant_count', 'daily_growth_rate', 'growth_stage', 'senescence_rates', 'stress_factors', 'organ_nutrient_status']
DEBUG Nutrient env_conditions keys: ['temperature', 'ph', 'optimal_ec']
DEBUG Nutrient step 138: Calling calculate_nutrient_dynamics
DEBUG Nutrient plant_status keys: ['root_surface_area', 'tank_volume_L', 'plant_count', 'daily_growth_rate', 'growth_stage', 'senescence_rates', 'stress_factors', 'organ_nutrient_status']
DEBUG Nutrient env_conditions keys: ['temperature', 'ph', 'optimal_ec']
DEBUG Nutrient step 139: Calling calculate_nutrient_dynamics
DEBUG Nutrient plant_status keys: ['root_surface_area', 'tank_volume_L', 'plant_count', 'daily_growth_rate', 'growth_stage', 'senescence_rates', 'stress_factors', 'organ_nutrient_status']
DEBUG Nutrient env_conditions keys: ['temperature', 'ph', 'optimal_ec']
DEBUG Nutrient step 140: Calling calculate_nutrient_dynamics
DEBUG Nutrient plant_status keys: ['root_surface_area', 'tank_volume_L', 'plant_count', 'daily_growth_rate', 'growth_stage', 'senescence_rates', 'stress_factors', 'organ_nutrient_status']
DEBUG Nutrient env_conditions keys: ['temperature', 'ph', 'optimal_ec']
DEBUG Nutrient step 141: Calling calculate_nutrient_dynamics
DEBUG Nutrient plant_status keys: ['root_surface_area', 'tank_volume_L', 'plant_count', 'daily_growth_rate', 'growth_stage', 'senescence_rates', 'stress_factors', 'organ_nutrient_status']
DEBUG Nutrient env_conditions keys: ['temperature', 'ph', 'optimal_ec']
DEBUG Nutrient step 142: Calling calculate_nutrient_dynamics
DEBUG Nutrient plant_status keys: ['root_surface_area', 'tank_volume_L', 'plant_count', 'daily_growth_rate', 'growth_stage', 'senescence_rates', 'stress_factors', 'organ_nutrient_status']
DEBUG Nutrient env_conditions keys: ['temperature', 'ph', 'optimal_ec']
DEBUG Nutrient step 143: Calling calculate_nutrient_dynamics
DEBUG Nutrient plant_status keys: ['root_surface_area', 'tank_volume_L', 'plant_count', 'daily_growth_rate', 'growth_stage', 'senescence_rates', 'stress_factors', 'organ_nutrient_status']
DEBUG Nutrient env_conditions keys: ['temperature', 'ph', 'optimal_ec']
DEBUG Nutrient step 144: Calling calculate_nutrient_dynamics
DEBUG Nutrient plant_status keys: ['root_surface_area', 'tank_volume_L', 'plant_count', 'daily_growth_rate', 'growth_stage', 'senescence_rates', 'stress_factors', 'organ_nutrient_status']
DEBUG Nutrient env_conditions keys: ['temperature', 'ph', 'optimal_ec']
DEBUG Nutrient step 145: Calling calculate_nutrient_dynamics
DEBUG Nutrient plant_status keys: ['root_surface_area', 'tank_volume_L', 'plant_count', 'daily_growth_rate', 'growth_stage', 'senescence_rates', 'stress_factors', 'organ_nutrient_status']
DEBUG Nutrient env_conditions keys: ['temperature', 'ph', 'optimal_ec']
DEBUG Nutrient step 146: Calling calculate_nutrient_dynamics
DEBUG Nutrient plant_status keys: ['root_surface_area', 'tank_volume_L', 'plant_count', 'daily_growth_rate', 'growth_stage', 'senescence_rates', 'stress_factors', 'organ_nutrient_status']
DEBUG Nutrient env_conditions keys: ['temperature', 'ph', 'optimal_ec']
DEBUG Nutrient step 147: Calling calculate_nutrient_dynamics
DEBUG Nutrient plant_status keys: ['root_surface_area', 'tank_volume_L', 'plant_count', 'daily_growth_rate', 'growth_stage', 'senescence_rates', 'stress_factors', 'organ_nutrient_status']
DEBUG Nutrient env_conditions keys: ['temperature', 'ph', 'optimal_ec']
DEBUG Nutrient step 148: Calling calculate_nutrient_dynamics
DEBUG Nutrient plant_status keys: ['root_surface_area', 'tank_volume_L', 'plant_count', 'daily_growth_rate', 'growth_stage', 'senescence_rates', 'stress_factors', 'organ_nutrient_status']
DEBUG Nutrient env_conditions keys: ['temperature', 'ph', 'optimal_ec']
DEBUG Nutrient step 149: Calling calculate_nutrient_dynamics
DEBUG Nutrient plant_status keys: ['root_surface_area', 'tank_volume_L', 'plant_count', 'daily_growth_rate', 'growth_stage', 'senescence_rates', 'stress_factors', 'organ_nutrient_status']
DEBUG Nutrient env_conditions keys: ['temperature', 'ph', 'optimal_ec']
DEBUG Nutrient step 150: Calling calculate_nutrient_dynamics
DEBUG Nutrient plant_status keys: ['root_surface_area', 'tank_volume_L', 'plant_count', 'daily_growth_rate', 'growth_stage', 'senescence_rates', 'stress_factors', 'organ_nutrient_status']
DEBUG Nutrient env_conditions keys: ['temperature', 'ph', 'optimal_ec']
DEBUG Nutrient step 151: Calling calculate_nutrient_dynamics
DEBUG Nutrient plant_status keys: ['root_surface_area', 'tank_volume_L', 'plant_count', 'daily_growth_rate', 'growth_stage', 'senescence_rates', 'stress_factors', 'organ_nutrient_status']
DEBUG Nutrient env_conditions keys: ['temperature', 'ph', 'optimal_ec']
DEBUG Nutrient step 152: Calling calculate_nutrient_dynamics
DEBUG Nutrient plant_status keys: ['root_surface_area', 'tank_volume_L', 'plant_count', 'daily_growth_rate', 'growth_stage', 'senescence_rates', 'stress_factors', 'organ_nutrient_status']
DEBUG Nutrient env_conditions keys: ['temperature', 'ph', 'optimal_ec']
DEBUG Nutrient step 153: Calling calculate_nutrient_dynamics
DEBUG Nutrient plant_status keys: ['root_surface_area', 'tank_volume_L', 'plant_count', 'daily_growth_rate', 'growth_stage', 'senescence_rates', 'stress_factors', 'organ_nutrient_status']
DEBUG Nutrient env_conditions keys: ['temperature', 'ph', 'optimal_ec']
DEBUG Nutrient step 154: Calling calculate_nutrient_dynamics
DEBUG Nutrient plant_status keys: ['root_surface_area', 'tank_volume_L', 'plant_count', 'daily_growth_rate', 'growth_stage', 'senescence_rates', 'stress_factors', 'organ_nutrient_status']
DEBUG Nutrient env_conditions keys: ['temperature', 'ph', 'optimal_ec']
DEBUG Nutrient step 155: Calling calculate_nutrient_dynamics
DEBUG Nutrient plant_status keys: ['root_surface_area', 'tank_volume_L', 'plant_count', 'daily_growth_rate', 'growth_stage', 'senescence_rates', 'stress_factors', 'organ_nutrient_status']
DEBUG Nutrient env_conditions keys: ['temperature', 'ph', 'optimal_ec']
DEBUG Nutrient step 156: Calling calculate_nutrient_dynamics
DEBUG Nutrient plant_status keys: ['root_surface_area', 'tank_volume_L', 'plant_count', 'daily_growth_rate', 'growth_stage', 'senescence_rates', 'stress_factors', 'organ_nutrient_status']
DEBUG Nutrient env_conditions keys: ['temperature', 'ph', 'optimal_ec']
DEBUG Nutrient step 157: Calling calculate_nutrient_dynamics
DEBUG Nutrient plant_status keys: ['root_surface_area', 'tank_volume_L', 'plant_count', 'daily_growth_rate', 'growth_stage', 'senescence_rates', 'stress_factors', 'organ_nutrient_status']
DEBUG Nutrient env_conditions keys: ['temperature', 'ph', 'optimal_ec']
DEBUG Nutrient step 158: Calling calculate_nutrient_dynamics
DEBUG Nutrient plant_status keys: ['root_surface_area', 'tank_volume_L', 'plant_count', 'daily_growth_rate', 'growth_stage', 'senescence_rates', 'stress_factors', 'organ_nutrient_status']
DEBUG Nutrient env_conditions keys: ['temperature', 'ph', 'optimal_ec']
DEBUG Nutrient step 159: Calling calculate_nutrient_dynamics
DEBUG Nutrient plant_status keys: ['root_surface_area', 'tank_volume_L', 'plant_count', 'daily_growth_rate', 'growth_stage', 'senescence_rates', 'stress_factors', 'organ_nutrient_status']
DEBUG Nutrient env_conditions keys: ['temperature', 'ph', 'optimal_ec']
DEBUG Nutrient step 160: Calling calculate_nutrient_dynamics
DEBUG Nutrient plant_status keys: ['root_surface_area', 'tank_volume_L', 'plant_count', 'daily_growth_rate', 'growth_stage', 'senescence_rates', 'stress_factors', 'organ_nutrient_status']
DEBUG Nutrient env_conditions keys: ['temperature', 'ph', 'optimal_ec']
DEBUG Nutrient step 161: Calling calculate_nutrient_dynamics
DEBUG Nutrient plant_status keys: ['root_surface_area', 'tank_volume_L', 'plant_count', 'daily_growth_rate', 'growth_stage', 'senescence_rates', 'stress_factors', 'organ_nutrient_status']
DEBUG Nutrient env_conditions keys: ['temperature', 'ph', 'optimal_ec']
DEBUG Nutrient step 162: Calling calculate_nutrient_dynamics
DEBUG Nutrient plant_status keys: ['root_surface_area', 'tank_volume_L', 'plant_count', 'daily_growth_rate', 'growth_stage', 'senescence_rates', 'stress_factors', 'organ_nutrient_status']
DEBUG Nutrient env_conditions keys: ['temperature', 'ph', 'optimal_ec']
DEBUG Nutrient step 163: Calling calculate_nutrient_dynamics
DEBUG Nutrient plant_status keys: ['root_surface_area', 'tank_volume_L', 'plant_count', 'daily_growth_rate', 'growth_stage', 'senescence_rates', 'stress_factors', 'organ_nutrient_status']
DEBUG Nutrient env_conditions keys: ['temperature', 'ph', 'optimal_ec']
DEBUG Nutrient step 164: Calling calculate_nutrient_dynamics
DEBUG Nutrient plant_status keys: ['root_surface_area', 'tank_volume_L', 'plant_count', 'daily_growth_rate', 'growth_stage', 'senescence_rates', 'stress_factors', 'organ_nutrient_status']
DEBUG Nutrient env_conditions keys: ['temperature', 'ph', 'optimal_ec']
DEBUG Nutrient step 165: Calling calculate_nutrient_dynamics
DEBUG Nutrient plant_status keys: ['root_surface_area', 'tank_volume_L', 'plant_count', 'daily_growth_rate', 'growth_stage', 'senescence_rates', 'stress_factors', 'organ_nutrient_status']
DEBUG Nutrient env_conditions keys: ['temperature', 'ph', 'optimal_ec']
DEBUG Nutrient step 166: Calling calculate_nutrient_dynamics
DEBUG Nutrient plant_status keys: ['root_surface_area', 'tank_volume_L', 'plant_count', 'daily_growth_rate', 'growth_stage', 'senescence_rates', 'stress_factors', 'organ_nutrient_status']
DEBUG Nutrient env_conditions keys: ['temperature', 'ph', 'optimal_ec']
DEBUG Nutrient step 167: Calling calculate_nutrient_dynamics
DEBUG Nutrient plant_status keys: ['root_surface_area', 'tank_volume_L', 'plant_count', 'daily_growth_rate', 'growth_stage', 'senescence_rates', 'stress_factors', 'organ_nutrient_status']
DEBUG Nutrient env_conditions keys: ['temperature', 'ph', 'optimal_ec']
DEBUG Nutrient step 168: Calling calculate_nutrient_dynamics
DEBUG Nutrient plant_status keys: ['root_surface_area', 'tank_volume_L', 'plant_count', 'daily_growth_rate', 'growth_stage', 'senescence_rates', 'stress_factors', 'organ_nutrient_status']
DEBUG Nutrient env_conditions keys: ['temperature', 'ph', 'optimal_ec']
DEBUG Nutrient step 169: Calling calculate_nutrient_dynamics
DEBUG Nutrient plant_status keys: ['root_surface_area', 'tank_volume_L', 'plant_count', 'daily_growth_rate', 'growth_stage', 'senescence_rates', 'stress_factors', 'organ_nutrient_status']
DEBUG Nutrient env_conditions keys: ['temperature', 'ph', 'optimal_ec']
DEBUG Nutrient step 170: Calling calculate_nutrient_dynamics
DEBUG Nutrient plant_status keys: ['root_surface_area', 'tank_volume_L', 'plant_count', 'daily_growth_rate', 'growth_stage', 'senescence_rates', 'stress_factors', 'organ_nutrient_status']
DEBUG Nutrient env_conditions keys: ['temperature', 'ph', 'optimal_ec']
DEBUG Nutrient step 171: Calling calculate_nutrient_dynamics
DEBUG Nutrient plant_status keys: ['root_surface_area', 'tank_volume_L', 'plant_count', 'daily_growth_rate', 'growth_stage', 'senescence_rates', 'stress_factors', 'organ_nutrient_status']
DEBUG Nutrient env_conditions keys: ['temperature', 'ph', 'optimal_ec']
DEBUG Nutrient step 172: Calling calculate_nutrient_dynamics
DEBUG Nutrient plant_status keys: ['root_surface_area', 'tank_volume_L', 'plant_count', 'daily_growth_rate', 'growth_stage', 'senescence_rates', 'stress_factors', 'organ_nutrient_status']
DEBUG Nutrient env_conditions keys: ['temperature', 'ph', 'optimal_ec']
DEBUG Nutrient step 173: Calling calculate_nutrient_dynamics
DEBUG Nutrient plant_status keys: ['root_surface_area', 'tank_volume_L', 'plant_count', 'daily_growth_rate', 'growth_stage', 'senescence_rates', 'stress_factors', 'organ_nutrient_status']
DEBUG Nutrient env_conditions keys: ['temperature', 'ph', 'optimal_ec']
DEBUG Nutrient step 174: Calling calculate_nutrient_dynamics
DEBUG Nutrient plant_status keys: ['root_surface_area', 'tank_volume_L', 'plant_count', 'daily_growth_rate', 'growth_stage', 'senescence_rates', 'stress_factors', 'organ_nutrient_status']
DEBUG Nutrient env_conditions keys: ['temperature', 'ph', 'optimal_ec']
DEBUG Nutrient step 175: Calling calculate_nutrient_dynamics
DEBUG Nutrient plant_status keys: ['root_surface_area', 'tank_volume_L', 'plant_count', 'daily_growth_rate', 'growth_stage', 'senescence_rates', 'stress_factors', 'organ_nutrient_status']
DEBUG Nutrient env_conditions keys: ['temperature', 'ph', 'optimal_ec']
DEBUG Nutrient step 176: Calling calculate_nutrient_dynamics
DEBUG Nutrient plant_status keys: ['root_surface_area', 'tank_volume_L', 'plant_count', 'daily_growth_rate', 'growth_stage', 'senescence_rates', 'stress_factors', 'organ_nutrient_status']
DEBUG Nutrient env_conditions keys: ['temperature', 'ph', 'optimal_ec']
DEBUG Nutrient step 177: Calling calculate_nutrient_dynamics
DEBUG Nutrient plant_status keys: ['root_surface_area', 'tank_volume_L', 'plant_count', 'daily_growth_rate', 'growth_stage', 'senescence_rates', 'stress_factors', 'organ_nutrient_status']
DEBUG Nutrient env_conditions keys: ['temperature', 'ph', 'optimal_ec']
DEBUG Nutrient step 178: Calling calculate_nutrient_dynamics
DEBUG Nutrient plant_status keys: ['root_surface_area', 'tank_volume_L', 'plant_count', 'daily_growth_rate', 'growth_stage', 'senescence_rates', 'stress_factors', 'organ_nutrient_status']
DEBUG Nutrient env_conditions keys: ['temperature', 'ph', 'optimal_ec']
DEBUG Nutrient step 179: Calling calculate_nutrient_dynamics
DEBUG Nutrient plant_status keys: ['root_surface_area', 'tank_volume_L', 'plant_count', 'daily_growth_rate', 'growth_stage', 'senescence_rates', 'stress_factors', 'organ_nutrient_status']
DEBUG Nutrient env_conditions keys: ['temperature', 'ph', 'optimal_ec']
DEBUG Nutrient step 180: Calling calculate_nutrient_dynamics
DEBUG Nutrient plant_status keys: ['root_surface_area', 'tank_volume_L', 'plant_count', 'daily_growth_rate', 'growth_stage', 'senescence_rates', 'stress_factors', 'organ_nutrient_status']
DEBUG Nutrient env_conditions keys: ['temperature', 'ph', 'optimal_ec']
DEBUG Nutrient step 181: Calling calculate_nutrient_dynamics
DEBUG Nutrient plant_status keys: ['root_surface_area', 'tank_volume_L', 'plant_count', 'daily_growth_rate', 'growth_stage', 'senescence_rates', 'stress_factors', 'organ_nutrient_status']
DEBUG Nutrient env_conditions keys: ['temperature', 'ph', 'optimal_ec']
DEBUG Nutrient step 182: Calling calculate_nutrient_dynamics
DEBUG Nutrient plant_status keys: ['root_surface_area', 'tank_volume_L', 'plant_count', 'daily_growth_rate', 'growth_stage', 'senescence_rates', 'stress_factors', 'organ_nutrient_status']
DEBUG Nutrient env_conditions keys: ['temperature', 'ph', 'optimal_ec']
DEBUG Nutrient step 183: Calling calculate_nutrient_dynamics
DEBUG Nutrient plant_status keys: ['root_surface_area', 'tank_volume_L', 'plant_count', 'daily_growth_rate', 'growth_stage', 'senescence_rates', 'stress_factors', 'organ_nutrient_status']
DEBUG Nutrient env_conditions keys: ['temperature', 'ph', 'optimal_ec']
DEBUG Nutrient step 184: Calling calculate_nutrient_dynamics
DEBUG Nutrient plant_status keys: ['root_surface_area', 'tank_volume_L', 'plant_count', 'daily_growth_rate', 'growth_stage', 'senescence_rates', 'stress_factors', 'organ_nutrient_status']
DEBUG Nutrient env_conditions keys: ['temperature', 'ph', 'optimal_ec']
DEBUG Nutrient step 185: Calling calculate_nutrient_dynamics
DEBUG Nutrient plant_status keys: ['root_surface_area', 'tank_volume_L', 'plant_count', 'daily_growth_rate', 'growth_stage', 'senescence_rates', 'stress_factors', 'organ_nutrient_status']
DEBUG Nutrient env_conditions keys: ['temperature', 'ph', 'optimal_ec']
DEBUG Nutrient step 186: Calling calculate_nutrient_dynamics
DEBUG Nutrient plant_status keys: ['root_surface_area', 'tank_volume_L', 'plant_count', 'daily_growth_rate', 'growth_stage', 'senescence_rates', 'stress_factors', 'organ_nutrient_status']
DEBUG Nutrient env_conditions keys: ['temperature', 'ph', 'optimal_ec']
DEBUG Nutrient step 187: Calling calculate_nutrient_dynamics
DEBUG Nutrient plant_status keys: ['root_surface_area', 'tank_volume_L', 'plant_count', 'daily_growth_rate', 'growth_stage', 'senescence_rates', 'stress_factors', 'organ_nutrient_status']
DEBUG Nutrient env_conditions keys: ['temperature', 'ph', 'optimal_ec']
DEBUG Nutrient step 188: Calling calculate_nutrient_dynamics
DEBUG Nutrient plant_status keys: ['root_surface_area', 'tank_volume_L', 'plant_count', 'daily_growth_rate', 'growth_stage', 'senescence_rates', 'stress_factors', 'organ_nutrient_status']
DEBUG Nutrient env_conditions keys: ['temperature', 'ph', 'optimal_ec']
DEBUG Nutrient step 189: Calling calculate_nutrient_dynamics
DEBUG Nutrient plant_status keys: ['root_surface_area', 'tank_volume_L', 'plant_count', 'daily_growth_rate', 'growth_stage', 'senescence_rates', 'stress_factors', 'organ_nutrient_status']
DEBUG Nutrient env_conditions keys: ['temperature', 'ph', 'optimal_ec']
DEBUG Nutrient step 190: Calling calculate_nutrient_dynamics
DEBUG Nutrient plant_status keys: ['root_surface_area', 'tank_volume_L', 'plant_count', 'daily_growth_rate', 'growth_stage', 'senescence_rates', 'stress_factors', 'organ_nutrient_status']
DEBUG Nutrient env_conditions keys: ['temperature', 'ph', 'optimal_ec']
DEBUG Nutrient step 191: Calling calculate_nutrient_dynamics
DEBUG Nutrient plant_status keys: ['root_surface_area', 'tank_volume_L', 'plant_count', 'daily_growth_rate', 'growth_stage', 'senescence_rates', 'stress_factors', 'organ_nutrient_status']
DEBUG Nutrient env_conditions keys: ['temperature', 'ph', 'optimal_ec']
DEBUG Nutrient step 192: Calling calculate_nutrient_dynamics
DEBUG Nutrient plant_status keys: ['root_surface_area', 'tank_volume_L', 'plant_count', 'daily_growth_rate', 'growth_stage', 'senescence_rates', 'stress_factors', 'organ_nutrient_status']
DEBUG Nutrient env_conditions keys: ['temperature', 'ph', 'optimal_ec']
DEBUG Nutrient step 193: Calling calculate_nutrient_dynamics
DEBUG Nutrient plant_status keys: ['root_surface_area', 'tank_volume_L', 'plant_count', 'daily_growth_rate', 'growth_stage', 'senescence_rates', 'stress_factors', 'organ_nutrient_status']
DEBUG Nutrient env_conditions keys: ['temperature', 'ph', 'optimal_ec']
DEBUG Nutrient step 194: Calling calculate_nutrient_dynamics
DEBUG Nutrient plant_status keys: ['root_surface_area', 'tank_volume_L', 'plant_count', 'daily_growth_rate', 'growth_stage', 'senescence_rates', 'stress_factors', 'organ_nutrient_status']
DEBUG Nutrient env_conditions keys: ['temperature', 'ph', 'optimal_ec']
DEBUG Nutrient step 195: Calling calculate_nutrient_dynamics
DEBUG Nutrient plant_status keys: ['root_surface_area', 'tank_volume_L', 'plant_count', 'daily_growth_rate', 'growth_stage', 'senescence_rates', 'stress_factors', 'organ_nutrient_status']
DEBUG Nutrient env_conditions keys: ['temperature', 'ph', 'optimal_ec']
DEBUG Nutrient step 196: Calling calculate_nutrient_dynamics
DEBUG Nutrient plant_status keys: ['root_surface_area', 'tank_volume_L', 'plant_count', 'daily_growth_rate', 'growth_stage', 'senescence_rates', 'stress_factors', 'organ_nutrient_status']
DEBUG Nutrient env_conditions keys: ['temperature', 'ph', 'optimal_ec']
DEBUG Nutrient step 197: Calling calculate_nutrient_dynamics
DEBUG Nutrient plant_status keys: ['root_surface_area', 'tank_volume_L', 'plant_count', 'daily_growth_rate', 'growth_stage', 'senescence_rates', 'stress_factors', 'organ_nutrient_status']
DEBUG Nutrient env_conditions keys: ['temperature', 'ph', 'optimal_ec']
DEBUG Nutrient step 198: Calling calculate_nutrient_dynamics
DEBUG Nutrient plant_status keys: ['root_surface_area', 'tank_volume_L', 'plant_count', 'daily_growth_rate', 'growth_stage', 'senescence_rates', 'stress_factors', 'organ_nutrient_status']
DEBUG Nutrient env_conditions keys: ['temperature', 'ph', 'optimal_ec']
DEBUG Nutrient step 199: Calling calculate_nutrient_dynamics
DEBUG Nutrient plant_status keys: ['root_surface_area', 'tank_volume_L', 'plant_count', 'daily_growth_rate', 'growth_stage', 'senescence_rates', 'stress_factors', 'organ_nutrient_status']
DEBUG Nutrient env_conditions keys: ['temperature', 'ph', 'optimal_ec']
DEBUG Nutrient step 200: Calling calculate_nutrient_dynamics
DEBUG Nutrient plant_status keys: ['root_surface_area', 'tank_volume_L', 'plant_count', 'daily_growth_rate', 'growth_stage', 'senescence_rates', 'stress_factors', 'organ_nutrient_status']
DEBUG Nutrient env_conditions keys: ['temperature', 'ph', 'optimal_ec']
DEBUG Nutrient step 201: Calling calculate_nutrient_dynamics
DEBUG Nutrient plant_status keys: ['root_surface_area', 'tank_volume_L', 'plant_count', 'daily_growth_rate', 'growth_stage', 'senescence_rates', 'stress_factors', 'organ_nutrient_status']
DEBUG Nutrient env_conditions keys: ['temperature', 'ph', 'optimal_ec']
DEBUG Nutrient step 202: Calling calculate_nutrient_dynamics
DEBUG Nutrient plant_status keys: ['root_surface_area', 'tank_volume_L', 'plant_count', 'daily_growth_rate', 'growth_stage', 'senescence_rates', 'stress_factors', 'organ_nutrient_status']
DEBUG Nutrient env_conditions keys: ['temperature', 'ph', 'optimal_ec']
DEBUG Nutrient step 203: Calling calculate_nutrient_dynamics
DEBUG Nutrient plant_status keys: ['root_surface_area', 'tank_volume_L', 'plant_count', 'daily_growth_rate', 'growth_stage', 'senescence_rates', 'stress_factors', 'organ_nutrient_status']
DEBUG Nutrient env_conditions keys: ['temperature', 'ph', 'optimal_ec']
DEBUG Nutrient step 204: Calling calculate_nutrient_dynamics
DEBUG Nutrient plant_status keys: ['root_surface_area', 'tank_volume_L', 'plant_count', 'daily_growth_rate', 'growth_stage', 'senescence_rates', 'stress_factors', 'organ_nutrient_status']
DEBUG Nutrient env_conditions keys: ['temperature', 'ph', 'optimal_ec']
DEBUG Nutrient step 205: Calling calculate_nutrient_dynamics
DEBUG Nutrient plant_status keys: ['root_surface_area', 'tank_volume_L', 'plant_count', 'daily_growth_rate', 'growth_stage', 'senescence_rates', 'stress_factors', 'organ_nutrient_status']
DEBUG Nutrient env_conditions keys: ['temperature', 'ph', 'optimal_ec']
DEBUG Nutrient step 206: Calling calculate_nutrient_dynamics
DEBUG Nutrient plant_status keys: ['root_surface_area', 'tank_volume_L', 'plant_count', 'daily_growth_rate', 'growth_stage', 'senescence_rates', 'stress_factors', 'organ_nutrient_status']
DEBUG Nutrient env_conditions keys: ['temperature', 'ph', 'optimal_ec']
DEBUG Nutrient step 207: Calling calculate_nutrient_dynamics
DEBUG Nutrient plant_status keys: ['root_surface_area', 'tank_volume_L', 'plant_count', 'daily_growth_rate', 'growth_stage', 'senescence_rates', 'stress_factors', 'organ_nutrient_status']
DEBUG Nutrient env_conditions keys: ['temperature', 'ph', 'optimal_ec']
DEBUG Nutrient step 208: Calling calculate_nutrient_dynamics
DEBUG Nutrient plant_status keys: ['root_surface_area', 'tank_volume_L', 'plant_count', 'daily_growth_rate', 'growth_stage', 'senescence_rates', 'stress_factors', 'organ_nutrient_status']
DEBUG Nutrient env_conditions keys: ['temperature', 'ph', 'optimal_ec']
DEBUG Nutrient step 209: Calling calculate_nutrient_dynamics
DEBUG Nutrient plant_status keys: ['root_surface_area', 'tank_volume_L', 'plant_count', 'daily_growth_rate', 'growth_stage', 'senescence_rates', 'stress_factors', 'organ_nutrient_status']
DEBUG Nutrient env_conditions keys: ['temperature', 'ph', 'optimal_ec']
DEBUG Nutrient step 210: Calling calculate_nutrient_dynamics
DEBUG Nutrient plant_status keys: ['root_surface_area', 'tank_volume_L', 'plant_count', 'daily_growth_rate', 'growth_stage', 'senescence_rates', 'stress_factors', 'organ_nutrient_status']
DEBUG Nutrient env_conditions keys: ['temperature', 'ph', 'optimal_ec']
DEBUG Nutrient step 211: Calling calculate_nutrient_dynamics
DEBUG Nutrient plant_status keys: ['root_surface_area', 'tank_volume_L', 'plant_count', 'daily_growth_rate', 'growth_stage', 'senescence_rates', 'stress_factors', 'organ_nutrient_status']
DEBUG Nutrient env_conditions keys: ['temperature', 'ph', 'optimal_ec']
DEBUG Nutrient step 212: Calling calculate_nutrient_dynamics
DEBUG Nutrient plant_status keys: ['root_surface_area', 'tank_volume_L', 'plant_count', 'daily_growth_rate', 'growth_stage', 'senescence_rates', 'stress_factors', 'organ_nutrient_status']
DEBUG Nutrient env_conditions keys: ['temperature', 'ph', 'optimal_ec']
DEBUG Nutrient step 213: Calling calculate_nutrient_dynamics
DEBUG Nutrient plant_status keys: ['root_surface_area', 'tank_volume_L', 'plant_count', 'daily_growth_rate', 'growth_stage', 'senescence_rates', 'stress_factors', 'organ_nutrient_status']
DEBUG Nutrient env_conditions keys: ['temperature', 'ph', 'optimal_ec']
DEBUG Nutrient step 214: Calling calculate_nutrient_dynamics
DEBUG Nutrient plant_status keys: ['root_surface_area', 'tank_volume_L', 'plant_count', 'daily_growth_rate', 'growth_stage', 'senescence_rates', 'stress_factors', 'organ_nutrient_status']
DEBUG Nutrient env_conditions keys: ['temperature', 'ph', 'optimal_ec']
DEBUG Nutrient step 215: Calling calculate_nutrient_dynamics
DEBUG Nutrient plant_status keys: ['root_surface_area', 'tank_volume_L', 'plant_count', 'daily_growth_rate', 'growth_stage', 'senescence_rates', 'stress_factors', 'organ_nutrient_status']
DEBUG Nutrient env_conditions keys: ['temperature', 'ph', 'optimal_ec']
DEBUG Nutrient step 216: Calling calculate_nutrient_dynamics
DEBUG Nutrient plant_status keys: ['root_surface_area', 'tank_volume_L', 'plant_count', 'daily_growth_rate', 'growth_stage', 'senescence_rates', 'stress_factors', 'organ_nutrient_status']
DEBUG Nutrient env_conditions keys: ['temperature', 'ph', 'optimal_ec']
DEBUG Nutrient step 217: Calling calculate_nutrient_dynamics
DEBUG Nutrient plant_status keys: ['root_surface_area', 'tank_volume_L', 'plant_count', 'daily_growth_rate', 'growth_stage', 'senescence_rates', 'stress_factors', 'organ_nutrient_status']
DEBUG Nutrient env_conditions keys: ['temperature', 'ph', 'optimal_ec']
DEBUG Nutrient step 218: Calling calculate_nutrient_dynamics
DEBUG Nutrient plant_status keys: ['root_surface_area', 'tank_volume_L', 'plant_count', 'daily_growth_rate', 'growth_stage', 'senescence_rates', 'stress_factors', 'organ_nutrient_status']
DEBUG Nutrient env_conditions keys: ['temperature', 'ph', 'optimal_ec']
DEBUG Nutrient step 219: Calling calculate_nutrient_dynamics
DEBUG Nutrient plant_status keys: ['root_surface_area', 'tank_volume_L', 'plant_count', 'daily_growth_rate', 'growth_stage', 'senescence_rates', 'stress_factors', 'organ_nutrient_status']
DEBUG Nutrient env_conditions keys: ['temperature', 'ph', 'optimal_ec']
DEBUG Nutrient step 220: Calling calculate_nutrient_dynamics
DEBUG Nutrient plant_status keys: ['root_surface_area', 'tank_volume_L', 'plant_count', 'daily_growth_rate', 'growth_stage', 'senescence_rates', 'stress_factors', 'organ_nutrient_status']
DEBUG Nutrient env_conditions keys: ['temperature', 'ph', 'optimal_ec']
DEBUG Nutrient step 221: Calling calculate_nutrient_dynamics
DEBUG Nutrient plant_status keys: ['root_surface_area', 'tank_volume_L', 'plant_count', 'daily_growth_rate', 'growth_stage', 'senescence_rates', 'stress_factors', 'organ_nutrient_status']
DEBUG Nutrient env_conditions keys: ['temperature', 'ph', 'optimal_ec']
DEBUG Nutrient step 222: Calling calculate_nutrient_dynamics
DEBUG Nutrient plant_status keys: ['root_surface_area', 'tank_volume_L', 'plant_count', 'daily_growth_rate', 'growth_stage', 'senescence_rates', 'stress_factors', 'organ_nutrient_status']
DEBUG Nutrient env_conditions keys: ['temperature', 'ph', 'optimal_ec']
DEBUG Nutrient step 223: Calling calculate_nutrient_dynamics
DEBUG Nutrient plant_status keys: ['root_surface_area', 'tank_volume_L', 'plant_count', 'daily_growth_rate', 'growth_stage', 'senescence_rates', 'stress_factors', 'organ_nutrient_status']
DEBUG Nutrient env_conditions keys: ['temperature', 'ph', 'optimal_ec']
DEBUG Nutrient step 224: Calling calculate_nutrient_dynamics
DEBUG Nutrient plant_status keys: ['root_surface_area', 'tank_volume_L', 'plant_count', 'daily_growth_rate', 'growth_stage', 'senescence_rates', 'stress_factors', 'organ_nutrient_status']
DEBUG Nutrient env_conditions keys: ['temperature', 'ph', 'optimal_ec']
DEBUG Nutrient step 225: Calling calculate_nutrient_dynamics
DEBUG Nutrient plant_status keys: ['root_surface_area', 'tank_volume_L', 'plant_count', 'daily_growth_rate', 'growth_stage', 'senescence_rates', 'stress_factors', 'organ_nutrient_status']
DEBUG Nutrient env_conditions keys: ['temperature', 'ph', 'optimal_ec']
DEBUG Nutrient step 226: Calling calculate_nutrient_dynamics
DEBUG Nutrient plant_status keys: ['root_surface_area', 'tank_volume_L', 'plant_count', 'daily_growth_rate', 'growth_stage', 'senescence_rates', 'stress_factors', 'organ_nutrient_status']
DEBUG Nutrient env_conditions keys: ['temperature', 'ph', 'optimal_ec']
DEBUG Nutrient step 227: Calling calculate_nutrient_dynamics
DEBUG Nutrient plant_status keys: ['root_surface_area', 'tank_volume_L', 'plant_count', 'daily_growth_rate', 'growth_stage', 'senescence_rates', 'stress_factors', 'organ_nutrient_status']
DEBUG Nutrient env_conditions keys: ['temperature', 'ph', 'optimal_ec']
DEBUG Nutrient step 228: Calling calculate_nutrient_dynamics
DEBUG Nutrient plant_status keys: ['root_surface_area', 'tank_volume_L', 'plant_count', 'daily_growth_rate', 'growth_stage', 'senescence_rates', 'stress_factors', 'organ_nutrient_status']
DEBUG Nutrient env_conditions keys: ['temperature', 'ph', 'optimal_ec']
DEBUG Nutrient step 229: Calling calculate_nutrient_dynamics
DEBUG Nutrient plant_status keys: ['root_surface_area', 'tank_volume_L', 'plant_count', 'daily_growth_rate', 'growth_stage', 'senescence_rates', 'stress_factors', 'organ_nutrient_status']
DEBUG Nutrient env_conditions keys: ['temperature', 'ph', 'optimal_ec']
DEBUG Nutrient step 230: Calling calculate_nutrient_dynamics
DEBUG Nutrient plant_status keys: ['root_surface_area', 'tank_volume_L', 'plant_count', 'daily_growth_rate', 'growth_stage', 'senescence_rates', 'stress_factors', 'organ_nutrient_status']
DEBUG Nutrient env_conditions keys: ['temperature', 'ph', 'optimal_ec']
DEBUG Nutrient step 231: Calling calculate_nutrient_dynamics
DEBUG Nutrient plant_status keys: ['root_surface_area', 'tank_volume_L', 'plant_count', 'daily_growth_rate', 'growth_stage', 'senescence_rates', 'stress_factors', 'organ_nutrient_status']
DEBUG Nutrient env_conditions keys: ['temperature', 'ph', 'optimal_ec']
DEBUG Nutrient step 232: Calling calculate_nutrient_dynamics
DEBUG Nutrient plant_status keys: ['root_surface_area', 'tank_volume_L', 'plant_count', 'daily_growth_rate', 'growth_stage', 'senescence_rates', 'stress_factors', 'organ_nutrient_status']
DEBUG Nutrient env_conditions keys: ['temperature', 'ph', 'optimal_ec']
DEBUG Nutrient step 233: Calling calculate_nutrient_dynamics
DEBUG Nutrient plant_status keys: ['root_surface_area', 'tank_volume_L', 'plant_count', 'daily_growth_rate', 'growth_stage', 'senescence_rates', 'stress_factors', 'organ_nutrient_status']
DEBUG Nutrient env_conditions keys: ['temperature', 'ph', 'optimal_ec']
DEBUG Nutrient step 234: Calling calculate_nutrient_dynamics
DEBUG Nutrient plant_status keys: ['root_surface_area', 'tank_volume_L', 'plant_count', 'daily_growth_rate', 'growth_stage', 'senescence_rates', 'stress_factors', 'organ_nutrient_status']
DEBUG Nutrient env_conditions keys: ['temperature', 'ph', 'optimal_ec']
DEBUG Nutrient step 235: Calling calculate_nutrient_dynamics
DEBUG Nutrient plant_status keys: ['root_surface_area', 'tank_volume_L', 'plant_count', 'daily_growth_rate', 'growth_stage', 'senescence_rates', 'stress_factors', 'organ_nutrient_status']
DEBUG Nutrient env_conditions keys: ['temperature', 'ph', 'optimal_ec']
DEBUG Nutrient step 236: Calling calculate_nutrient_dynamics
DEBUG Nutrient plant_status keys: ['root_surface_area', 'tank_volume_L', 'plant_count', 'daily_growth_rate', 'growth_stage', 'senescence_rates', 'stress_factors', 'organ_nutrient_status']
DEBUG Nutrient env_conditions keys: ['temperature', 'ph', 'optimal_ec']
DEBUG Nutrient step 237: Calling calculate_nutrient_dynamics
DEBUG Nutrient plant_status keys: ['root_surface_area', 'tank_volume_L', 'plant_count', 'daily_growth_rate', 'growth_stage', 'senescence_rates', 'stress_factors', 'organ_nutrient_status']
DEBUG Nutrient env_conditions keys: ['temperature', 'ph', 'optimal_ec']
DEBUG Nutrient step 238: Calling calculate_nutrient_dynamics
DEBUG Nutrient plant_status keys: ['root_surface_area', 'tank_volume_L', 'plant_count', 'daily_growth_rate', 'growth_stage', 'senescence_rates', 'stress_factors', 'organ_nutrient_status']
DEBUG Nutrient env_conditions keys: ['temperature', 'ph', 'optimal_ec']
DEBUG Nutrient step 239: Calling calculate_nutrient_dynamics
DEBUG Nutrient plant_status keys: ['root_surface_area', 'tank_volume_L', 'plant_count', 'daily_growth_rate', 'growth_stage', 'senescence_rates', 'stress_factors', 'organ_nutrient_status']
DEBUG Nutrient env_conditions keys: ['temperature', 'ph', 'optimal_ec']
DEBUG Nutrient step 240: Calling calculate_nutrient_dynamics
DEBUG Nutrient plant_status keys: ['root_surface_area', 'tank_volume_L', 'plant_count', 'daily_growth_rate', 'growth_stage', 'senescence_rates', 'stress_factors', 'organ_nutrient_status']
DEBUG Nutrient env_conditions keys: ['temperature', 'ph', 'optimal_ec']
DEBUG Nutrient step 241: Calling calculate_nutrient_dynamics
DEBUG Nutrient plant_status keys: ['root_surface_area', 'tank_volume_L', 'plant_count', 'daily_growth_rate', 'growth_stage', 'senescence_rates', 'stress_factors', 'organ_nutrient_status']
DEBUG Nutrient env_conditions keys: ['temperature', 'ph', 'optimal_ec']
DEBUG Nutrient step 242: Calling calculate_nutrient_dynamics
DEBUG Nutrient plant_status keys: ['root_surface_area', 'tank_volume_L', 'plant_count', 'daily_growth_rate', 'growth_stage', 'senescence_rates', 'stress_factors', 'organ_nutrient_status']
DEBUG Nutrient env_conditions keys: ['temperature', 'ph', 'optimal_ec']
DEBUG Nutrient step 243: Calling calculate_nutrient_dynamics
DEBUG Nutrient plant_status keys: ['root_surface_area', 'tank_volume_L', 'plant_count', 'daily_growth_rate', 'growth_stage', 'senescence_rates', 'stress_factors', 'organ_nutrient_status']
DEBUG Nutrient env_conditions keys: ['temperature', 'ph', 'optimal_ec']
DEBUG Nutrient step 244: Calling calculate_nutrient_dynamics
DEBUG Nutrient plant_status keys: ['root_surface_area', 'tank_volume_L', 'plant_count', 'daily_growth_rate', 'growth_stage', 'senescence_rates', 'stress_factors', 'organ_nutrient_status']
DEBUG Nutrient env_conditions keys: ['temperature', 'ph', 'optimal_ec']
DEBUG Nutrient step 245: Calling calculate_nutrient_dynamics
DEBUG Nutrient plant_status keys: ['root_surface_area', 'tank_volume_L', 'plant_count', 'daily_growth_rate', 'growth_stage', 'senescence_rates', 'stress_factors', 'organ_nutrient_status']
DEBUG Nutrient env_conditions keys: ['temperature', 'ph', 'optimal_ec']
DEBUG Nutrient step 246: Calling calculate_nutrient_dynamics
DEBUG Nutrient plant_status keys: ['root_surface_area', 'tank_volume_L', 'plant_count', 'daily_growth_rate', 'growth_stage', 'senescence_rates', 'stress_factors', 'organ_nutrient_status']
DEBUG Nutrient env_conditions keys: ['temperature', 'ph', 'optimal_ec']
DEBUG Nutrient step 247: Calling calculate_nutrient_dynamics
DEBUG Nutrient plant_status keys: ['root_surface_area', 'tank_volume_L', 'plant_count', 'daily_growth_rate', 'growth_stage', 'senescence_rates', 'stress_factors', 'organ_nutrient_status']
DEBUG Nutrient env_conditions keys: ['temperature', 'ph', 'optimal_ec']
DEBUG Nutrient step 248: Calling calculate_nutrient_dynamics
DEBUG Nutrient plant_status keys: ['root_surface_area', 'tank_volume_L', 'plant_count', 'daily_growth_rate', 'growth_stage', 'senescence_rates', 'stress_factors', 'organ_nutrient_status']
DEBUG Nutrient env_conditions keys: ['temperature', 'ph', 'optimal_ec']
DEBUG Nutrient step 249: Calling calculate_nutrient_dynamics
DEBUG Nutrient plant_status keys: ['root_surface_area', 'tank_volume_L', 'plant_count', 'daily_growth_rate', 'growth_stage', 'senescence_rates', 'stress_factors', 'organ_nutrient_status']
DEBUG Nutrient env_conditions keys: ['temperature', 'ph', 'optimal_ec']
DEBUG Nutrient step 250: Calling calculate_nutrient_dynamics
DEBUG Nutrient plant_status keys: ['root_surface_area', 'tank_volume_L', 'plant_count', 'daily_growth_rate', 'growth_stage', 'senescence_rates', 'stress_factors', 'organ_nutrient_status']
DEBUG Nutrient env_conditions keys: ['temperature', 'ph', 'optimal_ec']
DEBUG Nutrient step 251: Calling calculate_nutrient_dynamics
DEBUG Nutrient plant_status keys: ['root_surface_area', 'tank_volume_L', 'plant_count', 'daily_growth_rate', 'growth_stage', 'senescence_rates', 'stress_factors', 'organ_nutrient_status']
DEBUG Nutrient env_conditions keys: ['temperature', 'ph', 'optimal_ec']
DEBUG Nutrient step 252: Calling calculate_nutrient_dynamics
DEBUG Nutrient plant_status keys: ['root_surface_area', 'tank_volume_L', 'plant_count', 'daily_growth_rate', 'growth_stage', 'senescence_rates', 'stress_factors', 'organ_nutrient_status']
DEBUG Nutrient env_conditions keys: ['temperature', 'ph', 'optimal_ec']
DEBUG Nutrient step 253: Calling calculate_nutrient_dynamics
DEBUG Nutrient plant_status keys: ['root_surface_area', 'tank_volume_L', 'plant_count', 'daily_growth_rate', 'growth_stage', 'senescence_rates', 'stress_factors', 'organ_nutrient_status']
DEBUG Nutrient env_conditions keys: ['temperature', 'ph', 'optimal_ec']
DEBUG Nutrient step 254: Calling calculate_nutrient_dynamics
DEBUG Nutrient plant_status keys: ['root_surface_area', 'tank_volume_L', 'plant_count', 'daily_growth_rate', 'growth_stage', 'senescence_rates', 'stress_factors', 'organ_nutrient_status']
DEBUG Nutrient env_conditions keys: ['temperature', 'ph', 'optimal_ec']
DEBUG Nutrient step 255: Calling calculate_nutrient_dynamics
DEBUG Nutrient plant_status keys: ['root_surface_area', 'tank_volume_L', 'plant_count', 'daily_growth_rate', 'growth_stage', 'senescence_rates', 'stress_factors', 'organ_nutrient_status']
DEBUG Nutrient env_conditions keys: ['temperature', 'ph', 'optimal_ec']
DEBUG Nutrient step 256: Calling calculate_nutrient_dynamics
DEBUG Nutrient plant_status keys: ['root_surface_area', 'tank_volume_L', 'plant_count', 'daily_growth_rate', 'growth_stage', 'senescence_rates', 'stress_factors', 'organ_nutrient_status']
DEBUG Nutrient env_conditions keys: ['temperature', 'ph', 'optimal_ec']
DEBUG Nutrient step 257: Calling calculate_nutrient_dynamics
DEBUG Nutrient plant_status keys: ['root_surface_area', 'tank_volume_L', 'plant_count', 'daily_growth_rate', 'growth_stage', 'senescence_rates', 'stress_factors', 'organ_nutrient_status']
DEBUG Nutrient env_conditions keys: ['temperature', 'ph', 'optimal_ec']
DEBUG Nutrient step 258: Calling calculate_nutrient_dynamics
DEBUG Nutrient plant_status keys: ['root_surface_area', 'tank_volume_L', 'plant_count', 'daily_growth_rate', 'growth_stage', 'senescence_rates', 'stress_factors', 'organ_nutrient_status']
DEBUG Nutrient env_conditions keys: ['temperature', 'ph', 'optimal_ec']
DEBUG Nutrient step 259: Calling calculate_nutrient_dynamics
DEBUG Nutrient plant_status keys: ['root_surface_area', 'tank_volume_L', 'plant_count', 'daily_growth_rate', 'growth_stage', 'senescence_rates', 'stress_factors', 'organ_nutrient_status']
DEBUG Nutrient env_conditions keys: ['temperature', 'ph', 'optimal_ec']
DEBUG Nutrient step 260: Calling calculate_nutrient_dynamics
DEBUG Nutrient plant_status keys: ['root_surface_area', 'tank_volume_L', 'plant_count', 'daily_growth_rate', 'growth_stage', 'senescence_rates', 'stress_factors', 'organ_nutrient_status']
DEBUG Nutrient env_conditions keys: ['temperature', 'ph', 'optimal_ec']
DEBUG Nutrient step 261: Calling calculate_nutrient_dynamics
DEBUG Nutrient plant_status keys: ['root_surface_area', 'tank_volume_L', 'plant_count', 'daily_growth_rate', 'growth_stage', 'senescence_rates', 'stress_factors', 'organ_nutrient_status']
DEBUG Nutrient env_conditions keys: ['temperature', 'ph', 'optimal_ec']
DEBUG Nutrient step 262: Calling calculate_nutrient_dynamics
DEBUG Nutrient plant_status keys: ['root_surface_area', 'tank_volume_L', 'plant_count', 'daily_growth_rate', 'growth_stage', 'senescence_rates', 'stress_factors', 'organ_nutrient_status']
DEBUG Nutrient env_conditions keys: ['temperature', 'ph', 'optimal_ec']
DEBUG Nutrient step 263: Calling calculate_nutrient_dynamics
DEBUG Nutrient plant_status keys: ['root_surface_area', 'tank_volume_L', 'plant_count', 'daily_growth_rate', 'growth_stage', 'senescence_rates', 'stress_factors', 'organ_nutrient_status']
DEBUG Nutrient env_conditions keys: ['temperature', 'ph', 'optimal_ec']
DEBUG Nutrient step 264: Calling calculate_nutrient_dynamics
DEBUG Nutrient plant_status keys: ['root_surface_area', 'tank_volume_L', 'plant_count', 'daily_growth_rate', 'growth_stage', 'senescence_rates', 'stress_factors', 'organ_nutrient_status']
DEBUG Nutrient env_conditions keys: ['temperature', 'ph', 'optimal_ec']
DEBUG Nutrient step 265: Calling calculate_nutrient_dynamics
DEBUG Nutrient plant_status keys: ['root_surface_area', 'tank_volume_L', 'plant_count', 'daily_growth_rate', 'growth_stage', 'senescence_rates', 'stress_factors', 'organ_nutrient_status']
DEBUG Nutrient env_conditions keys: ['temperature', 'ph', 'optimal_ec']
DEBUG Nutrient step 266: Calling calculate_nutrient_dynamics
DEBUG Nutrient plant_status keys: ['root_surface_area', 'tank_volume_L', 'plant_count', 'daily_growth_rate', 'growth_stage', 'senescence_rates', 'stress_factors', 'organ_nutrient_status']
DEBUG Nutrient env_conditions keys: ['temperature', 'ph', 'optimal_ec']
DEBUG Nutrient step 267: Calling calculate_nutrient_dynamics
DEBUG Nutrient plant_status keys: ['root_surface_area', 'tank_volume_L', 'plant_count', 'daily_growth_rate', 'growth_stage', 'senescence_rates', 'stress_factors', 'organ_nutrient_status']
DEBUG Nutrient env_conditions keys: ['temperature', 'ph', 'optimal_ec']
DEBUG Nutrient step 268: Calling calculate_nutrient_dynamics
DEBUG Nutrient plant_status keys: ['root_surface_area', 'tank_volume_L', 'plant_count', 'daily_growth_rate', 'growth_stage', 'senescence_rates', 'stress_factors', 'organ_nutrient_status']
DEBUG Nutrient env_conditions keys: ['temperature', 'ph', 'optimal_ec']
DEBUG Nutrient step 269: Calling calculate_nutrient_dynamics
DEBUG Nutrient plant_status keys: ['root_surface_area', 'tank_volume_L', 'plant_count', 'daily_growth_rate', 'growth_stage', 'senescence_rates', 'stress_factors', 'organ_nutrient_status']
DEBUG Nutrient env_conditions keys: ['temperature', 'ph', 'optimal_ec']
DEBUG Nutrient step 270: Calling calculate_nutrient_dynamics
DEBUG Nutrient plant_status keys: ['root_surface_area', 'tank_volume_L', 'plant_count', 'daily_growth_rate', 'growth_stage', 'senescence_rates', 'stress_factors', 'organ_nutrient_status']
DEBUG Nutrient env_conditions keys: ['temperature', 'ph', 'optimal_ec']
DEBUG Nutrient step 271: Calling calculate_nutrient_dynamics
DEBUG Nutrient plant_status keys: ['root_surface_area', 'tank_volume_L', 'plant_count', 'daily_growth_rate', 'growth_stage', 'senescence_rates', 'stress_factors', 'organ_nutrient_status']
DEBUG Nutrient env_conditions keys: ['temperature', 'ph', 'optimal_ec']
DEBUG Nutrient step 272: Calling calculate_nutrient_dynamics
DEBUG Nutrient plant_status keys: ['root_surface_area', 'tank_volume_L', 'plant_count', 'daily_growth_rate', 'growth_stage', 'senescence_rates', 'stress_factors', 'organ_nutrient_status']
DEBUG Nutrient env_conditions keys: ['temperature', 'ph', 'optimal_ec']
DEBUG Nutrient step 273: Calling calculate_nutrient_dynamics
DEBUG Nutrient plant_status keys: ['root_surface_area', 'tank_volume_L', 'plant_count', 'daily_growth_rate', 'growth_stage', 'senescence_rates', 'stress_factors', 'organ_nutrient_status']
DEBUG Nutrient env_conditions keys: ['temperature', 'ph', 'optimal_ec']
DEBUG Nutrient step 274: Calling calculate_nutrient_dynamics
DEBUG Nutrient plant_status keys: ['root_surface_area', 'tank_volume_L', 'plant_count', 'daily_growth_rate', 'growth_stage', 'senescence_rates', 'stress_factors', 'organ_nutrient_status']
DEBUG Nutrient env_conditions keys: ['temperature', 'ph', 'optimal_ec']
DEBUG Nutrient step 275: Calling calculate_nutrient_dynamics
DEBUG Nutrient plant_status keys: ['root_surface_area', 'tank_volume_L', 'plant_count', 'daily_growth_rate', 'growth_stage', 'senescence_rates', 'stress_factors', 'organ_nutrient_status']
DEBUG Nutrient env_conditions keys: ['temperature', 'ph', 'optimal_ec']
DEBUG Nutrient step 276: Calling calculate_nutrient_dynamics
DEBUG Nutrient plant_status keys: ['root_surface_area', 'tank_volume_L', 'plant_count', 'daily_growth_rate', 'growth_stage', 'senescence_rates', 'stress_factors', 'organ_nutrient_status']
DEBUG Nutrient env_conditions keys: ['temperature', 'ph', 'optimal_ec']
DEBUG Nutrient step 277: Calling calculate_nutrient_dynamics
DEBUG Nutrient plant_status keys: ['root_surface_area', 'tank_volume_L', 'plant_count', 'daily_growth_rate', 'growth_stage', 'senescence_rates', 'stress_factors', 'organ_nutrient_status']
DEBUG Nutrient env_conditions keys: ['temperature', 'ph', 'optimal_ec']
DEBUG Nutrient step 278: Calling calculate_nutrient_dynamics
DEBUG Nutrient plant_status keys: ['root_surface_area', 'tank_volume_L', 'plant_count', 'daily_growth_rate', 'growth_stage', 'senescence_rates', 'stress_factors', 'organ_nutrient_status']
DEBUG Nutrient env_conditions keys: ['temperature', 'ph', 'optimal_ec']
DEBUG Nutrient step 279: Calling calculate_nutrient_dynamics
DEBUG Nutrient plant_status keys: ['root_surface_area', 'tank_volume_L', 'plant_count', 'daily_growth_rate', 'growth_stage', 'senescence_rates', 'stress_factors', 'organ_nutrient_status']
DEBUG Nutrient env_conditions keys: ['temperature', 'ph', 'optimal_ec']
DEBUG Nutrient step 280: Calling calculate_nutrient_dynamics
DEBUG Nutrient plant_status keys: ['root_surface_area', 'tank_volume_L', 'plant_count', 'daily_growth_rate', 'growth_stage', 'senescence_rates', 'stress_factors', 'organ_nutrient_status']
DEBUG Nutrient env_conditions keys: ['temperature', 'ph', 'optimal_ec']
DEBUG Nutrient step 281: Calling calculate_nutrient_dynamics
DEBUG Nutrient plant_status keys: ['root_surface_area', 'tank_volume_L', 'plant_count', 'daily_growth_rate', 'growth_stage', 'senescence_rates', 'stress_factors', 'organ_nutrient_status']
DEBUG Nutrient env_conditions keys: ['temperature', 'ph', 'optimal_ec']
DEBUG Nutrient step 282: Calling calculate_nutrient_dynamics
DEBUG Nutrient plant_status keys: ['root_surface_area', 'tank_volume_L', 'plant_count', 'daily_growth_rate', 'growth_stage', 'senescence_rates', 'stress_factors', 'organ_nutrient_status']
DEBUG Nutrient env_conditions keys: ['temperature', 'ph', 'optimal_ec']
DEBUG Nutrient step 283: Calling calculate_nutrient_dynamics
DEBUG Nutrient plant_status keys: ['root_surface_area', 'tank_volume_L', 'plant_count', 'daily_growth_rate', 'growth_stage', 'senescence_rates', 'stress_factors', 'organ_nutrient_status']
DEBUG Nutrient env_conditions keys: ['temperature', 'ph', 'optimal_ec']
DEBUG Nutrient step 284: Calling calculate_nutrient_dynamics
DEBUG Nutrient plant_status keys: ['root_surface_area', 'tank_volume_L', 'plant_count', 'daily_growth_rate', 'growth_stage', 'senescence_rates', 'stress_factors', 'organ_nutrient_status']
DEBUG Nutrient env_conditions keys: ['temperature', 'ph', 'optimal_ec']
DEBUG Nutrient step 285: Calling calculate_nutrient_dynamics
DEBUG Nutrient plant_status keys: ['root_surface_area', 'tank_volume_L', 'plant_count', 'daily_growth_rate', 'growth_stage', 'senescence_rates', 'stress_factors', 'organ_nutrient_status']
DEBUG Nutrient env_conditions keys: ['temperature', 'ph', 'optimal_ec']
DEBUG Nutrient step 286: Calling calculate_nutrient_dynamics
DEBUG Nutrient plant_status keys: ['root_surface_area', 'tank_volume_L', 'plant_count', 'daily_growth_rate', 'growth_stage', 'senescence_rates', 'stress_factors', 'organ_nutrient_status']
DEBUG Nutrient env_conditions keys: ['temperature', 'ph', 'optimal_ec']
DEBUG Nutrient step 287: Calling calculate_nutrient_dynamics
DEBUG Nutrient plant_status keys: ['root_surface_area', 'tank_volume_L', 'plant_count', 'daily_growth_rate', 'growth_stage', 'senescence_rates', 'stress_factors', 'organ_nutrient_status']
DEBUG Nutrient env_conditions keys: ['temperature', 'ph', 'optimal_ec']
DEBUG Nutrient step 288: Calling calculate_nutrient_dynamics
DEBUG Nutrient plant_status keys: ['root_surface_area', 'tank_volume_L', 'plant_count', 'daily_growth_rate', 'growth_stage', 'senescence_rates', 'stress_factors', 'organ_nutrient_status']
DEBUG Nutrient env_conditions keys: ['temperature', 'ph', 'optimal_ec']
DEBUG Nutrient step 289: Calling calculate_nutrient_dynamics
DEBUG Nutrient plant_status keys: ['root_surface_area', 'tank_volume_L', 'plant_count', 'daily_growth_rate', 'growth_stage', 'senescence_rates', 'stress_factors', 'organ_nutrient_status']
DEBUG Nutrient env_conditions keys: ['temperature', 'ph', 'optimal_ec']
DEBUG Nutrient step 290: Calling calculate_nutrient_dynamics
DEBUG Nutrient plant_status keys: ['root_surface_area', 'tank_volume_L', 'plant_count', 'daily_growth_rate', 'growth_stage', 'senescence_rates', 'stress_factors', 'organ_nutrient_status']
DEBUG Nutrient env_conditions keys: ['temperature', 'ph', 'optimal_ec']
DEBUG Nutrient step 291: Calling calculate_nutrient_dynamics
DEBUG Nutrient plant_status keys: ['root_surface_area', 'tank_volume_L', 'plant_count', 'daily_growth_rate', 'growth_stage', 'senescence_rates', 'stress_factors', 'organ_nutrient_status']
DEBUG Nutrient env_conditions keys: ['temperature', 'ph', 'optimal_ec']
DEBUG Nutrient step 292: Calling calculate_nutrient_dynamics
DEBUG Nutrient plant_status keys: ['root_surface_area', 'tank_volume_L', 'plant_count', 'daily_growth_rate', 'growth_stage', 'senescence_rates', 'stress_factors', 'organ_nutrient_status']
DEBUG Nutrient env_conditions keys: ['temperature', 'ph', 'optimal_ec']
DEBUG Nutrient step 293: Calling calculate_nutrient_dynamics
DEBUG Nutrient plant_status keys: ['root_surface_area', 'tank_volume_L', 'plant_count', 'daily_growth_rate', 'growth_stage', 'senescence_rates', 'stress_factors', 'organ_nutrient_status']
DEBUG Nutrient env_conditions keys: ['temperature', 'ph', 'optimal_ec']
DEBUG Nutrient step 294: Calling calculate_nutrient_dynamics
DEBUG Nutrient plant_status keys: ['root_surface_area', 'tank_volume_L', 'plant_count', 'daily_growth_rate', 'growth_stage', 'senescence_rates', 'stress_factors', 'organ_nutrient_status']
DEBUG Nutrient env_conditions keys: ['temperature', 'ph', 'optimal_ec']
DEBUG Nutrient step 295: Calling calculate_nutrient_dynamics
DEBUG Nutrient plant_status keys: ['root_surface_area', 'tank_volume_L', 'plant_count', 'daily_growth_rate', 'growth_stage', 'senescence_rates', 'stress_factors', 'organ_nutrient_status']
DEBUG Nutrient env_conditions keys: ['temperature', 'ph', 'optimal_ec']
DEBUG Nutrient step 296: Calling calculate_nutrient_dynamics
DEBUG Nutrient plant_status keys: ['root_surface_area', 'tank_volume_L', 'plant_count', 'daily_growth_rate', 'growth_stage', 'senescence_rates', 'stress_factors', 'organ_nutrient_status']
DEBUG Nutrient env_conditions keys: ['temperature', 'ph', 'optimal_ec']
DEBUG Nutrient step 297: Calling calculate_nutrient_dynamics
DEBUG Nutrient plant_status keys: ['root_surface_area', 'tank_volume_L', 'plant_count', 'daily_growth_rate', 'growth_stage', 'senescence_rates', 'stress_factors', 'organ_nutrient_status']
DEBUG Nutrient env_conditions keys: ['temperature', 'ph', 'optimal_ec']
DEBUG Nutrient step 298: Calling calculate_nutrient_dynamics
DEBUG Nutrient plant_status keys: ['root_surface_area', 'tank_volume_L', 'plant_count', 'daily_growth_rate', 'growth_stage', 'senescence_rates', 'stress_factors', 'organ_nutrient_status']
DEBUG Nutrient env_conditions keys: ['temperature', 'ph', 'optimal_ec']
DEBUG Nutrient step 299: Calling calculate_nutrient_dynamics
DEBUG Nutrient plant_status keys: ['root_surface_area', 'tank_volume_L', 'plant_count', 'daily_growth_rate', 'growth_stage', 'senescence_rates', 'stress_factors', 'organ_nutrient_status']
DEBUG Nutrient env_conditions keys: ['temperature', 'ph', 'optimal_ec']
DEBUG Nutrient step 300: Calling calculate_nutrient_dynamics
DEBUG Nutrient plant_status keys: ['root_surface_area', 'tank_volume_L', 'plant_count', 'daily_growth_rate', 'growth_stage', 'senescence_rates', 'stress_factors', 'organ_nutrient_status']
DEBUG Nutrient env_conditions keys: ['temperature', 'ph', 'optimal_ec']
DEBUG Nutrient step 301: Calling calculate_nutrient_dynamics
DEBUG Nutrient plant_status keys: ['root_surface_area', 'tank_volume_L', 'plant_count', 'daily_growth_rate', 'growth_stage', 'senescence_rates', 'stress_factors', 'organ_nutrient_status']
DEBUG Nutrient env_conditions keys: ['temperature', 'ph', 'optimal_ec']
DEBUG Nutrient step 302: Calling calculate_nutrient_dynamics
DEBUG Nutrient plant_status keys: ['root_surface_area', 'tank_volume_L', 'plant_count', 'daily_growth_rate', 'growth_stage', 'senescence_rates', 'stress_factors', 'organ_nutrient_status']
DEBUG Nutrient env_conditions keys: ['temperature', 'ph', 'optimal_ec']
DEBUG Nutrient step 303: Calling calculate_nutrient_dynamics
DEBUG Nutrient plant_status keys: ['root_surface_area', 'tank_volume_L', 'plant_count', 'daily_growth_rate', 'growth_stage', 'senescence_rates', 'stress_factors', 'organ_nutrient_status']
DEBUG Nutrient env_conditions keys: ['temperature', 'ph', 'optimal_ec']
DEBUG Nutrient step 304: Calling calculate_nutrient_dynamics
DEBUG Nutrient plant_status keys: ['root_surface_area', 'tank_volume_L', 'plant_count', 'daily_growth_rate', 'growth_stage', 'senescence_rates', 'stress_factors', 'organ_nutrient_status']
DEBUG Nutrient env_conditions keys: ['temperature', 'ph', 'optimal_ec']
DEBUG Nutrient step 305: Calling calculate_nutrient_dynamics
DEBUG Nutrient plant_status keys: ['root_surface_area', 'tank_volume_L', 'plant_count', 'daily_growth_rate', 'growth_stage', 'senescence_rates', 'stress_factors', 'organ_nutrient_status']
DEBUG Nutrient env_conditions keys: ['temperature', 'ph', 'optimal_ec']
DEBUG Nutrient step 306: Calling calculate_nutrient_dynamics
DEBUG Nutrient plant_status keys: ['root_surface_area', 'tank_volume_L', 'plant_count', 'daily_growth_rate', 'growth_stage', 'senescence_rates', 'stress_factors', 'organ_nutrient_status']
DEBUG Nutrient env_conditions keys: ['temperature', 'ph', 'optimal_ec']
DEBUG Nutrient step 307: Calling calculate_nutrient_dynamics
DEBUG Nutrient plant_status keys: ['root_surface_area', 'tank_volume_L', 'plant_count', 'daily_growth_rate', 'growth_stage', 'senescence_rates', 'stress_factors', 'organ_nutrient_status']
DEBUG Nutrient env_conditions keys: ['temperature', 'ph', 'optimal_ec']
DEBUG Nutrient step 308: Calling calculate_nutrient_dynamics
DEBUG Nutrient plant_status keys: ['root_surface_area', 'tank_volume_L', 'plant_count', 'daily_growth_rate', 'growth_stage', 'senescence_rates', 'stress_factors', 'organ_nutrient_status']
DEBUG Nutrient env_conditions keys: ['temperature', 'ph', 'optimal_ec']
DEBUG Nutrient step 309: Calling calculate_nutrient_dynamics
DEBUG Nutrient plant_status keys: ['root_surface_area', 'tank_volume_L', 'plant_count', 'daily_growth_rate', 'growth_stage', 'senescence_rates', 'stress_factors', 'organ_nutrient_status']
DEBUG Nutrient env_conditions keys: ['temperature', 'ph', 'optimal_ec']
DEBUG Nutrient step 310: Calling calculate_nutrient_dynamics
DEBUG Nutrient plant_status keys: ['root_surface_area', 'tank_volume_L', 'plant_count', 'daily_growth_rate', 'growth_stage', 'senescence_rates', 'stress_factors', 'organ_nutrient_status']
DEBUG Nutrient env_conditions keys: ['temperature', 'ph', 'optimal_ec']
DEBUG Nutrient step 311: Calling calculate_nutrient_dynamics
DEBUG Nutrient plant_status keys: ['root_surface_area', 'tank_volume_L', 'plant_count', 'daily_growth_rate', 'growth_stage', 'senescence_rates', 'stress_factors', 'organ_nutrient_status']
DEBUG Nutrient env_conditions keys: ['temperature', 'ph', 'optimal_ec']
DEBUG Nutrient step 312: Calling calculate_nutrient_dynamics
DEBUG Nutrient plant_status keys: ['root_surface_area', 'tank_volume_L', 'plant_count', 'daily_growth_rate', 'growth_stage', 'senescence_rates', 'stress_factors', 'organ_nutrient_status']
DEBUG Nutrient env_conditions keys: ['temperature', 'ph', 'optimal_ec']
DEBUG Nutrient step 313: Calling calculate_nutrient_dynamics
DEBUG Nutrient plant_status keys: ['root_surface_area', 'tank_volume_L', 'plant_count', 'daily_growth_rate', 'growth_stage', 'senescence_rates', 'stress_factors', 'organ_nutrient_status']
DEBUG Nutrient env_conditions keys: ['temperature', 'ph', 'optimal_ec']
DEBUG Nutrient step 314: Calling calculate_nutrient_dynamics
DEBUG Nutrient plant_status keys: ['root_surface_area', 'tank_volume_L', 'plant_count', 'daily_growth_rate', 'growth_stage', 'senescence_rates', 'stress_factors', 'organ_nutrient_status']
DEBUG Nutrient env_conditions keys: ['temperature', 'ph', 'optimal_ec']
DEBUG Nutrient step 315: Calling calculate_nutrient_dynamics
DEBUG Nutrient plant_status keys: ['root_surface_area', 'tank_volume_L', 'plant_count', 'daily_growth_rate', 'growth_stage', 'senescence_rates', 'stress_factors', 'organ_nutrient_status']
DEBUG Nutrient env_conditions keys: ['temperature', 'ph', 'optimal_ec']
DEBUG Nutrient step 316: Calling calculate_nutrient_dynamics
DEBUG Nutrient plant_status keys: ['root_surface_area', 'tank_volume_L', 'plant_count', 'daily_growth_rate', 'growth_stage', 'senescence_rates', 'stress_factors', 'organ_nutrient_status']
DEBUG Nutrient env_conditions keys: ['temperature', 'ph', 'optimal_ec']
DEBUG Nutrient step 317: Calling calculate_nutrient_dynamics
DEBUG Nutrient plant_status keys: ['root_surface_area', 'tank_volume_L', 'plant_count', 'daily_growth_rate', 'growth_stage', 'senescence_rates', 'stress_factors', 'organ_nutrient_status']
DEBUG Nutrient env_conditions keys: ['temperature', 'ph', 'optimal_ec']
DEBUG Nutrient step 318: Calling calculate_nutrient_dynamics
DEBUG Nutrient plant_status keys: ['root_surface_area', 'tank_volume_L', 'plant_count', 'daily_growth_rate', 'growth_stage', 'senescence_rates', 'stress_factors', 'organ_nutrient_status']
DEBUG Nutrient env_conditions keys: ['temperature', 'ph', 'optimal_ec']
DEBUG Nutrient step 319: Calling calculate_nutrient_dynamics
DEBUG Nutrient plant_status keys: ['root_surface_area', 'tank_volume_L', 'plant_count', 'daily_growth_rate', 'growth_stage', 'senescence_rates', 'stress_factors', 'organ_nutrient_status']
DEBUG Nutrient env_conditions keys: ['temperature', 'ph', 'optimal_ec']
DEBUG Nutrient step 320: Calling calculate_nutrient_dynamics
DEBUG Nutrient plant_status keys: ['root_surface_area', 'tank_volume_L', 'plant_count', 'daily_growth_rate', 'growth_stage', 'senescence_rates', 'stress_factors', 'organ_nutrient_status']
DEBUG Nutrient env_conditions keys: ['temperature', 'ph', 'optimal_ec']
DEBUG Nutrient step 321: Calling calculate_nutrient_dynamics
DEBUG Nutrient plant_status keys: ['root_surface_area', 'tank_volume_L', 'plant_count', 'daily_growth_rate', 'growth_stage', 'senescence_rates', 'stress_factors', 'organ_nutrient_status']
DEBUG Nutrient env_conditions keys: ['temperature', 'ph', 'optimal_ec']
DEBUG Nutrient step 322: Calling calculate_nutrient_dynamics
DEBUG Nutrient plant_status keys: ['root_surface_area', 'tank_volume_L', 'plant_count', 'daily_growth_rate', 'growth_stage', 'senescence_rates', 'stress_factors', 'organ_nutrient_status']
DEBUG Nutrient env_conditions keys: ['temperature', 'ph', 'optimal_ec']
DEBUG Nutrient step 323: Calling calculate_nutrient_dynamics
DEBUG Nutrient plant_status keys: ['root_surface_area', 'tank_volume_L', 'plant_count', 'daily_growth_rate', 'growth_stage', 'senescence_rates', 'stress_factors', 'organ_nutrient_status']
DEBUG Nutrient env_conditions keys: ['temperature', 'ph', 'optimal_ec']
DEBUG Nutrient step 324: Calling calculate_nutrient_dynamics
DEBUG Nutrient plant_status keys: ['root_surface_area', 'tank_volume_L', 'plant_count', 'daily_growth_rate', 'growth_stage', 'senescence_rates', 'stress_factors', 'organ_nutrient_status']
DEBUG Nutrient env_conditions keys: ['temperature', 'ph', 'optimal_ec']
DEBUG Nutrient step 325: Calling calculate_nutrient_dynamics
DEBUG Nutrient plant_status keys: ['root_surface_area', 'tank_volume_L', 'plant_count', 'daily_growth_rate', 'growth_stage', 'senescence_rates', 'stress_factors', 'organ_nutrient_status']
DEBUG Nutrient env_conditions keys: ['temperature', 'ph', 'optimal_ec']
DEBUG Nutrient step 326: Calling calculate_nutrient_dynamics
DEBUG Nutrient plant_status keys: ['root_surface_area', 'tank_volume_L', 'plant_count', 'daily_growth_rate', 'growth_stage', 'senescence_rates', 'stress_factors', 'organ_nutrient_status']
DEBUG Nutrient env_conditions keys: ['temperature', 'ph', 'optimal_ec']
DEBUG Nutrient step 327: Calling calculate_nutrient_dynamics
DEBUG Nutrient plant_status keys: ['root_surface_area', 'tank_volume_L', 'plant_count', 'daily_growth_rate', 'growth_stage', 'senescence_rates', 'stress_factors', 'organ_nutrient_status']
DEBUG Nutrient env_conditions keys: ['temperature', 'ph', 'optimal_ec']
DEBUG Nutrient step 328: Calling calculate_nutrient_dynamics
DEBUG Nutrient plant_status keys: ['root_surface_area', 'tank_volume_L', 'plant_count', 'daily_growth_rate', 'growth_stage', 'senescence_rates', 'stress_factors', 'organ_nutrient_status']
DEBUG Nutrient env_conditions keys: ['temperature', 'ph', 'optimal_ec']
DEBUG Nutrient step 329: Calling calculate_nutrient_dynamics
DEBUG Nutrient plant_status keys: ['root_surface_area', 'tank_volume_L', 'plant_count', 'daily_growth_rate', 'growth_stage', 'senescence_rates', 'stress_factors', 'organ_nutrient_status']
DEBUG Nutrient env_conditions keys: ['temperature', 'ph', 'optimal_ec']
DEBUG Nutrient step 330: Calling calculate_nutrient_dynamics
DEBUG Nutrient plant_status keys: ['root_surface_area', 'tank_volume_L', 'plant_count', 'daily_growth_rate', 'growth_stage', 'senescence_rates', 'stress_factors', 'organ_nutrient_status']
DEBUG Nutrient env_conditions keys: ['temperature', 'ph', 'optimal_ec']
DEBUG Nutrient step 331: Calling calculate_nutrient_dynamics
DEBUG Nutrient plant_status keys: ['root_surface_area', 'tank_volume_L', 'plant_count', 'daily_growth_rate', 'growth_stage', 'senescence_rates', 'stress_factors', 'organ_nutrient_status']
DEBUG Nutrient env_conditions keys: ['temperature', 'ph', 'optimal_ec']
DEBUG Nutrient step 332: Calling calculate_nutrient_dynamics
DEBUG Nutrient plant_status keys: ['root_surface_area', 'tank_volume_L', 'plant_count', 'daily_growth_rate', 'growth_stage', 'senescence_rates', 'stress_factors', 'organ_nutrient_status']
DEBUG Nutrient env_conditions keys: ['temperature', 'ph', 'optimal_ec']
DEBUG Nutrient step 333: Calling calculate_nutrient_dynamics
DEBUG Nutrient plant_status keys: ['root_surface_area', 'tank_volume_L', 'plant_count', 'daily_growth_rate', 'growth_stage', 'senescence_rates', 'stress_factors', 'organ_nutrient_status']
DEBUG Nutrient env_conditions keys: ['temperature', 'ph', 'optimal_ec']
DEBUG Nutrient step 334: Calling calculate_nutrient_dynamics
DEBUG Nutrient plant_status keys: ['root_surface_area', 'tank_volume_L', 'plant_count', 'daily_growth_rate', 'growth_stage', 'senescence_rates', 'stress_factors', 'organ_nutrient_status']
DEBUG Nutrient env_conditions keys: ['temperature', 'ph', 'optimal_ec']
DEBUG Nutrient step 335: Calling calculate_nutrient_dynamics
DEBUG Nutrient plant_status keys: ['root_surface_area', 'tank_volume_L', 'plant_count', 'daily_growth_rate', 'growth_stage', 'senescence_rates', 'stress_factors', 'organ_nutrient_status']
DEBUG Nutrient env_conditions keys: ['temperature', 'ph', 'optimal_ec']
DEBUG Nutrient step 336: Calling calculate_nutrient_dynamics
DEBUG Nutrient plant_status keys: ['root_surface_area', 'tank_volume_L', 'plant_count', 'daily_growth_rate', 'growth_stage', 'senescence_rates', 'stress_factors', 'organ_nutrient_status']
DEBUG Nutrient env_conditions keys: ['temperature', 'ph', 'optimal_ec']
DEBUG Nutrient step 337: Calling calculate_nutrient_dynamics
DEBUG Nutrient plant_status keys: ['root_surface_area', 'tank_volume_L', 'plant_count', 'daily_growth_rate', 'growth_stage', 'senescence_rates', 'stress_factors', 'organ_nutrient_status']
DEBUG Nutrient env_conditions keys: ['temperature', 'ph', 'optimal_ec']
DEBUG Nutrient step 338: Calling calculate_nutrient_dynamics
DEBUG Nutrient plant_status keys: ['root_surface_area', 'tank_volume_L', 'plant_count', 'daily_growth_rate', 'growth_stage', 'senescence_rates', 'stress_factors', 'organ_nutrient_status']
DEBUG Nutrient env_conditions keys: ['temperature', 'ph', 'optimal_ec']
DEBUG Nutrient step 339: Calling calculate_nutrient_dynamics
DEBUG Nutrient plant_status keys: ['root_surface_area', 'tank_volume_L', 'plant_count', 'daily_growth_rate', 'growth_stage', 'senescence_rates', 'stress_factors', 'organ_nutrient_status']
DEBUG Nutrient env_conditions keys: ['temperature', 'ph', 'optimal_ec']
DEBUG Nutrient step 340: Calling calculate_nutrient_dynamics
DEBUG Nutrient plant_status keys: ['root_surface_area', 'tank_volume_L', 'plant_count', 'daily_growth_rate', 'growth_stage', 'senescence_rates', 'stress_factors', 'organ_nutrient_status']
DEBUG Nutrient env_conditions keys: ['temperature', 'ph', 'optimal_ec']
DEBUG Nutrient step 341: Calling calculate_nutrient_dynamics
DEBUG Nutrient plant_status keys: ['root_surface_area', 'tank_volume_L', 'plant_count', 'daily_growth_rate', 'growth_stage', 'senescence_rates', 'stress_factors', 'organ_nutrient_status']
DEBUG Nutrient env_conditions keys: ['temperature', 'ph', 'optimal_ec']
DEBUG Nutrient step 342: Calling calculate_nutrient_dynamics
DEBUG Nutrient plant_status keys: ['root_surface_area', 'tank_volume_L', 'plant_count', 'daily_growth_rate', 'growth_stage', 'senescence_rates', 'stress_factors', 'organ_nutrient_status']
DEBUG Nutrient env_conditions keys: ['temperature', 'ph', 'optimal_ec']
DEBUG Nutrient step 343: Calling calculate_nutrient_dynamics
DEBUG Nutrient plant_status keys: ['root_surface_area', 'tank_volume_L', 'plant_count', 'daily_growth_rate', 'growth_stage', 'senescence_rates', 'stress_factors', 'organ_nutrient_status']
DEBUG Nutrient env_conditions keys: ['temperature', 'ph', 'optimal_ec']
DEBUG Nutrient step 344: Calling calculate_nutrient_dynamics
DEBUG Nutrient plant_status keys: ['root_surface_area', 'tank_volume_L', 'plant_count', 'daily_growth_rate', 'growth_stage', 'senescence_rates', 'stress_factors', 'organ_nutrient_status']
DEBUG Nutrient env_conditions keys: ['temperature', 'ph', 'optimal_ec']
DEBUG Nutrient step 345: Calling calculate_nutrient_dynamics
DEBUG Nutrient plant_status keys: ['root_surface_area', 'tank_volume_L', 'plant_count', 'daily_growth_rate', 'growth_stage', 'senescence_rates', 'stress_factors', 'organ_nutrient_status']
DEBUG Nutrient env_conditions keys: ['temperature', 'ph', 'optimal_ec']
DEBUG Nutrient step 346: Calling calculate_nutrient_dynamics
DEBUG Nutrient plant_status keys: ['root_surface_area', 'tank_volume_L', 'plant_count', 'daily_growth_rate', 'growth_stage', 'senescence_rates', 'stress_factors', 'organ_nutrient_status']
DEBUG Nutrient env_conditions keys: ['temperature', 'ph', 'optimal_ec']
DEBUG Nutrient step 347: Calling calculate_nutrient_dynamics
DEBUG Nutrient plant_status keys: ['root_surface_area', 'tank_volume_L', 'plant_count', 'daily_growth_rate', 'growth_stage', 'senescence_rates', 'stress_factors', 'organ_nutrient_status']
DEBUG Nutrient env_conditions keys: ['temperature', 'ph', 'optimal_ec']
DEBUG Nutrient step 348: Calling calculate_nutrient_dynamics
DEBUG Nutrient plant_status keys: ['root_surface_area', 'tank_volume_L', 'plant_count', 'daily_growth_rate', 'growth_stage', 'senescence_rates', 'stress_factors', 'organ_nutrient_status']
DEBUG Nutrient env_conditions keys: ['temperature', 'ph', 'optimal_ec']
DEBUG Nutrient step 349: Calling calculate_nutrient_dynamics
DEBUG Nutrient plant_status keys: ['root_surface_area', 'tank_volume_L', 'plant_count', 'daily_growth_rate', 'growth_stage', 'senescence_rates', 'stress_factors', 'organ_nutrient_status']
DEBUG Nutrient env_conditions keys: ['temperature', 'ph', 'optimal_ec']
DEBUG Nutrient step 350: Calling calculate_nutrient_dynamics
DEBUG Nutrient plant_status keys: ['root_surface_area', 'tank_volume_L', 'plant_count', 'daily_growth_rate', 'growth_stage', 'senescence_rates', 'stress_factors', 'organ_nutrient_status']
DEBUG Nutrient env_conditions keys: ['temperature', 'ph', 'optimal_ec']
DEBUG Nutrient step 351: Calling calculate_nutrient_dynamics
DEBUG Nutrient plant_status keys: ['root_surface_area', 'tank_volume_L', 'plant_count', 'daily_growth_rate', 'growth_stage', 'senescence_rates', 'stress_factors', 'organ_nutrient_status']
DEBUG Nutrient env_conditions keys: ['temperature', 'ph', 'optimal_ec']
DEBUG Nutrient step 352: Calling calculate_nutrient_dynamics
DEBUG Nutrient plant_status keys: ['root_surface_area', 'tank_volume_L', 'plant_count', 'daily_growth_rate', 'growth_stage', 'senescence_rates', 'stress_factors', 'organ_nutrient_status']
DEBUG Nutrient env_conditions keys: ['temperature', 'ph', 'optimal_ec']
DEBUG Nutrient step 353: Calling calculate_nutrient_dynamics
DEBUG Nutrient plant_status keys: ['root_surface_area', 'tank_volume_L', 'plant_count', 'daily_growth_rate', 'growth_stage', 'senescence_rates', 'stress_factors', 'organ_nutrient_status']
DEBUG Nutrient env_conditions keys: ['temperature', 'ph', 'optimal_ec']
DEBUG Nutrient step 354: Calling calculate_nutrient_dynamics
DEBUG Nutrient plant_status keys: ['root_surface_area', 'tank_volume_L', 'plant_count', 'daily_growth_rate', 'growth_stage', 'senescence_rates', 'stress_factors', 'organ_nutrient_status']
DEBUG Nutrient env_conditions keys: ['temperature', 'ph', 'optimal_ec']
DEBUG Nutrient step 355: Calling calculate_nutrient_dynamics
DEBUG Nutrient plant_status keys: ['root_surface_area', 'tank_volume_L', 'plant_count', 'daily_growth_rate', 'growth_stage', 'senescence_rates', 'stress_factors', 'organ_nutrient_status']
DEBUG Nutrient env_conditions keys: ['temperature', 'ph', 'optimal_ec']
DEBUG Nutrient step 356: Calling calculate_nutrient_dynamics
DEBUG Nutrient plant_status keys: ['root_surface_area', 'tank_volume_L', 'plant_count', 'daily_growth_rate', 'growth_stage', 'senescence_rates', 'stress_factors', 'organ_nutrient_status']
DEBUG Nutrient env_conditions keys: ['temperature', 'ph', 'optimal_ec']
DEBUG Nutrient step 357: Calling calculate_nutrient_dynamics
DEBUG Nutrient plant_status keys: ['root_surface_area', 'tank_volume_L', 'plant_count', 'daily_growth_rate', 'growth_stage', 'senescence_rates', 'stress_factors', 'organ_nutrient_status']
DEBUG Nutrient env_conditions keys: ['temperature', 'ph', 'optimal_ec']
DEBUG Nutrient step 358: Calling calculate_nutrient_dynamics
DEBUG Nutrient plant_status keys: ['root_surface_area', 'tank_volume_L', 'plant_count', 'daily_growth_rate', 'growth_stage', 'senescence_rates', 'stress_factors', 'organ_nutrient_status']
DEBUG Nutrient env_conditions keys: ['temperature', 'ph', 'optimal_ec']
DEBUG Nutrient step 359: Calling calculate_nutrient_dynamics
DEBUG Nutrient plant_status keys: ['root_surface_area', 'tank_volume_L', 'plant_count', 'daily_growth_rate', 'growth_stage', 'senescence_rates', 'stress_factors', 'organ_nutrient_status']
DEBUG Nutrient env_conditions keys: ['temperature', 'ph', 'optimal_ec']
DEBUG Nutrient step 360: Calling calculate_nutrient_dynamics
DEBUG Nutrient plant_status keys: ['root_surface_area', 'tank_volume_L', 'plant_count', 'daily_growth_rate', 'growth_stage', 'senescence_rates', 'stress_factors', 'organ_nutrient_status']
DEBUG Nutrient env_conditions keys: ['temperature', 'ph', 'optimal_ec']
DEBUG Nutrient step 361: Calling calculate_nutrient_dynamics
DEBUG Nutrient plant_status keys: ['root_surface_area', 'tank_volume_L', 'plant_count', 'daily_growth_rate', 'growth_stage', 'senescence_rates', 'stress_factors', 'organ_nutrient_status']
DEBUG Nutrient env_conditions keys: ['temperature', 'ph', 'optimal_ec']
DEBUG Nutrient step 362: Calling calculate_nutrient_dynamics
DEBUG Nutrient plant_status keys: ['root_surface_area', 'tank_volume_L', 'plant_count', 'daily_growth_rate', 'growth_stage', 'senescence_rates', 'stress_factors', 'organ_nutrient_status']
DEBUG Nutrient env_conditions keys: ['temperature', 'ph', 'optimal_ec']
DEBUG Nutrient step 363: Calling calculate_nutrient_dynamics
DEBUG Nutrient plant_status keys: ['root_surface_area', 'tank_volume_L', 'plant_count', 'daily_growth_rate', 'growth_stage', 'senescence_rates', 'stress_factors', 'organ_nutrient_status']
DEBUG Nutrient env_conditions keys: ['temperature', 'ph', 'optimal_ec']
DEBUG Nutrient step 364: Calling calculate_nutrient_dynamics
DEBUG Nutrient plant_status keys: ['root_surface_area', 'tank_volume_L', 'plant_count', 'daily_growth_rate', 'growth_stage', 'senescence_rates', 'stress_factors', 'organ_nutrient_status']
DEBUG Nutrient env_conditions keys: ['temperature', 'ph', 'optimal_ec']
DEBUG Nutrient step 365: Calling calculate_nutrient_dynamics
DEBUG Nutrient plant_status keys: ['root_surface_area', 'tank_volume_L', 'plant_count', 'daily_growth_rate', 'growth_stage', 'senescence_rates', 'stress_factors', 'organ_nutrient_status']
DEBUG Nutrient env_conditions keys: ['temperature', 'ph', 'optimal_ec']
DEBUG Nutrient step 366: Calling calculate_nutrient_dynamics
DEBUG Nutrient plant_status keys: ['root_surface_area', 'tank_volume_L', 'plant_count', 'daily_growth_rate', 'growth_stage', 'senescence_rates', 'stress_factors', 'organ_nutrient_status']
DEBUG Nutrient env_conditions keys: ['temperature', 'ph', 'optimal_ec']
DEBUG Nutrient step 367: Calling calculate_nutrient_dynamics
DEBUG Nutrient plant_status keys: ['root_surface_area', 'tank_volume_L', 'plant_count', 'daily_growth_rate', 'growth_stage', 'senescence_rates', 'stress_factors', 'organ_nutrient_status']
DEBUG Nutrient env_conditions keys: ['temperature', 'ph', 'optimal_ec']
DEBUG Nutrient step 368: Calling calculate_nutrient_dynamics
DEBUG Nutrient plant_status keys: ['root_surface_area', 'tank_volume_L', 'plant_count', 'daily_growth_rate', 'growth_stage', 'senescence_rates', 'stress_factors', 'organ_nutrient_status']
DEBUG Nutrient env_conditions keys: ['temperature', 'ph', 'optimal_ec']
DEBUG Nutrient step 369: Calling calculate_nutrient_dynamics
DEBUG Nutrient plant_status keys: ['root_surface_area', 'tank_volume_L', 'plant_count', 'daily_growth_rate', 'growth_stage', 'senescence_rates', 'stress_factors', 'organ_nutrient_status']
DEBUG Nutrient env_conditions keys: ['temperature', 'ph', 'optimal_ec']
DEBUG Nutrient step 370: Calling calculate_nutrient_dynamics
DEBUG Nutrient plant_status keys: ['root_surface_area', 'tank_volume_L', 'plant_count', 'daily_growth_rate', 'growth_stage', 'senescence_rates', 'stress_factors', 'organ_nutrient_status']
DEBUG Nutrient env_conditions keys: ['temperature', 'ph', 'optimal_ec']
DEBUG Nutrient step 371: Calling calculate_nutrient_dynamics
DEBUG Nutrient plant_status keys: ['root_surface_area', 'tank_volume_L', 'plant_count', 'daily_growth_rate', 'growth_stage', 'senescence_rates', 'stress_factors', 'organ_nutrient_status']
DEBUG Nutrient env_conditions keys: ['temperature', 'ph', 'optimal_ec']
DEBUG Nutrient step 372: Calling calculate_nutrient_dynamics
DEBUG Nutrient plant_status keys: ['root_surface_area', 'tank_volume_L', 'plant_count', 'daily_growth_rate', 'growth_stage', 'senescence_rates', 'stress_factors', 'organ_nutrient_status']
DEBUG Nutrient env_conditions keys: ['temperature', 'ph', 'optimal_ec']
DEBUG Nutrient step 373: Calling calculate_nutrient_dynamics
DEBUG Nutrient plant_status keys: ['root_surface_area', 'tank_volume_L', 'plant_count', 'daily_growth_rate', 'growth_stage', 'senescence_rates', 'stress_factors', 'organ_nutrient_status']
DEBUG Nutrient env_conditions keys: ['temperature', 'ph', 'optimal_ec']
DEBUG Nutrient step 374: Calling calculate_nutrient_dynamics
DEBUG Nutrient plant_status keys: ['root_surface_area', 'tank_volume_L', 'plant_count', 'daily_growth_rate', 'growth_stage', 'senescence_rates', 'stress_factors', 'organ_nutrient_status']
DEBUG Nutrient env_conditions keys: ['temperature', 'ph', 'optimal_ec']
DEBUG Nutrient step 375: Calling calculate_nutrient_dynamics
DEBUG Nutrient plant_status keys: ['root_surface_area', 'tank_volume_L', 'plant_count', 'daily_growth_rate', 'growth_stage', 'senescence_rates', 'stress_factors', 'organ_nutrient_status']
DEBUG Nutrient env_conditions keys: ['temperature', 'ph', 'optimal_ec']
DEBUG Nutrient step 376: Calling calculate_nutrient_dynamics
DEBUG Nutrient plant_status keys: ['root_surface_area', 'tank_volume_L', 'plant_count', 'daily_growth_rate', 'growth_stage', 'senescence_rates', 'stress_factors', 'organ_nutrient_status']
DEBUG Nutrient env_conditions keys: ['temperature', 'ph', 'optimal_ec']
DEBUG Nutrient step 377: Calling calculate_nutrient_dynamics
DEBUG Nutrient plant_status keys: ['root_surface_area', 'tank_volume_L', 'plant_count', 'daily_growth_rate', 'growth_stage', 'senescence_rates', 'stress_factors', 'organ_nutrient_status']
DEBUG Nutrient env_conditions keys: ['temperature', 'ph', 'optimal_ec']
DEBUG Nutrient step 378: Calling calculate_nutrient_dynamics
DEBUG Nutrient plant_status keys: ['root_surface_area', 'tank_volume_L', 'plant_count', 'daily_growth_rate', 'growth_stage', 'senescence_rates', 'stress_factors', 'organ_nutrient_status']
DEBUG Nutrient env_conditions keys: ['temperature', 'ph', 'optimal_ec']
DEBUG Nutrient step 379: Calling calculate_nutrient_dynamics
DEBUG Nutrient plant_status keys: ['root_surface_area', 'tank_volume_L', 'plant_count', 'daily_growth_rate', 'growth_stage', 'senescence_rates', 'stress_factors', 'organ_nutrient_status']
DEBUG Nutrient env_conditions keys: ['temperature', 'ph', 'optimal_ec']
DEBUG Nutrient step 380: Calling calculate_nutrient_dynamics
DEBUG Nutrient plant_status keys: ['root_surface_area', 'tank_volume_L', 'plant_count', 'daily_growth_rate', 'growth_stage', 'senescence_rates', 'stress_factors', 'organ_nutrient_status']
DEBUG Nutrient env_conditions keys: ['temperature', 'ph', 'optimal_ec']
DEBUG Nutrient step 381: Calling calculate_nutrient_dynamics
DEBUG Nutrient plant_status keys: ['root_surface_area', 'tank_volume_L', 'plant_count', 'daily_growth_rate', 'growth_stage', 'senescence_rates', 'stress_factors', 'organ_nutrient_status']
DEBUG Nutrient env_conditions keys: ['temperature', 'ph', 'optimal_ec']
DEBUG Nutrient step 382: Calling calculate_nutrient_dynamics
DEBUG Nutrient plant_status keys: ['root_surface_area', 'tank_volume_L', 'plant_count', 'daily_growth_rate', 'growth_stage', 'senescence_rates', 'stress_factors', 'organ_nutrient_status']
DEBUG Nutrient env_conditions keys: ['temperature', 'ph', 'optimal_ec']
DEBUG Nutrient step 383: Calling calculate_nutrient_dynamics
DEBUG Nutrient plant_status keys: ['root_surface_area', 'tank_volume_L', 'plant_count', 'daily_growth_rate', 'growth_stage', 'senescence_rates', 'stress_factors', 'organ_nutrient_status']
DEBUG Nutrient env_conditions keys: ['temperature', 'ph', 'optimal_ec']
DEBUG Nutrient step 384: Calling calculate_nutrient_dynamics
DEBUG Nutrient plant_status keys: ['root_surface_area', 'tank_volume_L', 'plant_count', 'daily_growth_rate', 'growth_stage', 'senescence_rates', 'stress_factors', 'organ_nutrient_status']
DEBUG Nutrient env_conditions keys: ['temperature', 'ph', 'optimal_ec']
DEBUG Nutrient step 385: Calling calculate_nutrient_dynamics
DEBUG Nutrient plant_status keys: ['root_surface_area', 'tank_volume_L', 'plant_count', 'daily_growth_rate', 'growth_stage', 'senescence_rates', 'stress_factors', 'organ_nutrient_status']
DEBUG Nutrient env_conditions keys: ['temperature', 'ph', 'optimal_ec']
DEBUG Nutrient step 386: Calling calculate_nutrient_dynamics
DEBUG Nutrient plant_status keys: ['root_surface_area', 'tank_volume_L', 'plant_count', 'daily_growth_rate', 'growth_stage', 'senescence_rates', 'stress_factors', 'organ_nutrient_status']
DEBUG Nutrient env_conditions keys: ['temperature', 'ph', 'optimal_ec']
DEBUG Nutrient step 387: Calling calculate_nutrient_dynamics
DEBUG Nutrient plant_status keys: ['root_surface_area', 'tank_volume_L', 'plant_count', 'daily_growth_rate', 'growth_stage', 'senescence_rates', 'stress_factors', 'organ_nutrient_status']
DEBUG Nutrient env_conditions keys: ['temperature', 'ph', 'optimal_ec']
DEBUG Nutrient step 388: Calling calculate_nutrient_dynamics
DEBUG Nutrient plant_status keys: ['root_surface_area', 'tank_volume_L', 'plant_count', 'daily_growth_rate', 'growth_stage', 'senescence_rates', 'stress_factors', 'organ_nutrient_status']
DEBUG Nutrient env_conditions keys: ['temperature', 'ph', 'optimal_ec']
DEBUG Nutrient step 389: Calling calculate_nutrient_dynamics
DEBUG Nutrient plant_status keys: ['root_surface_area', 'tank_volume_L', 'plant_count', 'daily_growth_rate', 'growth_stage', 'senescence_rates', 'stress_factors', 'organ_nutrient_status']
DEBUG Nutrient env_conditions keys: ['temperature', 'ph', 'optimal_ec']
DEBUG Nutrient step 390: Calling calculate_nutrient_dynamics
DEBUG Nutrient plant_status keys: ['root_surface_area', 'tank_volume_L', 'plant_count', 'daily_growth_rate', 'growth_stage', 'senescence_rates', 'stress_factors', 'organ_nutrient_status']
DEBUG Nutrient env_conditions keys: ['temperature', 'ph', 'optimal_ec']
DEBUG Nutrient step 391: Calling calculate_nutrient_dynamics
DEBUG Nutrient plant_status keys: ['root_surface_area', 'tank_volume_L', 'plant_count', 'daily_growth_rate', 'growth_stage', 'senescence_rates', 'stress_factors', 'organ_nutrient_status']
DEBUG Nutrient env_conditions keys: ['temperature', 'ph', 'optimal_ec']
DEBUG Nutrient step 392: Calling calculate_nutrient_dynamics
DEBUG Nutrient plant_status keys: ['root_surface_area', 'tank_volume_L', 'plant_count', 'daily_growth_rate', 'growth_stage', 'senescence_rates', 'stress_factors', 'organ_nutrient_status']
DEBUG Nutrient env_conditions keys: ['temperature', 'ph', 'optimal_ec']
DEBUG Nutrient step 393: Calling calculate_nutrient_dynamics
DEBUG Nutrient plant_status keys: ['root_surface_area', 'tank_volume_L', 'plant_count', 'daily_growth_rate', 'growth_stage', 'senescence_rates', 'stress_factors', 'organ_nutrient_status']
DEBUG Nutrient env_conditions keys: ['temperature', 'ph', 'optimal_ec']
DEBUG Nutrient step 394: Calling calculate_nutrient_dynamics
DEBUG Nutrient plant_status keys: ['root_surface_area', 'tank_volume_L', 'plant_count', 'daily_growth_rate', 'growth_stage', 'senescence_rates', 'stress_factors', 'organ_nutrient_status']
DEBUG Nutrient env_conditions keys: ['temperature', 'ph', 'optimal_ec']
DEBUG Nutrient step 395: Calling calculate_nutrient_dynamics
DEBUG Nutrient plant_status keys: ['root_surface_area', 'tank_volume_L', 'plant_count', 'daily_growth_rate', 'growth_stage', 'senescence_rates', 'stress_factors', 'organ_nutrient_status']
DEBUG Nutrient env_conditions keys: ['temperature', 'ph', 'optimal_ec']
DEBUG Nutrient step 396: Calling calculate_nutrient_dynamics
DEBUG Nutrient plant_status keys: ['root_surface_area', 'tank_volume_L', 'plant_count', 'daily_growth_rate', 'growth_stage', 'senescence_rates', 'stress_factors', 'organ_nutrient_status']
DEBUG Nutrient env_conditions keys: ['temperature', 'ph', 'optimal_ec']
DEBUG Nutrient step 397: Calling calculate_nutrient_dynamics
DEBUG Nutrient plant_status keys: ['root_surface_area', 'tank_volume_L', 'plant_count', 'daily_growth_rate', 'growth_stage', 'senescence_rates', 'stress_factors', 'organ_nutrient_status']
DEBUG Nutrient env_conditions keys: ['temperature', 'ph', 'optimal_ec']
DEBUG Nutrient step 398: Calling calculate_nutrient_dynamics
DEBUG Nutrient plant_status keys: ['root_surface_area', 'tank_volume_L', 'plant_count', 'daily_growth_rate', 'growth_stage', 'senescence_rates', 'stress_factors', 'organ_nutrient_status']
DEBUG Nutrient env_conditions keys: ['temperature', 'ph', 'optimal_ec']
DEBUG Nutrient step 399: Calling calculate_nutrient_dynamics
DEBUG Nutrient plant_status keys: ['root_surface_area', 'tank_volume_L', 'plant_count', 'daily_growth_rate', 'growth_stage', 'senescence_rates', 'stress_factors', 'organ_nutrient_status']
DEBUG Nutrient env_conditions keys: ['temperature', 'ph', 'optimal_ec']
DEBUG Nutrient step 400: Calling calculate_nutrient_dynamics
DEBUG Nutrient plant_status keys: ['root_surface_area', 'tank_volume_L', 'plant_count', 'daily_growth_rate', 'growth_stage', 'senescence_rates', 'stress_factors', 'organ_nutrient_status']
DEBUG Nutrient env_conditions keys: ['temperature', 'ph', 'optimal_ec']
DEBUG Nutrient step 401: Calling calculate_nutrient_dynamics
DEBUG Nutrient plant_status keys: ['root_surface_area', 'tank_volume_L', 'plant_count', 'daily_growth_rate', 'growth_stage', 'senescence_rates', 'stress_factors', 'organ_nutrient_status']
DEBUG Nutrient env_conditions keys: ['temperature', 'ph', 'optimal_ec']
DEBUG Nutrient step 402: Calling calculate_nutrient_dynamics
DEBUG Nutrient plant_status keys: ['root_surface_area', 'tank_volume_L', 'plant_count', 'daily_growth_rate', 'growth_stage', 'senescence_rates', 'stress_factors', 'organ_nutrient_status']
DEBUG Nutrient env_conditions keys: ['temperature', 'ph', 'optimal_ec']
DEBUG Nutrient step 403: Calling calculate_nutrient_dynamics
DEBUG Nutrient plant_status keys: ['root_surface_area', 'tank_volume_L', 'plant_count', 'daily_growth_rate', 'growth_stage', 'senescence_rates', 'stress_factors', 'organ_nutrient_status']
DEBUG Nutrient env_conditions keys: ['temperature', 'ph', 'optimal_ec']
DEBUG Nutrient step 404: Calling calculate_nutrient_dynamics
DEBUG Nutrient plant_status keys: ['root_surface_area', 'tank_volume_L', 'plant_count', 'daily_growth_rate', 'growth_stage', 'senescence_rates', 'stress_factors', 'organ_nutrient_status']
DEBUG Nutrient env_conditions keys: ['temperature', 'ph', 'optimal_ec']
DEBUG Nutrient step 405: Calling calculate_nutrient_dynamics
DEBUG Nutrient plant_status keys: ['root_surface_area', 'tank_volume_L', 'plant_count', 'daily_growth_rate', 'growth_stage', 'senescence_rates', 'stress_factors', 'organ_nutrient_status']
DEBUG Nutrient env_conditions keys: ['temperature', 'ph', 'optimal_ec']
DEBUG Nutrient step 406: Calling calculate_nutrient_dynamics
DEBUG Nutrient plant_status keys: ['root_surface_area', 'tank_volume_L', 'plant_count', 'daily_growth_rate', 'growth_stage', 'senescence_rates', 'stress_factors', 'organ_nutrient_status']
DEBUG Nutrient env_conditions keys: ['temperature', 'ph', 'optimal_ec']
DEBUG Nutrient step 407: Calling calculate_nutrient_dynamics
DEBUG Nutrient plant_status keys: ['root_surface_area', 'tank_volume_L', 'plant_count', 'daily_growth_rate', 'growth_stage', 'senescence_rates', 'stress_factors', 'organ_nutrient_status']
DEBUG Nutrient env_conditions keys: ['temperature', 'ph', 'optimal_ec']
DEBUG Nutrient step 408: Calling calculate_nutrient_dynamics
DEBUG Nutrient plant_status keys: ['root_surface_area', 'tank_volume_L', 'plant_count', 'daily_growth_rate', 'growth_stage', 'senescence_rates', 'stress_factors', 'organ_nutrient_status']
DEBUG Nutrient env_conditions keys: ['temperature', 'ph', 'optimal_ec']
DEBUG Nutrient step 409: Calling calculate_nutrient_dynamics
DEBUG Nutrient plant_status keys: ['root_surface_area', 'tank_volume_L', 'plant_count', 'daily_growth_rate', 'growth_stage', 'senescence_rates', 'stress_factors', 'organ_nutrient_status']
DEBUG Nutrient env_conditions keys: ['temperature', 'ph', 'optimal_ec']
DEBUG Nutrient step 410: Calling calculate_nutrient_dynamics
DEBUG Nutrient plant_status keys: ['root_surface_area', 'tank_volume_L', 'plant_count', 'daily_growth_rate', 'growth_stage', 'senescence_rates', 'stress_factors', 'organ_nutrient_status']
DEBUG Nutrient env_conditions keys: ['temperature', 'ph', 'optimal_ec']
DEBUG Nutrient step 411: Calling calculate_nutrient_dynamics
DEBUG Nutrient plant_status keys: ['root_surface_area', 'tank_volume_L', 'plant_count', 'daily_growth_rate', 'growth_stage', 'senescence_rates', 'stress_factors', 'organ_nutrient_status']
DEBUG Nutrient env_conditions keys: ['temperature', 'ph', 'optimal_ec']
DEBUG Nutrient step 412: Calling calculate_nutrient_dynamics
DEBUG Nutrient plant_status keys: ['root_surface_area', 'tank_volume_L', 'plant_count', 'daily_growth_rate', 'growth_stage', 'senescence_rates', 'stress_factors', 'organ_nutrient_status']
DEBUG Nutrient env_conditions keys: ['temperature', 'ph', 'optimal_ec']
DEBUG Nutrient step 413: Calling calculate_nutrient_dynamics
DEBUG Nutrient plant_status keys: ['root_surface_area', 'tank_volume_L', 'plant_count', 'daily_growth_rate', 'growth_stage', 'senescence_rates', 'stress_factors', 'organ_nutrient_status']
DEBUG Nutrient env_conditions keys: ['temperature', 'ph', 'optimal_ec']
DEBUG Nutrient step 414: Calling calculate_nutrient_dynamics
DEBUG Nutrient plant_status keys: ['root_surface_area', 'tank_volume_L', 'plant_count', 'daily_growth_rate', 'growth_stage', 'senescence_rates', 'stress_factors', 'organ_nutrient_status']
DEBUG Nutrient env_conditions keys: ['temperature', 'ph', 'optimal_ec']
DEBUG Nutrient step 415: Calling calculate_nutrient_dynamics
DEBUG Nutrient plant_status keys: ['root_surface_area', 'tank_volume_L', 'plant_count', 'daily_growth_rate', 'growth_stage', 'senescence_rates', 'stress_factors', 'organ_nutrient_status']
DEBUG Nutrient env_conditions keys: ['temperature', 'ph', 'optimal_ec']
DEBUG Nutrient step 416: Calling calculate_nutrient_dynamics
DEBUG Nutrient plant_status keys: ['root_surface_area', 'tank_volume_L', 'plant_count', 'daily_growth_rate', 'growth_stage', 'senescence_rates', 'stress_factors', 'organ_nutrient_status']
DEBUG Nutrient env_conditions keys: ['temperature', 'ph', 'optimal_ec']
DEBUG Nutrient step 417: Calling calculate_nutrient_dynamics
DEBUG Nutrient plant_status keys: ['root_surface_area', 'tank_volume_L', 'plant_count', 'daily_growth_rate', 'growth_stage', 'senescence_rates', 'stress_factors', 'organ_nutrient_status']
DEBUG Nutrient env_conditions keys: ['temperature', 'ph', 'optimal_ec']
DEBUG Nutrient step 418: Calling calculate_nutrient_dynamics
DEBUG Nutrient plant_status keys: ['root_surface_area', 'tank_volume_L', 'plant_count', 'daily_growth_rate', 'growth_stage', 'senescence_rates', 'stress_factors', 'organ_nutrient_status']
DEBUG Nutrient env_conditions keys: ['temperature', 'ph', 'optimal_ec']
DEBUG Nutrient step 419: Calling calculate_nutrient_dynamics
DEBUG Nutrient plant_status keys: ['root_surface_area', 'tank_volume_L', 'plant_count', 'daily_growth_rate', 'growth_stage', 'senescence_rates', 'stress_factors', 'organ_nutrient_status']
DEBUG Nutrient env_conditions keys: ['temperature', 'ph', 'optimal_ec']
DEBUG Nutrient step 420: Calling calculate_nutrient_dynamics
DEBUG Nutrient plant_status keys: ['root_surface_area', 'tank_volume_L', 'plant_count', 'daily_growth_rate', 'growth_stage', 'senescence_rates', 'stress_factors', 'organ_nutrient_status']
DEBUG Nutrient env_conditions keys: ['temperature', 'ph', 'optimal_ec']
DEBUG Nutrient step 421: Calling calculate_nutrient_dynamics
DEBUG Nutrient plant_status keys: ['root_surface_area', 'tank_volume_L', 'plant_count', 'daily_growth_rate', 'growth_stage', 'senescence_rates', 'stress_factors', 'organ_nutrient_status']
DEBUG Nutrient env_conditions keys: ['temperature', 'ph', 'optimal_ec']
DEBUG Nutrient step 422: Calling calculate_nutrient_dynamics
DEBUG Nutrient plant_status keys: ['root_surface_area', 'tank_volume_L', 'plant_count', 'daily_growth_rate', 'growth_stage', 'senescence_rates', 'stress_factors', 'organ_nutrient_status']
DEBUG Nutrient env_conditions keys: ['temperature', 'ph', 'optimal_ec']
DEBUG Nutrient step 423: Calling calculate_nutrient_dynamics
DEBUG Nutrient plant_status keys: ['root_surface_area', 'tank_volume_L', 'plant_count', 'daily_growth_rate', 'growth_stage', 'senescence_rates', 'stress_factors', 'organ_nutrient_status']
DEBUG Nutrient env_conditions keys: ['temperature', 'ph', 'optimal_ec']
DEBUG Nutrient step 424: Calling calculate_nutrient_dynamics
DEBUG Nutrient plant_status keys: ['root_surface_area', 'tank_volume_L', 'plant_count', 'daily_growth_rate', 'growth_stage', 'senescence_rates', 'stress_factors', 'organ_nutrient_status']
DEBUG Nutrient env_conditions keys: ['temperature', 'ph', 'optimal_ec']
DEBUG Nutrient step 425: Calling calculate_nutrient_dynamics
DEBUG Nutrient plant_status keys: ['root_surface_area', 'tank_volume_L', 'plant_count', 'daily_growth_rate', 'growth_stage', 'senescence_rates', 'stress_factors', 'organ_nutrient_status']
DEBUG Nutrient env_conditions keys: ['temperature', 'ph', 'optimal_ec']
DEBUG Nutrient step 426: Calling calculate_nutrient_dynamics
DEBUG Nutrient plant_status keys: ['root_surface_area', 'tank_volume_L', 'plant_count', 'daily_growth_rate', 'growth_stage', 'senescence_rates', 'stress_factors', 'organ_nutrient_status']
DEBUG Nutrient env_conditions keys: ['temperature', 'ph', 'optimal_ec']
DEBUG Nutrient step 427: Calling calculate_nutrient_dynamics
DEBUG Nutrient plant_status keys: ['root_surface_area', 'tank_volume_L', 'plant_count', 'daily_growth_rate', 'growth_stage', 'senescence_rates', 'stress_factors', 'organ_nutrient_status']
DEBUG Nutrient env_conditions keys: ['temperature', 'ph', 'optimal_ec']
DEBUG Nutrient step 428: Calling calculate_nutrient_dynamics
DEBUG Nutrient plant_status keys: ['root_surface_area', 'tank_volume_L', 'plant_count', 'daily_growth_rate', 'growth_stage', 'senescence_rates', 'stress_factors', 'organ_nutrient_status']
DEBUG Nutrient env_conditions keys: ['temperature', 'ph', 'optimal_ec']
DEBUG Nutrient step 429: Calling calculate_nutrient_dynamics
DEBUG Nutrient plant_status keys: ['root_surface_area', 'tank_volume_L', 'plant_count', 'daily_growth_rate', 'growth_stage', 'senescence_rates', 'stress_factors', 'organ_nutrient_status']
DEBUG Nutrient env_conditions keys: ['temperature', 'ph', 'optimal_ec']
DEBUG Nutrient step 430: Calling calculate_nutrient_dynamics
DEBUG Nutrient plant_status keys: ['root_surface_area', 'tank_volume_L', 'plant_count', 'daily_growth_rate', 'growth_stage', 'senescence_rates', 'stress_factors', 'organ_nutrient_status']
DEBUG Nutrient env_conditions keys: ['temperature', 'ph', 'optimal_ec']
DEBUG Nutrient step 431: Calling calculate_nutrient_dynamics
DEBUG Nutrient plant_status keys: ['root_surface_area', 'tank_volume_L', 'plant_count', 'daily_growth_rate', 'growth_stage', 'senescence_rates', 'stress_factors', 'organ_nutrient_status']
DEBUG Nutrient env_conditions keys: ['temperature', 'ph', 'optimal_ec']
DEBUG Nutrient step 432: Calling calculate_nutrient_dynamics
DEBUG Nutrient plant_status keys: ['root_surface_area', 'tank_volume_L', 'plant_count', 'daily_growth_rate', 'growth_stage', 'senescence_rates', 'stress_factors', 'organ_nutrient_status']
DEBUG Nutrient env_conditions keys: ['temperature', 'ph', 'optimal_ec']
DEBUG Nutrient step 433: Calling calculate_nutrient_dynamics
DEBUG Nutrient plant_status keys: ['root_surface_area', 'tank_volume_L', 'plant_count', 'daily_growth_rate', 'growth_stage', 'senescence_rates', 'stress_factors', 'organ_nutrient_status']
DEBUG Nutrient env_conditions keys: ['temperature', 'ph', 'optimal_ec']
DEBUG Nutrient step 434: Calling calculate_nutrient_dynamics
DEBUG Nutrient plant_status keys: ['root_surface_area', 'tank_volume_L', 'plant_count', 'daily_growth_rate', 'growth_stage', 'senescence_rates', 'stress_factors', 'organ_nutrient_status']
DEBUG Nutrient env_conditions keys: ['temperature', 'ph', 'optimal_ec']
DEBUG Nutrient step 435: Calling calculate_nutrient_dynamics
DEBUG Nutrient plant_status keys: ['root_surface_area', 'tank_volume_L', 'plant_count', 'daily_growth_rate', 'growth_stage', 'senescence_rates', 'stress_factors', 'organ_nutrient_status']
DEBUG Nutrient env_conditions keys: ['temperature', 'ph', 'optimal_ec']
DEBUG Nutrient step 436: Calling calculate_nutrient_dynamics
DEBUG Nutrient plant_status keys: ['root_surface_area', 'tank_volume_L', 'plant_count', 'daily_growth_rate', 'growth_stage', 'senescence_rates', 'stress_factors', 'organ_nutrient_status']
DEBUG Nutrient env_conditions keys: ['temperature', 'ph', 'optimal_ec']
DEBUG Nutrient step 437: Calling calculate_nutrient_dynamics
DEBUG Nutrient plant_status keys: ['root_surface_area', 'tank_volume_L', 'plant_count', 'daily_growth_rate', 'growth_stage', 'senescence_rates', 'stress_factors', 'organ_nutrient_status']
DEBUG Nutrient env_conditions keys: ['temperature', 'ph', 'optimal_ec']
DEBUG Nutrient step 438: Calling calculate_nutrient_dynamics
DEBUG Nutrient plant_status keys: ['root_surface_area', 'tank_volume_L', 'plant_count', 'daily_growth_rate', 'growth_stage', 'senescence_rates', 'stress_factors', 'organ_nutrient_status']
DEBUG Nutrient env_conditions keys: ['temperature', 'ph', 'optimal_ec']
DEBUG Nutrient step 439: Calling calculate_nutrient_dynamics
DEBUG Nutrient plant_status keys: ['root_surface_area', 'tank_volume_L', 'plant_count', 'daily_growth_rate', 'growth_stage', 'senescence_rates', 'stress_factors', 'organ_nutrient_status']
DEBUG Nutrient env_conditions keys: ['temperature', 'ph', 'optimal_ec']
DEBUG Nutrient step 440: Calling calculate_nutrient_dynamics
DEBUG Nutrient plant_status keys: ['root_surface_area', 'tank_volume_L', 'plant_count', 'daily_growth_rate', 'growth_stage', 'senescence_rates', 'stress_factors', 'organ_nutrient_status']
DEBUG Nutrient env_conditions keys: ['temperature', 'ph', 'optimal_ec']
DEBUG Nutrient step 441: Calling calculate_nutrient_dynamics
DEBUG Nutrient plant_status keys: ['root_surface_area', 'tank_volume_L', 'plant_count', 'daily_growth_rate', 'growth_stage', 'senescence_rates', 'stress_factors', 'organ_nutrient_status']
DEBUG Nutrient env_conditions keys: ['temperature', 'ph', 'optimal_ec']
DEBUG Nutrient step 442: Calling calculate_nutrient_dynamics
DEBUG Nutrient plant_status keys: ['root_surface_area', 'tank_volume_L', 'plant_count', 'daily_growth_rate', 'growth_stage', 'senescence_rates', 'stress_factors', 'organ_nutrient_status']
DEBUG Nutrient env_conditions keys: ['temperature', 'ph', 'optimal_ec']
DEBUG Nutrient step 443: Calling calculate_nutrient_dynamics
DEBUG Nutrient plant_status keys: ['root_surface_area', 'tank_volume_L', 'plant_count', 'daily_growth_rate', 'growth_stage', 'senescence_rates', 'stress_factors', 'organ_nutrient_status']
DEBUG Nutrient env_conditions keys: ['temperature', 'ph', 'optimal_ec']
DEBUG Nutrient step 444: Calling calculate_nutrient_dynamics
DEBUG Nutrient plant_status keys: ['root_surface_area', 'tank_volume_L', 'plant_count', 'daily_growth_rate', 'growth_stage', 'senescence_rates', 'stress_factors', 'organ_nutrient_status']
DEBUG Nutrient env_conditions keys: ['temperature', 'ph', 'optimal_ec']
DEBUG Nutrient step 445: Calling calculate_nutrient_dynamics
DEBUG Nutrient plant_status keys: ['root_surface_area', 'tank_volume_L', 'plant_count', 'daily_growth_rate', 'growth_stage', 'senescence_rates', 'stress_factors', 'organ_nutrient_status']
DEBUG Nutrient env_conditions keys: ['temperature', 'ph', 'optimal_ec']
DEBUG Nutrient step 446: Calling calculate_nutrient_dynamics
DEBUG Nutrient plant_status keys: ['root_surface_area', 'tank_volume_L', 'plant_count', 'daily_growth_rate', 'growth_stage', 'senescence_rates', 'stress_factors', 'organ_nutrient_status']
DEBUG Nutrient env_conditions keys: ['temperature', 'ph', 'optimal_ec']
DEBUG Nutrient step 447: Calling calculate_nutrient_dynamics
DEBUG Nutrient plant_status keys: ['root_surface_area', 'tank_volume_L', 'plant_count', 'daily_growth_rate', 'growth_stage', 'senescence_rates', 'stress_factors', 'organ_nutrient_status']
DEBUG Nutrient env_conditions keys: ['temperature', 'ph', 'optimal_ec']
DEBUG Nutrient step 448: Calling calculate_nutrient_dynamics
DEBUG Nutrient plant_status keys: ['root_surface_area', 'tank_volume_L', 'plant_count', 'daily_growth_rate', 'growth_stage', 'senescence_rates', 'stress_factors', 'organ_nutrient_status']
DEBUG Nutrient env_conditions keys: ['temperature', 'ph', 'optimal_ec']
DEBUG Nutrient step 449: Calling calculate_nutrient_dynamics
DEBUG Nutrient plant_status keys: ['root_surface_area', 'tank_volume_L', 'plant_count', 'daily_growth_rate', 'growth_stage', 'senescence_rates', 'stress_factors', 'organ_nutrient_status']
DEBUG Nutrient env_conditions keys: ['temperature', 'ph', 'optimal_ec']
DEBUG Nutrient step 450: Calling calculate_nutrient_dynamics
DEBUG Nutrient plant_status keys: ['root_surface_area', 'tank_volume_L', 'plant_count', 'daily_growth_rate', 'growth_stage', 'senescence_rates', 'stress_factors', 'organ_nutrient_status']
DEBUG Nutrient env_conditions keys: ['temperature', 'ph', 'optimal_ec']
DEBUG Nutrient step 451: Calling calculate_nutrient_dynamics
DEBUG Nutrient plant_status keys: ['root_surface_area', 'tank_volume_L', 'plant_count', 'daily_growth_rate', 'growth_stage', 'senescence_rates', 'stress_factors', 'organ_nutrient_status']
DEBUG Nutrient env_conditions keys: ['temperature', 'ph', 'optimal_ec']
DEBUG Nutrient step 452: Calling calculate_nutrient_dynamics
DEBUG Nutrient plant_status keys: ['root_surface_area', 'tank_volume_L', 'plant_count', 'daily_growth_rate', 'growth_stage', 'senescence_rates', 'stress_factors', 'organ_nutrient_status']
DEBUG Nutrient env_conditions keys: ['temperature', 'ph', 'optimal_ec']
DEBUG Nutrient step 453: Calling calculate_nutrient_dynamics
DEBUG Nutrient plant_status keys: ['root_surface_area', 'tank_volume_L', 'plant_count', 'daily_growth_rate', 'growth_stage', 'senescence_rates', 'stress_factors', 'organ_nutrient_status']
DEBUG Nutrient env_conditions keys: ['temperature', 'ph', 'optimal_ec']
DEBUG Nutrient step 454: Calling calculate_nutrient_dynamics
DEBUG Nutrient plant_status keys: ['root_surface_area', 'tank_volume_L', 'plant_count', 'daily_growth_rate', 'growth_stage', 'senescence_rates', 'stress_factors', 'organ_nutrient_status']
DEBUG Nutrient env_conditions keys: ['temperature', 'ph', 'optimal_ec']
DEBUG Nutrient step 455: Calling calculate_nutrient_dynamics
DEBUG Nutrient plant_status keys: ['root_surface_area', 'tank_volume_L', 'plant_count', 'daily_growth_rate', 'growth_stage', 'senescence_rates', 'stress_factors', 'organ_nutrient_status']
DEBUG Nutrient env_conditions keys: ['temperature', 'ph', 'optimal_ec']
DEBUG Nutrient step 456: Calling calculate_nutrient_dynamics
DEBUG Nutrient plant_status keys: ['root_surface_area', 'tank_volume_L', 'plant_count', 'daily_growth_rate', 'growth_stage', 'senescence_rates', 'stress_factors', 'organ_nutrient_status']
DEBUG Nutrient env_conditions keys: ['temperature', 'ph', 'optimal_ec']
DEBUG Nutrient step 457: Calling calculate_nutrient_dynamics
DEBUG Nutrient plant_status keys: ['root_surface_area', 'tank_volume_L', 'plant_count', 'daily_growth_rate', 'growth_stage', 'senescence_rates', 'stress_factors', 'organ_nutrient_status']
DEBUG Nutrient env_conditions keys: ['temperature', 'ph', 'optimal_ec']
DEBUG Nutrient step 458: Calling calculate_nutrient_dynamics
DEBUG Nutrient plant_status keys: ['root_surface_area', 'tank_volume_L', 'plant_count', 'daily_growth_rate', 'growth_stage', 'senescence_rates', 'stress_factors', 'organ_nutrient_status']
DEBUG Nutrient env_conditions keys: ['temperature', 'ph', 'optimal_ec']
DEBUG Nutrient step 459: Calling calculate_nutrient_dynamics
DEBUG Nutrient plant_status keys: ['root_surface_area', 'tank_volume_L', 'plant_count', 'daily_growth_rate', 'growth_stage', 'senescence_rates', 'stress_factors', 'organ_nutrient_status']
DEBUG Nutrient env_conditions keys: ['temperature', 'ph', 'optimal_ec']
DEBUG Nutrient step 460: Calling calculate_nutrient_dynamics
DEBUG Nutrient plant_status keys: ['root_surface_area', 'tank_volume_L', 'plant_count', 'daily_growth_rate', 'growth_stage', 'senescence_rates', 'stress_factors', 'organ_nutrient_status']
DEBUG Nutrient env_conditions keys: ['temperature', 'ph', 'optimal_ec']
DEBUG Nutrient step 461: Calling calculate_nutrient_dynamics
DEBUG Nutrient plant_status keys: ['root_surface_area', 'tank_volume_L', 'plant_count', 'daily_growth_rate', 'growth_stage', 'senescence_rates', 'stress_factors', 'organ_nutrient_status']
DEBUG Nutrient env_conditions keys: ['temperature', 'ph', 'optimal_ec']
DEBUG Nutrient step 462: Calling calculate_nutrient_dynamics
DEBUG Nutrient plant_status keys: ['root_surface_area', 'tank_volume_L', 'plant_count', 'daily_growth_rate', 'growth_stage', 'senescence_rates', 'stress_factors', 'organ_nutrient_status']
DEBUG Nutrient env_conditions keys: ['temperature', 'ph', 'optimal_ec']
DEBUG Nutrient step 463: Calling calculate_nutrient_dynamics
DEBUG Nutrient plant_status keys: ['root_surface_area', 'tank_volume_L', 'plant_count', 'daily_growth_rate', 'growth_stage', 'senescence_rates', 'stress_factors', 'organ_nutrient_status']
DEBUG Nutrient env_conditions keys: ['temperature', 'ph', 'optimal_ec']
DEBUG Nutrient step 464: Calling calculate_nutrient_dynamics
DEBUG Nutrient plant_status keys: ['root_surface_area', 'tank_volume_L', 'plant_count', 'daily_growth_rate', 'growth_stage', 'senescence_rates', 'stress_factors', 'organ_nutrient_status']
DEBUG Nutrient env_conditions keys: ['temperature', 'ph', 'optimal_ec']
DEBUG Nutrient step 465: Calling calculate_nutrient_dynamics
DEBUG Nutrient plant_status keys: ['root_surface_area', 'tank_volume_L', 'plant_count', 'daily_growth_rate', 'growth_stage', 'senescence_rates', 'stress_factors', 'organ_nutrient_status']
DEBUG Nutrient env_conditions keys: ['temperature', 'ph', 'optimal_ec']
DEBUG Nutrient step 466: Calling calculate_nutrient_dynamics
DEBUG Nutrient plant_status keys: ['root_surface_area', 'tank_volume_L', 'plant_count', 'daily_growth_rate', 'growth_stage', 'senescence_rates', 'stress_factors', 'organ_nutrient_status']
DEBUG Nutrient env_conditions keys: ['temperature', 'ph', 'optimal_ec']
DEBUG Nutrient step 467: Calling calculate_nutrient_dynamics
DEBUG Nutrient plant_status keys: ['root_surface_area', 'tank_volume_L', 'plant_count', 'daily_growth_rate', 'growth_stage', 'senescence_rates', 'stress_factors', 'organ_nutrient_status']
DEBUG Nutrient env_conditions keys: ['temperature', 'ph', 'optimal_ec']
DEBUG Nutrient step 468: Calling calculate_nutrient_dynamics
DEBUG Nutrient plant_status keys: ['root_surface_area', 'tank_volume_L', 'plant_count', 'daily_growth_rate', 'growth_stage', 'senescence_rates', 'stress_factors', 'organ_nutrient_status']
DEBUG Nutrient env_conditions keys: ['temperature', 'ph', 'optimal_ec']
DEBUG Nutrient step 469: Calling calculate_nutrient_dynamics
DEBUG Nutrient plant_status keys: ['root_surface_area', 'tank_volume_L', 'plant_count', 'daily_growth_rate', 'growth_stage', 'senescence_rates', 'stress_factors', 'organ_nutrient_status']
DEBUG Nutrient env_conditions keys: ['temperature', 'ph', 'optimal_ec']
DEBUG Nutrient step 470: Calling calculate_nutrient_dynamics
DEBUG Nutrient plant_status keys: ['root_surface_area', 'tank_volume_L', 'plant_count', 'daily_growth_rate', 'growth_stage', 'senescence_rates', 'stress_factors', 'organ_nutrient_status']
DEBUG Nutrient env_conditions keys: ['temperature', 'ph', 'optimal_ec']
DEBUG Nutrient step 471: Calling calculate_nutrient_dynamics
DEBUG Nutrient plant_status keys: ['root_surface_area', 'tank_volume_L', 'plant_count', 'daily_growth_rate', 'growth_stage', 'senescence_rates', 'stress_factors', 'organ_nutrient_status']
DEBUG Nutrient env_conditions keys: ['temperature', 'ph', 'optimal_ec']
DEBUG Nutrient step 472: Calling calculate_nutrient_dynamics
DEBUG Nutrient plant_status keys: ['root_surface_area', 'tank_volume_L', 'plant_count', 'daily_growth_rate', 'growth_stage', 'senescence_rates', 'stress_factors', 'organ_nutrient_status']
DEBUG Nutrient env_conditions keys: ['temperature', 'ph', 'optimal_ec']
DEBUG Nutrient step 473: Calling calculate_nutrient_dynamics
DEBUG Nutrient plant_status keys: ['root_surface_area', 'tank_volume_L', 'plant_count', 'daily_growth_rate', 'growth_stage', 'senescence_rates', 'stress_factors', 'organ_nutrient_status']
DEBUG Nutrient env_conditions keys: ['temperature', 'ph', 'optimal_ec']
DEBUG Nutrient step 474: Calling calculate_nutrient_dynamics
DEBUG Nutrient plant_status keys: ['root_surface_area', 'tank_volume_L', 'plant_count', 'daily_growth_rate', 'growth_stage', 'senescence_rates', 'stress_factors', 'organ_nutrient_status']
DEBUG Nutrient env_conditions keys: ['temperature', 'ph', 'optimal_ec']
DEBUG Nutrient step 475: Calling calculate_nutrient_dynamics
DEBUG Nutrient plant_status keys: ['root_surface_area', 'tank_volume_L', 'plant_count', 'daily_growth_rate', 'growth_stage', 'senescence_rates', 'stress_factors', 'organ_nutrient_status']
DEBUG Nutrient env_conditions keys: ['temperature', 'ph', 'optimal_ec']
DEBUG Nutrient step 476: Calling calculate_nutrient_dynamics
DEBUG Nutrient plant_status keys: ['root_surface_area', 'tank_volume_L', 'plant_count', 'daily_growth_rate', 'growth_stage', 'senescence_rates', 'stress_factors', 'organ_nutrient_status']
DEBUG Nutrient env_conditions keys: ['temperature', 'ph', 'optimal_ec']
DEBUG Nutrient step 477: Calling calculate_nutrient_dynamics
DEBUG Nutrient plant_status keys: ['root_surface_area', 'tank_volume_L', 'plant_count', 'daily_growth_rate', 'growth_stage', 'senescence_rates', 'stress_factors', 'organ_nutrient_status']
DEBUG Nutrient env_conditions keys: ['temperature', 'ph', 'optimal_ec']
DEBUG Nutrient step 478: Calling calculate_nutrient_dynamics
DEBUG Nutrient plant_status keys: ['root_surface_area', 'tank_volume_L', 'plant_count', 'daily_growth_rate', 'growth_stage', 'senescence_rates', 'stress_factors', 'organ_nutrient_status']
DEBUG Nutrient env_conditions keys: ['temperature', 'ph', 'optimal_ec']
DEBUG Nutrient step 479: Calling calculate_nutrient_dynamics
DEBUG Nutrient plant_status keys: ['root_surface_area', 'tank_volume_L', 'plant_count', 'daily_growth_rate', 'growth_stage', 'senescence_rates', 'stress_factors', 'organ_nutrient_status']
DEBUG Nutrient env_conditions keys: ['temperature', 'ph', 'optimal_ec']
Day 10: 10.9% complete
DEBUG Nutrient step 480: Calling calculate_nutrient_dynamics
DEBUG Nutrient plant_status keys: ['root_surface_area', 'tank_volume_L', 'plant_count', 'daily_growth_rate', 'growth_stage', 'senescence_rates', 'stress_factors', 'organ_nutrient_status']
DEBUG Nutrient env_conditions keys: ['temperature', 'ph', 'optimal_ec']
DEBUG Nutrient step 481: Calling calculate_nutrient_dynamics
DEBUG Nutrient plant_status keys: ['root_surface_area', 'tank_volume_L', 'plant_count', 'daily_growth_rate', 'growth_stage', 'senescence_rates', 'stress_factors', 'organ_nutrient_status']
DEBUG Nutrient env_conditions keys: ['temperature', 'ph', 'optimal_ec']
DEBUG Nutrient step 482: Calling calculate_nutrient_dynamics
DEBUG Nutrient plant_status keys: ['root_surface_area', 'tank_volume_L', 'plant_count', 'daily_growth_rate', 'growth_stage', 'senescence_rates', 'stress_factors', 'organ_nutrient_status']
DEBUG Nutrient env_conditions keys: ['temperature', 'ph', 'optimal_ec']
DEBUG Nutrient step 483: Calling calculate_nutrient_dynamics
DEBUG Nutrient plant_status keys: ['root_surface_area', 'tank_volume_L', 'plant_count', 'daily_growth_rate', 'growth_stage', 'senescence_rates', 'stress_factors', 'organ_nutrient_status']
DEBUG Nutrient env_conditions keys: ['temperature', 'ph', 'optimal_ec']
DEBUG Nutrient step 484: Calling calculate_nutrient_dynamics
DEBUG Nutrient plant_status keys: ['root_surface_area', 'tank_volume_L', 'plant_count', 'daily_growth_rate', 'growth_stage', 'senescence_rates', 'stress_factors', 'organ_nutrient_status']
DEBUG Nutrient env_conditions keys: ['temperature', 'ph', 'optimal_ec']
DEBUG Nutrient step 485: Calling calculate_nutrient_dynamics
DEBUG Nutrient plant_status keys: ['root_surface_area', 'tank_volume_L', 'plant_count', 'daily_growth_rate', 'growth_stage', 'senescence_rates', 'stress_factors', 'organ_nutrient_status']
DEBUG Nutrient env_conditions keys: ['temperature', 'ph', 'optimal_ec']
DEBUG Nutrient step 486: Calling calculate_nutrient_dynamics
DEBUG Nutrient plant_status keys: ['root_surface_area', 'tank_volume_L', 'plant_count', 'daily_growth_rate', 'growth_stage', 'senescence_rates', 'stress_factors', 'organ_nutrient_status']
DEBUG Nutrient env_conditions keys: ['temperature', 'ph', 'optimal_ec']
DEBUG Nutrient step 487: Calling calculate_nutrient_dynamics
DEBUG Nutrient plant_status keys: ['root_surface_area', 'tank_volume_L', 'plant_count', 'daily_growth_rate', 'growth_stage', 'senescence_rates', 'stress_factors', 'organ_nutrient_status']
DEBUG Nutrient env_conditions keys: ['temperature', 'ph', 'optimal_ec']
DEBUG Nutrient step 488: Calling calculate_nutrient_dynamics
DEBUG Nutrient plant_status keys: ['root_surface_area', 'tank_volume_L', 'plant_count', 'daily_growth_rate', 'growth_stage', 'senescence_rates', 'stress_factors', 'organ_nutrient_status']
DEBUG Nutrient env_conditions keys: ['temperature', 'ph', 'optimal_ec']
DEBUG Nutrient step 489: Calling calculate_nutrient_dynamics
DEBUG Nutrient plant_status keys: ['root_surface_area', 'tank_volume_L', 'plant_count', 'daily_growth_rate', 'growth_stage', 'senescence_rates', 'stress_factors', 'organ_nutrient_status']
DEBUG Nutrient env_conditions keys: ['temperature', 'ph', 'optimal_ec']
DEBUG Nutrient step 490: Calling calculate_nutrient_dynamics
DEBUG Nutrient plant_status keys: ['root_surface_area', 'tank_volume_L', 'plant_count', 'daily_growth_rate', 'growth_stage', 'senescence_rates', 'stress_factors', 'organ_nutrient_status']
DEBUG Nutrient env_conditions keys: ['temperature', 'ph', 'optimal_ec']
DEBUG Nutrient step 491: Calling calculate_nutrient_dynamics
DEBUG Nutrient plant_status keys: ['root_surface_area', 'tank_volume_L', 'plant_count', 'daily_growth_rate', 'growth_stage', 'senescence_rates', 'stress_factors', 'organ_nutrient_status']
DEBUG Nutrient env_conditions keys: ['temperature', 'ph', 'optimal_ec']
DEBUG Nutrient step 492: Calling calculate_nutrient_dynamics
DEBUG Nutrient plant_status keys: ['root_surface_area', 'tank_volume_L', 'plant_count', 'daily_growth_rate', 'growth_stage', 'senescence_rates', 'stress_factors', 'organ_nutrient_status']
DEBUG Nutrient env_conditions keys: ['temperature', 'ph', 'optimal_ec']
DEBUG Nutrient step 493: Calling calculate_nutrient_dynamics
DEBUG Nutrient plant_status keys: ['root_surface_area', 'tank_volume_L', 'plant_count', 'daily_growth_rate', 'growth_stage', 'senescence_rates', 'stress_factors', 'organ_nutrient_status']
DEBUG Nutrient env_conditions keys: ['temperature', 'ph', 'optimal_ec']
DEBUG Nutrient step 494: Calling calculate_nutrient_dynamics
DEBUG Nutrient plant_status keys: ['root_surface_area', 'tank_volume_L', 'plant_count', 'daily_growth_rate', 'growth_stage', 'senescence_rates', 'stress_factors', 'organ_nutrient_status']
DEBUG Nutrient env_conditions keys: ['temperature', 'ph', 'optimal_ec']
DEBUG Nutrient step 495: Calling calculate_nutrient_dynamics
DEBUG Nutrient plant_status keys: ['root_surface_area', 'tank_volume_L', 'plant_count', 'daily_growth_rate', 'growth_stage', 'senescence_rates', 'stress_factors', 'organ_nutrient_status']
DEBUG Nutrient env_conditions keys: ['temperature', 'ph', 'optimal_ec']
DEBUG Nutrient step 496: Calling calculate_nutrient_dynamics
DEBUG Nutrient plant_status keys: ['root_surface_area', 'tank_volume_L', 'plant_count', 'daily_growth_rate', 'growth_stage', 'senescence_rates', 'stress_factors', 'organ_nutrient_status']
DEBUG Nutrient env_conditions keys: ['temperature', 'ph', 'optimal_ec']
DEBUG Nutrient step 497: Calling calculate_nutrient_dynamics
DEBUG Nutrient plant_status keys: ['root_surface_area', 'tank_volume_L', 'plant_count', 'daily_growth_rate', 'growth_stage', 'senescence_rates', 'stress_factors', 'organ_nutrient_status']
DEBUG Nutrient env_conditions keys: ['temperature', 'ph', 'optimal_ec']
DEBUG Nutrient step 498: Calling calculate_nutrient_dynamics
DEBUG Nutrient plant_status keys: ['root_surface_area', 'tank_volume_L', 'plant_count', 'daily_growth_rate', 'growth_stage', 'senescence_rates', 'stress_factors', 'organ_nutrient_status']
DEBUG Nutrient env_conditions keys: ['temperature', 'ph', 'optimal_ec']
DEBUG Nutrient step 499: Calling calculate_nutrient_dynamics
DEBUG Nutrient plant_status keys: ['root_surface_area', 'tank_volume_L', 'plant_count', 'daily_growth_rate', 'growth_stage', 'senescence_rates', 'stress_factors', 'organ_nutrient_status']
DEBUG Nutrient env_conditions keys: ['temperature', 'ph', 'optimal_ec']
DEBUG Nutrient step 500: Calling calculate_nutrient_dynamics
DEBUG Nutrient plant_status keys: ['root_surface_area', 'tank_volume_L', 'plant_count', 'daily_growth_rate', 'growth_stage', 'senescence_rates', 'stress_factors', 'organ_nutrient_status']
DEBUG Nutrient env_conditions keys: ['temperature', 'ph', 'optimal_ec']
DEBUG Nutrient step 501: Calling calculate_nutrient_dynamics
DEBUG Nutrient plant_status keys: ['root_surface_area', 'tank_volume_L', 'plant_count', 'daily_growth_rate', 'growth_stage', 'senescence_rates', 'stress_factors', 'organ_nutrient_status']
DEBUG Nutrient env_conditions keys: ['temperature', 'ph', 'optimal_ec']
DEBUG Nutrient step 502: Calling calculate_nutrient_dynamics
DEBUG Nutrient plant_status keys: ['root_surface_area', 'tank_volume_L', 'plant_count', 'daily_growth_rate', 'growth_stage', 'senescence_rates', 'stress_factors', 'organ_nutrient_status']
DEBUG Nutrient env_conditions keys: ['temperature', 'ph', 'optimal_ec']
DEBUG Nutrient step 503: Calling calculate_nutrient_dynamics
DEBUG Nutrient plant_status keys: ['root_surface_area', 'tank_volume_L', 'plant_count', 'daily_growth_rate', 'growth_stage', 'senescence_rates', 'stress_factors', 'organ_nutrient_status']
DEBUG Nutrient env_conditions keys: ['temperature', 'ph', 'optimal_ec']
DEBUG Nutrient step 504: Calling calculate_nutrient_dynamics
DEBUG Nutrient plant_status keys: ['root_surface_area', 'tank_volume_L', 'plant_count', 'daily_growth_rate', 'growth_stage', 'senescence_rates', 'stress_factors', 'organ_nutrient_status']
DEBUG Nutrient env_conditions keys: ['temperature', 'ph', 'optimal_ec']
DEBUG Nutrient step 505: Calling calculate_nutrient_dynamics
DEBUG Nutrient plant_status keys: ['root_surface_area', 'tank_volume_L', 'plant_count', 'daily_growth_rate', 'growth_stage', 'senescence_rates', 'stress_factors', 'organ_nutrient_status']
DEBUG Nutrient env_conditions keys: ['temperature', 'ph', 'optimal_ec']
DEBUG Nutrient step 506: Calling calculate_nutrient_dynamics
DEBUG Nutrient plant_status keys: ['root_surface_area', 'tank_volume_L', 'plant_count', 'daily_growth_rate', 'growth_stage', 'senescence_rates', 'stress_factors', 'organ_nutrient_status']
DEBUG Nutrient env_conditions keys: ['temperature', 'ph', 'optimal_ec']
DEBUG Nutrient step 507: Calling calculate_nutrient_dynamics
DEBUG Nutrient plant_status keys: ['root_surface_area', 'tank_volume_L', 'plant_count', 'daily_growth_rate', 'growth_stage', 'senescence_rates', 'stress_factors', 'organ_nutrient_status']
DEBUG Nutrient env_conditions keys: ['temperature', 'ph', 'optimal_ec']
DEBUG Nutrient step 508: Calling calculate_nutrient_dynamics
DEBUG Nutrient plant_status keys: ['root_surface_area', 'tank_volume_L', 'plant_count', 'daily_growth_rate', 'growth_stage', 'senescence_rates', 'stress_factors', 'organ_nutrient_status']
DEBUG Nutrient env_conditions keys: ['temperature', 'ph', 'optimal_ec']
DEBUG Nutrient step 509: Calling calculate_nutrient_dynamics
DEBUG Nutrient plant_status keys: ['root_surface_area', 'tank_volume_L', 'plant_count', 'daily_growth_rate', 'growth_stage', 'senescence_rates', 'stress_factors', 'organ_nutrient_status']
DEBUG Nutrient env_conditions keys: ['temperature', 'ph', 'optimal_ec']
DEBUG Nutrient step 510: Calling calculate_nutrient_dynamics
DEBUG Nutrient plant_status keys: ['root_surface_area', 'tank_volume_L', 'plant_count', 'daily_growth_rate', 'growth_stage', 'senescence_rates', 'stress_factors', 'organ_nutrient_status']
DEBUG Nutrient env_conditions keys: ['temperature', 'ph', 'optimal_ec']
DEBUG Nutrient step 511: Calling calculate_nutrient_dynamics
DEBUG Nutrient plant_status keys: ['root_surface_area', 'tank_volume_L', 'plant_count', 'daily_growth_rate', 'growth_stage', 'senescence_rates', 'stress_factors', 'organ_nutrient_status']
DEBUG Nutrient env_conditions keys: ['temperature', 'ph', 'optimal_ec']
DEBUG Nutrient step 512: Calling calculate_nutrient_dynamics
DEBUG Nutrient plant_status keys: ['root_surface_area', 'tank_volume_L', 'plant_count', 'daily_growth_rate', 'growth_stage', 'senescence_rates', 'stress_factors', 'organ_nutrient_status']
DEBUG Nutrient env_conditions keys: ['temperature', 'ph', 'optimal_ec']
DEBUG Nutrient step 513: Calling calculate_nutrient_dynamics
DEBUG Nutrient plant_status keys: ['root_surface_area', 'tank_volume_L', 'plant_count', 'daily_growth_rate', 'growth_stage', 'senescence_rates', 'stress_factors', 'organ_nutrient_status']
DEBUG Nutrient env_conditions keys: ['temperature', 'ph', 'optimal_ec']
DEBUG Nutrient step 514: Calling calculate_nutrient_dynamics
DEBUG Nutrient plant_status keys: ['root_surface_area', 'tank_volume_L', 'plant_count', 'daily_growth_rate', 'growth_stage', 'senescence_rates', 'stress_factors', 'organ_nutrient_status']
DEBUG Nutrient env_conditions keys: ['temperature', 'ph', 'optimal_ec']
DEBUG Nutrient step 515: Calling calculate_nutrient_dynamics
DEBUG Nutrient plant_status keys: ['root_surface_area', 'tank_volume_L', 'plant_count', 'daily_growth_rate', 'growth_stage', 'senescence_rates', 'stress_factors', 'organ_nutrient_status']
DEBUG Nutrient env_conditions keys: ['temperature', 'ph', 'optimal_ec']
DEBUG Nutrient step 516: Calling calculate_nutrient_dynamics
DEBUG Nutrient plant_status keys: ['root_surface_area', 'tank_volume_L', 'plant_count', 'daily_growth_rate', 'growth_stage', 'senescence_rates', 'stress_factors', 'organ_nutrient_status']
DEBUG Nutrient env_conditions keys: ['temperature', 'ph', 'optimal_ec']
DEBUG Nutrient step 517: Calling calculate_nutrient_dynamics
DEBUG Nutrient plant_status keys: ['root_surface_area', 'tank_volume_L', 'plant_count', 'daily_growth_rate', 'growth_stage', 'senescence_rates', 'stress_factors', 'organ_nutrient_status']
DEBUG Nutrient env_conditions keys: ['temperature', 'ph', 'optimal_ec']
DEBUG Nutrient step 518: Calling calculate_nutrient_dynamics
DEBUG Nutrient plant_status keys: ['root_surface_area', 'tank_volume_L', 'plant_count', 'daily_growth_rate', 'growth_stage', 'senescence_rates', 'stress_factors', 'organ_nutrient_status']
DEBUG Nutrient env_conditions keys: ['temperature', 'ph', 'optimal_ec']
DEBUG Nutrient step 519: Calling calculate_nutrient_dynamics
DEBUG Nutrient plant_status keys: ['root_surface_area', 'tank_volume_L', 'plant_count', 'daily_growth_rate', 'growth_stage', 'senescence_rates', 'stress_factors', 'organ_nutrient_status']
DEBUG Nutrient env_conditions keys: ['temperature', 'ph', 'optimal_ec']
DEBUG Nutrient step 520: Calling calculate_nutrient_dynamics
DEBUG Nutrient plant_status keys: ['root_surface_area', 'tank_volume_L', 'plant_count', 'daily_growth_rate', 'growth_stage', 'senescence_rates', 'stress_factors', 'organ_nutrient_status']
DEBUG Nutrient env_conditions keys: ['temperature', 'ph', 'optimal_ec']
DEBUG Nutrient step 521: Calling calculate_nutrient_dynamics
DEBUG Nutrient plant_status keys: ['root_surface_area', 'tank_volume_L', 'plant_count', 'daily_growth_rate', 'growth_stage', 'senescence_rates', 'stress_factors', 'organ_nutrient_status']
DEBUG Nutrient env_conditions keys: ['temperature', 'ph', 'optimal_ec']
DEBUG Nutrient step 522: Calling calculate_nutrient_dynamics
DEBUG Nutrient plant_status keys: ['root_surface_area', 'tank_volume_L', 'plant_count', 'daily_growth_rate', 'growth_stage', 'senescence_rates', 'stress_factors', 'organ_nutrient_status']
DEBUG Nutrient env_conditions keys: ['temperature', 'ph', 'optimal_ec']
DEBUG Nutrient step 523: Calling calculate_nutrient_dynamics
DEBUG Nutrient plant_status keys: ['root_surface_area', 'tank_volume_L', 'plant_count', 'daily_growth_rate', 'growth_stage', 'senescence_rates', 'stress_factors', 'organ_nutrient_status']
DEBUG Nutrient env_conditions keys: ['temperature', 'ph', 'optimal_ec']
DEBUG Nutrient step 524: Calling calculate_nutrient_dynamics
DEBUG Nutrient plant_status keys: ['root_surface_area', 'tank_volume_L', 'plant_count', 'daily_growth_rate', 'growth_stage', 'senescence_rates', 'stress_factors', 'organ_nutrient_status']
DEBUG Nutrient env_conditions keys: ['temperature', 'ph', 'optimal_ec']
DEBUG Nutrient step 525: Calling calculate_nutrient_dynamics
DEBUG Nutrient plant_status keys: ['root_surface_area', 'tank_volume_L', 'plant_count', 'daily_growth_rate', 'growth_stage', 'senescence_rates', 'stress_factors', 'organ_nutrient_status']
DEBUG Nutrient env_conditions keys: ['temperature', 'ph', 'optimal_ec']
DEBUG Nutrient step 526: Calling calculate_nutrient_dynamics
DEBUG Nutrient plant_status keys: ['root_surface_area', 'tank_volume_L', 'plant_count', 'daily_growth_rate', 'growth_stage', 'senescence_rates', 'stress_factors', 'organ_nutrient_status']
DEBUG Nutrient env_conditions keys: ['temperature', 'ph', 'optimal_ec']
DEBUG Nutrient step 527: Calling calculate_nutrient_dynamics
DEBUG Nutrient plant_status keys: ['root_surface_area', 'tank_volume_L', 'plant_count', 'daily_growth_rate', 'growth_stage', 'senescence_rates', 'stress_factors', 'organ_nutrient_status']
DEBUG Nutrient env_conditions keys: ['temperature', 'ph', 'optimal_ec']
DEBUG Nutrient step 528: Calling calculate_nutrient_dynamics
DEBUG Nutrient plant_status keys: ['root_surface_area', 'tank_volume_L', 'plant_count', 'daily_growth_rate', 'growth_stage', 'senescence_rates', 'stress_factors', 'organ_nutrient_status']
DEBUG Nutrient env_conditions keys: ['temperature', 'ph', 'optimal_ec']
DEBUG Nutrient step 529: Calling calculate_nutrient_dynamics
DEBUG Nutrient plant_status keys: ['root_surface_area', 'tank_volume_L', 'plant_count', 'daily_growth_rate', 'growth_stage', 'senescence_rates', 'stress_factors', 'organ_nutrient_status']
DEBUG Nutrient env_conditions keys: ['temperature', 'ph', 'optimal_ec']
DEBUG Nutrient step 530: Calling calculate_nutrient_dynamics
DEBUG Nutrient plant_status keys: ['root_surface_area', 'tank_volume_L', 'plant_count', 'daily_growth_rate', 'growth_stage', 'senescence_rates', 'stress_factors', 'organ_nutrient_status']
DEBUG Nutrient env_conditions keys: ['temperature', 'ph', 'optimal_ec']
DEBUG Nutrient step 531: Calling calculate_nutrient_dynamics
DEBUG Nutrient plant_status keys: ['root_surface_area', 'tank_volume_L', 'plant_count', 'daily_growth_rate', 'growth_stage', 'senescence_rates', 'stress_factors', 'organ_nutrient_status']
DEBUG Nutrient env_conditions keys: ['temperature', 'ph', 'optimal_ec']
DEBUG Nutrient step 532: Calling calculate_nutrient_dynamics
DEBUG Nutrient plant_status keys: ['root_surface_area', 'tank_volume_L', 'plant_count', 'daily_growth_rate', 'growth_stage', 'senescence_rates', 'stress_factors', 'organ_nutrient_status']
DEBUG Nutrient env_conditions keys: ['temperature', 'ph', 'optimal_ec']
DEBUG Nutrient step 533: Calling calculate_nutrient_dynamics
DEBUG Nutrient plant_status keys: ['root_surface_area', 'tank_volume_L', 'plant_count', 'daily_growth_rate', 'growth_stage', 'senescence_rates', 'stress_factors', 'organ_nutrient_status']
DEBUG Nutrient env_conditions keys: ['temperature', 'ph', 'optimal_ec']
DEBUG Nutrient step 534: Calling calculate_nutrient_dynamics
DEBUG Nutrient plant_status keys: ['root_surface_area', 'tank_volume_L', 'plant_count', 'daily_growth_rate', 'growth_stage', 'senescence_rates', 'stress_factors', 'organ_nutrient_status']
DEBUG Nutrient env_conditions keys: ['temperature', 'ph', 'optimal_ec']
DEBUG Nutrient step 535: Calling calculate_nutrient_dynamics
DEBUG Nutrient plant_status keys: ['root_surface_area', 'tank_volume_L', 'plant_count', 'daily_growth_rate', 'growth_stage', 'senescence_rates', 'stress_factors', 'organ_nutrient_status']
DEBUG Nutrient env_conditions keys: ['temperature', 'ph', 'optimal_ec']
DEBUG Nutrient step 536: Calling calculate_nutrient_dynamics
DEBUG Nutrient plant_status keys: ['root_surface_area', 'tank_volume_L', 'plant_count', 'daily_growth_rate', 'growth_stage', 'senescence_rates', 'stress_factors', 'organ_nutrient_status']
DEBUG Nutrient env_conditions keys: ['temperature', 'ph', 'optimal_ec']
DEBUG Nutrient step 537: Calling calculate_nutrient_dynamics
DEBUG Nutrient plant_status keys: ['root_surface_area', 'tank_volume_L', 'plant_count', 'daily_growth_rate', 'growth_stage', 'senescence_rates', 'stress_factors', 'organ_nutrient_status']
DEBUG Nutrient env_conditions keys: ['temperature', 'ph', 'optimal_ec']
DEBUG Nutrient step 538: Calling calculate_nutrient_dynamics
DEBUG Nutrient plant_status keys: ['root_surface_area', 'tank_volume_L', 'plant_count', 'daily_growth_rate', 'growth_stage', 'senescence_rates', 'stress_factors', 'organ_nutrient_status']
DEBUG Nutrient env_conditions keys: ['temperature', 'ph', 'optimal_ec']
DEBUG Nutrient step 539: Calling calculate_nutrient_dynamics
DEBUG Nutrient plant_status keys: ['root_surface_area', 'tank_volume_L', 'plant_count', 'daily_growth_rate', 'growth_stage', 'senescence_rates', 'stress_factors', 'organ_nutrient_status']
DEBUG Nutrient env_conditions keys: ['temperature', 'ph', 'optimal_ec']
DEBUG Nutrient step 540: Calling calculate_nutrient_dynamics
DEBUG Nutrient plant_status keys: ['root_surface_area', 'tank_volume_L', 'plant_count', 'daily_growth_rate', 'growth_stage', 'senescence_rates', 'stress_factors', 'organ_nutrient_status']
DEBUG Nutrient env_conditions keys: ['temperature', 'ph', 'optimal_ec']
DEBUG Nutrient step 541: Calling calculate_nutrient_dynamics
DEBUG Nutrient plant_status keys: ['root_surface_area', 'tank_volume_L', 'plant_count', 'daily_growth_rate', 'growth_stage', 'senescence_rates', 'stress_factors', 'organ_nutrient_status']
DEBUG Nutrient env_conditions keys: ['temperature', 'ph', 'optimal_ec']
DEBUG Nutrient step 542: Calling calculate_nutrient_dynamics
DEBUG Nutrient plant_status keys: ['root_surface_area', 'tank_volume_L', 'plant_count', 'daily_growth_rate', 'growth_stage', 'senescence_rates', 'stress_factors', 'organ_nutrient_status']
DEBUG Nutrient env_conditions keys: ['temperature', 'ph', 'optimal_ec']
DEBUG Nutrient step 543: Calling calculate_nutrient_dynamics
DEBUG Nutrient plant_status keys: ['root_surface_area', 'tank_volume_L', 'plant_count', 'daily_growth_rate', 'growth_stage', 'senescence_rates', 'stress_factors', 'organ_nutrient_status']
DEBUG Nutrient env_conditions keys: ['temperature', 'ph', 'optimal_ec']
DEBUG Nutrient step 544: Calling calculate_nutrient_dynamics
DEBUG Nutrient plant_status keys: ['root_surface_area', 'tank_volume_L', 'plant_count', 'daily_growth_rate', 'growth_stage', 'senescence_rates', 'stress_factors', 'organ_nutrient_status']
DEBUG Nutrient env_conditions keys: ['temperature', 'ph', 'optimal_ec']
DEBUG Nutrient step 545: Calling calculate_nutrient_dynamics
DEBUG Nutrient plant_status keys: ['root_surface_area', 'tank_volume_L', 'plant_count', 'daily_growth_rate', 'growth_stage', 'senescence_rates', 'stress_factors', 'organ_nutrient_status']
DEBUG Nutrient env_conditions keys: ['temperature', 'ph', 'optimal_ec']
DEBUG Nutrient step 546: Calling calculate_nutrient_dynamics
DEBUG Nutrient plant_status keys: ['root_surface_area', 'tank_volume_L', 'plant_count', 'daily_growth_rate', 'growth_stage', 'senescence_rates', 'stress_factors', 'organ_nutrient_status']
DEBUG Nutrient env_conditions keys: ['temperature', 'ph', 'optimal_ec']
DEBUG Nutrient step 547: Calling calculate_nutrient_dynamics
DEBUG Nutrient plant_status keys: ['root_surface_area', 'tank_volume_L', 'plant_count', 'daily_growth_rate', 'growth_stage', 'senescence_rates', 'stress_factors', 'organ_nutrient_status']
DEBUG Nutrient env_conditions keys: ['temperature', 'ph', 'optimal_ec']
DEBUG Nutrient step 548: Calling calculate_nutrient_dynamics
DEBUG Nutrient plant_status keys: ['root_surface_area', 'tank_volume_L', 'plant_count', 'daily_growth_rate', 'growth_stage', 'senescence_rates', 'stress_factors', 'organ_nutrient_status']
DEBUG Nutrient env_conditions keys: ['temperature', 'ph', 'optimal_ec']
DEBUG Nutrient step 549: Calling calculate_nutrient_dynamics
DEBUG Nutrient plant_status keys: ['root_surface_area', 'tank_volume_L', 'plant_count', 'daily_growth_rate', 'growth_stage', 'senescence_rates', 'stress_factors', 'organ_nutrient_status']
DEBUG Nutrient env_conditions keys: ['temperature', 'ph', 'optimal_ec']
DEBUG Nutrient step 550: Calling calculate_nutrient_dynamics
DEBUG Nutrient plant_status keys: ['root_surface_area', 'tank_volume_L', 'plant_count', 'daily_growth_rate', 'growth_stage', 'senescence_rates', 'stress_factors', 'organ_nutrient_status']
DEBUG Nutrient env_conditions keys: ['temperature', 'ph', 'optimal_ec']
DEBUG Nutrient step 551: Calling calculate_nutrient_dynamics
DEBUG Nutrient plant_status keys: ['root_surface_area', 'tank_volume_L', 'plant_count', 'daily_growth_rate', 'growth_stage', 'senescence_rates', 'stress_factors', 'organ_nutrient_status']
DEBUG Nutrient env_conditions keys: ['temperature', 'ph', 'optimal_ec']
DEBUG Nutrient step 552: Calling calculate_nutrient_dynamics
DEBUG Nutrient plant_status keys: ['root_surface_area', 'tank_volume_L', 'plant_count', 'daily_growth_rate', 'growth_stage', 'senescence_rates', 'stress_factors', 'organ_nutrient_status']
DEBUG Nutrient env_conditions keys: ['temperature', 'ph', 'optimal_ec']
DEBUG Nutrient step 553: Calling calculate_nutrient_dynamics
DEBUG Nutrient plant_status keys: ['root_surface_area', 'tank_volume_L', 'plant_count', 'daily_growth_rate', 'growth_stage', 'senescence_rates', 'stress_factors', 'organ_nutrient_status']
DEBUG Nutrient env_conditions keys: ['temperature', 'ph', 'optimal_ec']
DEBUG Nutrient step 554: Calling calculate_nutrient_dynamics
DEBUG Nutrient plant_status keys: ['root_surface_area', 'tank_volume_L', 'plant_count', 'daily_growth_rate', 'growth_stage', 'senescence_rates', 'stress_factors', 'organ_nutrient_status']
DEBUG Nutrient env_conditions keys: ['temperature', 'ph', 'optimal_ec']
DEBUG Nutrient step 555: Calling calculate_nutrient_dynamics
DEBUG Nutrient plant_status keys: ['root_surface_area', 'tank_volume_L', 'plant_count', 'daily_growth_rate', 'growth_stage', 'senescence_rates', 'stress_factors', 'organ_nutrient_status']
DEBUG Nutrient env_conditions keys: ['temperature', 'ph', 'optimal_ec']
DEBUG Nutrient step 556: Calling calculate_nutrient_dynamics
DEBUG Nutrient plant_status keys: ['root_surface_area', 'tank_volume_L', 'plant_count', 'daily_growth_rate', 'growth_stage', 'senescence_rates', 'stress_factors', 'organ_nutrient_status']
DEBUG Nutrient env_conditions keys: ['temperature', 'ph', 'optimal_ec']
DEBUG Nutrient step 557: Calling calculate_nutrient_dynamics
DEBUG Nutrient plant_status keys: ['root_surface_area', 'tank_volume_L', 'plant_count', 'daily_growth_rate', 'growth_stage', 'senescence_rates', 'stress_factors', 'organ_nutrient_status']
DEBUG Nutrient env_conditions keys: ['temperature', 'ph', 'optimal_ec']
DEBUG Nutrient step 558: Calling calculate_nutrient_dynamics
DEBUG Nutrient plant_status keys: ['root_surface_area', 'tank_volume_L', 'plant_count', 'daily_growth_rate', 'growth_stage', 'senescence_rates', 'stress_factors', 'organ_nutrient_status']
DEBUG Nutrient env_conditions keys: ['temperature', 'ph', 'optimal_ec']
DEBUG Nutrient step 559: Calling calculate_nutrient_dynamics
DEBUG Nutrient plant_status keys: ['root_surface_area', 'tank_volume_L', 'plant_count', 'daily_growth_rate', 'growth_stage', 'senescence_rates', 'stress_factors', 'organ_nutrient_status']
DEBUG Nutrient env_conditions keys: ['temperature', 'ph', 'optimal_ec']
DEBUG Nutrient step 560: Calling calculate_nutrient_dynamics
DEBUG Nutrient plant_status keys: ['root_surface_area', 'tank_volume_L', 'plant_count', 'daily_growth_rate', 'growth_stage', 'senescence_rates', 'stress_factors', 'organ_nutrient_status']
DEBUG Nutrient env_conditions keys: ['temperature', 'ph', 'optimal_ec']
DEBUG Nutrient step 561: Calling calculate_nutrient_dynamics
DEBUG Nutrient plant_status keys: ['root_surface_area', 'tank_volume_L', 'plant_count', 'daily_growth_rate', 'growth_stage', 'senescence_rates', 'stress_factors', 'organ_nutrient_status']
DEBUG Nutrient env_conditions keys: ['temperature', 'ph', 'optimal_ec']
DEBUG Nutrient step 562: Calling calculate_nutrient_dynamics
DEBUG Nutrient plant_status keys: ['root_surface_area', 'tank_volume_L', 'plant_count', 'daily_growth_rate', 'growth_stage', 'senescence_rates', 'stress_factors', 'organ_nutrient_status']
DEBUG Nutrient env_conditions keys: ['temperature', 'ph', 'optimal_ec']
DEBUG Nutrient step 563: Calling calculate_nutrient_dynamics
DEBUG Nutrient plant_status keys: ['root_surface_area', 'tank_volume_L', 'plant_count', 'daily_growth_rate', 'growth_stage', 'senescence_rates', 'stress_factors', 'organ_nutrient_status']
DEBUG Nutrient env_conditions keys: ['temperature', 'ph', 'optimal_ec']
DEBUG Nutrient step 564: Calling calculate_nutrient_dynamics
DEBUG Nutrient plant_status keys: ['root_surface_area', 'tank_volume_L', 'plant_count', 'daily_growth_rate', 'growth_stage', 'senescence_rates', 'stress_factors', 'organ_nutrient_status']
DEBUG Nutrient env_conditions keys: ['temperature', 'ph', 'optimal_ec']
DEBUG Nutrient step 565: Calling calculate_nutrient_dynamics
DEBUG Nutrient plant_status keys: ['root_surface_area', 'tank_volume_L', 'plant_count', 'daily_growth_rate', 'growth_stage', 'senescence_rates', 'stress_factors', 'organ_nutrient_status']
DEBUG Nutrient env_conditions keys: ['temperature', 'ph', 'optimal_ec']
DEBUG Nutrient step 566: Calling calculate_nutrient_dynamics
DEBUG Nutrient plant_status keys: ['root_surface_area', 'tank_volume_L', 'plant_count', 'daily_growth_rate', 'growth_stage', 'senescence_rates', 'stress_factors', 'organ_nutrient_status']
DEBUG Nutrient env_conditions keys: ['temperature', 'ph', 'optimal_ec']
DEBUG Nutrient step 567: Calling calculate_nutrient_dynamics
DEBUG Nutrient plant_status keys: ['root_surface_area', 'tank_volume_L', 'plant_count', 'daily_growth_rate', 'growth_stage', 'senescence_rates', 'stress_factors', 'organ_nutrient_status']
DEBUG Nutrient env_conditions keys: ['temperature', 'ph', 'optimal_ec']
DEBUG Nutrient step 568: Calling calculate_nutrient_dynamics
DEBUG Nutrient plant_status keys: ['root_surface_area', 'tank_volume_L', 'plant_count', 'daily_growth_rate', 'growth_stage', 'senescence_rates', 'stress_factors', 'organ_nutrient_status']
DEBUG Nutrient env_conditions keys: ['temperature', 'ph', 'optimal_ec']
DEBUG Nutrient step 569: Calling calculate_nutrient_dynamics
DEBUG Nutrient plant_status keys: ['root_surface_area', 'tank_volume_L', 'plant_count', 'daily_growth_rate', 'growth_stage', 'senescence_rates', 'stress_factors', 'organ_nutrient_status']
DEBUG Nutrient env_conditions keys: ['temperature', 'ph', 'optimal_ec']
DEBUG Nutrient step 570: Calling calculate_nutrient_dynamics
DEBUG Nutrient plant_status keys: ['root_surface_area', 'tank_volume_L', 'plant_count', 'daily_growth_rate', 'growth_stage', 'senescence_rates', 'stress_factors', 'organ_nutrient_status']
DEBUG Nutrient env_conditions keys: ['temperature', 'ph', 'optimal_ec']
DEBUG Nutrient step 571: Calling calculate_nutrient_dynamics
DEBUG Nutrient plant_status keys: ['root_surface_area', 'tank_volume_L', 'plant_count', 'daily_growth_rate', 'growth_stage', 'senescence_rates', 'stress_factors', 'organ_nutrient_status']
DEBUG Nutrient env_conditions keys: ['temperature', 'ph', 'optimal_ec']
DEBUG Nutrient step 572: Calling calculate_nutrient_dynamics
DEBUG Nutrient plant_status keys: ['root_surface_area', 'tank_volume_L', 'plant_count', 'daily_growth_rate', 'growth_stage', 'senescence_rates', 'stress_factors', 'organ_nutrient_status']
DEBUG Nutrient env_conditions keys: ['temperature', 'ph', 'optimal_ec']
DEBUG Nutrient step 573: Calling calculate_nutrient_dynamics
DEBUG Nutrient plant_status keys: ['root_surface_area', 'tank_volume_L', 'plant_count', 'daily_growth_rate', 'growth_stage', 'senescence_rates', 'stress_factors', 'organ_nutrient_status']
DEBUG Nutrient env_conditions keys: ['temperature', 'ph', 'optimal_ec']
DEBUG Nutrient step 574: Calling calculate_nutrient_dynamics
DEBUG Nutrient plant_status keys: ['root_surface_area', 'tank_volume_L', 'plant_count', 'daily_growth_rate', 'growth_stage', 'senescence_rates', 'stress_factors', 'organ_nutrient_status']
DEBUG Nutrient env_conditions keys: ['temperature', 'ph', 'optimal_ec']
DEBUG Nutrient step 575: Calling calculate_nutrient_dynamics
DEBUG Nutrient plant_status keys: ['root_surface_area', 'tank_volume_L', 'plant_count', 'daily_growth_rate', 'growth_stage', 'senescence_rates', 'stress_factors', 'organ_nutrient_status']
DEBUG Nutrient env_conditions keys: ['temperature', 'ph', 'optimal_ec']
DEBUG Nutrient step 576: Calling calculate_nutrient_dynamics
DEBUG Nutrient plant_status keys: ['root_surface_area', 'tank_volume_L', 'plant_count', 'daily_growth_rate', 'growth_stage', 'senescence_rates', 'stress_factors', 'organ_nutrient_status']
DEBUG Nutrient env_conditions keys: ['temperature', 'ph', 'optimal_ec']
DEBUG Nutrient step 577: Calling calculate_nutrient_dynamics
DEBUG Nutrient plant_status keys: ['root_surface_area', 'tank_volume_L', 'plant_count', 'daily_growth_rate', 'growth_stage', 'senescence_rates', 'stress_factors', 'organ_nutrient_status']
DEBUG Nutrient env_conditions keys: ['temperature', 'ph', 'optimal_ec']
DEBUG Nutrient step 578: Calling calculate_nutrient_dynamics
DEBUG Nutrient plant_status keys: ['root_surface_area', 'tank_volume_L', 'plant_count', 'daily_growth_rate', 'growth_stage', 'senescence_rates', 'stress_factors', 'organ_nutrient_status']
DEBUG Nutrient env_conditions keys: ['temperature', 'ph', 'optimal_ec']
DEBUG Nutrient step 579: Calling calculate_nutrient_dynamics
DEBUG Nutrient plant_status keys: ['root_surface_area', 'tank_volume_L', 'plant_count', 'daily_growth_rate', 'growth_stage', 'senescence_rates', 'stress_factors', 'organ_nutrient_status']
DEBUG Nutrient env_conditions keys: ['temperature', 'ph', 'optimal_ec']
DEBUG Nutrient step 580: Calling calculate_nutrient_dynamics
DEBUG Nutrient plant_status keys: ['root_surface_area', 'tank_volume_L', 'plant_count', 'daily_growth_rate', 'growth_stage', 'senescence_rates', 'stress_factors', 'organ_nutrient_status']
DEBUG Nutrient env_conditions keys: ['temperature', 'ph', 'optimal_ec']
DEBUG Nutrient step 581: Calling calculate_nutrient_dynamics
DEBUG Nutrient plant_status keys: ['root_surface_area', 'tank_volume_L', 'plant_count', 'daily_growth_rate', 'growth_stage', 'senescence_rates', 'stress_factors', 'organ_nutrient_status']
DEBUG Nutrient env_conditions keys: ['temperature', 'ph', 'optimal_ec']
DEBUG Nutrient step 582: Calling calculate_nutrient_dynamics
DEBUG Nutrient plant_status keys: ['root_surface_area', 'tank_volume_L', 'plant_count', 'daily_growth_rate', 'growth_stage', 'senescence_rates', 'stress_factors', 'organ_nutrient_status']
DEBUG Nutrient env_conditions keys: ['temperature', 'ph', 'optimal_ec']
DEBUG Nutrient step 583: Calling calculate_nutrient_dynamics
DEBUG Nutrient plant_status keys: ['root_surface_area', 'tank_volume_L', 'plant_count', 'daily_growth_rate', 'growth_stage', 'senescence_rates', 'stress_factors', 'organ_nutrient_status']
DEBUG Nutrient env_conditions keys: ['temperature', 'ph', 'optimal_ec']
DEBUG Nutrient step 584: Calling calculate_nutrient_dynamics
DEBUG Nutrient plant_status keys: ['root_surface_area', 'tank_volume_L', 'plant_count', 'daily_growth_rate', 'growth_stage', 'senescence_rates', 'stress_factors', 'organ_nutrient_status']
DEBUG Nutrient env_conditions keys: ['temperature', 'ph', 'optimal_ec']
DEBUG Nutrient step 585: Calling calculate_nutrient_dynamics
DEBUG Nutrient plant_status keys: ['root_surface_area', 'tank_volume_L', 'plant_count', 'daily_growth_rate', 'growth_stage', 'senescence_rates', 'stress_factors', 'organ_nutrient_status']
DEBUG Nutrient env_conditions keys: ['temperature', 'ph', 'optimal_ec']
DEBUG Nutrient step 586: Calling calculate_nutrient_dynamics
DEBUG Nutrient plant_status keys: ['root_surface_area', 'tank_volume_L', 'plant_count', 'daily_growth_rate', 'growth_stage', 'senescence_rates', 'stress_factors', 'organ_nutrient_status']
DEBUG Nutrient env_conditions keys: ['temperature', 'ph', 'optimal_ec']
DEBUG Nutrient step 587: Calling calculate_nutrient_dynamics
DEBUG Nutrient plant_status keys: ['root_surface_area', 'tank_volume_L', 'plant_count', 'daily_growth_rate', 'growth_stage', 'senescence_rates', 'stress_factors', 'organ_nutrient_status']
DEBUG Nutrient env_conditions keys: ['temperature', 'ph', 'optimal_ec']
DEBUG Nutrient step 588: Calling calculate_nutrient_dynamics
DEBUG Nutrient plant_status keys: ['root_surface_area', 'tank_volume_L', 'plant_count', 'daily_growth_rate', 'growth_stage', 'senescence_rates', 'stress_factors', 'organ_nutrient_status']
DEBUG Nutrient env_conditions keys: ['temperature', 'ph', 'optimal_ec']
DEBUG Nutrient step 589: Calling calculate_nutrient_dynamics
DEBUG Nutrient plant_status keys: ['root_surface_area', 'tank_volume_L', 'plant_count', 'daily_growth_rate', 'growth_stage', 'senescence_rates', 'stress_factors', 'organ_nutrient_status']
DEBUG Nutrient env_conditions keys: ['temperature', 'ph', 'optimal_ec']
DEBUG Nutrient step 590: Calling calculate_nutrient_dynamics
DEBUG Nutrient plant_status keys: ['root_surface_area', 'tank_volume_L', 'plant_count', 'daily_growth_rate', 'growth_stage', 'senescence_rates', 'stress_factors', 'organ_nutrient_status']
DEBUG Nutrient env_conditions keys: ['temperature', 'ph', 'optimal_ec']
DEBUG Nutrient step 591: Calling calculate_nutrient_dynamics
DEBUG Nutrient plant_status keys: ['root_surface_area', 'tank_volume_L', 'plant_count', 'daily_growth_rate', 'growth_stage', 'senescence_rates', 'stress_factors', 'organ_nutrient_status']
DEBUG Nutrient env_conditions keys: ['temperature', 'ph', 'optimal_ec']
DEBUG Nutrient step 592: Calling calculate_nutrient_dynamics
DEBUG Nutrient plant_status keys: ['root_surface_area', 'tank_volume_L', 'plant_count', 'daily_growth_rate', 'growth_stage', 'senescence_rates', 'stress_factors', 'organ_nutrient_status']
DEBUG Nutrient env_conditions keys: ['temperature', 'ph', 'optimal_ec']
DEBUG Nutrient step 593: Calling calculate_nutrient_dynamics
DEBUG Nutrient plant_status keys: ['root_surface_area', 'tank_volume_L', 'plant_count', 'daily_growth_rate', 'growth_stage', 'senescence_rates', 'stress_factors', 'organ_nutrient_status']
DEBUG Nutrient env_conditions keys: ['temperature', 'ph', 'optimal_ec']
DEBUG Nutrient step 594: Calling calculate_nutrient_dynamics
DEBUG Nutrient plant_status keys: ['root_surface_area', 'tank_volume_L', 'plant_count', 'daily_growth_rate', 'growth_stage', 'senescence_rates', 'stress_factors', 'organ_nutrient_status']
DEBUG Nutrient env_conditions keys: ['temperature', 'ph', 'optimal_ec']
DEBUG Nutrient step 595: Calling calculate_nutrient_dynamics
DEBUG Nutrient plant_status keys: ['root_surface_area', 'tank_volume_L', 'plant_count', 'daily_growth_rate', 'growth_stage', 'senescence_rates', 'stress_factors', 'organ_nutrient_status']
DEBUG Nutrient env_conditions keys: ['temperature', 'ph', 'optimal_ec']
DEBUG Nutrient step 596: Calling calculate_nutrient_dynamics
DEBUG Nutrient plant_status keys: ['root_surface_area', 'tank_volume_L', 'plant_count', 'daily_growth_rate', 'growth_stage', 'senescence_rates', 'stress_factors', 'organ_nutrient_status']
DEBUG Nutrient env_conditions keys: ['temperature', 'ph', 'optimal_ec']
DEBUG Nutrient step 597: Calling calculate_nutrient_dynamics
DEBUG Nutrient plant_status keys: ['root_surface_area', 'tank_volume_L', 'plant_count', 'daily_growth_rate', 'growth_stage', 'senescence_rates', 'stress_factors', 'organ_nutrient_status']
DEBUG Nutrient env_conditions keys: ['temperature', 'ph', 'optimal_ec']
DEBUG Nutrient step 598: Calling calculate_nutrient_dynamics
DEBUG Nutrient plant_status keys: ['root_surface_area', 'tank_volume_L', 'plant_count', 'daily_growth_rate', 'growth_stage', 'senescence_rates', 'stress_factors', 'organ_nutrient_status']
DEBUG Nutrient env_conditions keys: ['temperature', 'ph', 'optimal_ec']
DEBUG Nutrient step 599: Calling calculate_nutrient_dynamics
DEBUG Nutrient plant_status keys: ['root_surface_area', 'tank_volume_L', 'plant_count', 'daily_growth_rate', 'growth_stage', 'senescence_rates', 'stress_factors', 'organ_nutrient_status']
DEBUG Nutrient env_conditions keys: ['temperature', 'ph', 'optimal_ec']
DEBUG Nutrient step 600: Calling calculate_nutrient_dynamics
DEBUG Nutrient plant_status keys: ['root_surface_area', 'tank_volume_L', 'plant_count', 'daily_growth_rate', 'growth_stage', 'senescence_rates', 'stress_factors', 'organ_nutrient_status']
DEBUG Nutrient env_conditions keys: ['temperature', 'ph', 'optimal_ec']
DEBUG Nutrient step 601: Calling calculate_nutrient_dynamics
DEBUG Nutrient plant_status keys: ['root_surface_area', 'tank_volume_L', 'plant_count', 'daily_growth_rate', 'growth_stage', 'senescence_rates', 'stress_factors', 'organ_nutrient_status']
DEBUG Nutrient env_conditions keys: ['temperature', 'ph', 'optimal_ec']
DEBUG Nutrient step 602: Calling calculate_nutrient_dynamics
DEBUG Nutrient plant_status keys: ['root_surface_area', 'tank_volume_L', 'plant_count', 'daily_growth_rate', 'growth_stage', 'senescence_rates', 'stress_factors', 'organ_nutrient_status']
DEBUG Nutrient env_conditions keys: ['temperature', 'ph', 'optimal_ec']
DEBUG Nutrient step 603: Calling calculate_nutrient_dynamics
DEBUG Nutrient plant_status keys: ['root_surface_area', 'tank_volume_L', 'plant_count', 'daily_growth_rate', 'growth_stage', 'senescence_rates', 'stress_factors', 'organ_nutrient_status']
DEBUG Nutrient env_conditions keys: ['temperature', 'ph', 'optimal_ec']
DEBUG Nutrient step 604: Calling calculate_nutrient_dynamics
DEBUG Nutrient plant_status keys: ['root_surface_area', 'tank_volume_L', 'plant_count', 'daily_growth_rate', 'growth_stage', 'senescence_rates', 'stress_factors', 'organ_nutrient_status']
DEBUG Nutrient env_conditions keys: ['temperature', 'ph', 'optimal_ec']
DEBUG Nutrient step 605: Calling calculate_nutrient_dynamics
DEBUG Nutrient plant_status keys: ['root_surface_area', 'tank_volume_L', 'plant_count', 'daily_growth_rate', 'growth_stage', 'senescence_rates', 'stress_factors', 'organ_nutrient_status']
DEBUG Nutrient env_conditions keys: ['temperature', 'ph', 'optimal_ec']
DEBUG Nutrient step 606: Calling calculate_nutrient_dynamics
DEBUG Nutrient plant_status keys: ['root_surface_area', 'tank_volume_L', 'plant_count', 'daily_growth_rate', 'growth_stage', 'senescence_rates', 'stress_factors', 'organ_nutrient_status']
DEBUG Nutrient env_conditions keys: ['temperature', 'ph', 'optimal_ec']
DEBUG Nutrient step 607: Calling calculate_nutrient_dynamics
DEBUG Nutrient plant_status keys: ['root_surface_area', 'tank_volume_L', 'plant_count', 'daily_growth_rate', 'growth_stage', 'senescence_rates', 'stress_factors', 'organ_nutrient_status']
DEBUG Nutrient env_conditions keys: ['temperature', 'ph', 'optimal_ec']
DEBUG Nutrient step 608: Calling calculate_nutrient_dynamics
DEBUG Nutrient plant_status keys: ['root_surface_area', 'tank_volume_L', 'plant_count', 'daily_growth_rate', 'growth_stage', 'senescence_rates', 'stress_factors', 'organ_nutrient_status']
DEBUG Nutrient env_conditions keys: ['temperature', 'ph', 'optimal_ec']
DEBUG Nutrient step 609: Calling calculate_nutrient_dynamics
DEBUG Nutrient plant_status keys: ['root_surface_area', 'tank_volume_L', 'plant_count', 'daily_growth_rate', 'growth_stage', 'senescence_rates', 'stress_factors', 'organ_nutrient_status']
DEBUG Nutrient env_conditions keys: ['temperature', 'ph', 'optimal_ec']
DEBUG Nutrient step 610: Calling calculate_nutrient_dynamics
DEBUG Nutrient plant_status keys: ['root_surface_area', 'tank_volume_L', 'plant_count', 'daily_growth_rate', 'growth_stage', 'senescence_rates', 'stress_factors', 'organ_nutrient_status']
DEBUG Nutrient env_conditions keys: ['temperature', 'ph', 'optimal_ec']
DEBUG Nutrient step 611: Calling calculate_nutrient_dynamics
DEBUG Nutrient plant_status keys: ['root_surface_area', 'tank_volume_L', 'plant_count', 'daily_growth_rate', 'growth_stage', 'senescence_rates', 'stress_factors', 'organ_nutrient_status']
DEBUG Nutrient env_conditions keys: ['temperature', 'ph', 'optimal_ec']
DEBUG Nutrient step 612: Calling calculate_nutrient_dynamics
DEBUG Nutrient plant_status keys: ['root_surface_area', 'tank_volume_L', 'plant_count', 'daily_growth_rate', 'growth_stage', 'senescence_rates', 'stress_factors', 'organ_nutrient_status']
DEBUG Nutrient env_conditions keys: ['temperature', 'ph', 'optimal_ec']
DEBUG Nutrient step 613: Calling calculate_nutrient_dynamics
DEBUG Nutrient plant_status keys: ['root_surface_area', 'tank_volume_L', 'plant_count', 'daily_growth_rate', 'growth_stage', 'senescence_rates', 'stress_factors', 'organ_nutrient_status']
DEBUG Nutrient env_conditions keys: ['temperature', 'ph', 'optimal_ec']
DEBUG Nutrient step 614: Calling calculate_nutrient_dynamics
DEBUG Nutrient plant_status keys: ['root_surface_area', 'tank_volume_L', 'plant_count', 'daily_growth_rate', 'growth_stage', 'senescence_rates', 'stress_factors', 'organ_nutrient_status']
DEBUG Nutrient env_conditions keys: ['temperature', 'ph', 'optimal_ec']
DEBUG Nutrient step 615: Calling calculate_nutrient_dynamics
DEBUG Nutrient plant_status keys: ['root_surface_area', 'tank_volume_L', 'plant_count', 'daily_growth_rate', 'growth_stage', 'senescence_rates', 'stress_factors', 'organ_nutrient_status']
DEBUG Nutrient env_conditions keys: ['temperature', 'ph', 'optimal_ec']
DEBUG Nutrient step 616: Calling calculate_nutrient_dynamics
DEBUG Nutrient plant_status keys: ['root_surface_area', 'tank_volume_L', 'plant_count', 'daily_growth_rate', 'growth_stage', 'senescence_rates', 'stress_factors', 'organ_nutrient_status']
DEBUG Nutrient env_conditions keys: ['temperature', 'ph', 'optimal_ec']
DEBUG Nutrient step 617: Calling calculate_nutrient_dynamics
DEBUG Nutrient plant_status keys: ['root_surface_area', 'tank_volume_L', 'plant_count', 'daily_growth_rate', 'growth_stage', 'senescence_rates', 'stress_factors', 'organ_nutrient_status']
DEBUG Nutrient env_conditions keys: ['temperature', 'ph', 'optimal_ec']
DEBUG Nutrient step 618: Calling calculate_nutrient_dynamics
DEBUG Nutrient plant_status keys: ['root_surface_area', 'tank_volume_L', 'plant_count', 'daily_growth_rate', 'growth_stage', 'senescence_rates', 'stress_factors', 'organ_nutrient_status']
DEBUG Nutrient env_conditions keys: ['temperature', 'ph', 'optimal_ec']
DEBUG Nutrient step 619: Calling calculate_nutrient_dynamics
DEBUG Nutrient plant_status keys: ['root_surface_area', 'tank_volume_L', 'plant_count', 'daily_growth_rate', 'growth_stage', 'senescence_rates', 'stress_factors', 'organ_nutrient_status']
DEBUG Nutrient env_conditions keys: ['temperature', 'ph', 'optimal_ec']
DEBUG Nutrient step 620: Calling calculate_nutrient_dynamics
DEBUG Nutrient plant_status keys: ['root_surface_area', 'tank_volume_L', 'plant_count', 'daily_growth_rate', 'growth_stage', 'senescence_rates', 'stress_factors', 'organ_nutrient_status']
DEBUG Nutrient env_conditions keys: ['temperature', 'ph', 'optimal_ec']
DEBUG Nutrient step 621: Calling calculate_nutrient_dynamics
DEBUG Nutrient plant_status keys: ['root_surface_area', 'tank_volume_L', 'plant_count', 'daily_growth_rate', 'growth_stage', 'senescence_rates', 'stress_factors', 'organ_nutrient_status']
DEBUG Nutrient env_conditions keys: ['temperature', 'ph', 'optimal_ec']
DEBUG Nutrient step 622: Calling calculate_nutrient_dynamics
DEBUG Nutrient plant_status keys: ['root_surface_area', 'tank_volume_L', 'plant_count', 'daily_growth_rate', 'growth_stage', 'senescence_rates', 'stress_factors', 'organ_nutrient_status']
DEBUG Nutrient env_conditions keys: ['temperature', 'ph', 'optimal_ec']
DEBUG Nutrient step 623: Calling calculate_nutrient_dynamics
DEBUG Nutrient plant_status keys: ['root_surface_area', 'tank_volume_L', 'plant_count', 'daily_growth_rate', 'growth_stage', 'senescence_rates', 'stress_factors', 'organ_nutrient_status']
DEBUG Nutrient env_conditions keys: ['temperature', 'ph', 'optimal_ec']
DEBUG Nutrient step 624: Calling calculate_nutrient_dynamics
DEBUG Nutrient plant_status keys: ['root_surface_area', 'tank_volume_L', 'plant_count', 'daily_growth_rate', 'growth_stage', 'senescence_rates', 'stress_factors', 'organ_nutrient_status']
DEBUG Nutrient env_conditions keys: ['temperature', 'ph', 'optimal_ec']
DEBUG Nutrient step 625: Calling calculate_nutrient_dynamics
DEBUG Nutrient plant_status keys: ['root_surface_area', 'tank_volume_L', 'plant_count', 'daily_growth_rate', 'growth_stage', 'senescence_rates', 'stress_factors', 'organ_nutrient_status']
DEBUG Nutrient env_conditions keys: ['temperature', 'ph', 'optimal_ec']
DEBUG Nutrient step 626: Calling calculate_nutrient_dynamics
DEBUG Nutrient plant_status keys: ['root_surface_area', 'tank_volume_L', 'plant_count', 'daily_growth_rate', 'growth_stage', 'senescence_rates', 'stress_factors', 'organ_nutrient_status']
DEBUG Nutrient env_conditions keys: ['temperature', 'ph', 'optimal_ec']
DEBUG Nutrient step 627: Calling calculate_nutrient_dynamics
DEBUG Nutrient plant_status keys: ['root_surface_area', 'tank_volume_L', 'plant_count', 'daily_growth_rate', 'growth_stage', 'senescence_rates', 'stress_factors', 'organ_nutrient_status']
DEBUG Nutrient env_conditions keys: ['temperature', 'ph', 'optimal_ec']
DEBUG Nutrient step 628: Calling calculate_nutrient_dynamics
DEBUG Nutrient plant_status keys: ['root_surface_area', 'tank_volume_L', 'plant_count', 'daily_growth_rate', 'growth_stage', 'senescence_rates', 'stress_factors', 'organ_nutrient_status']
DEBUG Nutrient env_conditions keys: ['temperature', 'ph', 'optimal_ec']
DEBUG Nutrient step 629: Calling calculate_nutrient_dynamics
DEBUG Nutrient plant_status keys: ['root_surface_area', 'tank_volume_L', 'plant_count', 'daily_growth_rate', 'growth_stage', 'senescence_rates', 'stress_factors', 'organ_nutrient_status']
DEBUG Nutrient env_conditions keys: ['temperature', 'ph', 'optimal_ec']
DEBUG Nutrient step 630: Calling calculate_nutrient_dynamics
DEBUG Nutrient plant_status keys: ['root_surface_area', 'tank_volume_L', 'plant_count', 'daily_growth_rate', 'growth_stage', 'senescence_rates', 'stress_factors', 'organ_nutrient_status']
DEBUG Nutrient env_conditions keys: ['temperature', 'ph', 'optimal_ec']
DEBUG Nutrient step 631: Calling calculate_nutrient_dynamics
DEBUG Nutrient plant_status keys: ['root_surface_area', 'tank_volume_L', 'plant_count', 'daily_growth_rate', 'growth_stage', 'senescence_rates', 'stress_factors', 'organ_nutrient_status']
DEBUG Nutrient env_conditions keys: ['temperature', 'ph', 'optimal_ec']
DEBUG Nutrient step 632: Calling calculate_nutrient_dynamics
DEBUG Nutrient plant_status keys: ['root_surface_area', 'tank_volume_L', 'plant_count', 'daily_growth_rate', 'growth_stage', 'senescence_rates', 'stress_factors', 'organ_nutrient_status']
DEBUG Nutrient env_conditions keys: ['temperature', 'ph', 'optimal_ec']
DEBUG Nutrient step 633: Calling calculate_nutrient_dynamics
DEBUG Nutrient plant_status keys: ['root_surface_area', 'tank_volume_L', 'plant_count', 'daily_growth_rate', 'growth_stage', 'senescence_rates', 'stress_factors', 'organ_nutrient_status']
DEBUG Nutrient env_conditions keys: ['temperature', 'ph', 'optimal_ec']
DEBUG Nutrient step 634: Calling calculate_nutrient_dynamics
DEBUG Nutrient plant_status keys: ['root_surface_area', 'tank_volume_L', 'plant_count', 'daily_growth_rate', 'growth_stage', 'senescence_rates', 'stress_factors', 'organ_nutrient_status']
DEBUG Nutrient env_conditions keys: ['temperature', 'ph', 'optimal_ec']
DEBUG Nutrient step 635: Calling calculate_nutrient_dynamics
DEBUG Nutrient plant_status keys: ['root_surface_area', 'tank_volume_L', 'plant_count', 'daily_growth_rate', 'growth_stage', 'senescence_rates', 'stress_factors', 'organ_nutrient_status']
DEBUG Nutrient env_conditions keys: ['temperature', 'ph', 'optimal_ec']
DEBUG Nutrient step 636: Calling calculate_nutrient_dynamics
DEBUG Nutrient plant_status keys: ['root_surface_area', 'tank_volume_L', 'plant_count', 'daily_growth_rate', 'growth_stage', 'senescence_rates', 'stress_factors', 'organ_nutrient_status']
DEBUG Nutrient env_conditions keys: ['temperature', 'ph', 'optimal_ec']
DEBUG Nutrient step 637: Calling calculate_nutrient_dynamics
DEBUG Nutrient plant_status keys: ['root_surface_area', 'tank_volume_L', 'plant_count', 'daily_growth_rate', 'growth_stage', 'senescence_rates', 'stress_factors', 'organ_nutrient_status']
DEBUG Nutrient env_conditions keys: ['temperature', 'ph', 'optimal_ec']
DEBUG Nutrient step 638: Calling calculate_nutrient_dynamics
DEBUG Nutrient plant_status keys: ['root_surface_area', 'tank_volume_L', 'plant_count', 'daily_growth_rate', 'growth_stage', 'senescence_rates', 'stress_factors', 'organ_nutrient_status']
DEBUG Nutrient env_conditions keys: ['temperature', 'ph', 'optimal_ec']
DEBUG Nutrient step 639: Calling calculate_nutrient_dynamics
DEBUG Nutrient plant_status keys: ['root_surface_area', 'tank_volume_L', 'plant_count', 'daily_growth_rate', 'growth_stage', 'senescence_rates', 'stress_factors', 'organ_nutrient_status']
DEBUG Nutrient env_conditions keys: ['temperature', 'ph', 'optimal_ec']
DEBUG Nutrient step 640: Calling calculate_nutrient_dynamics
DEBUG Nutrient plant_status keys: ['root_surface_area', 'tank_volume_L', 'plant_count', 'daily_growth_rate', 'growth_stage', 'senescence_rates', 'stress_factors', 'organ_nutrient_status']
DEBUG Nutrient env_conditions keys: ['temperature', 'ph', 'optimal_ec']
DEBUG Nutrient step 641: Calling calculate_nutrient_dynamics
DEBUG Nutrient plant_status keys: ['root_surface_area', 'tank_volume_L', 'plant_count', 'daily_growth_rate', 'growth_stage', 'senescence_rates', 'stress_factors', 'organ_nutrient_status']
DEBUG Nutrient env_conditions keys: ['temperature', 'ph', 'optimal_ec']
DEBUG Nutrient step 642: Calling calculate_nutrient_dynamics
DEBUG Nutrient plant_status keys: ['root_surface_area', 'tank_volume_L', 'plant_count', 'daily_growth_rate', 'growth_stage', 'senescence_rates', 'stress_factors', 'organ_nutrient_status']
DEBUG Nutrient env_conditions keys: ['temperature', 'ph', 'optimal_ec']
DEBUG Nutrient step 643: Calling calculate_nutrient_dynamics
DEBUG Nutrient plant_status keys: ['root_surface_area', 'tank_volume_L', 'plant_count', 'daily_growth_rate', 'growth_stage', 'senescence_rates', 'stress_factors', 'organ_nutrient_status']
DEBUG Nutrient env_conditions keys: ['temperature', 'ph', 'optimal_ec']
DEBUG Nutrient step 644: Calling calculate_nutrient_dynamics
DEBUG Nutrient plant_status keys: ['root_surface_area', 'tank_volume_L', 'plant_count', 'daily_growth_rate', 'growth_stage', 'senescence_rates', 'stress_factors', 'organ_nutrient_status']
DEBUG Nutrient env_conditions keys: ['temperature', 'ph', 'optimal_ec']
DEBUG Nutrient step 645: Calling calculate_nutrient_dynamics
DEBUG Nutrient plant_status keys: ['root_surface_area', 'tank_volume_L', 'plant_count', 'daily_growth_rate', 'growth_stage', 'senescence_rates', 'stress_factors', 'organ_nutrient_status']
DEBUG Nutrient env_conditions keys: ['temperature', 'ph', 'optimal_ec']
DEBUG Nutrient step 646: Calling calculate_nutrient_dynamics
DEBUG Nutrient plant_status keys: ['root_surface_area', 'tank_volume_L', 'plant_count', 'daily_growth_rate', 'growth_stage', 'senescence_rates', 'stress_factors', 'organ_nutrient_status']
DEBUG Nutrient env_conditions keys: ['temperature', 'ph', 'optimal_ec']
DEBUG Nutrient step 647: Calling calculate_nutrient_dynamics
DEBUG Nutrient plant_status keys: ['root_surface_area', 'tank_volume_L', 'plant_count', 'daily_growth_rate', 'growth_stage', 'senescence_rates', 'stress_factors', 'organ_nutrient_status']
DEBUG Nutrient env_conditions keys: ['temperature', 'ph', 'optimal_ec']
DEBUG Nutrient step 648: Calling calculate_nutrient_dynamics
DEBUG Nutrient plant_status keys: ['root_surface_area', 'tank_volume_L', 'plant_count', 'daily_growth_rate', 'growth_stage', 'senescence_rates', 'stress_factors', 'organ_nutrient_status']
DEBUG Nutrient env_conditions keys: ['temperature', 'ph', 'optimal_ec']
DEBUG Nutrient step 649: Calling calculate_nutrient_dynamics
DEBUG Nutrient plant_status keys: ['root_surface_area', 'tank_volume_L', 'plant_count', 'daily_growth_rate', 'growth_stage', 'senescence_rates', 'stress_factors', 'organ_nutrient_status']
DEBUG Nutrient env_conditions keys: ['temperature', 'ph', 'optimal_ec']
DEBUG Nutrient step 650: Calling calculate_nutrient_dynamics
DEBUG Nutrient plant_status keys: ['root_surface_area', 'tank_volume_L', 'plant_count', 'daily_growth_rate', 'growth_stage', 'senescence_rates', 'stress_factors', 'organ_nutrient_status']
DEBUG Nutrient env_conditions keys: ['temperature', 'ph', 'optimal_ec']
DEBUG Nutrient step 651: Calling calculate_nutrient_dynamics
DEBUG Nutrient plant_status keys: ['root_surface_area', 'tank_volume_L', 'plant_count', 'daily_growth_rate', 'growth_stage', 'senescence_rates', 'stress_factors', 'organ_nutrient_status']
DEBUG Nutrient env_conditions keys: ['temperature', 'ph', 'optimal_ec']
DEBUG Nutrient step 652: Calling calculate_nutrient_dynamics
DEBUG Nutrient plant_status keys: ['root_surface_area', 'tank_volume_L', 'plant_count', 'daily_growth_rate', 'growth_stage', 'senescence_rates', 'stress_factors', 'organ_nutrient_status']
DEBUG Nutrient env_conditions keys: ['temperature', 'ph', 'optimal_ec']
DEBUG Nutrient step 653: Calling calculate_nutrient_dynamics
DEBUG Nutrient plant_status keys: ['root_surface_area', 'tank_volume_L', 'plant_count', 'daily_growth_rate', 'growth_stage', 'senescence_rates', 'stress_factors', 'organ_nutrient_status']
DEBUG Nutrient env_conditions keys: ['temperature', 'ph', 'optimal_ec']
DEBUG Nutrient step 654: Calling calculate_nutrient_dynamics
DEBUG Nutrient plant_status keys: ['root_surface_area', 'tank_volume_L', 'plant_count', 'daily_growth_rate', 'growth_stage', 'senescence_rates', 'stress_factors', 'organ_nutrient_status']
DEBUG Nutrient env_conditions keys: ['temperature', 'ph', 'optimal_ec']
DEBUG Nutrient step 655: Calling calculate_nutrient_dynamics
DEBUG Nutrient plant_status keys: ['root_surface_area', 'tank_volume_L', 'plant_count', 'daily_growth_rate', 'growth_stage', 'senescence_rates', 'stress_factors', 'organ_nutrient_status']
DEBUG Nutrient env_conditions keys: ['temperature', 'ph', 'optimal_ec']
DEBUG Nutrient step 656: Calling calculate_nutrient_dynamics
DEBUG Nutrient plant_status keys: ['root_surface_area', 'tank_volume_L', 'plant_count', 'daily_growth_rate', 'growth_stage', 'senescence_rates', 'stress_factors', 'organ_nutrient_status']
DEBUG Nutrient env_conditions keys: ['temperature', 'ph', 'optimal_ec']
DEBUG Nutrient step 657: Calling calculate_nutrient_dynamics
DEBUG Nutrient plant_status keys: ['root_surface_area', 'tank_volume_L', 'plant_count', 'daily_growth_rate', 'growth_stage', 'senescence_rates', 'stress_factors', 'organ_nutrient_status']
DEBUG Nutrient env_conditions keys: ['temperature', 'ph', 'optimal_ec']
DEBUG Nutrient step 658: Calling calculate_nutrient_dynamics
DEBUG Nutrient plant_status keys: ['root_surface_area', 'tank_volume_L', 'plant_count', 'daily_growth_rate', 'growth_stage', 'senescence_rates', 'stress_factors', 'organ_nutrient_status']
DEBUG Nutrient env_conditions keys: ['temperature', 'ph', 'optimal_ec']
DEBUG Nutrient step 659: Calling calculate_nutrient_dynamics
DEBUG Nutrient plant_status keys: ['root_surface_area', 'tank_volume_L', 'plant_count', 'daily_growth_rate', 'growth_stage', 'senescence_rates', 'stress_factors', 'organ_nutrient_status']
DEBUG Nutrient env_conditions keys: ['temperature', 'ph', 'optimal_ec']
DEBUG Nutrient step 660: Calling calculate_nutrient_dynamics
DEBUG Nutrient plant_status keys: ['root_surface_area', 'tank_volume_L', 'plant_count', 'daily_growth_rate', 'growth_stage', 'senescence_rates', 'stress_factors', 'organ_nutrient_status']
DEBUG Nutrient env_conditions keys: ['temperature', 'ph', 'optimal_ec']
DEBUG Nutrient step 661: Calling calculate_nutrient_dynamics
DEBUG Nutrient plant_status keys: ['root_surface_area', 'tank_volume_L', 'plant_count', 'daily_growth_rate', 'growth_stage', 'senescence_rates', 'stress_factors', 'organ_nutrient_status']
DEBUG Nutrient env_conditions keys: ['temperature', 'ph', 'optimal_ec']
DEBUG Nutrient step 662: Calling calculate_nutrient_dynamics
DEBUG Nutrient plant_status keys: ['root_surface_area', 'tank_volume_L', 'plant_count', 'daily_growth_rate', 'growth_stage', 'senescence_rates', 'stress_factors', 'organ_nutrient_status']
DEBUG Nutrient env_conditions keys: ['temperature', 'ph', 'optimal_ec']
DEBUG Nutrient step 663: Calling calculate_nutrient_dynamics
DEBUG Nutrient plant_status keys: ['root_surface_area', 'tank_volume_L', 'plant_count', 'daily_growth_rate', 'growth_stage', 'senescence_rates', 'stress_factors', 'organ_nutrient_status']
DEBUG Nutrient env_conditions keys: ['temperature', 'ph', 'optimal_ec']
DEBUG Nutrient step 664: Calling calculate_nutrient_dynamics
DEBUG Nutrient plant_status keys: ['root_surface_area', 'tank_volume_L', 'plant_count', 'daily_growth_rate', 'growth_stage', 'senescence_rates', 'stress_factors', 'organ_nutrient_status']
DEBUG Nutrient env_conditions keys: ['temperature', 'ph', 'optimal_ec']
DEBUG Nutrient step 665: Calling calculate_nutrient_dynamics
DEBUG Nutrient plant_status keys: ['root_surface_area', 'tank_volume_L', 'plant_count', 'daily_growth_rate', 'growth_stage', 'senescence_rates', 'stress_factors', 'organ_nutrient_status']
DEBUG Nutrient env_conditions keys: ['temperature', 'ph', 'optimal_ec']
DEBUG Nutrient step 666: Calling calculate_nutrient_dynamics
DEBUG Nutrient plant_status keys: ['root_surface_area', 'tank_volume_L', 'plant_count', 'daily_growth_rate', 'growth_stage', 'senescence_rates', 'stress_factors', 'organ_nutrient_status']
DEBUG Nutrient env_conditions keys: ['temperature', 'ph', 'optimal_ec']
DEBUG Nutrient step 667: Calling calculate_nutrient_dynamics
DEBUG Nutrient plant_status keys: ['root_surface_area', 'tank_volume_L', 'plant_count', 'daily_growth_rate', 'growth_stage', 'senescence_rates', 'stress_factors', 'organ_nutrient_status']
DEBUG Nutrient env_conditions keys: ['temperature', 'ph', 'optimal_ec']
DEBUG Nutrient step 668: Calling calculate_nutrient_dynamics
DEBUG Nutrient plant_status keys: ['root_surface_area', 'tank_volume_L', 'plant_count', 'daily_growth_rate', 'growth_stage', 'senescence_rates', 'stress_factors', 'organ_nutrient_status']
DEBUG Nutrient env_conditions keys: ['temperature', 'ph', 'optimal_ec']
DEBUG Nutrient step 669: Calling calculate_nutrient_dynamics
DEBUG Nutrient plant_status keys: ['root_surface_area', 'tank_volume_L', 'plant_count', 'daily_growth_rate', 'growth_stage', 'senescence_rates', 'stress_factors', 'organ_nutrient_status']
DEBUG Nutrient env_conditions keys: ['temperature', 'ph', 'optimal_ec']
DEBUG Nutrient step 670: Calling calculate_nutrient_dynamics
DEBUG Nutrient plant_status keys: ['root_surface_area', 'tank_volume_L', 'plant_count', 'daily_growth_rate', 'growth_stage', 'senescence_rates', 'stress_factors', 'organ_nutrient_status']
DEBUG Nutrient env_conditions keys: ['temperature', 'ph', 'optimal_ec']
DEBUG Nutrient step 671: Calling calculate_nutrient_dynamics
DEBUG Nutrient plant_status keys: ['root_surface_area', 'tank_volume_L', 'plant_count', 'daily_growth_rate', 'growth_stage', 'senescence_rates', 'stress_factors', 'organ_nutrient_status']
DEBUG Nutrient env_conditions keys: ['temperature', 'ph', 'optimal_ec']
DEBUG Nutrient step 672: Calling calculate_nutrient_dynamics
DEBUG Nutrient plant_status keys: ['root_surface_area', 'tank_volume_L', 'plant_count', 'daily_growth_rate', 'growth_stage', 'senescence_rates', 'stress_factors', 'organ_nutrient_status']
DEBUG Nutrient env_conditions keys: ['temperature', 'ph', 'optimal_ec']
DEBUG Nutrient step 673: Calling calculate_nutrient_dynamics
DEBUG Nutrient plant_status keys: ['root_surface_area', 'tank_volume_L', 'plant_count', 'daily_growth_rate', 'growth_stage', 'senescence_rates', 'stress_factors', 'organ_nutrient_status']
DEBUG Nutrient env_conditions keys: ['temperature', 'ph', 'optimal_ec']
DEBUG Nutrient step 674: Calling calculate_nutrient_dynamics
DEBUG Nutrient plant_status keys: ['root_surface_area', 'tank_volume_L', 'plant_count', 'daily_growth_rate', 'growth_stage', 'senescence_rates', 'stress_factors', 'organ_nutrient_status']
DEBUG Nutrient env_conditions keys: ['temperature', 'ph', 'optimal_ec']
DEBUG Nutrient step 675: Calling calculate_nutrient_dynamics
DEBUG Nutrient plant_status keys: ['root_surface_area', 'tank_volume_L', 'plant_count', 'daily_growth_rate', 'growth_stage', 'senescence_rates', 'stress_factors', 'organ_nutrient_status']
DEBUG Nutrient env_conditions keys: ['temperature', 'ph', 'optimal_ec']
DEBUG Nutrient step 676: Calling calculate_nutrient_dynamics
DEBUG Nutrient plant_status keys: ['root_surface_area', 'tank_volume_L', 'plant_count', 'daily_growth_rate', 'growth_stage', 'senescence_rates', 'stress_factors', 'organ_nutrient_status']
DEBUG Nutrient env_conditions keys: ['temperature', 'ph', 'optimal_ec']
DEBUG Nutrient step 677: Calling calculate_nutrient_dynamics
DEBUG Nutrient plant_status keys: ['root_surface_area', 'tank_volume_L', 'plant_count', 'daily_growth_rate', 'growth_stage', 'senescence_rates', 'stress_factors', 'organ_nutrient_status']
DEBUG Nutrient env_conditions keys: ['temperature', 'ph', 'optimal_ec']
DEBUG Nutrient step 678: Calling calculate_nutrient_dynamics
DEBUG Nutrient plant_status keys: ['root_surface_area', 'tank_volume_L', 'plant_count', 'daily_growth_rate', 'growth_stage', 'senescence_rates', 'stress_factors', 'organ_nutrient_status']
DEBUG Nutrient env_conditions keys: ['temperature', 'ph', 'optimal_ec']
DEBUG Nutrient step 679: Calling calculate_nutrient_dynamics
DEBUG Nutrient plant_status keys: ['root_surface_area', 'tank_volume_L', 'plant_count', 'daily_growth_rate', 'growth_stage', 'senescence_rates', 'stress_factors', 'organ_nutrient_status']
DEBUG Nutrient env_conditions keys: ['temperature', 'ph', 'optimal_ec']
DEBUG Nutrient step 680: Calling calculate_nutrient_dynamics
DEBUG Nutrient plant_status keys: ['root_surface_area', 'tank_volume_L', 'plant_count', 'daily_growth_rate', 'growth_stage', 'senescence_rates', 'stress_factors', 'organ_nutrient_status']
DEBUG Nutrient env_conditions keys: ['temperature', 'ph', 'optimal_ec']
DEBUG Nutrient step 681: Calling calculate_nutrient_dynamics
DEBUG Nutrient plant_status keys: ['root_surface_area', 'tank_volume_L', 'plant_count', 'daily_growth_rate', 'growth_stage', 'senescence_rates', 'stress_factors', 'organ_nutrient_status']
DEBUG Nutrient env_conditions keys: ['temperature', 'ph', 'optimal_ec']
DEBUG Nutrient step 682: Calling calculate_nutrient_dynamics
DEBUG Nutrient plant_status keys: ['root_surface_area', 'tank_volume_L', 'plant_count', 'daily_growth_rate', 'growth_stage', 'senescence_rates', 'stress_factors', 'organ_nutrient_status']
DEBUG Nutrient env_conditions keys: ['temperature', 'ph', 'optimal_ec']
DEBUG Nutrient step 683: Calling calculate_nutrient_dynamics
DEBUG Nutrient plant_status keys: ['root_surface_area', 'tank_volume_L', 'plant_count', 'daily_growth_rate', 'growth_stage', 'senescence_rates', 'stress_factors', 'organ_nutrient_status']
DEBUG Nutrient env_conditions keys: ['temperature', 'ph', 'optimal_ec']
DEBUG Nutrient step 684: Calling calculate_nutrient_dynamics
DEBUG Nutrient plant_status keys: ['root_surface_area', 'tank_volume_L', 'plant_count', 'daily_growth_rate', 'growth_stage', 'senescence_rates', 'stress_factors', 'organ_nutrient_status']
DEBUG Nutrient env_conditions keys: ['temperature', 'ph', 'optimal_ec']
DEBUG Nutrient step 685: Calling calculate_nutrient_dynamics
DEBUG Nutrient plant_status keys: ['root_surface_area', 'tank_volume_L', 'plant_count', 'daily_growth_rate', 'growth_stage', 'senescence_rates', 'stress_factors', 'organ_nutrient_status']
DEBUG Nutrient env_conditions keys: ['temperature', 'ph', 'optimal_ec']
DEBUG Nutrient step 686: Calling calculate_nutrient_dynamics
DEBUG Nutrient plant_status keys: ['root_surface_area', 'tank_volume_L', 'plant_count', 'daily_growth_rate', 'growth_stage', 'senescence_rates', 'stress_factors', 'organ_nutrient_status']
DEBUG Nutrient env_conditions keys: ['temperature', 'ph', 'optimal_ec']
DEBUG Nutrient step 687: Calling calculate_nutrient_dynamics
DEBUG Nutrient plant_status keys: ['root_surface_area', 'tank_volume_L', 'plant_count', 'daily_growth_rate', 'growth_stage', 'senescence_rates', 'stress_factors', 'organ_nutrient_status']
DEBUG Nutrient env_conditions keys: ['temperature', 'ph', 'optimal_ec']
DEBUG Nutrient step 688: Calling calculate_nutrient_dynamics
DEBUG Nutrient plant_status keys: ['root_surface_area', 'tank_volume_L', 'plant_count', 'daily_growth_rate', 'growth_stage', 'senescence_rates', 'stress_factors', 'organ_nutrient_status']
DEBUG Nutrient env_conditions keys: ['temperature', 'ph', 'optimal_ec']
DEBUG Nutrient step 689: Calling calculate_nutrient_dynamics
DEBUG Nutrient plant_status keys: ['root_surface_area', 'tank_volume_L', 'plant_count', 'daily_growth_rate', 'growth_stage', 'senescence_rates', 'stress_factors', 'organ_nutrient_status']
DEBUG Nutrient env_conditions keys: ['temperature', 'ph', 'optimal_ec']
DEBUG Nutrient step 690: Calling calculate_nutrient_dynamics
DEBUG Nutrient plant_status keys: ['root_surface_area', 'tank_volume_L', 'plant_count', 'daily_growth_rate', 'growth_stage', 'senescence_rates', 'stress_factors', 'organ_nutrient_status']
DEBUG Nutrient env_conditions keys: ['temperature', 'ph', 'optimal_ec']
DEBUG Nutrient step 691: Calling calculate_nutrient_dynamics
DEBUG Nutrient plant_status keys: ['root_surface_area', 'tank_volume_L', 'plant_count', 'daily_growth_rate', 'growth_stage', 'senescence_rates', 'stress_factors', 'organ_nutrient_status']
DEBUG Nutrient env_conditions keys: ['temperature', 'ph', 'optimal_ec']
DEBUG Nutrient step 692: Calling calculate_nutrient_dynamics
DEBUG Nutrient plant_status keys: ['root_surface_area', 'tank_volume_L', 'plant_count', 'daily_growth_rate', 'growth_stage', 'senescence_rates', 'stress_factors', 'organ_nutrient_status']
DEBUG Nutrient env_conditions keys: ['temperature', 'ph', 'optimal_ec']
DEBUG Nutrient step 693: Calling calculate_nutrient_dynamics
DEBUG Nutrient plant_status keys: ['root_surface_area', 'tank_volume_L', 'plant_count', 'daily_growth_rate', 'growth_stage', 'senescence_rates', 'stress_factors', 'organ_nutrient_status']
DEBUG Nutrient env_conditions keys: ['temperature', 'ph', 'optimal_ec']
DEBUG Nutrient step 694: Calling calculate_nutrient_dynamics
DEBUG Nutrient plant_status keys: ['root_surface_area', 'tank_volume_L', 'plant_count', 'daily_growth_rate', 'growth_stage', 'senescence_rates', 'stress_factors', 'organ_nutrient_status']
DEBUG Nutrient env_conditions keys: ['temperature', 'ph', 'optimal_ec']
DEBUG Nutrient step 695: Calling calculate_nutrient_dynamics
DEBUG Nutrient plant_status keys: ['root_surface_area', 'tank_volume_L', 'plant_count', 'daily_growth_rate', 'growth_stage', 'senescence_rates', 'stress_factors', 'organ_nutrient_status']
DEBUG Nutrient env_conditions keys: ['temperature', 'ph', 'optimal_ec']
DEBUG Nutrient step 696: Calling calculate_nutrient_dynamics
DEBUG Nutrient plant_status keys: ['root_surface_area', 'tank_volume_L', 'plant_count', 'daily_growth_rate', 'growth_stage', 'senescence_rates', 'stress_factors', 'organ_nutrient_status']
DEBUG Nutrient env_conditions keys: ['temperature', 'ph', 'optimal_ec']
DEBUG Nutrient step 697: Calling calculate_nutrient_dynamics
DEBUG Nutrient plant_status keys: ['root_surface_area', 'tank_volume_L', 'plant_count', 'daily_growth_rate', 'growth_stage', 'senescence_rates', 'stress_factors', 'organ_nutrient_status']
DEBUG Nutrient env_conditions keys: ['temperature', 'ph', 'optimal_ec']
DEBUG Nutrient step 698: Calling calculate_nutrient_dynamics
DEBUG Nutrient plant_status keys: ['root_surface_area', 'tank_volume_L', 'plant_count', 'daily_growth_rate', 'growth_stage', 'senescence_rates', 'stress_factors', 'organ_nutrient_status']
DEBUG Nutrient env_conditions keys: ['temperature', 'ph', 'optimal_ec']
DEBUG Nutrient step 699: Calling calculate_nutrient_dynamics
DEBUG Nutrient plant_status keys: ['root_surface_area', 'tank_volume_L', 'plant_count', 'daily_growth_rate', 'growth_stage', 'senescence_rates', 'stress_factors', 'organ_nutrient_status']
DEBUG Nutrient env_conditions keys: ['temperature', 'ph', 'optimal_ec']
DEBUG Nutrient step 700: Calling calculate_nutrient_dynamics
DEBUG Nutrient plant_status keys: ['root_surface_area', 'tank_volume_L', 'plant_count', 'daily_growth_rate', 'growth_stage', 'senescence_rates', 'stress_factors', 'organ_nutrient_status']
DEBUG Nutrient env_conditions keys: ['temperature', 'ph', 'optimal_ec']
DEBUG Nutrient step 701: Calling calculate_nutrient_dynamics
DEBUG Nutrient plant_status keys: ['root_surface_area', 'tank_volume_L', 'plant_count', 'daily_growth_rate', 'growth_stage', 'senescence_rates', 'stress_factors', 'organ_nutrient_status']
DEBUG Nutrient env_conditions keys: ['temperature', 'ph', 'optimal_ec']
DEBUG Nutrient step 702: Calling calculate_nutrient_dynamics
DEBUG Nutrient plant_status keys: ['root_surface_area', 'tank_volume_L', 'plant_count', 'daily_growth_rate', 'growth_stage', 'senescence_rates', 'stress_factors', 'organ_nutrient_status']
DEBUG Nutrient env_conditions keys: ['temperature', 'ph', 'optimal_ec']
DEBUG Nutrient step 703: Calling calculate_nutrient_dynamics
DEBUG Nutrient plant_status keys: ['root_surface_area', 'tank_volume_L', 'plant_count', 'daily_growth_rate', 'growth_stage', 'senescence_rates', 'stress_factors', 'organ_nutrient_status']
DEBUG Nutrient env_conditions keys: ['temperature', 'ph', 'optimal_ec']
DEBUG Nutrient step 704: Calling calculate_nutrient_dynamics
DEBUG Nutrient plant_status keys: ['root_surface_area', 'tank_volume_L', 'plant_count', 'daily_growth_rate', 'growth_stage', 'senescence_rates', 'stress_factors', 'organ_nutrient_status']
DEBUG Nutrient env_conditions keys: ['temperature', 'ph', 'optimal_ec']
DEBUG Nutrient step 705: Calling calculate_nutrient_dynamics
DEBUG Nutrient plant_status keys: ['root_surface_area', 'tank_volume_L', 'plant_count', 'daily_growth_rate', 'growth_stage', 'senescence_rates', 'stress_factors', 'organ_nutrient_status']
DEBUG Nutrient env_conditions keys: ['temperature', 'ph', 'optimal_ec']
DEBUG Nutrient step 706: Calling calculate_nutrient_dynamics
DEBUG Nutrient plant_status keys: ['root_surface_area', 'tank_volume_L', 'plant_count', 'daily_growth_rate', 'growth_stage', 'senescence_rates', 'stress_factors', 'organ_nutrient_status']
DEBUG Nutrient env_conditions keys: ['temperature', 'ph', 'optimal_ec']
DEBUG Nutrient step 707: Calling calculate_nutrient_dynamics
DEBUG Nutrient plant_status keys: ['root_surface_area', 'tank_volume_L', 'plant_count', 'daily_growth_rate', 'growth_stage', 'senescence_rates', 'stress_factors', 'organ_nutrient_status']
DEBUG Nutrient env_conditions keys: ['temperature', 'ph', 'optimal_ec']
DEBUG Nutrient step 708: Calling calculate_nutrient_dynamics
DEBUG Nutrient plant_status keys: ['root_surface_area', 'tank_volume_L', 'plant_count', 'daily_growth_rate', 'growth_stage', 'senescence_rates', 'stress_factors', 'organ_nutrient_status']
DEBUG Nutrient env_conditions keys: ['temperature', 'ph', 'optimal_ec']
DEBUG Nutrient step 709: Calling calculate_nutrient_dynamics
DEBUG Nutrient plant_status keys: ['root_surface_area', 'tank_volume_L', 'plant_count', 'daily_growth_rate', 'growth_stage', 'senescence_rates', 'stress_factors', 'organ_nutrient_status']
DEBUG Nutrient env_conditions keys: ['temperature', 'ph', 'optimal_ec']
DEBUG Nutrient step 710: Calling calculate_nutrient_dynamics
DEBUG Nutrient plant_status keys: ['root_surface_area', 'tank_volume_L', 'plant_count', 'daily_growth_rate', 'growth_stage', 'senescence_rates', 'stress_factors', 'organ_nutrient_status']
DEBUG Nutrient env_conditions keys: ['temperature', 'ph', 'optimal_ec']
DEBUG Nutrient step 711: Calling calculate_nutrient_dynamics
DEBUG Nutrient plant_status keys: ['root_surface_area', 'tank_volume_L', 'plant_count', 'daily_growth_rate', 'growth_stage', 'senescence_rates', 'stress_factors', 'organ_nutrient_status']
DEBUG Nutrient env_conditions keys: ['temperature', 'ph', 'optimal_ec']
DEBUG Nutrient step 712: Calling calculate_nutrient_dynamics
DEBUG Nutrient plant_status keys: ['root_surface_area', 'tank_volume_L', 'plant_count', 'daily_growth_rate', 'growth_stage', 'senescence_rates', 'stress_factors', 'organ_nutrient_status']
DEBUG Nutrient env_conditions keys: ['temperature', 'ph', 'optimal_ec']
DEBUG Nutrient step 713: Calling calculate_nutrient_dynamics
DEBUG Nutrient plant_status keys: ['root_surface_area', 'tank_volume_L', 'plant_count', 'daily_growth_rate', 'growth_stage', 'senescence_rates', 'stress_factors', 'organ_nutrient_status']
DEBUG Nutrient env_conditions keys: ['temperature', 'ph', 'optimal_ec']
DEBUG Nutrient step 714: Calling calculate_nutrient_dynamics
DEBUG Nutrient plant_status keys: ['root_surface_area', 'tank_volume_L', 'plant_count', 'daily_growth_rate', 'growth_stage', 'senescence_rates', 'stress_factors', 'organ_nutrient_status']
DEBUG Nutrient env_conditions keys: ['temperature', 'ph', 'optimal_ec']
DEBUG Nutrient step 715: Calling calculate_nutrient_dynamics
DEBUG Nutrient plant_status keys: ['root_surface_area', 'tank_volume_L', 'plant_count', 'daily_growth_rate', 'growth_stage', 'senescence_rates', 'stress_factors', 'organ_nutrient_status']
DEBUG Nutrient env_conditions keys: ['temperature', 'ph', 'optimal_ec']
DEBUG Nutrient step 716: Calling calculate_nutrient_dynamics
DEBUG Nutrient plant_status keys: ['root_surface_area', 'tank_volume_L', 'plant_count', 'daily_growth_rate', 'growth_stage', 'senescence_rates', 'stress_factors', 'organ_nutrient_status']
DEBUG Nutrient env_conditions keys: ['temperature', 'ph', 'optimal_ec']
DEBUG Nutrient step 717: Calling calculate_nutrient_dynamics
DEBUG Nutrient plant_status keys: ['root_surface_area', 'tank_volume_L', 'plant_count', 'daily_growth_rate', 'growth_stage', 'senescence_rates', 'stress_factors', 'organ_nutrient_status']
DEBUG Nutrient env_conditions keys: ['temperature', 'ph', 'optimal_ec']
DEBUG Nutrient step 718: Calling calculate_nutrient_dynamics
DEBUG Nutrient plant_status keys: ['root_surface_area', 'tank_volume_L', 'plant_count', 'daily_growth_rate', 'growth_stage', 'senescence_rates', 'stress_factors', 'organ_nutrient_status']
DEBUG Nutrient env_conditions keys: ['temperature', 'ph', 'optimal_ec']
DEBUG Nutrient step 719: Calling calculate_nutrient_dynamics
DEBUG Nutrient plant_status keys: ['root_surface_area', 'tank_volume_L', 'plant_count', 'daily_growth_rate', 'growth_stage', 'senescence_rates', 'stress_factors', 'organ_nutrient_status']
DEBUG Nutrient env_conditions keys: ['temperature', 'ph', 'optimal_ec']
DEBUG Nutrient step 720: Calling calculate_nutrient_dynamics
DEBUG Nutrient plant_status keys: ['root_surface_area', 'tank_volume_L', 'plant_count', 'daily_growth_rate', 'growth_stage', 'senescence_rates', 'stress_factors', 'organ_nutrient_status']
DEBUG Nutrient env_conditions keys: ['temperature', 'ph', 'optimal_ec']
DEBUG Nutrient step 721: Calling calculate_nutrient_dynamics
DEBUG Nutrient plant_status keys: ['root_surface_area', 'tank_volume_L', 'plant_count', 'daily_growth_rate', 'growth_stage', 'senescence_rates', 'stress_factors', 'organ_nutrient_status']
DEBUG Nutrient env_conditions keys: ['temperature', 'ph', 'optimal_ec']
DEBUG Nutrient step 722: Calling calculate_nutrient_dynamics
DEBUG Nutrient plant_status keys: ['root_surface_area', 'tank_volume_L', 'plant_count', 'daily_growth_rate', 'growth_stage', 'senescence_rates', 'stress_factors', 'organ_nutrient_status']
DEBUG Nutrient env_conditions keys: ['temperature', 'ph', 'optimal_ec']
DEBUG Nutrient step 723: Calling calculate_nutrient_dynamics
DEBUG Nutrient plant_status keys: ['root_surface_area', 'tank_volume_L', 'plant_count', 'daily_growth_rate', 'growth_stage', 'senescence_rates', 'stress_factors', 'organ_nutrient_status']
DEBUG Nutrient env_conditions keys: ['temperature', 'ph', 'optimal_ec']
DEBUG Nutrient step 724: Calling calculate_nutrient_dynamics
DEBUG Nutrient plant_status keys: ['root_surface_area', 'tank_volume_L', 'plant_count', 'daily_growth_rate', 'growth_stage', 'senescence_rates', 'stress_factors', 'organ_nutrient_status']
DEBUG Nutrient env_conditions keys: ['temperature', 'ph', 'optimal_ec']
DEBUG Nutrient step 725: Calling calculate_nutrient_dynamics
DEBUG Nutrient plant_status keys: ['root_surface_area', 'tank_volume_L', 'plant_count', 'daily_growth_rate', 'growth_stage', 'senescence_rates', 'stress_factors', 'organ_nutrient_status']
DEBUG Nutrient env_conditions keys: ['temperature', 'ph', 'optimal_ec']
DEBUG Nutrient step 726: Calling calculate_nutrient_dynamics
DEBUG Nutrient plant_status keys: ['root_surface_area', 'tank_volume_L', 'plant_count', 'daily_growth_rate', 'growth_stage', 'senescence_rates', 'stress_factors', 'organ_nutrient_status']
DEBUG Nutrient env_conditions keys: ['temperature', 'ph', 'optimal_ec']
DEBUG Nutrient step 727: Calling calculate_nutrient_dynamics
DEBUG Nutrient plant_status keys: ['root_surface_area', 'tank_volume_L', 'plant_count', 'daily_growth_rate', 'growth_stage', 'senescence_rates', 'stress_factors', 'organ_nutrient_status']
DEBUG Nutrient env_conditions keys: ['temperature', 'ph', 'optimal_ec']
DEBUG Nutrient step 728: Calling calculate_nutrient_dynamics
DEBUG Nutrient plant_status keys: ['root_surface_area', 'tank_volume_L', 'plant_count', 'daily_growth_rate', 'growth_stage', 'senescence_rates', 'stress_factors', 'organ_nutrient_status']
DEBUG Nutrient env_conditions keys: ['temperature', 'ph', 'optimal_ec']
DEBUG Nutrient step 729: Calling calculate_nutrient_dynamics
DEBUG Nutrient plant_status keys: ['root_surface_area', 'tank_volume_L', 'plant_count', 'daily_growth_rate', 'growth_stage', 'senescence_rates', 'stress_factors', 'organ_nutrient_status']
DEBUG Nutrient env_conditions keys: ['temperature', 'ph', 'optimal_ec']
DEBUG Nutrient step 730: Calling calculate_nutrient_dynamics
DEBUG Nutrient plant_status keys: ['root_surface_area', 'tank_volume_L', 'plant_count', 'daily_growth_rate', 'growth_stage', 'senescence_rates', 'stress_factors', 'organ_nutrient_status']
DEBUG Nutrient env_conditions keys: ['temperature', 'ph', 'optimal_ec']
DEBUG Nutrient step 731: Calling calculate_nutrient_dynamics
DEBUG Nutrient plant_status keys: ['root_surface_area', 'tank_volume_L', 'plant_count', 'daily_growth_rate', 'growth_stage', 'senescence_rates', 'stress_factors', 'organ_nutrient_status']
DEBUG Nutrient env_conditions keys: ['temperature', 'ph', 'optimal_ec']
DEBUG Nutrient step 732: Calling calculate_nutrient_dynamics
DEBUG Nutrient plant_status keys: ['root_surface_area', 'tank_volume_L', 'plant_count', 'daily_growth_rate', 'growth_stage', 'senescence_rates', 'stress_factors', 'organ_nutrient_status']
DEBUG Nutrient env_conditions keys: ['temperature', 'ph', 'optimal_ec']
DEBUG Nutrient step 733: Calling calculate_nutrient_dynamics
DEBUG Nutrient plant_status keys: ['root_surface_area', 'tank_volume_L', 'plant_count', 'daily_growth_rate', 'growth_stage', 'senescence_rates', 'stress_factors', 'organ_nutrient_status']
DEBUG Nutrient env_conditions keys: ['temperature', 'ph', 'optimal_ec']
DEBUG Nutrient step 734: Calling calculate_nutrient_dynamics
DEBUG Nutrient plant_status keys: ['root_surface_area', 'tank_volume_L', 'plant_count', 'daily_growth_rate', 'growth_stage', 'senescence_rates', 'stress_factors', 'organ_nutrient_status']
DEBUG Nutrient env_conditions keys: ['temperature', 'ph', 'optimal_ec']
DEBUG Nutrient step 735: Calling calculate_nutrient_dynamics
DEBUG Nutrient plant_status keys: ['root_surface_area', 'tank_volume_L', 'plant_count', 'daily_growth_rate', 'growth_stage', 'senescence_rates', 'stress_factors', 'organ_nutrient_status']
DEBUG Nutrient env_conditions keys: ['temperature', 'ph', 'optimal_ec']
DEBUG Nutrient step 736: Calling calculate_nutrient_dynamics
DEBUG Nutrient plant_status keys: ['root_surface_area', 'tank_volume_L', 'plant_count', 'daily_growth_rate', 'growth_stage', 'senescence_rates', 'stress_factors', 'organ_nutrient_status']
DEBUG Nutrient env_conditions keys: ['temperature', 'ph', 'optimal_ec']
DEBUG Nutrient step 737: Calling calculate_nutrient_dynamics
DEBUG Nutrient plant_status keys: ['root_surface_area', 'tank_volume_L', 'plant_count', 'daily_growth_rate', 'growth_stage', 'senescence_rates', 'stress_factors', 'organ_nutrient_status']
DEBUG Nutrient env_conditions keys: ['temperature', 'ph', 'optimal_ec']
DEBUG Nutrient step 738: Calling calculate_nutrient_dynamics
DEBUG Nutrient plant_status keys: ['root_surface_area', 'tank_volume_L', 'plant_count', 'daily_growth_rate', 'growth_stage', 'senescence_rates', 'stress_factors', 'organ_nutrient_status']
DEBUG Nutrient env_conditions keys: ['temperature', 'ph', 'optimal_ec']
DEBUG Nutrient step 739: Calling calculate_nutrient_dynamics
DEBUG Nutrient plant_status keys: ['root_surface_area', 'tank_volume_L', 'plant_count', 'daily_growth_rate', 'growth_stage', 'senescence_rates', 'stress_factors', 'organ_nutrient_status']
DEBUG Nutrient env_conditions keys: ['temperature', 'ph', 'optimal_ec']
DEBUG Nutrient step 740: Calling calculate_nutrient_dynamics
DEBUG Nutrient plant_status keys: ['root_surface_area', 'tank_volume_L', 'plant_count', 'daily_growth_rate', 'growth_stage', 'senescence_rates', 'stress_factors', 'organ_nutrient_status']
DEBUG Nutrient env_conditions keys: ['temperature', 'ph', 'optimal_ec']
DEBUG Nutrient step 741: Calling calculate_nutrient_dynamics
DEBUG Nutrient plant_status keys: ['root_surface_area', 'tank_volume_L', 'plant_count', 'daily_growth_rate', 'growth_stage', 'senescence_rates', 'stress_factors', 'organ_nutrient_status']
DEBUG Nutrient env_conditions keys: ['temperature', 'ph', 'optimal_ec']
DEBUG Nutrient step 742: Calling calculate_nutrient_dynamics
DEBUG Nutrient plant_status keys: ['root_surface_area', 'tank_volume_L', 'plant_count', 'daily_growth_rate', 'growth_stage', 'senescence_rates', 'stress_factors', 'organ_nutrient_status']
DEBUG Nutrient env_conditions keys: ['temperature', 'ph', 'optimal_ec']
DEBUG Nutrient step 743: Calling calculate_nutrient_dynamics
DEBUG Nutrient plant_status keys: ['root_surface_area', 'tank_volume_L', 'plant_count', 'daily_growth_rate', 'growth_stage', 'senescence_rates', 'stress_factors', 'organ_nutrient_status']
DEBUG Nutrient env_conditions keys: ['temperature', 'ph', 'optimal_ec']
DEBUG Nutrient step 744: Calling calculate_nutrient_dynamics
DEBUG Nutrient plant_status keys: ['root_surface_area', 'tank_volume_L', 'plant_count', 'daily_growth_rate', 'growth_stage', 'senescence_rates', 'stress_factors', 'organ_nutrient_status']
DEBUG Nutrient env_conditions keys: ['temperature', 'ph', 'optimal_ec']
DEBUG Nutrient step 745: Calling calculate_nutrient_dynamics
DEBUG Nutrient plant_status keys: ['root_surface_area', 'tank_volume_L', 'plant_count', 'daily_growth_rate', 'growth_stage', 'senescence_rates', 'stress_factors', 'organ_nutrient_status']
DEBUG Nutrient env_conditions keys: ['temperature', 'ph', 'optimal_ec']
DEBUG Nutrient step 746: Calling calculate_nutrient_dynamics
DEBUG Nutrient plant_status keys: ['root_surface_area', 'tank_volume_L', 'plant_count', 'daily_growth_rate', 'growth_stage', 'senescence_rates', 'stress_factors', 'organ_nutrient_status']
DEBUG Nutrient env_conditions keys: ['temperature', 'ph', 'optimal_ec']
DEBUG Nutrient step 747: Calling calculate_nutrient_dynamics
DEBUG Nutrient plant_status keys: ['root_surface_area', 'tank_volume_L', 'plant_count', 'daily_growth_rate', 'growth_stage', 'senescence_rates', 'stress_factors', 'organ_nutrient_status']
DEBUG Nutrient env_conditions keys: ['temperature', 'ph', 'optimal_ec']
DEBUG Nutrient step 748: Calling calculate_nutrient_dynamics
DEBUG Nutrient plant_status keys: ['root_surface_area', 'tank_volume_L', 'plant_count', 'daily_growth_rate', 'growth_stage', 'senescence_rates', 'stress_factors', 'organ_nutrient_status']
DEBUG Nutrient env_conditions keys: ['temperature', 'ph', 'optimal_ec']
DEBUG Nutrient step 749: Calling calculate_nutrient_dynamics
DEBUG Nutrient plant_status keys: ['root_surface_area', 'tank_volume_L', 'plant_count', 'daily_growth_rate', 'growth_stage', 'senescence_rates', 'stress_factors', 'organ_nutrient_status']
DEBUG Nutrient env_conditions keys: ['temperature', 'ph', 'optimal_ec']
DEBUG Nutrient step 750: Calling calculate_nutrient_dynamics
DEBUG Nutrient plant_status keys: ['root_surface_area', 'tank_volume_L', 'plant_count', 'daily_growth_rate', 'growth_stage', 'senescence_rates', 'stress_factors', 'organ_nutrient_status']
DEBUG Nutrient env_conditions keys: ['temperature', 'ph', 'optimal_ec']
DEBUG Nutrient step 751: Calling calculate_nutrient_dynamics
DEBUG Nutrient plant_status keys: ['root_surface_area', 'tank_volume_L', 'plant_count', 'daily_growth_rate', 'growth_stage', 'senescence_rates', 'stress_factors', 'organ_nutrient_status']
DEBUG Nutrient env_conditions keys: ['temperature', 'ph', 'optimal_ec']
DEBUG Nutrient step 752: Calling calculate_nutrient_dynamics
DEBUG Nutrient plant_status keys: ['root_surface_area', 'tank_volume_L', 'plant_count', 'daily_growth_rate', 'growth_stage', 'senescence_rates', 'stress_factors', 'organ_nutrient_status']
DEBUG Nutrient env_conditions keys: ['temperature', 'ph', 'optimal_ec']
DEBUG Nutrient step 753: Calling calculate_nutrient_dynamics
DEBUG Nutrient plant_status keys: ['root_surface_area', 'tank_volume_L', 'plant_count', 'daily_growth_rate', 'growth_stage', 'senescence_rates', 'stress_factors', 'organ_nutrient_status']
DEBUG Nutrient env_conditions keys: ['temperature', 'ph', 'optimal_ec']
DEBUG Nutrient step 754: Calling calculate_nutrient_dynamics
DEBUG Nutrient plant_status keys: ['root_surface_area', 'tank_volume_L', 'plant_count', 'daily_growth_rate', 'growth_stage', 'senescence_rates', 'stress_factors', 'organ_nutrient_status']
DEBUG Nutrient env_conditions keys: ['temperature', 'ph', 'optimal_ec']
DEBUG Nutrient step 755: Calling calculate_nutrient_dynamics
DEBUG Nutrient plant_status keys: ['root_surface_area', 'tank_volume_L', 'plant_count', 'daily_growth_rate', 'growth_stage', 'senescence_rates', 'stress_factors', 'organ_nutrient_status']
DEBUG Nutrient env_conditions keys: ['temperature', 'ph', 'optimal_ec']
DEBUG Nutrient step 756: Calling calculate_nutrient_dynamics
DEBUG Nutrient plant_status keys: ['root_surface_area', 'tank_volume_L', 'plant_count', 'daily_growth_rate', 'growth_stage', 'senescence_rates', 'stress_factors', 'organ_nutrient_status']
DEBUG Nutrient env_conditions keys: ['temperature', 'ph', 'optimal_ec']
DEBUG Nutrient step 757: Calling calculate_nutrient_dynamics
DEBUG Nutrient plant_status keys: ['root_surface_area', 'tank_volume_L', 'plant_count', 'daily_growth_rate', 'growth_stage', 'senescence_rates', 'stress_factors', 'organ_nutrient_status']
DEBUG Nutrient env_conditions keys: ['temperature', 'ph', 'optimal_ec']
DEBUG Nutrient step 758: Calling calculate_nutrient_dynamics
DEBUG Nutrient plant_status keys: ['root_surface_area', 'tank_volume_L', 'plant_count', 'daily_growth_rate', 'growth_stage', 'senescence_rates', 'stress_factors', 'organ_nutrient_status']
DEBUG Nutrient env_conditions keys: ['temperature', 'ph', 'optimal_ec']
DEBUG Nutrient step 759: Calling calculate_nutrient_dynamics
DEBUG Nutrient plant_status keys: ['root_surface_area', 'tank_volume_L', 'plant_count', 'daily_growth_rate', 'growth_stage', 'senescence_rates', 'stress_factors', 'organ_nutrient_status']
DEBUG Nutrient env_conditions keys: ['temperature', 'ph', 'optimal_ec']
DEBUG Nutrient step 760: Calling calculate_nutrient_dynamics
DEBUG Nutrient plant_status keys: ['root_surface_area', 'tank_volume_L', 'plant_count', 'daily_growth_rate', 'growth_stage', 'senescence_rates', 'stress_factors', 'organ_nutrient_status']
DEBUG Nutrient env_conditions keys: ['temperature', 'ph', 'optimal_ec']
DEBUG Nutrient step 761: Calling calculate_nutrient_dynamics
DEBUG Nutrient plant_status keys: ['root_surface_area', 'tank_volume_L', 'plant_count', 'daily_growth_rate', 'growth_stage', 'senescence_rates', 'stress_factors', 'organ_nutrient_status']
DEBUG Nutrient env_conditions keys: ['temperature', 'ph', 'optimal_ec']
DEBUG Nutrient step 762: Calling calculate_nutrient_dynamics
DEBUG Nutrient plant_status keys: ['root_surface_area', 'tank_volume_L', 'plant_count', 'daily_growth_rate', 'growth_stage', 'senescence_rates', 'stress_factors', 'organ_nutrient_status']
DEBUG Nutrient env_conditions keys: ['temperature', 'ph', 'optimal_ec']
DEBUG Nutrient step 763: Calling calculate_nutrient_dynamics
DEBUG Nutrient plant_status keys: ['root_surface_area', 'tank_volume_L', 'plant_count', 'daily_growth_rate', 'growth_stage', 'senescence_rates', 'stress_factors', 'organ_nutrient_status']
DEBUG Nutrient env_conditions keys: ['temperature', 'ph', 'optimal_ec']
DEBUG Nutrient step 764: Calling calculate_nutrient_dynamics
DEBUG Nutrient plant_status keys: ['root_surface_area', 'tank_volume_L', 'plant_count', 'daily_growth_rate', 'growth_stage', 'senescence_rates', 'stress_factors', 'organ_nutrient_status']
DEBUG Nutrient env_conditions keys: ['temperature', 'ph', 'optimal_ec']
DEBUG Nutrient step 765: Calling calculate_nutrient_dynamics
DEBUG Nutrient plant_status keys: ['root_surface_area', 'tank_volume_L', 'plant_count', 'daily_growth_rate', 'growth_stage', 'senescence_rates', 'stress_factors', 'organ_nutrient_status']
DEBUG Nutrient env_conditions keys: ['temperature', 'ph', 'optimal_ec']
DEBUG Nutrient step 766: Calling calculate_nutrient_dynamics
DEBUG Nutrient plant_status keys: ['root_surface_area', 'tank_volume_L', 'plant_count', 'daily_growth_rate', 'growth_stage', 'senescence_rates', 'stress_factors', 'organ_nutrient_status']
DEBUG Nutrient env_conditions keys: ['temperature', 'ph', 'optimal_ec']
DEBUG Nutrient step 767: Calling calculate_nutrient_dynamics
DEBUG Nutrient plant_status keys: ['root_surface_area', 'tank_volume_L', 'plant_count', 'daily_growth_rate', 'growth_stage', 'senescence_rates', 'stress_factors', 'organ_nutrient_status']
DEBUG Nutrient env_conditions keys: ['temperature', 'ph', 'optimal_ec']
DEBUG Nutrient step 768: Calling calculate_nutrient_dynamics
DEBUG Nutrient plant_status keys: ['root_surface_area', 'tank_volume_L', 'plant_count', 'daily_growth_rate', 'growth_stage', 'senescence_rates', 'stress_factors', 'organ_nutrient_status']
DEBUG Nutrient env_conditions keys: ['temperature', 'ph', 'optimal_ec']
DEBUG Nutrient step 769: Calling calculate_nutrient_dynamics
DEBUG Nutrient plant_status keys: ['root_surface_area', 'tank_volume_L', 'plant_count', 'daily_growth_rate', 'growth_stage', 'senescence_rates', 'stress_factors', 'organ_nutrient_status']
DEBUG Nutrient env_conditions keys: ['temperature', 'ph', 'optimal_ec']
DEBUG Nutrient step 770: Calling calculate_nutrient_dynamics
DEBUG Nutrient plant_status keys: ['root_surface_area', 'tank_volume_L', 'plant_count', 'daily_growth_rate', 'growth_stage', 'senescence_rates', 'stress_factors', 'organ_nutrient_status']
DEBUG Nutrient env_conditions keys: ['temperature', 'ph', 'optimal_ec']
DEBUG Nutrient step 771: Calling calculate_nutrient_dynamics
DEBUG Nutrient plant_status keys: ['root_surface_area', 'tank_volume_L', 'plant_count', 'daily_growth_rate', 'growth_stage', 'senescence_rates', 'stress_factors', 'organ_nutrient_status']
DEBUG Nutrient env_conditions keys: ['temperature', 'ph', 'optimal_ec']
DEBUG Nutrient step 772: Calling calculate_nutrient_dynamics
DEBUG Nutrient plant_status keys: ['root_surface_area', 'tank_volume_L', 'plant_count', 'daily_growth_rate', 'growth_stage', 'senescence_rates', 'stress_factors', 'organ_nutrient_status']
DEBUG Nutrient env_conditions keys: ['temperature', 'ph', 'optimal_ec']
DEBUG Nutrient step 773: Calling calculate_nutrient_dynamics
DEBUG Nutrient plant_status keys: ['root_surface_area', 'tank_volume_L', 'plant_count', 'daily_growth_rate', 'growth_stage', 'senescence_rates', 'stress_factors', 'organ_nutrient_status']
DEBUG Nutrient env_conditions keys: ['temperature', 'ph', 'optimal_ec']
DEBUG Nutrient step 774: Calling calculate_nutrient_dynamics
DEBUG Nutrient plant_status keys: ['root_surface_area', 'tank_volume_L', 'plant_count', 'daily_growth_rate', 'growth_stage', 'senescence_rates', 'stress_factors', 'organ_nutrient_status']
DEBUG Nutrient env_conditions keys: ['temperature', 'ph', 'optimal_ec']
DEBUG Nutrient step 775: Calling calculate_nutrient_dynamics
DEBUG Nutrient plant_status keys: ['root_surface_area', 'tank_volume_L', 'plant_count', 'daily_growth_rate', 'growth_stage', 'senescence_rates', 'stress_factors', 'organ_nutrient_status']
DEBUG Nutrient env_conditions keys: ['temperature', 'ph', 'optimal_ec']
DEBUG Nutrient step 776: Calling calculate_nutrient_dynamics
DEBUG Nutrient plant_status keys: ['root_surface_area', 'tank_volume_L', 'plant_count', 'daily_growth_rate', 'growth_stage', 'senescence_rates', 'stress_factors', 'organ_nutrient_status']
DEBUG Nutrient env_conditions keys: ['temperature', 'ph', 'optimal_ec']
DEBUG Nutrient step 777: Calling calculate_nutrient_dynamics
DEBUG Nutrient plant_status keys: ['root_surface_area', 'tank_volume_L', 'plant_count', 'daily_growth_rate', 'growth_stage', 'senescence_rates', 'stress_factors', 'organ_nutrient_status']
DEBUG Nutrient env_conditions keys: ['temperature', 'ph', 'optimal_ec']
DEBUG Nutrient step 778: Calling calculate_nutrient_dynamics
DEBUG Nutrient plant_status keys: ['root_surface_area', 'tank_volume_L', 'plant_count', 'daily_growth_rate', 'growth_stage', 'senescence_rates', 'stress_factors', 'organ_nutrient_status']
DEBUG Nutrient env_conditions keys: ['temperature', 'ph', 'optimal_ec']
DEBUG Nutrient step 779: Calling calculate_nutrient_dynamics
DEBUG Nutrient plant_status keys: ['root_surface_area', 'tank_volume_L', 'plant_count', 'daily_growth_rate', 'growth_stage', 'senescence_rates', 'stress_factors', 'organ_nutrient_status']
DEBUG Nutrient env_conditions keys: ['temperature', 'ph', 'optimal_ec']
DEBUG Nutrient step 780: Calling calculate_nutrient_dynamics
DEBUG Nutrient plant_status keys: ['root_surface_area', 'tank_volume_L', 'plant_count', 'daily_growth_rate', 'growth_stage', 'senescence_rates', 'stress_factors', 'organ_nutrient_status']
DEBUG Nutrient env_conditions keys: ['temperature', 'ph', 'optimal_ec']
DEBUG Nutrient step 781: Calling calculate_nutrient_dynamics
DEBUG Nutrient plant_status keys: ['root_surface_area', 'tank_volume_L', 'plant_count', 'daily_growth_rate', 'growth_stage', 'senescence_rates', 'stress_factors', 'organ_nutrient_status']
DEBUG Nutrient env_conditions keys: ['temperature', 'ph', 'optimal_ec']
DEBUG Nutrient step 782: Calling calculate_nutrient_dynamics
DEBUG Nutrient plant_status keys: ['root_surface_area', 'tank_volume_L', 'plant_count', 'daily_growth_rate', 'growth_stage', 'senescence_rates', 'stress_factors', 'organ_nutrient_status']
DEBUG Nutrient env_conditions keys: ['temperature', 'ph', 'optimal_ec']
DEBUG Nutrient step 783: Calling calculate_nutrient_dynamics
DEBUG Nutrient plant_status keys: ['root_surface_area', 'tank_volume_L', 'plant_count', 'daily_growth_rate', 'growth_stage', 'senescence_rates', 'stress_factors', 'organ_nutrient_status']
DEBUG Nutrient env_conditions keys: ['temperature', 'ph', 'optimal_ec']
DEBUG Nutrient step 784: Calling calculate_nutrient_dynamics
DEBUG Nutrient plant_status keys: ['root_surface_area', 'tank_volume_L', 'plant_count', 'daily_growth_rate', 'growth_stage', 'senescence_rates', 'stress_factors', 'organ_nutrient_status']
DEBUG Nutrient env_conditions keys: ['temperature', 'ph', 'optimal_ec']
DEBUG Nutrient step 785: Calling calculate_nutrient_dynamics
DEBUG Nutrient plant_status keys: ['root_surface_area', 'tank_volume_L', 'plant_count', 'daily_growth_rate', 'growth_stage', 'senescence_rates', 'stress_factors', 'organ_nutrient_status']
DEBUG Nutrient env_conditions keys: ['temperature', 'ph', 'optimal_ec']
DEBUG Nutrient step 786: Calling calculate_nutrient_dynamics
DEBUG Nutrient plant_status keys: ['root_surface_area', 'tank_volume_L', 'plant_count', 'daily_growth_rate', 'growth_stage', 'senescence_rates', 'stress_factors', 'organ_nutrient_status']
DEBUG Nutrient env_conditions keys: ['temperature', 'ph', 'optimal_ec']
DEBUG Nutrient step 787: Calling calculate_nutrient_dynamics
DEBUG Nutrient plant_status keys: ['root_surface_area', 'tank_volume_L', 'plant_count', 'daily_growth_rate', 'growth_stage', 'senescence_rates', 'stress_factors', 'organ_nutrient_status']
DEBUG Nutrient env_conditions keys: ['temperature', 'ph', 'optimal_ec']
DEBUG Nutrient step 788: Calling calculate_nutrient_dynamics
DEBUG Nutrient plant_status keys: ['root_surface_area', 'tank_volume_L', 'plant_count', 'daily_growth_rate', 'growth_stage', 'senescence_rates', 'stress_factors', 'organ_nutrient_status']
DEBUG Nutrient env_conditions keys: ['temperature', 'ph', 'optimal_ec']
DEBUG Nutrient step 789: Calling calculate_nutrient_dynamics
DEBUG Nutrient plant_status keys: ['root_surface_area', 'tank_volume_L', 'plant_count', 'daily_growth_rate', 'growth_stage', 'senescence_rates', 'stress_factors', 'organ_nutrient_status']
DEBUG Nutrient env_conditions keys: ['temperature', 'ph', 'optimal_ec']
DEBUG Nutrient step 790: Calling calculate_nutrient_dynamics
DEBUG Nutrient plant_status keys: ['root_surface_area', 'tank_volume_L', 'plant_count', 'daily_growth_rate', 'growth_stage', 'senescence_rates', 'stress_factors', 'organ_nutrient_status']
DEBUG Nutrient env_conditions keys: ['temperature', 'ph', 'optimal_ec']
DEBUG Nutrient step 791: Calling calculate_nutrient_dynamics
DEBUG Nutrient plant_status keys: ['root_surface_area', 'tank_volume_L', 'plant_count', 'daily_growth_rate', 'growth_stage', 'senescence_rates', 'stress_factors', 'organ_nutrient_status']
DEBUG Nutrient env_conditions keys: ['temperature', 'ph', 'optimal_ec']
DEBUG Nutrient step 792: Calling calculate_nutrient_dynamics
DEBUG Nutrient plant_status keys: ['root_surface_area', 'tank_volume_L', 'plant_count', 'daily_growth_rate', 'growth_stage', 'senescence_rates', 'stress_factors', 'organ_nutrient_status']
DEBUG Nutrient env_conditions keys: ['temperature', 'ph', 'optimal_ec']
DEBUG Nutrient step 793: Calling calculate_nutrient_dynamics
DEBUG Nutrient plant_status keys: ['root_surface_area', 'tank_volume_L', 'plant_count', 'daily_growth_rate', 'growth_stage', 'senescence_rates', 'stress_factors', 'organ_nutrient_status']
DEBUG Nutrient env_conditions keys: ['temperature', 'ph', 'optimal_ec']
DEBUG Nutrient step 794: Calling calculate_nutrient_dynamics
DEBUG Nutrient plant_status keys: ['root_surface_area', 'tank_volume_L', 'plant_count', 'daily_growth_rate', 'growth_stage', 'senescence_rates', 'stress_factors', 'organ_nutrient_status']
DEBUG Nutrient env_conditions keys: ['temperature', 'ph', 'optimal_ec']
DEBUG Nutrient step 795: Calling calculate_nutrient_dynamics
DEBUG Nutrient plant_status keys: ['root_surface_area', 'tank_volume_L', 'plant_count', 'daily_growth_rate', 'growth_stage', 'senescence_rates', 'stress_factors', 'organ_nutrient_status']
DEBUG Nutrient env_conditions keys: ['temperature', 'ph', 'optimal_ec']
DEBUG Nutrient step 796: Calling calculate_nutrient_dynamics
DEBUG Nutrient plant_status keys: ['root_surface_area', 'tank_volume_L', 'plant_count', 'daily_growth_rate', 'growth_stage', 'senescence_rates', 'stress_factors', 'organ_nutrient_status']
DEBUG Nutrient env_conditions keys: ['temperature', 'ph', 'optimal_ec']
DEBUG Nutrient step 797: Calling calculate_nutrient_dynamics
DEBUG Nutrient plant_status keys: ['root_surface_area', 'tank_volume_L', 'plant_count', 'daily_growth_rate', 'growth_stage', 'senescence_rates', 'stress_factors', 'organ_nutrient_status']
DEBUG Nutrient env_conditions keys: ['temperature', 'ph', 'optimal_ec']
DEBUG Nutrient step 798: Calling calculate_nutrient_dynamics
DEBUG Nutrient plant_status keys: ['root_surface_area', 'tank_volume_L', 'plant_count', 'daily_growth_rate', 'growth_stage', 'senescence_rates', 'stress_factors', 'organ_nutrient_status']
DEBUG Nutrient env_conditions keys: ['temperature', 'ph', 'optimal_ec']
DEBUG Nutrient step 799: Calling calculate_nutrient_dynamics
DEBUG Nutrient plant_status keys: ['root_surface_area', 'tank_volume_L', 'plant_count', 'daily_growth_rate', 'growth_stage', 'senescence_rates', 'stress_factors', 'organ_nutrient_status']
DEBUG Nutrient env_conditions keys: ['temperature', 'ph', 'optimal_ec']
DEBUG Nutrient step 800: Calling calculate_nutrient_dynamics
DEBUG Nutrient plant_status keys: ['root_surface_area', 'tank_volume_L', 'plant_count', 'daily_growth_rate', 'growth_stage', 'senescence_rates', 'stress_factors', 'organ_nutrient_status']
DEBUG Nutrient env_conditions keys: ['temperature', 'ph', 'optimal_ec']
DEBUG Nutrient step 801: Calling calculate_nutrient_dynamics
DEBUG Nutrient plant_status keys: ['root_surface_area', 'tank_volume_L', 'plant_count', 'daily_growth_rate', 'growth_stage', 'senescence_rates', 'stress_factors', 'organ_nutrient_status']
DEBUG Nutrient env_conditions keys: ['temperature', 'ph', 'optimal_ec']
DEBUG Nutrient step 802: Calling calculate_nutrient_dynamics
DEBUG Nutrient plant_status keys: ['root_surface_area', 'tank_volume_L', 'plant_count', 'daily_growth_rate', 'growth_stage', 'senescence_rates', 'stress_factors', 'organ_nutrient_status']
DEBUG Nutrient env_conditions keys: ['temperature', 'ph', 'optimal_ec']
DEBUG Nutrient step 803: Calling calculate_nutrient_dynamics
DEBUG Nutrient plant_status keys: ['root_surface_area', 'tank_volume_L', 'plant_count', 'daily_growth_rate', 'growth_stage', 'senescence_rates', 'stress_factors', 'organ_nutrient_status']
DEBUG Nutrient env_conditions keys: ['temperature', 'ph', 'optimal_ec']
DEBUG Nutrient step 804: Calling calculate_nutrient_dynamics
DEBUG Nutrient plant_status keys: ['root_surface_area', 'tank_volume_L', 'plant_count', 'daily_growth_rate', 'growth_stage', 'senescence_rates', 'stress_factors', 'organ_nutrient_status']
DEBUG Nutrient env_conditions keys: ['temperature', 'ph', 'optimal_ec']
DEBUG Nutrient step 805: Calling calculate_nutrient_dynamics
DEBUG Nutrient plant_status keys: ['root_surface_area', 'tank_volume_L', 'plant_count', 'daily_growth_rate', 'growth_stage', 'senescence_rates', 'stress_factors', 'organ_nutrient_status']
DEBUG Nutrient env_conditions keys: ['temperature', 'ph', 'optimal_ec']
DEBUG Nutrient step 806: Calling calculate_nutrient_dynamics
DEBUG Nutrient plant_status keys: ['root_surface_area', 'tank_volume_L', 'plant_count', 'daily_growth_rate', 'growth_stage', 'senescence_rates', 'stress_factors', 'organ_nutrient_status']
DEBUG Nutrient env_conditions keys: ['temperature', 'ph', 'optimal_ec']
DEBUG Nutrient step 807: Calling calculate_nutrient_dynamics
DEBUG Nutrient plant_status keys: ['root_surface_area', 'tank_volume_L', 'plant_count', 'daily_growth_rate', 'growth_stage', 'senescence_rates', 'stress_factors', 'organ_nutrient_status']
DEBUG Nutrient env_conditions keys: ['temperature', 'ph', 'optimal_ec']
DEBUG Nutrient step 808: Calling calculate_nutrient_dynamics
DEBUG Nutrient plant_status keys: ['root_surface_area', 'tank_volume_L', 'plant_count', 'daily_growth_rate', 'growth_stage', 'senescence_rates', 'stress_factors', 'organ_nutrient_status']
DEBUG Nutrient env_conditions keys: ['temperature', 'ph', 'optimal_ec']
DEBUG Nutrient step 809: Calling calculate_nutrient_dynamics
DEBUG Nutrient plant_status keys: ['root_surface_area', 'tank_volume_L', 'plant_count', 'daily_growth_rate', 'growth_stage', 'senescence_rates', 'stress_factors', 'organ_nutrient_status']
DEBUG Nutrient env_conditions keys: ['temperature', 'ph', 'optimal_ec']
DEBUG Nutrient step 810: Calling calculate_nutrient_dynamics
DEBUG Nutrient plant_status keys: ['root_surface_area', 'tank_volume_L', 'plant_count', 'daily_growth_rate', 'growth_stage', 'senescence_rates', 'stress_factors', 'organ_nutrient_status']
DEBUG Nutrient env_conditions keys: ['temperature', 'ph', 'optimal_ec']
DEBUG Nutrient step 811: Calling calculate_nutrient_dynamics
DEBUG Nutrient plant_status keys: ['root_surface_area', 'tank_volume_L', 'plant_count', 'daily_growth_rate', 'growth_stage', 'senescence_rates', 'stress_factors', 'organ_nutrient_status']
DEBUG Nutrient env_conditions keys: ['temperature', 'ph', 'optimal_ec']
DEBUG Nutrient step 812: Calling calculate_nutrient_dynamics
DEBUG Nutrient plant_status keys: ['root_surface_area', 'tank_volume_L', 'plant_count', 'daily_growth_rate', 'growth_stage', 'senescence_rates', 'stress_factors', 'organ_nutrient_status']
DEBUG Nutrient env_conditions keys: ['temperature', 'ph', 'optimal_ec']
DEBUG Nutrient step 813: Calling calculate_nutrient_dynamics
DEBUG Nutrient plant_status keys: ['root_surface_area', 'tank_volume_L', 'plant_count', 'daily_growth_rate', 'growth_stage', 'senescence_rates', 'stress_factors', 'organ_nutrient_status']
DEBUG Nutrient env_conditions keys: ['temperature', 'ph', 'optimal_ec']
DEBUG Nutrient step 814: Calling calculate_nutrient_dynamics
DEBUG Nutrient plant_status keys: ['root_surface_area', 'tank_volume_L', 'plant_count', 'daily_growth_rate', 'growth_stage', 'senescence_rates', 'stress_factors', 'organ_nutrient_status']
DEBUG Nutrient env_conditions keys: ['temperature', 'ph', 'optimal_ec']
DEBUG Nutrient step 815: Calling calculate_nutrient_dynamics
DEBUG Nutrient plant_status keys: ['root_surface_area', 'tank_volume_L', 'plant_count', 'daily_growth_rate', 'growth_stage', 'senescence_rates', 'stress_factors', 'organ_nutrient_status']
DEBUG Nutrient env_conditions keys: ['temperature', 'ph', 'optimal_ec']
DEBUG Nutrient step 816: Calling calculate_nutrient_dynamics
DEBUG Nutrient plant_status keys: ['root_surface_area', 'tank_volume_L', 'plant_count', 'daily_growth_rate', 'growth_stage', 'senescence_rates', 'stress_factors', 'organ_nutrient_status']
DEBUG Nutrient env_conditions keys: ['temperature', 'ph', 'optimal_ec']
DEBUG Nutrient step 817: Calling calculate_nutrient_dynamics
DEBUG Nutrient plant_status keys: ['root_surface_area', 'tank_volume_L', 'plant_count', 'daily_growth_rate', 'growth_stage', 'senescence_rates', 'stress_factors', 'organ_nutrient_status']
DEBUG Nutrient env_conditions keys: ['temperature', 'ph', 'optimal_ec']
DEBUG Nutrient step 818: Calling calculate_nutrient_dynamics
DEBUG Nutrient plant_status keys: ['root_surface_area', 'tank_volume_L', 'plant_count', 'daily_growth_rate', 'growth_stage', 'senescence_rates', 'stress_factors', 'organ_nutrient_status']
DEBUG Nutrient env_conditions keys: ['temperature', 'ph', 'optimal_ec']
DEBUG Nutrient step 819: Calling calculate_nutrient_dynamics
DEBUG Nutrient plant_status keys: ['root_surface_area', 'tank_volume_L', 'plant_count', 'daily_growth_rate', 'growth_stage', 'senescence_rates', 'stress_factors', 'organ_nutrient_status']
DEBUG Nutrient env_conditions keys: ['temperature', 'ph', 'optimal_ec']
DEBUG Nutrient step 820: Calling calculate_nutrient_dynamics
DEBUG Nutrient plant_status keys: ['root_surface_area', 'tank_volume_L', 'plant_count', 'daily_growth_rate', 'growth_stage', 'senescence_rates', 'stress_factors', 'organ_nutrient_status']
DEBUG Nutrient env_conditions keys: ['temperature', 'ph', 'optimal_ec']
DEBUG Nutrient step 821: Calling calculate_nutrient_dynamics
DEBUG Nutrient plant_status keys: ['root_surface_area', 'tank_volume_L', 'plant_count', 'daily_growth_rate', 'growth_stage', 'senescence_rates', 'stress_factors', 'organ_nutrient_status']
DEBUG Nutrient env_conditions keys: ['temperature', 'ph', 'optimal_ec']
DEBUG Nutrient step 822: Calling calculate_nutrient_dynamics
DEBUG Nutrient plant_status keys: ['root_surface_area', 'tank_volume_L', 'plant_count', 'daily_growth_rate', 'growth_stage', 'senescence_rates', 'stress_factors', 'organ_nutrient_status']
DEBUG Nutrient env_conditions keys: ['temperature', 'ph', 'optimal_ec']
DEBUG Nutrient step 823: Calling calculate_nutrient_dynamics
DEBUG Nutrient plant_status keys: ['root_surface_area', 'tank_volume_L', 'plant_count', 'daily_growth_rate', 'growth_stage', 'senescence_rates', 'stress_factors', 'organ_nutrient_status']
DEBUG Nutrient env_conditions keys: ['temperature', 'ph', 'optimal_ec']
DEBUG Nutrient step 824: Calling calculate_nutrient_dynamics
DEBUG Nutrient plant_status keys: ['root_surface_area', 'tank_volume_L', 'plant_count', 'daily_growth_rate', 'growth_stage', 'senescence_rates', 'stress_factors', 'organ_nutrient_status']
DEBUG Nutrient env_conditions keys: ['temperature', 'ph', 'optimal_ec']
DEBUG Nutrient step 825: Calling calculate_nutrient_dynamics
DEBUG Nutrient plant_status keys: ['root_surface_area', 'tank_volume_L', 'plant_count', 'daily_growth_rate', 'growth_stage', 'senescence_rates', 'stress_factors', 'organ_nutrient_status']
DEBUG Nutrient env_conditions keys: ['temperature', 'ph', 'optimal_ec']
DEBUG Nutrient step 826: Calling calculate_nutrient_dynamics
DEBUG Nutrient plant_status keys: ['root_surface_area', 'tank_volume_L', 'plant_count', 'daily_growth_rate', 'growth_stage', 'senescence_rates', 'stress_factors', 'organ_nutrient_status']
DEBUG Nutrient env_conditions keys: ['temperature', 'ph', 'optimal_ec']
DEBUG Nutrient step 827: Calling calculate_nutrient_dynamics
DEBUG Nutrient plant_status keys: ['root_surface_area', 'tank_volume_L', 'plant_count', 'daily_growth_rate', 'growth_stage', 'senescence_rates', 'stress_factors', 'organ_nutrient_status']
DEBUG Nutrient env_conditions keys: ['temperature', 'ph', 'optimal_ec']
DEBUG Nutrient step 828: Calling calculate_nutrient_dynamics
DEBUG Nutrient plant_status keys: ['root_surface_area', 'tank_volume_L', 'plant_count', 'daily_growth_rate', 'growth_stage', 'senescence_rates', 'stress_factors', 'organ_nutrient_status']
DEBUG Nutrient env_conditions keys: ['temperature', 'ph', 'optimal_ec']
DEBUG Nutrient step 829: Calling calculate_nutrient_dynamics
DEBUG Nutrient plant_status keys: ['root_surface_area', 'tank_volume_L', 'plant_count', 'daily_growth_rate', 'growth_stage', 'senescence_rates', 'stress_factors', 'organ_nutrient_status']
DEBUG Nutrient env_conditions keys: ['temperature', 'ph', 'optimal_ec']
DEBUG Nutrient step 830: Calling calculate_nutrient_dynamics
DEBUG Nutrient plant_status keys: ['root_surface_area', 'tank_volume_L', 'plant_count', 'daily_growth_rate', 'growth_stage', 'senescence_rates', 'stress_factors', 'organ_nutrient_status']
DEBUG Nutrient env_conditions keys: ['temperature', 'ph', 'optimal_ec']
DEBUG Nutrient step 831: Calling calculate_nutrient_dynamics
DEBUG Nutrient plant_status keys: ['root_surface_area', 'tank_volume_L', 'plant_count', 'daily_growth_rate', 'growth_stage', 'senescence_rates', 'stress_factors', 'organ_nutrient_status']
DEBUG Nutrient env_conditions keys: ['temperature', 'ph', 'optimal_ec']
DEBUG Nutrient step 832: Calling calculate_nutrient_dynamics
DEBUG Nutrient plant_status keys: ['root_surface_area', 'tank_volume_L', 'plant_count', 'daily_growth_rate', 'growth_stage', 'senescence_rates', 'stress_factors', 'organ_nutrient_status']
DEBUG Nutrient env_conditions keys: ['temperature', 'ph', 'optimal_ec']
DEBUG Nutrient step 833: Calling calculate_nutrient_dynamics
DEBUG Nutrient plant_status keys: ['root_surface_area', 'tank_volume_L', 'plant_count', 'daily_growth_rate', 'growth_stage', 'senescence_rates', 'stress_factors', 'organ_nutrient_status']
DEBUG Nutrient env_conditions keys: ['temperature', 'ph', 'optimal_ec']
DEBUG Nutrient step 834: Calling calculate_nutrient_dynamics
DEBUG Nutrient plant_status keys: ['root_surface_area', 'tank_volume_L', 'plant_count', 'daily_growth_rate', 'growth_stage', 'senescence_rates', 'stress_factors', 'organ_nutrient_status']
DEBUG Nutrient env_conditions keys: ['temperature', 'ph', 'optimal_ec']
DEBUG Nutrient step 835: Calling calculate_nutrient_dynamics
DEBUG Nutrient plant_status keys: ['root_surface_area', 'tank_volume_L', 'plant_count', 'daily_growth_rate', 'growth_stage', 'senescence_rates', 'stress_factors', 'organ_nutrient_status']
DEBUG Nutrient env_conditions keys: ['temperature', 'ph', 'optimal_ec']
DEBUG Nutrient step 836: Calling calculate_nutrient_dynamics
DEBUG Nutrient plant_status keys: ['root_surface_area', 'tank_volume_L', 'plant_count', 'daily_growth_rate', 'growth_stage', 'senescence_rates', 'stress_factors', 'organ_nutrient_status']
DEBUG Nutrient env_conditions keys: ['temperature', 'ph', 'optimal_ec']
DEBUG Nutrient step 837: Calling calculate_nutrient_dynamics
DEBUG Nutrient plant_status keys: ['root_surface_area', 'tank_volume_L', 'plant_count', 'daily_growth_rate', 'growth_stage', 'senescence_rates', 'stress_factors', 'organ_nutrient_status']
DEBUG Nutrient env_conditions keys: ['temperature', 'ph', 'optimal_ec']
DEBUG Nutrient step 838: Calling calculate_nutrient_dynamics
DEBUG Nutrient plant_status keys: ['root_surface_area', 'tank_volume_L', 'plant_count', 'daily_growth_rate', 'growth_stage', 'senescence_rates', 'stress_factors', 'organ_nutrient_status']
DEBUG Nutrient env_conditions keys: ['temperature', 'ph', 'optimal_ec']
DEBUG Nutrient step 839: Calling calculate_nutrient_dynamics
DEBUG Nutrient plant_status keys: ['root_surface_area', 'tank_volume_L', 'plant_count', 'daily_growth_rate', 'growth_stage', 'senescence_rates', 'stress_factors', 'organ_nutrient_status']
DEBUG Nutrient env_conditions keys: ['temperature', 'ph', 'optimal_ec']
DEBUG Nutrient step 840: Calling calculate_nutrient_dynamics
DEBUG Nutrient plant_status keys: ['root_surface_area', 'tank_volume_L', 'plant_count', 'daily_growth_rate', 'growth_stage', 'senescence_rates', 'stress_factors', 'organ_nutrient_status']
DEBUG Nutrient env_conditions keys: ['temperature', 'ph', 'optimal_ec']
DEBUG Nutrient step 841: Calling calculate_nutrient_dynamics
DEBUG Nutrient plant_status keys: ['root_surface_area', 'tank_volume_L', 'plant_count', 'daily_growth_rate', 'growth_stage', 'senescence_rates', 'stress_factors', 'organ_nutrient_status']
DEBUG Nutrient env_conditions keys: ['temperature', 'ph', 'optimal_ec']
DEBUG Nutrient step 842: Calling calculate_nutrient_dynamics
DEBUG Nutrient plant_status keys: ['root_surface_area', 'tank_volume_L', 'plant_count', 'daily_growth_rate', 'growth_stage', 'senescence_rates', 'stress_factors', 'organ_nutrient_status']
DEBUG Nutrient env_conditions keys: ['temperature', 'ph', 'optimal_ec']
DEBUG Nutrient step 843: Calling calculate_nutrient_dynamics
DEBUG Nutrient plant_status keys: ['root_surface_area', 'tank_volume_L', 'plant_count', 'daily_growth_rate', 'growth_stage', 'senescence_rates', 'stress_factors', 'organ_nutrient_status']
DEBUG Nutrient env_conditions keys: ['temperature', 'ph', 'optimal_ec']
DEBUG Nutrient step 844: Calling calculate_nutrient_dynamics
DEBUG Nutrient plant_status keys: ['root_surface_area', 'tank_volume_L', 'plant_count', 'daily_growth_rate', 'growth_stage', 'senescence_rates', 'stress_factors', 'organ_nutrient_status']
DEBUG Nutrient env_conditions keys: ['temperature', 'ph', 'optimal_ec']
DEBUG Nutrient step 845: Calling calculate_nutrient_dynamics
DEBUG Nutrient plant_status keys: ['root_surface_area', 'tank_volume_L', 'plant_count', 'daily_growth_rate', 'growth_stage', 'senescence_rates', 'stress_factors', 'organ_nutrient_status']
DEBUG Nutrient env_conditions keys: ['temperature', 'ph', 'optimal_ec']
DEBUG Nutrient step 846: Calling calculate_nutrient_dynamics
DEBUG Nutrient plant_status keys: ['root_surface_area', 'tank_volume_L', 'plant_count', 'daily_growth_rate', 'growth_stage', 'senescence_rates', 'stress_factors', 'organ_nutrient_status']
DEBUG Nutrient env_conditions keys: ['temperature', 'ph', 'optimal_ec']
DEBUG Nutrient step 847: Calling calculate_nutrient_dynamics
DEBUG Nutrient plant_status keys: ['root_surface_area', 'tank_volume_L', 'plant_count', 'daily_growth_rate', 'growth_stage', 'senescence_rates', 'stress_factors', 'organ_nutrient_status']
DEBUG Nutrient env_conditions keys: ['temperature', 'ph', 'optimal_ec']
DEBUG Nutrient step 848: Calling calculate_nutrient_dynamics
DEBUG Nutrient plant_status keys: ['root_surface_area', 'tank_volume_L', 'plant_count', 'daily_growth_rate', 'growth_stage', 'senescence_rates', 'stress_factors', 'organ_nutrient_status']
DEBUG Nutrient env_conditions keys: ['temperature', 'ph', 'optimal_ec']
DEBUG Nutrient step 849: Calling calculate_nutrient_dynamics
DEBUG Nutrient plant_status keys: ['root_surface_area', 'tank_volume_L', 'plant_count', 'daily_growth_rate', 'growth_stage', 'senescence_rates', 'stress_factors', 'organ_nutrient_status']
DEBUG Nutrient env_conditions keys: ['temperature', 'ph', 'optimal_ec']
DEBUG Nutrient step 850: Calling calculate_nutrient_dynamics
DEBUG Nutrient plant_status keys: ['root_surface_area', 'tank_volume_L', 'plant_count', 'daily_growth_rate', 'growth_stage', 'senescence_rates', 'stress_factors', 'organ_nutrient_status']
DEBUG Nutrient env_conditions keys: ['temperature', 'ph', 'optimal_ec']
DEBUG Nutrient step 851: Calling calculate_nutrient_dynamics
DEBUG Nutrient plant_status keys: ['root_surface_area', 'tank_volume_L', 'plant_count', 'daily_growth_rate', 'growth_stage', 'senescence_rates', 'stress_factors', 'organ_nutrient_status']
DEBUG Nutrient env_conditions keys: ['temperature', 'ph', 'optimal_ec']
DEBUG Nutrient step 852: Calling calculate_nutrient_dynamics
DEBUG Nutrient plant_status keys: ['root_surface_area', 'tank_volume_L', 'plant_count', 'daily_growth_rate', 'growth_stage', 'senescence_rates', 'stress_factors', 'organ_nutrient_status']
DEBUG Nutrient env_conditions keys: ['temperature', 'ph', 'optimal_ec']
DEBUG Nutrient step 853: Calling calculate_nutrient_dynamics
DEBUG Nutrient plant_status keys: ['root_surface_area', 'tank_volume_L', 'plant_count', 'daily_growth_rate', 'growth_stage', 'senescence_rates', 'stress_factors', 'organ_nutrient_status']
DEBUG Nutrient env_conditions keys: ['temperature', 'ph', 'optimal_ec']
DEBUG Nutrient step 854: Calling calculate_nutrient_dynamics
DEBUG Nutrient plant_status keys: ['root_surface_area', 'tank_volume_L', 'plant_count', 'daily_growth_rate', 'growth_stage', 'senescence_rates', 'stress_factors', 'organ_nutrient_status']
DEBUG Nutrient env_conditions keys: ['temperature', 'ph', 'optimal_ec']
DEBUG Nutrient step 855: Calling calculate_nutrient_dynamics
DEBUG Nutrient plant_status keys: ['root_surface_area', 'tank_volume_L', 'plant_count', 'daily_growth_rate', 'growth_stage', 'senescence_rates', 'stress_factors', 'organ_nutrient_status']
DEBUG Nutrient env_conditions keys: ['temperature', 'ph', 'optimal_ec']
DEBUG Nutrient step 856: Calling calculate_nutrient_dynamics
DEBUG Nutrient plant_status keys: ['root_surface_area', 'tank_volume_L', 'plant_count', 'daily_growth_rate', 'growth_stage', 'senescence_rates', 'stress_factors', 'organ_nutrient_status']
DEBUG Nutrient env_conditions keys: ['temperature', 'ph', 'optimal_ec']
DEBUG Nutrient step 857: Calling calculate_nutrient_dynamics
DEBUG Nutrient plant_status keys: ['root_surface_area', 'tank_volume_L', 'plant_count', 'daily_growth_rate', 'growth_stage', 'senescence_rates', 'stress_factors', 'organ_nutrient_status']
DEBUG Nutrient env_conditions keys: ['temperature', 'ph', 'optimal_ec']
DEBUG Nutrient step 858: Calling calculate_nutrient_dynamics
DEBUG Nutrient plant_status keys: ['root_surface_area', 'tank_volume_L', 'plant_count', 'daily_growth_rate', 'growth_stage', 'senescence_rates', 'stress_factors', 'organ_nutrient_status']
DEBUG Nutrient env_conditions keys: ['temperature', 'ph', 'optimal_ec']
DEBUG Nutrient step 859: Calling calculate_nutrient_dynamics
DEBUG Nutrient plant_status keys: ['root_surface_area', 'tank_volume_L', 'plant_count', 'daily_growth_rate', 'growth_stage', 'senescence_rates', 'stress_factors', 'organ_nutrient_status']
DEBUG Nutrient env_conditions keys: ['temperature', 'ph', 'optimal_ec']
DEBUG Nutrient step 860: Calling calculate_nutrient_dynamics
DEBUG Nutrient plant_status keys: ['root_surface_area', 'tank_volume_L', 'plant_count', 'daily_growth_rate', 'growth_stage', 'senescence_rates', 'stress_factors', 'organ_nutrient_status']
DEBUG Nutrient env_conditions keys: ['temperature', 'ph', 'optimal_ec']
DEBUG Nutrient step 861: Calling calculate_nutrient_dynamics
DEBUG Nutrient plant_status keys: ['root_surface_area', 'tank_volume_L', 'plant_count', 'daily_growth_rate', 'growth_stage', 'senescence_rates', 'stress_factors', 'organ_nutrient_status']
DEBUG Nutrient env_conditions keys: ['temperature', 'ph', 'optimal_ec']
DEBUG Nutrient step 862: Calling calculate_nutrient_dynamics
DEBUG Nutrient plant_status keys: ['root_surface_area', 'tank_volume_L', 'plant_count', 'daily_growth_rate', 'growth_stage', 'senescence_rates', 'stress_factors', 'organ_nutrient_status']
DEBUG Nutrient env_conditions keys: ['temperature', 'ph', 'optimal_ec']
DEBUG Nutrient step 863: Calling calculate_nutrient_dynamics
DEBUG Nutrient plant_status keys: ['root_surface_area', 'tank_volume_L', 'plant_count', 'daily_growth_rate', 'growth_stage', 'senescence_rates', 'stress_factors', 'organ_nutrient_status']
DEBUG Nutrient env_conditions keys: ['temperature', 'ph', 'optimal_ec']
DEBUG Nutrient step 864: Calling calculate_nutrient_dynamics
DEBUG Nutrient plant_status keys: ['root_surface_area', 'tank_volume_L', 'plant_count', 'daily_growth_rate', 'growth_stage', 'senescence_rates', 'stress_factors', 'organ_nutrient_status']
DEBUG Nutrient env_conditions keys: ['temperature', 'ph', 'optimal_ec']
DEBUG Nutrient step 865: Calling calculate_nutrient_dynamics
DEBUG Nutrient plant_status keys: ['root_surface_area', 'tank_volume_L', 'plant_count', 'daily_growth_rate', 'growth_stage', 'senescence_rates', 'stress_factors', 'organ_nutrient_status']
DEBUG Nutrient env_conditions keys: ['temperature', 'ph', 'optimal_ec']
DEBUG Nutrient step 866: Calling calculate_nutrient_dynamics
DEBUG Nutrient plant_status keys: ['root_surface_area', 'tank_volume_L', 'plant_count', 'daily_growth_rate', 'growth_stage', 'senescence_rates', 'stress_factors', 'organ_nutrient_status']
DEBUG Nutrient env_conditions keys: ['temperature', 'ph', 'optimal_ec']
DEBUG Nutrient step 867: Calling calculate_nutrient_dynamics
DEBUG Nutrient plant_status keys: ['root_surface_area', 'tank_volume_L', 'plant_count', 'daily_growth_rate', 'growth_stage', 'senescence_rates', 'stress_factors', 'organ_nutrient_status']
DEBUG Nutrient env_conditions keys: ['temperature', 'ph', 'optimal_ec']
DEBUG Nutrient step 868: Calling calculate_nutrient_dynamics
DEBUG Nutrient plant_status keys: ['root_surface_area', 'tank_volume_L', 'plant_count', 'daily_growth_rate', 'growth_stage', 'senescence_rates', 'stress_factors', 'organ_nutrient_status']
DEBUG Nutrient env_conditions keys: ['temperature', 'ph', 'optimal_ec']
DEBUG Nutrient step 869: Calling calculate_nutrient_dynamics
DEBUG Nutrient plant_status keys: ['root_surface_area', 'tank_volume_L', 'plant_count', 'daily_growth_rate', 'growth_stage', 'senescence_rates', 'stress_factors', 'organ_nutrient_status']
DEBUG Nutrient env_conditions keys: ['temperature', 'ph', 'optimal_ec']
DEBUG Nutrient step 870: Calling calculate_nutrient_dynamics
DEBUG Nutrient plant_status keys: ['root_surface_area', 'tank_volume_L', 'plant_count', 'daily_growth_rate', 'growth_stage', 'senescence_rates', 'stress_factors', 'organ_nutrient_status']
DEBUG Nutrient env_conditions keys: ['temperature', 'ph', 'optimal_ec']
DEBUG Nutrient step 871: Calling calculate_nutrient_dynamics
DEBUG Nutrient plant_status keys: ['root_surface_area', 'tank_volume_L', 'plant_count', 'daily_growth_rate', 'growth_stage', 'senescence_rates', 'stress_factors', 'organ_nutrient_status']
DEBUG Nutrient env_conditions keys: ['temperature', 'ph', 'optimal_ec']
DEBUG Nutrient step 872: Calling calculate_nutrient_dynamics
DEBUG Nutrient plant_status keys: ['root_surface_area', 'tank_volume_L', 'plant_count', 'daily_growth_rate', 'growth_stage', 'senescence_rates', 'stress_factors', 'organ_nutrient_status']
DEBUG Nutrient env_conditions keys: ['temperature', 'ph', 'optimal_ec']
DEBUG Nutrient step 873: Calling calculate_nutrient_dynamics
DEBUG Nutrient plant_status keys: ['root_surface_area', 'tank_volume_L', 'plant_count', 'daily_growth_rate', 'growth_stage', 'senescence_rates', 'stress_factors', 'organ_nutrient_status']
DEBUG Nutrient env_conditions keys: ['temperature', 'ph', 'optimal_ec']
DEBUG Nutrient step 874: Calling calculate_nutrient_dynamics
DEBUG Nutrient plant_status keys: ['root_surface_area', 'tank_volume_L', 'plant_count', 'daily_growth_rate', 'growth_stage', 'senescence_rates', 'stress_factors', 'organ_nutrient_status']
DEBUG Nutrient env_conditions keys: ['temperature', 'ph', 'optimal_ec']
DEBUG Nutrient step 875: Calling calculate_nutrient_dynamics
DEBUG Nutrient plant_status keys: ['root_surface_area', 'tank_volume_L', 'plant_count', 'daily_growth_rate', 'growth_stage', 'senescence_rates', 'stress_factors', 'organ_nutrient_status']
DEBUG Nutrient env_conditions keys: ['temperature', 'ph', 'optimal_ec']
DEBUG Nutrient step 876: Calling calculate_nutrient_dynamics
DEBUG Nutrient plant_status keys: ['root_surface_area', 'tank_volume_L', 'plant_count', 'daily_growth_rate', 'growth_stage', 'senescence_rates', 'stress_factors', 'organ_nutrient_status']
DEBUG Nutrient env_conditions keys: ['temperature', 'ph', 'optimal_ec']
DEBUG Nutrient step 877: Calling calculate_nutrient_dynamics
DEBUG Nutrient plant_status keys: ['root_surface_area', 'tank_volume_L', 'plant_count', 'daily_growth_rate', 'growth_stage', 'senescence_rates', 'stress_factors', 'organ_nutrient_status']
DEBUG Nutrient env_conditions keys: ['temperature', 'ph', 'optimal_ec']
DEBUG Nutrient step 878: Calling calculate_nutrient_dynamics
DEBUG Nutrient plant_status keys: ['root_surface_area', 'tank_volume_L', 'plant_count', 'daily_growth_rate', 'growth_stage', 'senescence_rates', 'stress_factors', 'organ_nutrient_status']
DEBUG Nutrient env_conditions keys: ['temperature', 'ph', 'optimal_ec']
DEBUG Nutrient step 879: Calling calculate_nutrient_dynamics
DEBUG Nutrient plant_status keys: ['root_surface_area', 'tank_volume_L', 'plant_count', 'daily_growth_rate', 'growth_stage', 'senescence_rates', 'stress_factors', 'organ_nutrient_status']
DEBUG Nutrient env_conditions keys: ['temperature', 'ph', 'optimal_ec']
DEBUG Nutrient step 880: Calling calculate_nutrient_dynamics
DEBUG Nutrient plant_status keys: ['root_surface_area', 'tank_volume_L', 'plant_count', 'daily_growth_rate', 'growth_stage', 'senescence_rates', 'stress_factors', 'organ_nutrient_status']
DEBUG Nutrient env_conditions keys: ['temperature', 'ph', 'optimal_ec']
DEBUG Nutrient step 881: Calling calculate_nutrient_dynamics
DEBUG Nutrient plant_status keys: ['root_surface_area', 'tank_volume_L', 'plant_count', 'daily_growth_rate', 'growth_stage', 'senescence_rates', 'stress_factors', 'organ_nutrient_status']
DEBUG Nutrient env_conditions keys: ['temperature', 'ph', 'optimal_ec']
DEBUG Nutrient step 882: Calling calculate_nutrient_dynamics
DEBUG Nutrient plant_status keys: ['root_surface_area', 'tank_volume_L', 'plant_count', 'daily_growth_rate', 'growth_stage', 'senescence_rates', 'stress_factors', 'organ_nutrient_status']
DEBUG Nutrient env_conditions keys: ['temperature', 'ph', 'optimal_ec']
DEBUG Nutrient step 883: Calling calculate_nutrient_dynamics
DEBUG Nutrient plant_status keys: ['root_surface_area', 'tank_volume_L', 'plant_count', 'daily_growth_rate', 'growth_stage', 'senescence_rates', 'stress_factors', 'organ_nutrient_status']
DEBUG Nutrient env_conditions keys: ['temperature', 'ph', 'optimal_ec']
DEBUG Nutrient step 884: Calling calculate_nutrient_dynamics
DEBUG Nutrient plant_status keys: ['root_surface_area', 'tank_volume_L', 'plant_count', 'daily_growth_rate', 'growth_stage', 'senescence_rates', 'stress_factors', 'organ_nutrient_status']
DEBUG Nutrient env_conditions keys: ['temperature', 'ph', 'optimal_ec']
DEBUG Nutrient step 885: Calling calculate_nutrient_dynamics
DEBUG Nutrient plant_status keys: ['root_surface_area', 'tank_volume_L', 'plant_count', 'daily_growth_rate', 'growth_stage', 'senescence_rates', 'stress_factors', 'organ_nutrient_status']
DEBUG Nutrient env_conditions keys: ['temperature', 'ph', 'optimal_ec']
DEBUG Nutrient step 886: Calling calculate_nutrient_dynamics
DEBUG Nutrient plant_status keys: ['root_surface_area', 'tank_volume_L', 'plant_count', 'daily_growth_rate', 'growth_stage', 'senescence_rates', 'stress_factors', 'organ_nutrient_status']
DEBUG Nutrient env_conditions keys: ['temperature', 'ph', 'optimal_ec']
DEBUG Nutrient step 887: Calling calculate_nutrient_dynamics
DEBUG Nutrient plant_status keys: ['root_surface_area', 'tank_volume_L', 'plant_count', 'daily_growth_rate', 'growth_stage', 'senescence_rates', 'stress_factors', 'organ_nutrient_status']
DEBUG Nutrient env_conditions keys: ['temperature', 'ph', 'optimal_ec']
DEBUG Nutrient step 888: Calling calculate_nutrient_dynamics
DEBUG Nutrient plant_status keys: ['root_surface_area', 'tank_volume_L', 'plant_count', 'daily_growth_rate', 'growth_stage', 'senescence_rates', 'stress_factors', 'organ_nutrient_status']
DEBUG Nutrient env_conditions keys: ['temperature', 'ph', 'optimal_ec']
DEBUG Nutrient step 889: Calling calculate_nutrient_dynamics
DEBUG Nutrient plant_status keys: ['root_surface_area', 'tank_volume_L', 'plant_count', 'daily_growth_rate', 'growth_stage', 'senescence_rates', 'stress_factors', 'organ_nutrient_status']
DEBUG Nutrient env_conditions keys: ['temperature', 'ph', 'optimal_ec']
DEBUG Nutrient step 890: Calling calculate_nutrient_dynamics
DEBUG Nutrient plant_status keys: ['root_surface_area', 'tank_volume_L', 'plant_count', 'daily_growth_rate', 'growth_stage', 'senescence_rates', 'stress_factors', 'organ_nutrient_status']
DEBUG Nutrient env_conditions keys: ['temperature', 'ph', 'optimal_ec']
DEBUG Nutrient step 891: Calling calculate_nutrient_dynamics
DEBUG Nutrient plant_status keys: ['root_surface_area', 'tank_volume_L', 'plant_count', 'daily_growth_rate', 'growth_stage', 'senescence_rates', 'stress_factors', 'organ_nutrient_status']
DEBUG Nutrient env_conditions keys: ['temperature', 'ph', 'optimal_ec']
DEBUG Nutrient step 892: Calling calculate_nutrient_dynamics
DEBUG Nutrient plant_status keys: ['root_surface_area', 'tank_volume_L', 'plant_count', 'daily_growth_rate', 'growth_stage', 'senescence_rates', 'stress_factors', 'organ_nutrient_status']
DEBUG Nutrient env_conditions keys: ['temperature', 'ph', 'optimal_ec']
DEBUG Nutrient step 893: Calling calculate_nutrient_dynamics
DEBUG Nutrient plant_status keys: ['root_surface_area', 'tank_volume_L', 'plant_count', 'daily_growth_rate', 'growth_stage', 'senescence_rates', 'stress_factors', 'organ_nutrient_status']
DEBUG Nutrient env_conditions keys: ['temperature', 'ph', 'optimal_ec']
DEBUG Nutrient step 894: Calling calculate_nutrient_dynamics
DEBUG Nutrient plant_status keys: ['root_surface_area', 'tank_volume_L', 'plant_count', 'daily_growth_rate', 'growth_stage', 'senescence_rates', 'stress_factors', 'organ_nutrient_status']
DEBUG Nutrient env_conditions keys: ['temperature', 'ph', 'optimal_ec']
DEBUG Nutrient step 895: Calling calculate_nutrient_dynamics
DEBUG Nutrient plant_status keys: ['root_surface_area', 'tank_volume_L', 'plant_count', 'daily_growth_rate', 'growth_stage', 'senescence_rates', 'stress_factors', 'organ_nutrient_status']
DEBUG Nutrient env_conditions keys: ['temperature', 'ph', 'optimal_ec']
DEBUG Nutrient step 896: Calling calculate_nutrient_dynamics
DEBUG Nutrient plant_status keys: ['root_surface_area', 'tank_volume_L', 'plant_count', 'daily_growth_rate', 'growth_stage', 'senescence_rates', 'stress_factors', 'organ_nutrient_status']
DEBUG Nutrient env_conditions keys: ['temperature', 'ph', 'optimal_ec']
DEBUG Nutrient step 897: Calling calculate_nutrient_dynamics
DEBUG Nutrient plant_status keys: ['root_surface_area', 'tank_volume_L', 'plant_count', 'daily_growth_rate', 'growth_stage', 'senescence_rates', 'stress_factors', 'organ_nutrient_status']
DEBUG Nutrient env_conditions keys: ['temperature', 'ph', 'optimal_ec']
DEBUG Nutrient step 898: Calling calculate_nutrient_dynamics
DEBUG Nutrient plant_status keys: ['root_surface_area', 'tank_volume_L', 'plant_count', 'daily_growth_rate', 'growth_stage', 'senescence_rates', 'stress_factors', 'organ_nutrient_status']
DEBUG Nutrient env_conditions keys: ['temperature', 'ph', 'optimal_ec']
DEBUG Nutrient step 899: Calling calculate_nutrient_dynamics
DEBUG Nutrient plant_status keys: ['root_surface_area', 'tank_volume_L', 'plant_count', 'daily_growth_rate', 'growth_stage', 'senescence_rates', 'stress_factors', 'organ_nutrient_status']
DEBUG Nutrient env_conditions keys: ['temperature', 'ph', 'optimal_ec']
DEBUG Nutrient step 900: Calling calculate_nutrient_dynamics
DEBUG Nutrient plant_status keys: ['root_surface_area', 'tank_volume_L', 'plant_count', 'daily_growth_rate', 'growth_stage', 'senescence_rates', 'stress_factors', 'organ_nutrient_status']
DEBUG Nutrient env_conditions keys: ['temperature', 'ph', 'optimal_ec']
DEBUG Nutrient step 901: Calling calculate_nutrient_dynamics
DEBUG Nutrient plant_status keys: ['root_surface_area', 'tank_volume_L', 'plant_count', 'daily_growth_rate', 'growth_stage', 'senescence_rates', 'stress_factors', 'organ_nutrient_status']
DEBUG Nutrient env_conditions keys: ['temperature', 'ph', 'optimal_ec']
DEBUG Nutrient step 902: Calling calculate_nutrient_dynamics
DEBUG Nutrient plant_status keys: ['root_surface_area', 'tank_volume_L', 'plant_count', 'daily_growth_rate', 'growth_stage', 'senescence_rates', 'stress_factors', 'organ_nutrient_status']
DEBUG Nutrient env_conditions keys: ['temperature', 'ph', 'optimal_ec']
DEBUG Nutrient step 903: Calling calculate_nutrient_dynamics
DEBUG Nutrient plant_status keys: ['root_surface_area', 'tank_volume_L', 'plant_count', 'daily_growth_rate', 'growth_stage', 'senescence_rates', 'stress_factors', 'organ_nutrient_status']
DEBUG Nutrient env_conditions keys: ['temperature', 'ph', 'optimal_ec']
DEBUG Nutrient step 904: Calling calculate_nutrient_dynamics
DEBUG Nutrient plant_status keys: ['root_surface_area', 'tank_volume_L', 'plant_count', 'daily_growth_rate', 'growth_stage', 'senescence_rates', 'stress_factors', 'organ_nutrient_status']
DEBUG Nutrient env_conditions keys: ['temperature', 'ph', 'optimal_ec']
DEBUG Nutrient step 905: Calling calculate_nutrient_dynamics
DEBUG Nutrient plant_status keys: ['root_surface_area', 'tank_volume_L', 'plant_count', 'daily_growth_rate', 'growth_stage', 'senescence_rates', 'stress_factors', 'organ_nutrient_status']
DEBUG Nutrient env_conditions keys: ['temperature', 'ph', 'optimal_ec']
DEBUG Nutrient step 906: Calling calculate_nutrient_dynamics
DEBUG Nutrient plant_status keys: ['root_surface_area', 'tank_volume_L', 'plant_count', 'daily_growth_rate', 'growth_stage', 'senescence_rates', 'stress_factors', 'organ_nutrient_status']
DEBUG Nutrient env_conditions keys: ['temperature', 'ph', 'optimal_ec']
DEBUG Nutrient step 907: Calling calculate_nutrient_dynamics
DEBUG Nutrient plant_status keys: ['root_surface_area', 'tank_volume_L', 'plant_count', 'daily_growth_rate', 'growth_stage', 'senescence_rates', 'stress_factors', 'organ_nutrient_status']
DEBUG Nutrient env_conditions keys: ['temperature', 'ph', 'optimal_ec']
DEBUG Nutrient step 908: Calling calculate_nutrient_dynamics
DEBUG Nutrient plant_status keys: ['root_surface_area', 'tank_volume_L', 'plant_count', 'daily_growth_rate', 'growth_stage', 'senescence_rates', 'stress_factors', 'organ_nutrient_status']
DEBUG Nutrient env_conditions keys: ['temperature', 'ph', 'optimal_ec']
DEBUG Nutrient step 909: Calling calculate_nutrient_dynamics
DEBUG Nutrient plant_status keys: ['root_surface_area', 'tank_volume_L', 'plant_count', 'daily_growth_rate', 'growth_stage', 'senescence_rates', 'stress_factors', 'organ_nutrient_status']
DEBUG Nutrient env_conditions keys: ['temperature', 'ph', 'optimal_ec']
DEBUG Nutrient step 910: Calling calculate_nutrient_dynamics
DEBUG Nutrient plant_status keys: ['root_surface_area', 'tank_volume_L', 'plant_count', 'daily_growth_rate', 'growth_stage', 'senescence_rates', 'stress_factors', 'organ_nutrient_status']
DEBUG Nutrient env_conditions keys: ['temperature', 'ph', 'optimal_ec']
DEBUG Nutrient step 911: Calling calculate_nutrient_dynamics
DEBUG Nutrient plant_status keys: ['root_surface_area', 'tank_volume_L', 'plant_count', 'daily_growth_rate', 'growth_stage', 'senescence_rates', 'stress_factors', 'organ_nutrient_status']
DEBUG Nutrient env_conditions keys: ['temperature', 'ph', 'optimal_ec']
DEBUG Nutrient step 912: Calling calculate_nutrient_dynamics
DEBUG Nutrient plant_status keys: ['root_surface_area', 'tank_volume_L', 'plant_count', 'daily_growth_rate', 'growth_stage', 'senescence_rates', 'stress_factors', 'organ_nutrient_status']
DEBUG Nutrient env_conditions keys: ['temperature', 'ph', 'optimal_ec']
DEBUG Nutrient step 913: Calling calculate_nutrient_dynamics
DEBUG Nutrient plant_status keys: ['root_surface_area', 'tank_volume_L', 'plant_count', 'daily_growth_rate', 'growth_stage', 'senescence_rates', 'stress_factors', 'organ_nutrient_status']
DEBUG Nutrient env_conditions keys: ['temperature', 'ph', 'optimal_ec']
DEBUG Nutrient step 914: Calling calculate_nutrient_dynamics
DEBUG Nutrient plant_status keys: ['root_surface_area', 'tank_volume_L', 'plant_count', 'daily_growth_rate', 'growth_stage', 'senescence_rates', 'stress_factors', 'organ_nutrient_status']
DEBUG Nutrient env_conditions keys: ['temperature', 'ph', 'optimal_ec']
DEBUG Nutrient step 915: Calling calculate_nutrient_dynamics
DEBUG Nutrient plant_status keys: ['root_surface_area', 'tank_volume_L', 'plant_count', 'daily_growth_rate', 'growth_stage', 'senescence_rates', 'stress_factors', 'organ_nutrient_status']
DEBUG Nutrient env_conditions keys: ['temperature', 'ph', 'optimal_ec']
DEBUG Nutrient step 916: Calling calculate_nutrient_dynamics
DEBUG Nutrient plant_status keys: ['root_surface_area', 'tank_volume_L', 'plant_count', 'daily_growth_rate', 'growth_stage', 'senescence_rates', 'stress_factors', 'organ_nutrient_status']
DEBUG Nutrient env_conditions keys: ['temperature', 'ph', 'optimal_ec']
DEBUG Nutrient step 917: Calling calculate_nutrient_dynamics
DEBUG Nutrient plant_status keys: ['root_surface_area', 'tank_volume_L', 'plant_count', 'daily_growth_rate', 'growth_stage', 'senescence_rates', 'stress_factors', 'organ_nutrient_status']
DEBUG Nutrient env_conditions keys: ['temperature', 'ph', 'optimal_ec']
DEBUG Nutrient step 918: Calling calculate_nutrient_dynamics
DEBUG Nutrient plant_status keys: ['root_surface_area', 'tank_volume_L', 'plant_count', 'daily_growth_rate', 'growth_stage', 'senescence_rates', 'stress_factors', 'organ_nutrient_status']
DEBUG Nutrient env_conditions keys: ['temperature', 'ph', 'optimal_ec']
DEBUG Nutrient step 919: Calling calculate_nutrient_dynamics
DEBUG Nutrient plant_status keys: ['root_surface_area', 'tank_volume_L', 'plant_count', 'daily_growth_rate', 'growth_stage', 'senescence_rates', 'stress_factors', 'organ_nutrient_status']
DEBUG Nutrient env_conditions keys: ['temperature', 'ph', 'optimal_ec']
DEBUG Nutrient step 920: Calling calculate_nutrient_dynamics
DEBUG Nutrient plant_status keys: ['root_surface_area', 'tank_volume_L', 'plant_count', 'daily_growth_rate', 'growth_stage', 'senescence_rates', 'stress_factors', 'organ_nutrient_status']
DEBUG Nutrient env_conditions keys: ['temperature', 'ph', 'optimal_ec']
DEBUG Nutrient step 921: Calling calculate_nutrient_dynamics
DEBUG Nutrient plant_status keys: ['root_surface_area', 'tank_volume_L', 'plant_count', 'daily_growth_rate', 'growth_stage', 'senescence_rates', 'stress_factors', 'organ_nutrient_status']
DEBUG Nutrient env_conditions keys: ['temperature', 'ph', 'optimal_ec']
DEBUG Nutrient step 922: Calling calculate_nutrient_dynamics
DEBUG Nutrient plant_status keys: ['root_surface_area', 'tank_volume_L', 'plant_count', 'daily_growth_rate', 'growth_stage', 'senescence_rates', 'stress_factors', 'organ_nutrient_status']
DEBUG Nutrient env_conditions keys: ['temperature', 'ph', 'optimal_ec']
DEBUG Nutrient step 923: Calling calculate_nutrient_dynamics
DEBUG Nutrient plant_status keys: ['root_surface_area', 'tank_volume_L', 'plant_count', 'daily_growth_rate', 'growth_stage', 'senescence_rates', 'stress_factors', 'organ_nutrient_status']
DEBUG Nutrient env_conditions keys: ['temperature', 'ph', 'optimal_ec']
DEBUG Nutrient step 924: Calling calculate_nutrient_dynamics
DEBUG Nutrient plant_status keys: ['root_surface_area', 'tank_volume_L', 'plant_count', 'daily_growth_rate', 'growth_stage', 'senescence_rates', 'stress_factors', 'organ_nutrient_status']
DEBUG Nutrient env_conditions keys: ['temperature', 'ph', 'optimal_ec']
DEBUG Nutrient step 925: Calling calculate_nutrient_dynamics
DEBUG Nutrient plant_status keys: ['root_surface_area', 'tank_volume_L', 'plant_count', 'daily_growth_rate', 'growth_stage', 'senescence_rates', 'stress_factors', 'organ_nutrient_status']
DEBUG Nutrient env_conditions keys: ['temperature', 'ph', 'optimal_ec']
DEBUG Nutrient step 926: Calling calculate_nutrient_dynamics
DEBUG Nutrient plant_status keys: ['root_surface_area', 'tank_volume_L', 'plant_count', 'daily_growth_rate', 'growth_stage', 'senescence_rates', 'stress_factors', 'organ_nutrient_status']
DEBUG Nutrient env_conditions keys: ['temperature', 'ph', 'optimal_ec']
DEBUG Nutrient step 927: Calling calculate_nutrient_dynamics
DEBUG Nutrient plant_status keys: ['root_surface_area', 'tank_volume_L', 'plant_count', 'daily_growth_rate', 'growth_stage', 'senescence_rates', 'stress_factors', 'organ_nutrient_status']
DEBUG Nutrient env_conditions keys: ['temperature', 'ph', 'optimal_ec']
DEBUG Nutrient step 928: Calling calculate_nutrient_dynamics
DEBUG Nutrient plant_status keys: ['root_surface_area', 'tank_volume_L', 'plant_count', 'daily_growth_rate', 'growth_stage', 'senescence_rates', 'stress_factors', 'organ_nutrient_status']
DEBUG Nutrient env_conditions keys: ['temperature', 'ph', 'optimal_ec']
DEBUG Nutrient step 929: Calling calculate_nutrient_dynamics
DEBUG Nutrient plant_status keys: ['root_surface_area', 'tank_volume_L', 'plant_count', 'daily_growth_rate', 'growth_stage', 'senescence_rates', 'stress_factors', 'organ_nutrient_status']
DEBUG Nutrient env_conditions keys: ['temperature', 'ph', 'optimal_ec']
DEBUG Nutrient step 930: Calling calculate_nutrient_dynamics
DEBUG Nutrient plant_status keys: ['root_surface_area', 'tank_volume_L', 'plant_count', 'daily_growth_rate', 'growth_stage', 'senescence_rates', 'stress_factors', 'organ_nutrient_status']
DEBUG Nutrient env_conditions keys: ['temperature', 'ph', 'optimal_ec']
DEBUG Nutrient step 931: Calling calculate_nutrient_dynamics
DEBUG Nutrient plant_status keys: ['root_surface_area', 'tank_volume_L', 'plant_count', 'daily_growth_rate', 'growth_stage', 'senescence_rates', 'stress_factors', 'organ_nutrient_status']
DEBUG Nutrient env_conditions keys: ['temperature', 'ph', 'optimal_ec']
DEBUG Nutrient step 932: Calling calculate_nutrient_dynamics
DEBUG Nutrient plant_status keys: ['root_surface_area', 'tank_volume_L', 'plant_count', 'daily_growth_rate', 'growth_stage', 'senescence_rates', 'stress_factors', 'organ_nutrient_status']
DEBUG Nutrient env_conditions keys: ['temperature', 'ph', 'optimal_ec']
DEBUG Nutrient step 933: Calling calculate_nutrient_dynamics
DEBUG Nutrient plant_status keys: ['root_surface_area', 'tank_volume_L', 'plant_count', 'daily_growth_rate', 'growth_stage', 'senescence_rates', 'stress_factors', 'organ_nutrient_status']
DEBUG Nutrient env_conditions keys: ['temperature', 'ph', 'optimal_ec']
DEBUG Nutrient step 934: Calling calculate_nutrient_dynamics
DEBUG Nutrient plant_status keys: ['root_surface_area', 'tank_volume_L', 'plant_count', 'daily_growth_rate', 'growth_stage', 'senescence_rates', 'stress_factors', 'organ_nutrient_status']
DEBUG Nutrient env_conditions keys: ['temperature', 'ph', 'optimal_ec']
DEBUG Nutrient step 935: Calling calculate_nutrient_dynamics
DEBUG Nutrient plant_status keys: ['root_surface_area', 'tank_volume_L', 'plant_count', 'daily_growth_rate', 'growth_stage', 'senescence_rates', 'stress_factors', 'organ_nutrient_status']
DEBUG Nutrient env_conditions keys: ['temperature', 'ph', 'optimal_ec']
DEBUG Nutrient step 936: Calling calculate_nutrient_dynamics
DEBUG Nutrient plant_status keys: ['root_surface_area', 'tank_volume_L', 'plant_count', 'daily_growth_rate', 'growth_stage', 'senescence_rates', 'stress_factors', 'organ_nutrient_status']
DEBUG Nutrient env_conditions keys: ['temperature', 'ph', 'optimal_ec']
DEBUG Nutrient step 937: Calling calculate_nutrient_dynamics
DEBUG Nutrient plant_status keys: ['root_surface_area', 'tank_volume_L', 'plant_count', 'daily_growth_rate', 'growth_stage', 'senescence_rates', 'stress_factors', 'organ_nutrient_status']
DEBUG Nutrient env_conditions keys: ['temperature', 'ph', 'optimal_ec']
DEBUG Nutrient step 938: Calling calculate_nutrient_dynamics
DEBUG Nutrient plant_status keys: ['root_surface_area', 'tank_volume_L', 'plant_count', 'daily_growth_rate', 'growth_stage', 'senescence_rates', 'stress_factors', 'organ_nutrient_status']
DEBUG Nutrient env_conditions keys: ['temperature', 'ph', 'optimal_ec']
DEBUG Nutrient step 939: Calling calculate_nutrient_dynamics
DEBUG Nutrient plant_status keys: ['root_surface_area', 'tank_volume_L', 'plant_count', 'daily_growth_rate', 'growth_stage', 'senescence_rates', 'stress_factors', 'organ_nutrient_status']
DEBUG Nutrient env_conditions keys: ['temperature', 'ph', 'optimal_ec']
DEBUG Nutrient step 940: Calling calculate_nutrient_dynamics
DEBUG Nutrient plant_status keys: ['root_surface_area', 'tank_volume_L', 'plant_count', 'daily_growth_rate', 'growth_stage', 'senescence_rates', 'stress_factors', 'organ_nutrient_status']
DEBUG Nutrient env_conditions keys: ['temperature', 'ph', 'optimal_ec']
DEBUG Nutrient step 941: Calling calculate_nutrient_dynamics
DEBUG Nutrient plant_status keys: ['root_surface_area', 'tank_volume_L', 'plant_count', 'daily_growth_rate', 'growth_stage', 'senescence_rates', 'stress_factors', 'organ_nutrient_status']
DEBUG Nutrient env_conditions keys: ['temperature', 'ph', 'optimal_ec']
DEBUG Nutrient step 942: Calling calculate_nutrient_dynamics
DEBUG Nutrient plant_status keys: ['root_surface_area', 'tank_volume_L', 'plant_count', 'daily_growth_rate', 'growth_stage', 'senescence_rates', 'stress_factors', 'organ_nutrient_status']
DEBUG Nutrient env_conditions keys: ['temperature', 'ph', 'optimal_ec']
DEBUG Nutrient step 943: Calling calculate_nutrient_dynamics
DEBUG Nutrient plant_status keys: ['root_surface_area', 'tank_volume_L', 'plant_count', 'daily_growth_rate', 'growth_stage', 'senescence_rates', 'stress_factors', 'organ_nutrient_status']
DEBUG Nutrient env_conditions keys: ['temperature', 'ph', 'optimal_ec']
DEBUG Nutrient step 944: Calling calculate_nutrient_dynamics
DEBUG Nutrient plant_status keys: ['root_surface_area', 'tank_volume_L', 'plant_count', 'daily_growth_rate', 'growth_stage', 'senescence_rates', 'stress_factors', 'organ_nutrient_status']
DEBUG Nutrient env_conditions keys: ['temperature', 'ph', 'optimal_ec']
DEBUG Nutrient step 945: Calling calculate_nutrient_dynamics
DEBUG Nutrient plant_status keys: ['root_surface_area', 'tank_volume_L', 'plant_count', 'daily_growth_rate', 'growth_stage', 'senescence_rates', 'stress_factors', 'organ_nutrient_status']
DEBUG Nutrient env_conditions keys: ['temperature', 'ph', 'optimal_ec']
DEBUG Nutrient step 946: Calling calculate_nutrient_dynamics
DEBUG Nutrient plant_status keys: ['root_surface_area', 'tank_volume_L', 'plant_count', 'daily_growth_rate', 'growth_stage', 'senescence_rates', 'stress_factors', 'organ_nutrient_status']
DEBUG Nutrient env_conditions keys: ['temperature', 'ph', 'optimal_ec']
DEBUG Nutrient step 947: Calling calculate_nutrient_dynamics
DEBUG Nutrient plant_status keys: ['root_surface_area', 'tank_volume_L', 'plant_count', 'daily_growth_rate', 'growth_stage', 'senescence_rates', 'stress_factors', 'organ_nutrient_status']
DEBUG Nutrient env_conditions keys: ['temperature', 'ph', 'optimal_ec']
DEBUG Nutrient step 948: Calling calculate_nutrient_dynamics
DEBUG Nutrient plant_status keys: ['root_surface_area', 'tank_volume_L', 'plant_count', 'daily_growth_rate', 'growth_stage', 'senescence_rates', 'stress_factors', 'organ_nutrient_status']
DEBUG Nutrient env_conditions keys: ['temperature', 'ph', 'optimal_ec']
DEBUG Nutrient step 949: Calling calculate_nutrient_dynamics
DEBUG Nutrient plant_status keys: ['root_surface_area', 'tank_volume_L', 'plant_count', 'daily_growth_rate', 'growth_stage', 'senescence_rates', 'stress_factors', 'organ_nutrient_status']
DEBUG Nutrient env_conditions keys: ['temperature', 'ph', 'optimal_ec']
DEBUG Nutrient step 950: Calling calculate_nutrient_dynamics
DEBUG Nutrient plant_status keys: ['root_surface_area', 'tank_volume_L', 'plant_count', 'daily_growth_rate', 'growth_stage', 'senescence_rates', 'stress_factors', 'organ_nutrient_status']
DEBUG Nutrient env_conditions keys: ['temperature', 'ph', 'optimal_ec']
DEBUG Nutrient step 951: Calling calculate_nutrient_dynamics
DEBUG Nutrient plant_status keys: ['root_surface_area', 'tank_volume_L', 'plant_count', 'daily_growth_rate', 'growth_stage', 'senescence_rates', 'stress_factors', 'organ_nutrient_status']
DEBUG Nutrient env_conditions keys: ['temperature', 'ph', 'optimal_ec']
DEBUG Nutrient step 952: Calling calculate_nutrient_dynamics
DEBUG Nutrient plant_status keys: ['root_surface_area', 'tank_volume_L', 'plant_count', 'daily_growth_rate', 'growth_stage', 'senescence_rates', 'stress_factors', 'organ_nutrient_status']
DEBUG Nutrient env_conditions keys: ['temperature', 'ph', 'optimal_ec']
DEBUG Nutrient step 953: Calling calculate_nutrient_dynamics
DEBUG Nutrient plant_status keys: ['root_surface_area', 'tank_volume_L', 'plant_count', 'daily_growth_rate', 'growth_stage', 'senescence_rates', 'stress_factors', 'organ_nutrient_status']
DEBUG Nutrient env_conditions keys: ['temperature', 'ph', 'optimal_ec']
DEBUG Nutrient step 954: Calling calculate_nutrient_dynamics
DEBUG Nutrient plant_status keys: ['root_surface_area', 'tank_volume_L', 'plant_count', 'daily_growth_rate', 'growth_stage', 'senescence_rates', 'stress_factors', 'organ_nutrient_status']
DEBUG Nutrient env_conditions keys: ['temperature', 'ph', 'optimal_ec']
DEBUG Nutrient step 955: Calling calculate_nutrient_dynamics
DEBUG Nutrient plant_status keys: ['root_surface_area', 'tank_volume_L', 'plant_count', 'daily_growth_rate', 'growth_stage', 'senescence_rates', 'stress_factors', 'organ_nutrient_status']
DEBUG Nutrient env_conditions keys: ['temperature', 'ph', 'optimal_ec']
DEBUG Nutrient step 956: Calling calculate_nutrient_dynamics
DEBUG Nutrient plant_status keys: ['root_surface_area', 'tank_volume_L', 'plant_count', 'daily_growth_rate', 'growth_stage', 'senescence_rates', 'stress_factors', 'organ_nutrient_status']
DEBUG Nutrient env_conditions keys: ['temperature', 'ph', 'optimal_ec']
DEBUG Nutrient step 957: Calling calculate_nutrient_dynamics
DEBUG Nutrient plant_status keys: ['root_surface_area', 'tank_volume_L', 'plant_count', 'daily_growth_rate', 'growth_stage', 'senescence_rates', 'stress_factors', 'organ_nutrient_status']
DEBUG Nutrient env_conditions keys: ['temperature', 'ph', 'optimal_ec']
DEBUG Nutrient step 958: Calling calculate_nutrient_dynamics
DEBUG Nutrient plant_status keys: ['root_surface_area', 'tank_volume_L', 'plant_count', 'daily_growth_rate', 'growth_stage', 'senescence_rates', 'stress_factors', 'organ_nutrient_status']
DEBUG Nutrient env_conditions keys: ['temperature', 'ph', 'optimal_ec']
DEBUG Nutrient step 959: Calling calculate_nutrient_dynamics
DEBUG Nutrient plant_status keys: ['root_surface_area', 'tank_volume_L', 'plant_count', 'daily_growth_rate', 'growth_stage', 'senescence_rates', 'stress_factors', 'organ_nutrient_status']
DEBUG Nutrient env_conditions keys: ['temperature', 'ph', 'optimal_ec']
Day 20: 21.7% complete
DEBUG Nutrient step 960: Calling calculate_nutrient_dynamics
DEBUG Nutrient plant_status keys: ['root_surface_area', 'tank_volume_L', 'plant_count', 'daily_growth_rate', 'growth_stage', 'senescence_rates', 'stress_factors', 'organ_nutrient_status']
DEBUG Nutrient env_conditions keys: ['temperature', 'ph', 'optimal_ec']
DEBUG Nutrient step 961: Calling calculate_nutrient_dynamics
DEBUG Nutrient plant_status keys: ['root_surface_area', 'tank_volume_L', 'plant_count', 'daily_growth_rate', 'growth_stage', 'senescence_rates', 'stress_factors', 'organ_nutrient_status']
DEBUG Nutrient env_conditions keys: ['temperature', 'ph', 'optimal_ec']
DEBUG Nutrient step 962: Calling calculate_nutrient_dynamics
DEBUG Nutrient plant_status keys: ['root_surface_area', 'tank_volume_L', 'plant_count', 'daily_growth_rate', 'growth_stage', 'senescence_rates', 'stress_factors', 'organ_nutrient_status']
DEBUG Nutrient env_conditions keys: ['temperature', 'ph', 'optimal_ec']
DEBUG Nutrient step 963: Calling calculate_nutrient_dynamics
DEBUG Nutrient plant_status keys: ['root_surface_area', 'tank_volume_L', 'plant_count', 'daily_growth_rate', 'growth_stage', 'senescence_rates', 'stress_factors', 'organ_nutrient_status']
DEBUG Nutrient env_conditions keys: ['temperature', 'ph', 'optimal_ec']
DEBUG Nutrient step 964: Calling calculate_nutrient_dynamics
DEBUG Nutrient plant_status keys: ['root_surface_area', 'tank_volume_L', 'plant_count', 'daily_growth_rate', 'growth_stage', 'senescence_rates', 'stress_factors', 'organ_nutrient_status']
DEBUG Nutrient env_conditions keys: ['temperature', 'ph', 'optimal_ec']
DEBUG Nutrient step 965: Calling calculate_nutrient_dynamics
DEBUG Nutrient plant_status keys: ['root_surface_area', 'tank_volume_L', 'plant_count', 'daily_growth_rate', 'growth_stage', 'senescence_rates', 'stress_factors', 'organ_nutrient_status']
DEBUG Nutrient env_conditions keys: ['temperature', 'ph', 'optimal_ec']
DEBUG Nutrient step 966: Calling calculate_nutrient_dynamics
DEBUG Nutrient plant_status keys: ['root_surface_area', 'tank_volume_L', 'plant_count', 'daily_growth_rate', 'growth_stage', 'senescence_rates', 'stress_factors', 'organ_nutrient_status']
DEBUG Nutrient env_conditions keys: ['temperature', 'ph', 'optimal_ec']
DEBUG Nutrient step 967: Calling calculate_nutrient_dynamics
DEBUG Nutrient plant_status keys: ['root_surface_area', 'tank_volume_L', 'plant_count', 'daily_growth_rate', 'growth_stage', 'senescence_rates', 'stress_factors', 'organ_nutrient_status']
DEBUG Nutrient env_conditions keys: ['temperature', 'ph', 'optimal_ec']
DEBUG Nutrient step 968: Calling calculate_nutrient_dynamics
DEBUG Nutrient plant_status keys: ['root_surface_area', 'tank_volume_L', 'plant_count', 'daily_growth_rate', 'growth_stage', 'senescence_rates', 'stress_factors', 'organ_nutrient_status']
DEBUG Nutrient env_conditions keys: ['temperature', 'ph', 'optimal_ec']
DEBUG Nutrient step 969: Calling calculate_nutrient_dynamics
DEBUG Nutrient plant_status keys: ['root_surface_area', 'tank_volume_L', 'plant_count', 'daily_growth_rate', 'growth_stage', 'senescence_rates', 'stress_factors', 'organ_nutrient_status']
DEBUG Nutrient env_conditions keys: ['temperature', 'ph', 'optimal_ec']
DEBUG Nutrient step 970: Calling calculate_nutrient_dynamics
DEBUG Nutrient plant_status keys: ['root_surface_area', 'tank_volume_L', 'plant_count', 'daily_growth_rate', 'growth_stage', 'senescence_rates', 'stress_factors', 'organ_nutrient_status']
DEBUG Nutrient env_conditions keys: ['temperature', 'ph', 'optimal_ec']
DEBUG Nutrient step 971: Calling calculate_nutrient_dynamics
DEBUG Nutrient plant_status keys: ['root_surface_area', 'tank_volume_L', 'plant_count', 'daily_growth_rate', 'growth_stage', 'senescence_rates', 'stress_factors', 'organ_nutrient_status']
DEBUG Nutrient env_conditions keys: ['temperature', 'ph', 'optimal_ec']
DEBUG Nutrient step 972: Calling calculate_nutrient_dynamics
DEBUG Nutrient plant_status keys: ['root_surface_area', 'tank_volume_L', 'plant_count', 'daily_growth_rate', 'growth_stage', 'senescence_rates', 'stress_factors', 'organ_nutrient_status']
DEBUG Nutrient env_conditions keys: ['temperature', 'ph', 'optimal_ec']
DEBUG Nutrient step 973: Calling calculate_nutrient_dynamics
DEBUG Nutrient plant_status keys: ['root_surface_area', 'tank_volume_L', 'plant_count', 'daily_growth_rate', 'growth_stage', 'senescence_rates', 'stress_factors', 'organ_nutrient_status']
DEBUG Nutrient env_conditions keys: ['temperature', 'ph', 'optimal_ec']
DEBUG Nutrient step 974: Calling calculate_nutrient_dynamics
DEBUG Nutrient plant_status keys: ['root_surface_area', 'tank_volume_L', 'plant_count', 'daily_growth_rate', 'growth_stage', 'senescence_rates', 'stress_factors', 'organ_nutrient_status']
DEBUG Nutrient env_conditions keys: ['temperature', 'ph', 'optimal_ec']
DEBUG Nutrient step 975: Calling calculate_nutrient_dynamics
DEBUG Nutrient plant_status keys: ['root_surface_area', 'tank_volume_L', 'plant_count', 'daily_growth_rate', 'growth_stage', 'senescence_rates', 'stress_factors', 'organ_nutrient_status']
DEBUG Nutrient env_conditions keys: ['temperature', 'ph', 'optimal_ec']
DEBUG Nutrient step 976: Calling calculate_nutrient_dynamics
DEBUG Nutrient plant_status keys: ['root_surface_area', 'tank_volume_L', 'plant_count', 'daily_growth_rate', 'growth_stage', 'senescence_rates', 'stress_factors', 'organ_nutrient_status']
DEBUG Nutrient env_conditions keys: ['temperature', 'ph', 'optimal_ec']
DEBUG Nutrient step 977: Calling calculate_nutrient_dynamics
DEBUG Nutrient plant_status keys: ['root_surface_area', 'tank_volume_L', 'plant_count', 'daily_growth_rate', 'growth_stage', 'senescence_rates', 'stress_factors', 'organ_nutrient_status']
DEBUG Nutrient env_conditions keys: ['temperature', 'ph', 'optimal_ec']
DEBUG Nutrient step 978: Calling calculate_nutrient_dynamics
DEBUG Nutrient plant_status keys: ['root_surface_area', 'tank_volume_L', 'plant_count', 'daily_growth_rate', 'growth_stage', 'senescence_rates', 'stress_factors', 'organ_nutrient_status']
DEBUG Nutrient env_conditions keys: ['temperature', 'ph', 'optimal_ec']
DEBUG Nutrient step 979: Calling calculate_nutrient_dynamics
DEBUG Nutrient plant_status keys: ['root_surface_area', 'tank_volume_L', 'plant_count', 'daily_growth_rate', 'growth_stage', 'senescence_rates', 'stress_factors', 'organ_nutrient_status']
DEBUG Nutrient env_conditions keys: ['temperature', 'ph', 'optimal_ec']
DEBUG Nutrient step 980: Calling calculate_nutrient_dynamics
DEBUG Nutrient plant_status keys: ['root_surface_area', 'tank_volume_L', 'plant_count', 'daily_growth_rate', 'growth_stage', 'senescence_rates', 'stress_factors', 'organ_nutrient_status']
DEBUG Nutrient env_conditions keys: ['temperature', 'ph', 'optimal_ec']
DEBUG Nutrient step 981: Calling calculate_nutrient_dynamics
DEBUG Nutrient plant_status keys: ['root_surface_area', 'tank_volume_L', 'plant_count', 'daily_growth_rate', 'growth_stage', 'senescence_rates', 'stress_factors', 'organ_nutrient_status']
DEBUG Nutrient env_conditions keys: ['temperature', 'ph', 'optimal_ec']
DEBUG Nutrient step 982: Calling calculate_nutrient_dynamics
DEBUG Nutrient plant_status keys: ['root_surface_area', 'tank_volume_L', 'plant_count', 'daily_growth_rate', 'growth_stage', 'senescence_rates', 'stress_factors', 'organ_nutrient_status']
DEBUG Nutrient env_conditions keys: ['temperature', 'ph', 'optimal_ec']
DEBUG Nutrient step 983: Calling calculate_nutrient_dynamics
DEBUG Nutrient plant_status keys: ['root_surface_area', 'tank_volume_L', 'plant_count', 'daily_growth_rate', 'growth_stage', 'senescence_rates', 'stress_factors', 'organ_nutrient_status']
DEBUG Nutrient env_conditions keys: ['temperature', 'ph', 'optimal_ec']
DEBUG Nutrient step 984: Calling calculate_nutrient_dynamics
DEBUG Nutrient plant_status keys: ['root_surface_area', 'tank_volume_L', 'plant_count', 'daily_growth_rate', 'growth_stage', 'senescence_rates', 'stress_factors', 'organ_nutrient_status']
DEBUG Nutrient env_conditions keys: ['temperature', 'ph', 'optimal_ec']
DEBUG Nutrient step 985: Calling calculate_nutrient_dynamics
DEBUG Nutrient plant_status keys: ['root_surface_area', 'tank_volume_L', 'plant_count', 'daily_growth_rate', 'growth_stage', 'senescence_rates', 'stress_factors', 'organ_nutrient_status']
DEBUG Nutrient env_conditions keys: ['temperature', 'ph', 'optimal_ec']
DEBUG Nutrient step 986: Calling calculate_nutrient_dynamics
DEBUG Nutrient plant_status keys: ['root_surface_area', 'tank_volume_L', 'plant_count', 'daily_growth_rate', 'growth_stage', 'senescence_rates', 'stress_factors', 'organ_nutrient_status']
DEBUG Nutrient env_conditions keys: ['temperature', 'ph', 'optimal_ec']
DEBUG Nutrient step 987: Calling calculate_nutrient_dynamics
DEBUG Nutrient plant_status keys: ['root_surface_area', 'tank_volume_L', 'plant_count', 'daily_growth_rate', 'growth_stage', 'senescence_rates', 'stress_factors', 'organ_nutrient_status']
DEBUG Nutrient env_conditions keys: ['temperature', 'ph', 'optimal_ec']
DEBUG Nutrient step 988: Calling calculate_nutrient_dynamics
DEBUG Nutrient plant_status keys: ['root_surface_area', 'tank_volume_L', 'plant_count', 'daily_growth_rate', 'growth_stage', 'senescence_rates', 'stress_factors', 'organ_nutrient_status']
DEBUG Nutrient env_conditions keys: ['temperature', 'ph', 'optimal_ec']
DEBUG Nutrient step 989: Calling calculate_nutrient_dynamics
DEBUG Nutrient plant_status keys: ['root_surface_area', 'tank_volume_L', 'plant_count', 'daily_growth_rate', 'growth_stage', 'senescence_rates', 'stress_factors', 'organ_nutrient_status']
DEBUG Nutrient env_conditions keys: ['temperature', 'ph', 'optimal_ec']
DEBUG Nutrient step 990: Calling calculate_nutrient_dynamics
DEBUG Nutrient plant_status keys: ['root_surface_area', 'tank_volume_L', 'plant_count', 'daily_growth_rate', 'growth_stage', 'senescence_rates', 'stress_factors', 'organ_nutrient_status']
DEBUG Nutrient env_conditions keys: ['temperature', 'ph', 'optimal_ec']
DEBUG Nutrient step 991: Calling calculate_nutrient_dynamics
DEBUG Nutrient plant_status keys: ['root_surface_area', 'tank_volume_L', 'plant_count', 'daily_growth_rate', 'growth_stage', 'senescence_rates', 'stress_factors', 'organ_nutrient_status']
DEBUG Nutrient env_conditions keys: ['temperature', 'ph', 'optimal_ec']
DEBUG Nutrient step 992: Calling calculate_nutrient_dynamics
DEBUG Nutrient plant_status keys: ['root_surface_area', 'tank_volume_L', 'plant_count', 'daily_growth_rate', 'growth_stage', 'senescence_rates', 'stress_factors', 'organ_nutrient_status']
DEBUG Nutrient env_conditions keys: ['temperature', 'ph', 'optimal_ec']
DEBUG Nutrient step 993: Calling calculate_nutrient_dynamics
DEBUG Nutrient plant_status keys: ['root_surface_area', 'tank_volume_L', 'plant_count', 'daily_growth_rate', 'growth_stage', 'senescence_rates', 'stress_factors', 'organ_nutrient_status']
DEBUG Nutrient env_conditions keys: ['temperature', 'ph', 'optimal_ec']
DEBUG Nutrient step 994: Calling calculate_nutrient_dynamics
DEBUG Nutrient plant_status keys: ['root_surface_area', 'tank_volume_L', 'plant_count', 'daily_growth_rate', 'growth_stage', 'senescence_rates', 'stress_factors', 'organ_nutrient_status']
DEBUG Nutrient env_conditions keys: ['temperature', 'ph', 'optimal_ec']
DEBUG Nutrient step 995: Calling calculate_nutrient_dynamics
DEBUG Nutrient plant_status keys: ['root_surface_area', 'tank_volume_L', 'plant_count', 'daily_growth_rate', 'growth_stage', 'senescence_rates', 'stress_factors', 'organ_nutrient_status']
DEBUG Nutrient env_conditions keys: ['temperature', 'ph', 'optimal_ec']
DEBUG Nutrient step 996: Calling calculate_nutrient_dynamics
DEBUG Nutrient plant_status keys: ['root_surface_area', 'tank_volume_L', 'plant_count', 'daily_growth_rate', 'growth_stage', 'senescence_rates', 'stress_factors', 'organ_nutrient_status']
DEBUG Nutrient env_conditions keys: ['temperature', 'ph', 'optimal_ec']
DEBUG Nutrient step 997: Calling calculate_nutrient_dynamics
DEBUG Nutrient plant_status keys: ['root_surface_area', 'tank_volume_L', 'plant_count', 'daily_growth_rate', 'growth_stage', 'senescence_rates', 'stress_factors', 'organ_nutrient_status']
DEBUG Nutrient env_conditions keys: ['temperature', 'ph', 'optimal_ec']
DEBUG Nutrient step 998: Calling calculate_nutrient_dynamics
DEBUG Nutrient plant_status keys: ['root_surface_area', 'tank_volume_L', 'plant_count', 'daily_growth_rate', 'growth_stage', 'senescence_rates', 'stress_factors', 'organ_nutrient_status']
DEBUG Nutrient env_conditions keys: ['temperature', 'ph', 'optimal_ec']
DEBUG Nutrient step 999: Calling calculate_nutrient_dynamics
DEBUG Nutrient plant_status keys: ['root_surface_area', 'tank_volume_L', 'plant_count', 'daily_growth_rate', 'growth_stage', 'senescence_rates', 'stress_factors', 'organ_nutrient_status']
DEBUG Nutrient env_conditions keys: ['temperature', 'ph', 'optimal_ec']
DEBUG Nutrient step 1000: Calling calculate_nutrient_dynamics
DEBUG Nutrient plant_status keys: ['root_surface_area', 'tank_volume_L', 'plant_count', 'daily_growth_rate', 'growth_stage', 'senescence_rates', 'stress_factors', 'organ_nutrient_status']
DEBUG Nutrient env_conditions keys: ['temperature', 'ph', 'optimal_ec']
DEBUG Nutrient step 1001: Calling calculate_nutrient_dynamics
DEBUG Nutrient plant_status keys: ['root_surface_area', 'tank_volume_L', 'plant_count', 'daily_growth_rate', 'growth_stage', 'senescence_rates', 'stress_factors', 'organ_nutrient_status']
DEBUG Nutrient env_conditions keys: ['temperature', 'ph', 'optimal_ec']
DEBUG Nutrient step 1002: Calling calculate_nutrient_dynamics
DEBUG Nutrient plant_status keys: ['root_surface_area', 'tank_volume_L', 'plant_count', 'daily_growth_rate', 'growth_stage', 'senescence_rates', 'stress_factors', 'organ_nutrient_status']
DEBUG Nutrient env_conditions keys: ['temperature', 'ph', 'optimal_ec']
DEBUG Nutrient step 1003: Calling calculate_nutrient_dynamics
DEBUG Nutrient plant_status keys: ['root_surface_area', 'tank_volume_L', 'plant_count', 'daily_growth_rate', 'growth_stage', 'senescence_rates', 'stress_factors', 'organ_nutrient_status']
DEBUG Nutrient env_conditions keys: ['temperature', 'ph', 'optimal_ec']
DEBUG Nutrient step 1004: Calling calculate_nutrient_dynamics
DEBUG Nutrient plant_status keys: ['root_surface_area', 'tank_volume_L', 'plant_count', 'daily_growth_rate', 'growth_stage', 'senescence_rates', 'stress_factors', 'organ_nutrient_status']
DEBUG Nutrient env_conditions keys: ['temperature', 'ph', 'optimal_ec']
DEBUG Nutrient step 1005: Calling calculate_nutrient_dynamics
DEBUG Nutrient plant_status keys: ['root_surface_area', 'tank_volume_L', 'plant_count', 'daily_growth_rate', 'growth_stage', 'senescence_rates', 'stress_factors', 'organ_nutrient_status']
DEBUG Nutrient env_conditions keys: ['temperature', 'ph', 'optimal_ec']
DEBUG Nutrient step 1006: Calling calculate_nutrient_dynamics
DEBUG Nutrient plant_status keys: ['root_surface_area', 'tank_volume_L', 'plant_count', 'daily_growth_rate', 'growth_stage', 'senescence_rates', 'stress_factors', 'organ_nutrient_status']
DEBUG Nutrient env_conditions keys: ['temperature', 'ph', 'optimal_ec']
DEBUG Nutrient step 1007: Calling calculate_nutrient_dynamics
DEBUG Nutrient plant_status keys: ['root_surface_area', 'tank_volume_L', 'plant_count', 'daily_growth_rate', 'growth_stage', 'senescence_rates', 'stress_factors', 'organ_nutrient_status']
DEBUG Nutrient env_conditions keys: ['temperature', 'ph', 'optimal_ec']
DEBUG Nutrient step 1008: Calling calculate_nutrient_dynamics
DEBUG Nutrient plant_status keys: ['root_surface_area', 'tank_volume_L', 'plant_count', 'daily_growth_rate', 'growth_stage', 'senescence_rates', 'stress_factors', 'organ_nutrient_status']
DEBUG Nutrient env_conditions keys: ['temperature', 'ph', 'optimal_ec']
DEBUG Nutrient step 1009: Calling calculate_nutrient_dynamics
DEBUG Nutrient plant_status keys: ['root_surface_area', 'tank_volume_L', 'plant_count', 'daily_growth_rate', 'growth_stage', 'senescence_rates', 'stress_factors', 'organ_nutrient_status']
DEBUG Nutrient env_conditions keys: ['temperature', 'ph', 'optimal_ec']
DEBUG Nutrient step 1010: Calling calculate_nutrient_dynamics
DEBUG Nutrient plant_status keys: ['root_surface_area', 'tank_volume_L', 'plant_count', 'daily_growth_rate', 'growth_stage', 'senescence_rates', 'stress_factors', 'organ_nutrient_status']
DEBUG Nutrient env_conditions keys: ['temperature', 'ph', 'optimal_ec']
DEBUG Nutrient step 1011: Calling calculate_nutrient_dynamics
DEBUG Nutrient plant_status keys: ['root_surface_area', 'tank_volume_L', 'plant_count', 'daily_growth_rate', 'growth_stage', 'senescence_rates', 'stress_factors', 'organ_nutrient_status']
DEBUG Nutrient env_conditions keys: ['temperature', 'ph', 'optimal_ec']
DEBUG Nutrient step 1012: Calling calculate_nutrient_dynamics
DEBUG Nutrient plant_status keys: ['root_surface_area', 'tank_volume_L', 'plant_count', 'daily_growth_rate', 'growth_stage', 'senescence_rates', 'stress_factors', 'organ_nutrient_status']
DEBUG Nutrient env_conditions keys: ['temperature', 'ph', 'optimal_ec']
DEBUG Nutrient step 1013: Calling calculate_nutrient_dynamics
DEBUG Nutrient plant_status keys: ['root_surface_area', 'tank_volume_L', 'plant_count', 'daily_growth_rate', 'growth_stage', 'senescence_rates', 'stress_factors', 'organ_nutrient_status']
DEBUG Nutrient env_conditions keys: ['temperature', 'ph', 'optimal_ec']
DEBUG Nutrient step 1014: Calling calculate_nutrient_dynamics
DEBUG Nutrient plant_status keys: ['root_surface_area', 'tank_volume_L', 'plant_count', 'daily_growth_rate', 'growth_stage', 'senescence_rates', 'stress_factors', 'organ_nutrient_status']
DEBUG Nutrient env_conditions keys: ['temperature', 'ph', 'optimal_ec']
DEBUG Nutrient step 1015: Calling calculate_nutrient_dynamics
DEBUG Nutrient plant_status keys: ['root_surface_area', 'tank_volume_L', 'plant_count', 'daily_growth_rate', 'growth_stage', 'senescence_rates', 'stress_factors', 'organ_nutrient_status']
DEBUG Nutrient env_conditions keys: ['temperature', 'ph', 'optimal_ec']
DEBUG Nutrient step 1016: Calling calculate_nutrient_dynamics
DEBUG Nutrient plant_status keys: ['root_surface_area', 'tank_volume_L', 'plant_count', 'daily_growth_rate', 'growth_stage', 'senescence_rates', 'stress_factors', 'organ_nutrient_status']
DEBUG Nutrient env_conditions keys: ['temperature', 'ph', 'optimal_ec']
DEBUG Nutrient step 1017: Calling calculate_nutrient_dynamics
DEBUG Nutrient plant_status keys: ['root_surface_area', 'tank_volume_L', 'plant_count', 'daily_growth_rate', 'growth_stage', 'senescence_rates', 'stress_factors', 'organ_nutrient_status']
DEBUG Nutrient env_conditions keys: ['temperature', 'ph', 'optimal_ec']
DEBUG Nutrient step 1018: Calling calculate_nutrient_dynamics
DEBUG Nutrient plant_status keys: ['root_surface_area', 'tank_volume_L', 'plant_count', 'daily_growth_rate', 'growth_stage', 'senescence_rates', 'stress_factors', 'organ_nutrient_status']
DEBUG Nutrient env_conditions keys: ['temperature', 'ph', 'optimal_ec']
DEBUG Nutrient step 1019: Calling calculate_nutrient_dynamics
DEBUG Nutrient plant_status keys: ['root_surface_area', 'tank_volume_L', 'plant_count', 'daily_growth_rate', 'growth_stage', 'senescence_rates', 'stress_factors', 'organ_nutrient_status']
DEBUG Nutrient env_conditions keys: ['temperature', 'ph', 'optimal_ec']
DEBUG Nutrient step 1020: Calling calculate_nutrient_dynamics
DEBUG Nutrient plant_status keys: ['root_surface_area', 'tank_volume_L', 'plant_count', 'daily_growth_rate', 'growth_stage', 'senescence_rates', 'stress_factors', 'organ_nutrient_status']
DEBUG Nutrient env_conditions keys: ['temperature', 'ph', 'optimal_ec']
DEBUG Nutrient step 1021: Calling calculate_nutrient_dynamics
DEBUG Nutrient plant_status keys: ['root_surface_area', 'tank_volume_L', 'plant_count', 'daily_growth_rate', 'growth_stage', 'senescence_rates', 'stress_factors', 'organ_nutrient_status']
DEBUG Nutrient env_conditions keys: ['temperature', 'ph', 'optimal_ec']
DEBUG Nutrient step 1022: Calling calculate_nutrient_dynamics
DEBUG Nutrient plant_status keys: ['root_surface_area', 'tank_volume_L', 'plant_count', 'daily_growth_rate', 'growth_stage', 'senescence_rates', 'stress_factors', 'organ_nutrient_status']
DEBUG Nutrient env_conditions keys: ['temperature', 'ph', 'optimal_ec']
DEBUG Nutrient step 1023: Calling calculate_nutrient_dynamics
DEBUG Nutrient plant_status keys: ['root_surface_area', 'tank_volume_L', 'plant_count', 'daily_growth_rate', 'growth_stage', 'senescence_rates', 'stress_factors', 'organ_nutrient_status']
DEBUG Nutrient env_conditions keys: ['temperature', 'ph', 'optimal_ec']
DEBUG Nutrient step 1024: Calling calculate_nutrient_dynamics
DEBUG Nutrient plant_status keys: ['root_surface_area', 'tank_volume_L', 'plant_count', 'daily_growth_rate', 'growth_stage', 'senescence_rates', 'stress_factors', 'organ_nutrient_status']
DEBUG Nutrient env_conditions keys: ['temperature', 'ph', 'optimal_ec']
DEBUG Nutrient step 1025: Calling calculate_nutrient_dynamics
DEBUG Nutrient plant_status keys: ['root_surface_area', 'tank_volume_L', 'plant_count', 'daily_growth_rate', 'growth_stage', 'senescence_rates', 'stress_factors', 'organ_nutrient_status']
DEBUG Nutrient env_conditions keys: ['temperature', 'ph', 'optimal_ec']
DEBUG Nutrient step 1026: Calling calculate_nutrient_dynamics
DEBUG Nutrient plant_status keys: ['root_surface_area', 'tank_volume_L', 'plant_count', 'daily_growth_rate', 'growth_stage', 'senescence_rates', 'stress_factors', 'organ_nutrient_status']
DEBUG Nutrient env_conditions keys: ['temperature', 'ph', 'optimal_ec']
DEBUG Nutrient step 1027: Calling calculate_nutrient_dynamics
DEBUG Nutrient plant_status keys: ['root_surface_area', 'tank_volume_L', 'plant_count', 'daily_growth_rate', 'growth_stage', 'senescence_rates', 'stress_factors', 'organ_nutrient_status']
DEBUG Nutrient env_conditions keys: ['temperature', 'ph', 'optimal_ec']
DEBUG Nutrient step 1028: Calling calculate_nutrient_dynamics
DEBUG Nutrient plant_status keys: ['root_surface_area', 'tank_volume_L', 'plant_count', 'daily_growth_rate', 'growth_stage', 'senescence_rates', 'stress_factors', 'organ_nutrient_status']
DEBUG Nutrient env_conditions keys: ['temperature', 'ph', 'optimal_ec']
DEBUG Nutrient step 1029: Calling calculate_nutrient_dynamics
DEBUG Nutrient plant_status keys: ['root_surface_area', 'tank_volume_L', 'plant_count', 'daily_growth_rate', 'growth_stage', 'senescence_rates', 'stress_factors', 'organ_nutrient_status']
DEBUG Nutrient env_conditions keys: ['temperature', 'ph', 'optimal_ec']
DEBUG Nutrient step 1030: Calling calculate_nutrient_dynamics
DEBUG Nutrient plant_status keys: ['root_surface_area', 'tank_volume_L', 'plant_count', 'daily_growth_rate', 'growth_stage', 'senescence_rates', 'stress_factors', 'organ_nutrient_status']
DEBUG Nutrient env_conditions keys: ['temperature', 'ph', 'optimal_ec']
DEBUG Nutrient step 1031: Calling calculate_nutrient_dynamics
DEBUG Nutrient plant_status keys: ['root_surface_area', 'tank_volume_L', 'plant_count', 'daily_growth_rate', 'growth_stage', 'senescence_rates', 'stress_factors', 'organ_nutrient_status']
DEBUG Nutrient env_conditions keys: ['temperature', 'ph', 'optimal_ec']
DEBUG Nutrient step 1032: Calling calculate_nutrient_dynamics
DEBUG Nutrient plant_status keys: ['root_surface_area', 'tank_volume_L', 'plant_count', 'daily_growth_rate', 'growth_stage', 'senescence_rates', 'stress_factors', 'organ_nutrient_status']
DEBUG Nutrient env_conditions keys: ['temperature', 'ph', 'optimal_ec']
DEBUG Nutrient step 1033: Calling calculate_nutrient_dynamics
DEBUG Nutrient plant_status keys: ['root_surface_area', 'tank_volume_L', 'plant_count', 'daily_growth_rate', 'growth_stage', 'senescence_rates', 'stress_factors', 'organ_nutrient_status']
DEBUG Nutrient env_conditions keys: ['temperature', 'ph', 'optimal_ec']
DEBUG Nutrient step 1034: Calling calculate_nutrient_dynamics
DEBUG Nutrient plant_status keys: ['root_surface_area', 'tank_volume_L', 'plant_count', 'daily_growth_rate', 'growth_stage', 'senescence_rates', 'stress_factors', 'organ_nutrient_status']
DEBUG Nutrient env_conditions keys: ['temperature', 'ph', 'optimal_ec']
DEBUG Nutrient step 1035: Calling calculate_nutrient_dynamics
DEBUG Nutrient plant_status keys: ['root_surface_area', 'tank_volume_L', 'plant_count', 'daily_growth_rate', 'growth_stage', 'senescence_rates', 'stress_factors', 'organ_nutrient_status']
DEBUG Nutrient env_conditions keys: ['temperature', 'ph', 'optimal_ec']
DEBUG Nutrient step 1036: Calling calculate_nutrient_dynamics
DEBUG Nutrient plant_status keys: ['root_surface_area', 'tank_volume_L', 'plant_count', 'daily_growth_rate', 'growth_stage', 'senescence_rates', 'stress_factors', 'organ_nutrient_status']
DEBUG Nutrient env_conditions keys: ['temperature', 'ph', 'optimal_ec']
DEBUG Nutrient step 1037: Calling calculate_nutrient_dynamics
DEBUG Nutrient plant_status keys: ['root_surface_area', 'tank_volume_L', 'plant_count', 'daily_growth_rate', 'growth_stage', 'senescence_rates', 'stress_factors', 'organ_nutrient_status']
DEBUG Nutrient env_conditions keys: ['temperature', 'ph', 'optimal_ec']
DEBUG Nutrient step 1038: Calling calculate_nutrient_dynamics
DEBUG Nutrient plant_status keys: ['root_surface_area', 'tank_volume_L', 'plant_count', 'daily_growth_rate', 'growth_stage', 'senescence_rates', 'stress_factors', 'organ_nutrient_status']
DEBUG Nutrient env_conditions keys: ['temperature', 'ph', 'optimal_ec']
DEBUG Nutrient step 1039: Calling calculate_nutrient_dynamics
DEBUG Nutrient plant_status keys: ['root_surface_area', 'tank_volume_L', 'plant_count', 'daily_growth_rate', 'growth_stage', 'senescence_rates', 'stress_factors', 'organ_nutrient_status']
DEBUG Nutrient env_conditions keys: ['temperature', 'ph', 'optimal_ec']
DEBUG Nutrient step 1040: Calling calculate_nutrient_dynamics
DEBUG Nutrient plant_status keys: ['root_surface_area', 'tank_volume_L', 'plant_count', 'daily_growth_rate', 'growth_stage', 'senescence_rates', 'stress_factors', 'organ_nutrient_status']
DEBUG Nutrient env_conditions keys: ['temperature', 'ph', 'optimal_ec']
DEBUG Nutrient step 1041: Calling calculate_nutrient_dynamics
DEBUG Nutrient plant_status keys: ['root_surface_area', 'tank_volume_L', 'plant_count', 'daily_growth_rate', 'growth_stage', 'senescence_rates', 'stress_factors', 'organ_nutrient_status']
DEBUG Nutrient env_conditions keys: ['temperature', 'ph', 'optimal_ec']
DEBUG Nutrient step 1042: Calling calculate_nutrient_dynamics
DEBUG Nutrient plant_status keys: ['root_surface_area', 'tank_volume_L', 'plant_count', 'daily_growth_rate', 'growth_stage', 'senescence_rates', 'stress_factors', 'organ_nutrient_status']
DEBUG Nutrient env_conditions keys: ['temperature', 'ph', 'optimal_ec']
DEBUG Nutrient step 1043: Calling calculate_nutrient_dynamics
DEBUG Nutrient plant_status keys: ['root_surface_area', 'tank_volume_L', 'plant_count', 'daily_growth_rate', 'growth_stage', 'senescence_rates', 'stress_factors', 'organ_nutrient_status']
DEBUG Nutrient env_conditions keys: ['temperature', 'ph', 'optimal_ec']
DEBUG Nutrient step 1044: Calling calculate_nutrient_dynamics
DEBUG Nutrient plant_status keys: ['root_surface_area', 'tank_volume_L', 'plant_count', 'daily_growth_rate', 'growth_stage', 'senescence_rates', 'stress_factors', 'organ_nutrient_status']
DEBUG Nutrient env_conditions keys: ['temperature', 'ph', 'optimal_ec']
DEBUG Nutrient step 1045: Calling calculate_nutrient_dynamics
DEBUG Nutrient plant_status keys: ['root_surface_area', 'tank_volume_L', 'plant_count', 'daily_growth_rate', 'growth_stage', 'senescence_rates', 'stress_factors', 'organ_nutrient_status']
DEBUG Nutrient env_conditions keys: ['temperature', 'ph', 'optimal_ec']
DEBUG Nutrient step 1046: Calling calculate_nutrient_dynamics
DEBUG Nutrient plant_status keys: ['root_surface_area', 'tank_volume_L', 'plant_count', 'daily_growth_rate', 'growth_stage', 'senescence_rates', 'stress_factors', 'organ_nutrient_status']
DEBUG Nutrient env_conditions keys: ['temperature', 'ph', 'optimal_ec']
DEBUG Nutrient step 1047: Calling calculate_nutrient_dynamics
DEBUG Nutrient plant_status keys: ['root_surface_area', 'tank_volume_L', 'plant_count', 'daily_growth_rate', 'growth_stage', 'senescence_rates', 'stress_factors', 'organ_nutrient_status']
DEBUG Nutrient env_conditions keys: ['temperature', 'ph', 'optimal_ec']
DEBUG Nutrient step 1048: Calling calculate_nutrient_dynamics
DEBUG Nutrient plant_status keys: ['root_surface_area', 'tank_volume_L', 'plant_count', 'daily_growth_rate', 'growth_stage', 'senescence_rates', 'stress_factors', 'organ_nutrient_status']
DEBUG Nutrient env_conditions keys: ['temperature', 'ph', 'optimal_ec']
DEBUG Nutrient step 1049: Calling calculate_nutrient_dynamics
DEBUG Nutrient plant_status keys: ['root_surface_area', 'tank_volume_L', 'plant_count', 'daily_growth_rate', 'growth_stage', 'senescence_rates', 'stress_factors', 'organ_nutrient_status']
DEBUG Nutrient env_conditions keys: ['temperature', 'ph', 'optimal_ec']
DEBUG Nutrient step 1050: Calling calculate_nutrient_dynamics
DEBUG Nutrient plant_status keys: ['root_surface_area', 'tank_volume_L', 'plant_count', 'daily_growth_rate', 'growth_stage', 'senescence_rates', 'stress_factors', 'organ_nutrient_status']
DEBUG Nutrient env_conditions keys: ['temperature', 'ph', 'optimal_ec']
DEBUG Nutrient step 1051: Calling calculate_nutrient_dynamics
DEBUG Nutrient plant_status keys: ['root_surface_area', 'tank_volume_L', 'plant_count', 'daily_growth_rate', 'growth_stage', 'senescence_rates', 'stress_factors', 'organ_nutrient_status']
DEBUG Nutrient env_conditions keys: ['temperature', 'ph', 'optimal_ec']
DEBUG Nutrient step 1052: Calling calculate_nutrient_dynamics
DEBUG Nutrient plant_status keys: ['root_surface_area', 'tank_volume_L', 'plant_count', 'daily_growth_rate', 'growth_stage', 'senescence_rates', 'stress_factors', 'organ_nutrient_status']
DEBUG Nutrient env_conditions keys: ['temperature', 'ph', 'optimal_ec']
DEBUG Nutrient step 1053: Calling calculate_nutrient_dynamics
DEBUG Nutrient plant_status keys: ['root_surface_area', 'tank_volume_L', 'plant_count', 'daily_growth_rate', 'growth_stage', 'senescence_rates', 'stress_factors', 'organ_nutrient_status']
DEBUG Nutrient env_conditions keys: ['temperature', 'ph', 'optimal_ec']
DEBUG Nutrient step 1054: Calling calculate_nutrient_dynamics
DEBUG Nutrient plant_status keys: ['root_surface_area', 'tank_volume_L', 'plant_count', 'daily_growth_rate', 'growth_stage', 'senescence_rates', 'stress_factors', 'organ_nutrient_status']
DEBUG Nutrient env_conditions keys: ['temperature', 'ph', 'optimal_ec']
DEBUG Nutrient step 1055: Calling calculate_nutrient_dynamics
DEBUG Nutrient plant_status keys: ['root_surface_area', 'tank_volume_L', 'plant_count', 'daily_growth_rate', 'growth_stage', 'senescence_rates', 'stress_factors', 'organ_nutrient_status']
DEBUG Nutrient env_conditions keys: ['temperature', 'ph', 'optimal_ec']
DEBUG Nutrient step 1056: Calling calculate_nutrient_dynamics
DEBUG Nutrient plant_status keys: ['root_surface_area', 'tank_volume_L', 'plant_count', 'daily_growth_rate', 'growth_stage', 'senescence_rates', 'stress_factors', 'organ_nutrient_status']
DEBUG Nutrient env_conditions keys: ['temperature', 'ph', 'optimal_ec']
DEBUG Nutrient step 1057: Calling calculate_nutrient_dynamics
DEBUG Nutrient plant_status keys: ['root_surface_area', 'tank_volume_L', 'plant_count', 'daily_growth_rate', 'growth_stage', 'senescence_rates', 'stress_factors', 'organ_nutrient_status']
DEBUG Nutrient env_conditions keys: ['temperature', 'ph', 'optimal_ec']
DEBUG Nutrient step 1058: Calling calculate_nutrient_dynamics
DEBUG Nutrient plant_status keys: ['root_surface_area', 'tank_volume_L', 'plant_count', 'daily_growth_rate', 'growth_stage', 'senescence_rates', 'stress_factors', 'organ_nutrient_status']
DEBUG Nutrient env_conditions keys: ['temperature', 'ph', 'optimal_ec']
DEBUG Nutrient step 1059: Calling calculate_nutrient_dynamics
DEBUG Nutrient plant_status keys: ['root_surface_area', 'tank_volume_L', 'plant_count', 'daily_growth_rate', 'growth_stage', 'senescence_rates', 'stress_factors', 'organ_nutrient_status']
DEBUG Nutrient env_conditions keys: ['temperature', 'ph', 'optimal_ec']
DEBUG Nutrient step 1060: Calling calculate_nutrient_dynamics
DEBUG Nutrient plant_status keys: ['root_surface_area', 'tank_volume_L', 'plant_count', 'daily_growth_rate', 'growth_stage', 'senescence_rates', 'stress_factors', 'organ_nutrient_status']
DEBUG Nutrient env_conditions keys: ['temperature', 'ph', 'optimal_ec']
DEBUG Nutrient step 1061: Calling calculate_nutrient_dynamics
DEBUG Nutrient plant_status keys: ['root_surface_area', 'tank_volume_L', 'plant_count', 'daily_growth_rate', 'growth_stage', 'senescence_rates', 'stress_factors', 'organ_nutrient_status']
DEBUG Nutrient env_conditions keys: ['temperature', 'ph', 'optimal_ec']
DEBUG Nutrient step 1062: Calling calculate_nutrient_dynamics
DEBUG Nutrient plant_status keys: ['root_surface_area', 'tank_volume_L', 'plant_count', 'daily_growth_rate', 'growth_stage', 'senescence_rates', 'stress_factors', 'organ_nutrient_status']
DEBUG Nutrient env_conditions keys: ['temperature', 'ph', 'optimal_ec']
DEBUG Nutrient step 1063: Calling calculate_nutrient_dynamics
DEBUG Nutrient plant_status keys: ['root_surface_area', 'tank_volume_L', 'plant_count', 'daily_growth_rate', 'growth_stage', 'senescence_rates', 'stress_factors', 'organ_nutrient_status']
DEBUG Nutrient env_conditions keys: ['temperature', 'ph', 'optimal_ec']
DEBUG Nutrient step 1064: Calling calculate_nutrient_dynamics
DEBUG Nutrient plant_status keys: ['root_surface_area', 'tank_volume_L', 'plant_count', 'daily_growth_rate', 'growth_stage', 'senescence_rates', 'stress_factors', 'organ_nutrient_status']
DEBUG Nutrient env_conditions keys: ['temperature', 'ph', 'optimal_ec']
DEBUG Nutrient step 1065: Calling calculate_nutrient_dynamics
DEBUG Nutrient plant_status keys: ['root_surface_area', 'tank_volume_L', 'plant_count', 'daily_growth_rate', 'growth_stage', 'senescence_rates', 'stress_factors', 'organ_nutrient_status']
DEBUG Nutrient env_conditions keys: ['temperature', 'ph', 'optimal_ec']
DEBUG Nutrient step 1066: Calling calculate_nutrient_dynamics
DEBUG Nutrient plant_status keys: ['root_surface_area', 'tank_volume_L', 'plant_count', 'daily_growth_rate', 'growth_stage', 'senescence_rates', 'stress_factors', 'organ_nutrient_status']
DEBUG Nutrient env_conditions keys: ['temperature', 'ph', 'optimal_ec']
DEBUG Nutrient step 1067: Calling calculate_nutrient_dynamics
DEBUG Nutrient plant_status keys: ['root_surface_area', 'tank_volume_L', 'plant_count', 'daily_growth_rate', 'growth_stage', 'senescence_rates', 'stress_factors', 'organ_nutrient_status']
DEBUG Nutrient env_conditions keys: ['temperature', 'ph', 'optimal_ec']
DEBUG Nutrient step 1068: Calling calculate_nutrient_dynamics
DEBUG Nutrient plant_status keys: ['root_surface_area', 'tank_volume_L', 'plant_count', 'daily_growth_rate', 'growth_stage', 'senescence_rates', 'stress_factors', 'organ_nutrient_status']
DEBUG Nutrient env_conditions keys: ['temperature', 'ph', 'optimal_ec']
DEBUG Nutrient step 1069: Calling calculate_nutrient_dynamics
DEBUG Nutrient plant_status keys: ['root_surface_area', 'tank_volume_L', 'plant_count', 'daily_growth_rate', 'growth_stage', 'senescence_rates', 'stress_factors', 'organ_nutrient_status']
DEBUG Nutrient env_conditions keys: ['temperature', 'ph', 'optimal_ec']
DEBUG Nutrient step 1070: Calling calculate_nutrient_dynamics
DEBUG Nutrient plant_status keys: ['root_surface_area', 'tank_volume_L', 'plant_count', 'daily_growth_rate', 'growth_stage', 'senescence_rates', 'stress_factors', 'organ_nutrient_status']
DEBUG Nutrient env_conditions keys: ['temperature', 'ph', 'optimal_ec']
DEBUG Nutrient step 1071: Calling calculate_nutrient_dynamics
DEBUG Nutrient plant_status keys: ['root_surface_area', 'tank_volume_L', 'plant_count', 'daily_growth_rate', 'growth_stage', 'senescence_rates', 'stress_factors', 'organ_nutrient_status']
DEBUG Nutrient env_conditions keys: ['temperature', 'ph', 'optimal_ec']
DEBUG Nutrient step 1072: Calling calculate_nutrient_dynamics
DEBUG Nutrient plant_status keys: ['root_surface_area', 'tank_volume_L', 'plant_count', 'daily_growth_rate', 'growth_stage', 'senescence_rates', 'stress_factors', 'organ_nutrient_status']
DEBUG Nutrient env_conditions keys: ['temperature', 'ph', 'optimal_ec']
DEBUG Nutrient step 1073: Calling calculate_nutrient_dynamics
DEBUG Nutrient plant_status keys: ['root_surface_area', 'tank_volume_L', 'plant_count', 'daily_growth_rate', 'growth_stage', 'senescence_rates', 'stress_factors', 'organ_nutrient_status']
DEBUG Nutrient env_conditions keys: ['temperature', 'ph', 'optimal_ec']
DEBUG Nutrient step 1074: Calling calculate_nutrient_dynamics
DEBUG Nutrient plant_status keys: ['root_surface_area', 'tank_volume_L', 'plant_count', 'daily_growth_rate', 'growth_stage', 'senescence_rates', 'stress_factors', 'organ_nutrient_status']
DEBUG Nutrient env_conditions keys: ['temperature', 'ph', 'optimal_ec']
DEBUG Nutrient step 1075: Calling calculate_nutrient_dynamics
DEBUG Nutrient plant_status keys: ['root_surface_area', 'tank_volume_L', 'plant_count', 'daily_growth_rate', 'growth_stage', 'senescence_rates', 'stress_factors', 'organ_nutrient_status']
DEBUG Nutrient env_conditions keys: ['temperature', 'ph', 'optimal_ec']
DEBUG Nutrient step 1076: Calling calculate_nutrient_dynamics
DEBUG Nutrient plant_status keys: ['root_surface_area', 'tank_volume_L', 'plant_count', 'daily_growth_rate', 'growth_stage', 'senescence_rates', 'stress_factors', 'organ_nutrient_status']
DEBUG Nutrient env_conditions keys: ['temperature', 'ph', 'optimal_ec']
DEBUG Nutrient step 1077: Calling calculate_nutrient_dynamics
DEBUG Nutrient plant_status keys: ['root_surface_area', 'tank_volume_L', 'plant_count', 'daily_growth_rate', 'growth_stage', 'senescence_rates', 'stress_factors', 'organ_nutrient_status']
DEBUG Nutrient env_conditions keys: ['temperature', 'ph', 'optimal_ec']
DEBUG Nutrient step 1078: Calling calculate_nutrient_dynamics
DEBUG Nutrient plant_status keys: ['root_surface_area', 'tank_volume_L', 'plant_count', 'daily_growth_rate', 'growth_stage', 'senescence_rates', 'stress_factors', 'organ_nutrient_status']
DEBUG Nutrient env_conditions keys: ['temperature', 'ph', 'optimal_ec']
DEBUG Nutrient step 1079: Calling calculate_nutrient_dynamics
DEBUG Nutrient plant_status keys: ['root_surface_area', 'tank_volume_L', 'plant_count', 'daily_growth_rate', 'growth_stage', 'senescence_rates', 'stress_factors', 'organ_nutrient_status']
DEBUG Nutrient env_conditions keys: ['temperature', 'ph', 'optimal_ec']
DEBUG Nutrient step 1080: Calling calculate_nutrient_dynamics
DEBUG Nutrient plant_status keys: ['root_surface_area', 'tank_volume_L', 'plant_count', 'daily_growth_rate', 'growth_stage', 'senescence_rates', 'stress_factors', 'organ_nutrient_status']
DEBUG Nutrient env_conditions keys: ['temperature', 'ph', 'optimal_ec']
DEBUG Nutrient step 1081: Calling calculate_nutrient_dynamics
DEBUG Nutrient plant_status keys: ['root_surface_area', 'tank_volume_L', 'plant_count', 'daily_growth_rate', 'growth_stage', 'senescence_rates', 'stress_factors', 'organ_nutrient_status']
DEBUG Nutrient env_conditions keys: ['temperature', 'ph', 'optimal_ec']
DEBUG Nutrient step 1082: Calling calculate_nutrient_dynamics
DEBUG Nutrient plant_status keys: ['root_surface_area', 'tank_volume_L', 'plant_count', 'daily_growth_rate', 'growth_stage', 'senescence_rates', 'stress_factors', 'organ_nutrient_status']
DEBUG Nutrient env_conditions keys: ['temperature', 'ph', 'optimal_ec']
DEBUG Nutrient step 1083: Calling calculate_nutrient_dynamics
DEBUG Nutrient plant_status keys: ['root_surface_area', 'tank_volume_L', 'plant_count', 'daily_growth_rate', 'growth_stage', 'senescence_rates', 'stress_factors', 'organ_nutrient_status']
DEBUG Nutrient env_conditions keys: ['temperature', 'ph', 'optimal_ec']
DEBUG Nutrient step 1084: Calling calculate_nutrient_dynamics
DEBUG Nutrient plant_status keys: ['root_surface_area', 'tank_volume_L', 'plant_count', 'daily_growth_rate', 'growth_stage', 'senescence_rates', 'stress_factors', 'organ_nutrient_status']
DEBUG Nutrient env_conditions keys: ['temperature', 'ph', 'optimal_ec']
DEBUG Nutrient step 1085: Calling calculate_nutrient_dynamics
DEBUG Nutrient plant_status keys: ['root_surface_area', 'tank_volume_L', 'plant_count', 'daily_growth_rate', 'growth_stage', 'senescence_rates', 'stress_factors', 'organ_nutrient_status']
DEBUG Nutrient env_conditions keys: ['temperature', 'ph', 'optimal_ec']
DEBUG Nutrient step 1086: Calling calculate_nutrient_dynamics
DEBUG Nutrient plant_status keys: ['root_surface_area', 'tank_volume_L', 'plant_count', 'daily_growth_rate', 'growth_stage', 'senescence_rates', 'stress_factors', 'organ_nutrient_status']
DEBUG Nutrient env_conditions keys: ['temperature', 'ph', 'optimal_ec']
DEBUG Nutrient step 1087: Calling calculate_nutrient_dynamics
DEBUG Nutrient plant_status keys: ['root_surface_area', 'tank_volume_L', 'plant_count', 'daily_growth_rate', 'growth_stage', 'senescence_rates', 'stress_factors', 'organ_nutrient_status']
DEBUG Nutrient env_conditions keys: ['temperature', 'ph', 'optimal_ec']
DEBUG Nutrient step 1088: Calling calculate_nutrient_dynamics
DEBUG Nutrient plant_status keys: ['root_surface_area', 'tank_volume_L', 'plant_count', 'daily_growth_rate', 'growth_stage', 'senescence_rates', 'stress_factors', 'organ_nutrient_status']
DEBUG Nutrient env_conditions keys: ['temperature', 'ph', 'optimal_ec']
DEBUG Nutrient step 1089: Calling calculate_nutrient_dynamics
DEBUG Nutrient plant_status keys: ['root_surface_area', 'tank_volume_L', 'plant_count', 'daily_growth_rate', 'growth_stage', 'senescence_rates', 'stress_factors', 'organ_nutrient_status']
DEBUG Nutrient env_conditions keys: ['temperature', 'ph', 'optimal_ec']
DEBUG Nutrient step 1090: Calling calculate_nutrient_dynamics
DEBUG Nutrient plant_status keys: ['root_surface_area', 'tank_volume_L', 'plant_count', 'daily_growth_rate', 'growth_stage', 'senescence_rates', 'stress_factors', 'organ_nutrient_status']
DEBUG Nutrient env_conditions keys: ['temperature', 'ph', 'optimal_ec']
DEBUG Nutrient step 1091: Calling calculate_nutrient_dynamics
DEBUG Nutrient plant_status keys: ['root_surface_area', 'tank_volume_L', 'plant_count', 'daily_growth_rate', 'growth_stage', 'senescence_rates', 'stress_factors', 'organ_nutrient_status']
DEBUG Nutrient env_conditions keys: ['temperature', 'ph', 'optimal_ec']
DEBUG Nutrient step 1092: Calling calculate_nutrient_dynamics
DEBUG Nutrient plant_status keys: ['root_surface_area', 'tank_volume_L', 'plant_count', 'daily_growth_rate', 'growth_stage', 'senescence_rates', 'stress_factors', 'organ_nutrient_status']
DEBUG Nutrient env_conditions keys: ['temperature', 'ph', 'optimal_ec']
DEBUG Nutrient step 1093: Calling calculate_nutrient_dynamics
DEBUG Nutrient plant_status keys: ['root_surface_area', 'tank_volume_L', 'plant_count', 'daily_growth_rate', 'growth_stage', 'senescence_rates', 'stress_factors', 'organ_nutrient_status']
DEBUG Nutrient env_conditions keys: ['temperature', 'ph', 'optimal_ec']
DEBUG Nutrient step 1094: Calling calculate_nutrient_dynamics
DEBUG Nutrient plant_status keys: ['root_surface_area', 'tank_volume_L', 'plant_count', 'daily_growth_rate', 'growth_stage', 'senescence_rates', 'stress_factors', 'organ_nutrient_status']
DEBUG Nutrient env_conditions keys: ['temperature', 'ph', 'optimal_ec']
DEBUG Nutrient step 1095: Calling calculate_nutrient_dynamics
DEBUG Nutrient plant_status keys: ['root_surface_area', 'tank_volume_L', 'plant_count', 'daily_growth_rate', 'growth_stage', 'senescence_rates', 'stress_factors', 'organ_nutrient_status']
DEBUG Nutrient env_conditions keys: ['temperature', 'ph', 'optimal_ec']
DEBUG Nutrient step 1096: Calling calculate_nutrient_dynamics
DEBUG Nutrient plant_status keys: ['root_surface_area', 'tank_volume_L', 'plant_count', 'daily_growth_rate', 'growth_stage', 'senescence_rates', 'stress_factors', 'organ_nutrient_status']
DEBUG Nutrient env_conditions keys: ['temperature', 'ph', 'optimal_ec']
DEBUG Nutrient step 1097: Calling calculate_nutrient_dynamics
DEBUG Nutrient plant_status keys: ['root_surface_area', 'tank_volume_L', 'plant_count', 'daily_growth_rate', 'growth_stage', 'senescence_rates', 'stress_factors', 'organ_nutrient_status']
DEBUG Nutrient env_conditions keys: ['temperature', 'ph', 'optimal_ec']
DEBUG Nutrient step 1098: Calling calculate_nutrient_dynamics
DEBUG Nutrient plant_status keys: ['root_surface_area', 'tank_volume_L', 'plant_count', 'daily_growth_rate', 'growth_stage', 'senescence_rates', 'stress_factors', 'organ_nutrient_status']
DEBUG Nutrient env_conditions keys: ['temperature', 'ph', 'optimal_ec']
DEBUG Nutrient step 1099: Calling calculate_nutrient_dynamics
DEBUG Nutrient plant_status keys: ['root_surface_area', 'tank_volume_L', 'plant_count', 'daily_growth_rate', 'growth_stage', 'senescence_rates', 'stress_factors', 'organ_nutrient_status']
DEBUG Nutrient env_conditions keys: ['temperature', 'ph', 'optimal_ec']
DEBUG Nutrient step 1100: Calling calculate_nutrient_dynamics
DEBUG Nutrient plant_status keys: ['root_surface_area', 'tank_volume_L', 'plant_count', 'daily_growth_rate', 'growth_stage', 'senescence_rates', 'stress_factors', 'organ_nutrient_status']
DEBUG Nutrient env_conditions keys: ['temperature', 'ph', 'optimal_ec']
DEBUG Nutrient step 1101: Calling calculate_nutrient_dynamics
DEBUG Nutrient plant_status keys: ['root_surface_area', 'tank_volume_L', 'plant_count', 'daily_growth_rate', 'growth_stage', 'senescence_rates', 'stress_factors', 'organ_nutrient_status']
DEBUG Nutrient env_conditions keys: ['temperature', 'ph', 'optimal_ec']
DEBUG Nutrient step 1102: Calling calculate_nutrient_dynamics
DEBUG Nutrient plant_status keys: ['root_surface_area', 'tank_volume_L', 'plant_count', 'daily_growth_rate', 'growth_stage', 'senescence_rates', 'stress_factors', 'organ_nutrient_status']
DEBUG Nutrient env_conditions keys: ['temperature', 'ph', 'optimal_ec']
DEBUG Nutrient step 1103: Calling calculate_nutrient_dynamics
DEBUG Nutrient plant_status keys: ['root_surface_area', 'tank_volume_L', 'plant_count', 'daily_growth_rate', 'growth_stage', 'senescence_rates', 'stress_factors', 'organ_nutrient_status']
DEBUG Nutrient env_conditions keys: ['temperature', 'ph', 'optimal_ec']
DEBUG Nutrient step 1104: Calling calculate_nutrient_dynamics
DEBUG Nutrient plant_status keys: ['root_surface_area', 'tank_volume_L', 'plant_count', 'daily_growth_rate', 'growth_stage', 'senescence_rates', 'stress_factors', 'organ_nutrient_status']
DEBUG Nutrient env_conditions keys: ['temperature', 'ph', 'optimal_ec']
DEBUG Nutrient step 1105: Calling calculate_nutrient_dynamics
DEBUG Nutrient plant_status keys: ['root_surface_area', 'tank_volume_L', 'plant_count', 'daily_growth_rate', 'growth_stage', 'senescence_rates', 'stress_factors', 'organ_nutrient_status']
DEBUG Nutrient env_conditions keys: ['temperature', 'ph', 'optimal_ec']
DEBUG Nutrient step 1106: Calling calculate_nutrient_dynamics
DEBUG Nutrient plant_status keys: ['root_surface_area', 'tank_volume_L', 'plant_count', 'daily_growth_rate', 'growth_stage', 'senescence_rates', 'stress_factors', 'organ_nutrient_status']
DEBUG Nutrient env_conditions keys: ['temperature', 'ph', 'optimal_ec']
DEBUG Nutrient step 1107: Calling calculate_nutrient_dynamics
DEBUG Nutrient plant_status keys: ['root_surface_area', 'tank_volume_L', 'plant_count', 'daily_growth_rate', 'growth_stage', 'senescence_rates', 'stress_factors', 'organ_nutrient_status']
DEBUG Nutrient env_conditions keys: ['temperature', 'ph', 'optimal_ec']
DEBUG Nutrient step 1108: Calling calculate_nutrient_dynamics
DEBUG Nutrient plant_status keys: ['root_surface_area', 'tank_volume_L', 'plant_count', 'daily_growth_rate', 'growth_stage', 'senescence_rates', 'stress_factors', 'organ_nutrient_status']
DEBUG Nutrient env_conditions keys: ['temperature', 'ph', 'optimal_ec']
DEBUG Nutrient step 1109: Calling calculate_nutrient_dynamics
DEBUG Nutrient plant_status keys: ['root_surface_area', 'tank_volume_L', 'plant_count', 'daily_growth_rate', 'growth_stage', 'senescence_rates', 'stress_factors', 'organ_nutrient_status']
DEBUG Nutrient env_conditions keys: ['temperature', 'ph', 'optimal_ec']
DEBUG Nutrient step 1110: Calling calculate_nutrient_dynamics
DEBUG Nutrient plant_status keys: ['root_surface_area', 'tank_volume_L', 'plant_count', 'daily_growth_rate', 'growth_stage', 'senescence_rates', 'stress_factors', 'organ_nutrient_status']
DEBUG Nutrient env_conditions keys: ['temperature', 'ph', 'optimal_ec']
DEBUG Nutrient step 1111: Calling calculate_nutrient_dynamics
DEBUG Nutrient plant_status keys: ['root_surface_area', 'tank_volume_L', 'plant_count', 'daily_growth_rate', 'growth_stage', 'senescence_rates', 'stress_factors', 'organ_nutrient_status']
DEBUG Nutrient env_conditions keys: ['temperature', 'ph', 'optimal_ec']
DEBUG Nutrient step 1112: Calling calculate_nutrient_dynamics
DEBUG Nutrient plant_status keys: ['root_surface_area', 'tank_volume_L', 'plant_count', 'daily_growth_rate', 'growth_stage', 'senescence_rates', 'stress_factors', 'organ_nutrient_status']
DEBUG Nutrient env_conditions keys: ['temperature', 'ph', 'optimal_ec']
DEBUG Nutrient step 1113: Calling calculate_nutrient_dynamics
DEBUG Nutrient plant_status keys: ['root_surface_area', 'tank_volume_L', 'plant_count', 'daily_growth_rate', 'growth_stage', 'senescence_rates', 'stress_factors', 'organ_nutrient_status']
DEBUG Nutrient env_conditions keys: ['temperature', 'ph', 'optimal_ec']
DEBUG Nutrient step 1114: Calling calculate_nutrient_dynamics
DEBUG Nutrient plant_status keys: ['root_surface_area', 'tank_volume_L', 'plant_count', 'daily_growth_rate', 'growth_stage', 'senescence_rates', 'stress_factors', 'organ_nutrient_status']
DEBUG Nutrient env_conditions keys: ['temperature', 'ph', 'optimal_ec']
DEBUG Nutrient step 1115: Calling calculate_nutrient_dynamics
DEBUG Nutrient plant_status keys: ['root_surface_area', 'tank_volume_L', 'plant_count', 'daily_growth_rate', 'growth_stage', 'senescence_rates', 'stress_factors', 'organ_nutrient_status']
DEBUG Nutrient env_conditions keys: ['temperature', 'ph', 'optimal_ec']
DEBUG Nutrient step 1116: Calling calculate_nutrient_dynamics
DEBUG Nutrient plant_status keys: ['root_surface_area', 'tank_volume_L', 'plant_count', 'daily_growth_rate', 'growth_stage', 'senescence_rates', 'stress_factors', 'organ_nutrient_status']
DEBUG Nutrient env_conditions keys: ['temperature', 'ph', 'optimal_ec']
DEBUG Nutrient step 1117: Calling calculate_nutrient_dynamics
DEBUG Nutrient plant_status keys: ['root_surface_area', 'tank_volume_L', 'plant_count', 'daily_growth_rate', 'growth_stage', 'senescence_rates', 'stress_factors', 'organ_nutrient_status']
DEBUG Nutrient env_conditions keys: ['temperature', 'ph', 'optimal_ec']
DEBUG Nutrient step 1118: Calling calculate_nutrient_dynamics
DEBUG Nutrient plant_status keys: ['root_surface_area', 'tank_volume_L', 'plant_count', 'daily_growth_rate', 'growth_stage', 'senescence_rates', 'stress_factors', 'organ_nutrient_status']
DEBUG Nutrient env_conditions keys: ['temperature', 'ph', 'optimal_ec']
DEBUG Nutrient step 1119: Calling calculate_nutrient_dynamics
DEBUG Nutrient plant_status keys: ['root_surface_area', 'tank_volume_L', 'plant_count', 'daily_growth_rate', 'growth_stage', 'senescence_rates', 'stress_factors', 'organ_nutrient_status']
DEBUG Nutrient env_conditions keys: ['temperature', 'ph', 'optimal_ec']
DEBUG Nutrient step 1120: Calling calculate_nutrient_dynamics
DEBUG Nutrient plant_status keys: ['root_surface_area', 'tank_volume_L', 'plant_count', 'daily_growth_rate', 'growth_stage', 'senescence_rates', 'stress_factors', 'organ_nutrient_status']
DEBUG Nutrient env_conditions keys: ['temperature', 'ph', 'optimal_ec']
DEBUG Nutrient step 1121: Calling calculate_nutrient_dynamics
DEBUG Nutrient plant_status keys: ['root_surface_area', 'tank_volume_L', 'plant_count', 'daily_growth_rate', 'growth_stage', 'senescence_rates', 'stress_factors', 'organ_nutrient_status']
DEBUG Nutrient env_conditions keys: ['temperature', 'ph', 'optimal_ec']
DEBUG Nutrient step 1122: Calling calculate_nutrient_dynamics
DEBUG Nutrient plant_status keys: ['root_surface_area', 'tank_volume_L', 'plant_count', 'daily_growth_rate', 'growth_stage', 'senescence_rates', 'stress_factors', 'organ_nutrient_status']
DEBUG Nutrient env_conditions keys: ['temperature', 'ph', 'optimal_ec']
DEBUG Nutrient step 1123: Calling calculate_nutrient_dynamics
DEBUG Nutrient plant_status keys: ['root_surface_area', 'tank_volume_L', 'plant_count', 'daily_growth_rate', 'growth_stage', 'senescence_rates', 'stress_factors', 'organ_nutrient_status']
DEBUG Nutrient env_conditions keys: ['temperature', 'ph', 'optimal_ec']
DEBUG Nutrient step 1124: Calling calculate_nutrient_dynamics
DEBUG Nutrient plant_status keys: ['root_surface_area', 'tank_volume_L', 'plant_count', 'daily_growth_rate', 'growth_stage', 'senescence_rates', 'stress_factors', 'organ_nutrient_status']
DEBUG Nutrient env_conditions keys: ['temperature', 'ph', 'optimal_ec']
DEBUG Nutrient step 1125: Calling calculate_nutrient_dynamics
DEBUG Nutrient plant_status keys: ['root_surface_area', 'tank_volume_L', 'plant_count', 'daily_growth_rate', 'growth_stage', 'senescence_rates', 'stress_factors', 'organ_nutrient_status']
DEBUG Nutrient env_conditions keys: ['temperature', 'ph', 'optimal_ec']
DEBUG Nutrient step 1126: Calling calculate_nutrient_dynamics
DEBUG Nutrient plant_status keys: ['root_surface_area', 'tank_volume_L', 'plant_count', 'daily_growth_rate', 'growth_stage', 'senescence_rates', 'stress_factors', 'organ_nutrient_status']
DEBUG Nutrient env_conditions keys: ['temperature', 'ph', 'optimal_ec']
DEBUG Nutrient step 1127: Calling calculate_nutrient_dynamics
DEBUG Nutrient plant_status keys: ['root_surface_area', 'tank_volume_L', 'plant_count', 'daily_growth_rate', 'growth_stage', 'senescence_rates', 'stress_factors', 'organ_nutrient_status']
DEBUG Nutrient env_conditions keys: ['temperature', 'ph', 'optimal_ec']
DEBUG Nutrient step 1128: Calling calculate_nutrient_dynamics
DEBUG Nutrient plant_status keys: ['root_surface_area', 'tank_volume_L', 'plant_count', 'daily_growth_rate', 'growth_stage', 'senescence_rates', 'stress_factors', 'organ_nutrient_status']
DEBUG Nutrient env_conditions keys: ['temperature', 'ph', 'optimal_ec']
DEBUG Nutrient step 1129: Calling calculate_nutrient_dynamics
DEBUG Nutrient plant_status keys: ['root_surface_area', 'tank_volume_L', 'plant_count', 'daily_growth_rate', 'growth_stage', 'senescence_rates', 'stress_factors', 'organ_nutrient_status']
DEBUG Nutrient env_conditions keys: ['temperature', 'ph', 'optimal_ec']
DEBUG Nutrient step 1130: Calling calculate_nutrient_dynamics
DEBUG Nutrient plant_status keys: ['root_surface_area', 'tank_volume_L', 'plant_count', 'daily_growth_rate', 'growth_stage', 'senescence_rates', 'stress_factors', 'organ_nutrient_status']
DEBUG Nutrient env_conditions keys: ['temperature', 'ph', 'optimal_ec']
DEBUG Nutrient step 1131: Calling calculate_nutrient_dynamics
DEBUG Nutrient plant_status keys: ['root_surface_area', 'tank_volume_L', 'plant_count', 'daily_growth_rate', 'growth_stage', 'senescence_rates', 'stress_factors', 'organ_nutrient_status']
DEBUG Nutrient env_conditions keys: ['temperature', 'ph', 'optimal_ec']
DEBUG Nutrient step 1132: Calling calculate_nutrient_dynamics
DEBUG Nutrient plant_status keys: ['root_surface_area', 'tank_volume_L', 'plant_count', 'daily_growth_rate', 'growth_stage', 'senescence_rates', 'stress_factors', 'organ_nutrient_status']
DEBUG Nutrient env_conditions keys: ['temperature', 'ph', 'optimal_ec']
DEBUG Nutrient step 1133: Calling calculate_nutrient_dynamics
DEBUG Nutrient plant_status keys: ['root_surface_area', 'tank_volume_L', 'plant_count', 'daily_growth_rate', 'growth_stage', 'senescence_rates', 'stress_factors', 'organ_nutrient_status']
DEBUG Nutrient env_conditions keys: ['temperature', 'ph', 'optimal_ec']
DEBUG Nutrient step 1134: Calling calculate_nutrient_dynamics
DEBUG Nutrient plant_status keys: ['root_surface_area', 'tank_volume_L', 'plant_count', 'daily_growth_rate', 'growth_stage', 'senescence_rates', 'stress_factors', 'organ_nutrient_status']
DEBUG Nutrient env_conditions keys: ['temperature', 'ph', 'optimal_ec']
DEBUG Nutrient step 1135: Calling calculate_nutrient_dynamics
DEBUG Nutrient plant_status keys: ['root_surface_area', 'tank_volume_L', 'plant_count', 'daily_growth_rate', 'growth_stage', 'senescence_rates', 'stress_factors', 'organ_nutrient_status']
DEBUG Nutrient env_conditions keys: ['temperature', 'ph', 'optimal_ec']
DEBUG Nutrient step 1136: Calling calculate_nutrient_dynamics
DEBUG Nutrient plant_status keys: ['root_surface_area', 'tank_volume_L', 'plant_count', 'daily_growth_rate', 'growth_stage', 'senescence_rates', 'stress_factors', 'organ_nutrient_status']
DEBUG Nutrient env_conditions keys: ['temperature', 'ph', 'optimal_ec']
DEBUG Nutrient step 1137: Calling calculate_nutrient_dynamics
DEBUG Nutrient plant_status keys: ['root_surface_area', 'tank_volume_L', 'plant_count', 'daily_growth_rate', 'growth_stage', 'senescence_rates', 'stress_factors', 'organ_nutrient_status']
DEBUG Nutrient env_conditions keys: ['temperature', 'ph', 'optimal_ec']
DEBUG Nutrient step 1138: Calling calculate_nutrient_dynamics
DEBUG Nutrient plant_status keys: ['root_surface_area', 'tank_volume_L', 'plant_count', 'daily_growth_rate', 'growth_stage', 'senescence_rates', 'stress_factors', 'organ_nutrient_status']
DEBUG Nutrient env_conditions keys: ['temperature', 'ph', 'optimal_ec']
DEBUG Nutrient step 1139: Calling calculate_nutrient_dynamics
DEBUG Nutrient plant_status keys: ['root_surface_area', 'tank_volume_L', 'plant_count', 'daily_growth_rate', 'growth_stage', 'senescence_rates', 'stress_factors', 'organ_nutrient_status']
DEBUG Nutrient env_conditions keys: ['temperature', 'ph', 'optimal_ec']
DEBUG Nutrient step 1140: Calling calculate_nutrient_dynamics
DEBUG Nutrient plant_status keys: ['root_surface_area', 'tank_volume_L', 'plant_count', 'daily_growth_rate', 'growth_stage', 'senescence_rates', 'stress_factors', 'organ_nutrient_status']
DEBUG Nutrient env_conditions keys: ['temperature', 'ph', 'optimal_ec']
DEBUG Nutrient step 1141: Calling calculate_nutrient_dynamics
DEBUG Nutrient plant_status keys: ['root_surface_area', 'tank_volume_L', 'plant_count', 'daily_growth_rate', 'growth_stage', 'senescence_rates', 'stress_factors', 'organ_nutrient_status']
DEBUG Nutrient env_conditions keys: ['temperature', 'ph', 'optimal_ec']
DEBUG Nutrient step 1142: Calling calculate_nutrient_dynamics
DEBUG Nutrient plant_status keys: ['root_surface_area', 'tank_volume_L', 'plant_count', 'daily_growth_rate', 'growth_stage', 'senescence_rates', 'stress_factors', 'organ_nutrient_status']
DEBUG Nutrient env_conditions keys: ['temperature', 'ph', 'optimal_ec']
DEBUG Nutrient step 1143: Calling calculate_nutrient_dynamics
DEBUG Nutrient plant_status keys: ['root_surface_area', 'tank_volume_L', 'plant_count', 'daily_growth_rate', 'growth_stage', 'senescence_rates', 'stress_factors', 'organ_nutrient_status']
DEBUG Nutrient env_conditions keys: ['temperature', 'ph', 'optimal_ec']
DEBUG Nutrient step 1144: Calling calculate_nutrient_dynamics
DEBUG Nutrient plant_status keys: ['root_surface_area', 'tank_volume_L', 'plant_count', 'daily_growth_rate', 'growth_stage', 'senescence_rates', 'stress_factors', 'organ_nutrient_status']
DEBUG Nutrient env_conditions keys: ['temperature', 'ph', 'optimal_ec']
DEBUG Nutrient step 1145: Calling calculate_nutrient_dynamics
DEBUG Nutrient plant_status keys: ['root_surface_area', 'tank_volume_L', 'plant_count', 'daily_growth_rate', 'growth_stage', 'senescence_rates', 'stress_factors', 'organ_nutrient_status']
DEBUG Nutrient env_conditions keys: ['temperature', 'ph', 'optimal_ec']
DEBUG Nutrient step 1146: Calling calculate_nutrient_dynamics
DEBUG Nutrient plant_status keys: ['root_surface_area', 'tank_volume_L', 'plant_count', 'daily_growth_rate', 'growth_stage', 'senescence_rates', 'stress_factors', 'organ_nutrient_status']
DEBUG Nutrient env_conditions keys: ['temperature', 'ph', 'optimal_ec']
DEBUG Nutrient step 1147: Calling calculate_nutrient_dynamics
DEBUG Nutrient plant_status keys: ['root_surface_area', 'tank_volume_L', 'plant_count', 'daily_growth_rate', 'growth_stage', 'senescence_rates', 'stress_factors', 'organ_nutrient_status']
DEBUG Nutrient env_conditions keys: ['temperature', 'ph', 'optimal_ec']
DEBUG Nutrient step 1148: Calling calculate_nutrient_dynamics
DEBUG Nutrient plant_status keys: ['root_surface_area', 'tank_volume_L', 'plant_count', 'daily_growth_rate', 'growth_stage', 'senescence_rates', 'stress_factors', 'organ_nutrient_status']
DEBUG Nutrient env_conditions keys: ['temperature', 'ph', 'optimal_ec']
DEBUG Nutrient step 1149: Calling calculate_nutrient_dynamics
DEBUG Nutrient plant_status keys: ['root_surface_area', 'tank_volume_L', 'plant_count', 'daily_growth_rate', 'growth_stage', 'senescence_rates', 'stress_factors', 'organ_nutrient_status']
DEBUG Nutrient env_conditions keys: ['temperature', 'ph', 'optimal_ec']
DEBUG Nutrient step 1150: Calling calculate_nutrient_dynamics
DEBUG Nutrient plant_status keys: ['root_surface_area', 'tank_volume_L', 'plant_count', 'daily_growth_rate', 'growth_stage', 'senescence_rates', 'stress_factors', 'organ_nutrient_status']
DEBUG Nutrient env_conditions keys: ['temperature', 'ph', 'optimal_ec']
DEBUG Nutrient step 1151: Calling calculate_nutrient_dynamics
DEBUG Nutrient plant_status keys: ['root_surface_area', 'tank_volume_L', 'plant_count', 'daily_growth_rate', 'growth_stage', 'senescence_rates', 'stress_factors', 'organ_nutrient_status']
DEBUG Nutrient env_conditions keys: ['temperature', 'ph', 'optimal_ec']
DEBUG Nutrient step 1152: Calling calculate_nutrient_dynamics
DEBUG Nutrient plant_status keys: ['root_surface_area', 'tank_volume_L', 'plant_count', 'daily_growth_rate', 'growth_stage', 'senescence_rates', 'stress_factors', 'organ_nutrient_status']
DEBUG Nutrient env_conditions keys: ['temperature', 'ph', 'optimal_ec']
DEBUG Nutrient step 1153: Calling calculate_nutrient_dynamics
DEBUG Nutrient plant_status keys: ['root_surface_area', 'tank_volume_L', 'plant_count', 'daily_growth_rate', 'growth_stage', 'senescence_rates', 'stress_factors', 'organ_nutrient_status']
DEBUG Nutrient env_conditions keys: ['temperature', 'ph', 'optimal_ec']
DEBUG Nutrient step 1154: Calling calculate_nutrient_dynamics
DEBUG Nutrient plant_status keys: ['root_surface_area', 'tank_volume_L', 'plant_count', 'daily_growth_rate', 'growth_stage', 'senescence_rates', 'stress_factors', 'organ_nutrient_status']
DEBUG Nutrient env_conditions keys: ['temperature', 'ph', 'optimal_ec']
DEBUG Nutrient step 1155: Calling calculate_nutrient_dynamics
DEBUG Nutrient plant_status keys: ['root_surface_area', 'tank_volume_L', 'plant_count', 'daily_growth_rate', 'growth_stage', 'senescence_rates', 'stress_factors', 'organ_nutrient_status']
DEBUG Nutrient env_conditions keys: ['temperature', 'ph', 'optimal_ec']
DEBUG Nutrient step 1156: Calling calculate_nutrient_dynamics
DEBUG Nutrient plant_status keys: ['root_surface_area', 'tank_volume_L', 'plant_count', 'daily_growth_rate', 'growth_stage', 'senescence_rates', 'stress_factors', 'organ_nutrient_status']
DEBUG Nutrient env_conditions keys: ['temperature', 'ph', 'optimal_ec']
DEBUG Nutrient step 1157: Calling calculate_nutrient_dynamics
DEBUG Nutrient plant_status keys: ['root_surface_area', 'tank_volume_L', 'plant_count', 'daily_growth_rate', 'growth_stage', 'senescence_rates', 'stress_factors', 'organ_nutrient_status']
DEBUG Nutrient env_conditions keys: ['temperature', 'ph', 'optimal_ec']
DEBUG Nutrient step 1158: Calling calculate_nutrient_dynamics
DEBUG Nutrient plant_status keys: ['root_surface_area', 'tank_volume_L', 'plant_count', 'daily_growth_rate', 'growth_stage', 'senescence_rates', 'stress_factors', 'organ_nutrient_status']
DEBUG Nutrient env_conditions keys: ['temperature', 'ph', 'optimal_ec']
DEBUG Nutrient step 1159: Calling calculate_nutrient_dynamics
DEBUG Nutrient plant_status keys: ['root_surface_area', 'tank_volume_L', 'plant_count', 'daily_growth_rate', 'growth_stage', 'senescence_rates', 'stress_factors', 'organ_nutrient_status']
DEBUG Nutrient env_conditions keys: ['temperature', 'ph', 'optimal_ec']
DEBUG Nutrient step 1160: Calling calculate_nutrient_dynamics
DEBUG Nutrient plant_status keys: ['root_surface_area', 'tank_volume_L', 'plant_count', 'daily_growth_rate', 'growth_stage', 'senescence_rates', 'stress_factors', 'organ_nutrient_status']
DEBUG Nutrient env_conditions keys: ['temperature', 'ph', 'optimal_ec']
DEBUG Nutrient step 1161: Calling calculate_nutrient_dynamics
DEBUG Nutrient plant_status keys: ['root_surface_area', 'tank_volume_L', 'plant_count', 'daily_growth_rate', 'growth_stage', 'senescence_rates', 'stress_factors', 'organ_nutrient_status']
DEBUG Nutrient env_conditions keys: ['temperature', 'ph', 'optimal_ec']
DEBUG Nutrient step 1162: Calling calculate_nutrient_dynamics
DEBUG Nutrient plant_status keys: ['root_surface_area', 'tank_volume_L', 'plant_count', 'daily_growth_rate', 'growth_stage', 'senescence_rates', 'stress_factors', 'organ_nutrient_status']
DEBUG Nutrient env_conditions keys: ['temperature', 'ph', 'optimal_ec']
DEBUG Nutrient step 1163: Calling calculate_nutrient_dynamics
DEBUG Nutrient plant_status keys: ['root_surface_area', 'tank_volume_L', 'plant_count', 'daily_growth_rate', 'growth_stage', 'senescence_rates', 'stress_factors', 'organ_nutrient_status']
DEBUG Nutrient env_conditions keys: ['temperature', 'ph', 'optimal_ec']
DEBUG Nutrient step 1164: Calling calculate_nutrient_dynamics
DEBUG Nutrient plant_status keys: ['root_surface_area', 'tank_volume_L', 'plant_count', 'daily_growth_rate', 'growth_stage', 'senescence_rates', 'stress_factors', 'organ_nutrient_status']
DEBUG Nutrient env_conditions keys: ['temperature', 'ph', 'optimal_ec']
DEBUG Nutrient step 1165: Calling calculate_nutrient_dynamics
DEBUG Nutrient plant_status keys: ['root_surface_area', 'tank_volume_L', 'plant_count', 'daily_growth_rate', 'growth_stage', 'senescence_rates', 'stress_factors', 'organ_nutrient_status']
DEBUG Nutrient env_conditions keys: ['temperature', 'ph', 'optimal_ec']
DEBUG Nutrient step 1166: Calling calculate_nutrient_dynamics
DEBUG Nutrient plant_status keys: ['root_surface_area', 'tank_volume_L', 'plant_count', 'daily_growth_rate', 'growth_stage', 'senescence_rates', 'stress_factors', 'organ_nutrient_status']
DEBUG Nutrient env_conditions keys: ['temperature', 'ph', 'optimal_ec']
DEBUG Nutrient step 1167: Calling calculate_nutrient_dynamics
DEBUG Nutrient plant_status keys: ['root_surface_area', 'tank_volume_L', 'plant_count', 'daily_growth_rate', 'growth_stage', 'senescence_rates', 'stress_factors', 'organ_nutrient_status']
DEBUG Nutrient env_conditions keys: ['temperature', 'ph', 'optimal_ec']
DEBUG Nutrient step 1168: Calling calculate_nutrient_dynamics
DEBUG Nutrient plant_status keys: ['root_surface_area', 'tank_volume_L', 'plant_count', 'daily_growth_rate', 'growth_stage', 'senescence_rates', 'stress_factors', 'organ_nutrient_status']
DEBUG Nutrient env_conditions keys: ['temperature', 'ph', 'optimal_ec']
DEBUG Nutrient step 1169: Calling calculate_nutrient_dynamics
DEBUG Nutrient plant_status keys: ['root_surface_area', 'tank_volume_L', 'plant_count', 'daily_growth_rate', 'growth_stage', 'senescence_rates', 'stress_factors', 'organ_nutrient_status']
DEBUG Nutrient env_conditions keys: ['temperature', 'ph', 'optimal_ec']
DEBUG Nutrient step 1170: Calling calculate_nutrient_dynamics
DEBUG Nutrient plant_status keys: ['root_surface_area', 'tank_volume_L', 'plant_count', 'daily_growth_rate', 'growth_stage', 'senescence_rates', 'stress_factors', 'organ_nutrient_status']
DEBUG Nutrient env_conditions keys: ['temperature', 'ph', 'optimal_ec']
DEBUG Nutrient step 1171: Calling calculate_nutrient_dynamics
DEBUG Nutrient plant_status keys: ['root_surface_area', 'tank_volume_L', 'plant_count', 'daily_growth_rate', 'growth_stage', 'senescence_rates', 'stress_factors', 'organ_nutrient_status']
DEBUG Nutrient env_conditions keys: ['temperature', 'ph', 'optimal_ec']
DEBUG Nutrient step 1172: Calling calculate_nutrient_dynamics
DEBUG Nutrient plant_status keys: ['root_surface_area', 'tank_volume_L', 'plant_count', 'daily_growth_rate', 'growth_stage', 'senescence_rates', 'stress_factors', 'organ_nutrient_status']
DEBUG Nutrient env_conditions keys: ['temperature', 'ph', 'optimal_ec']
DEBUG Nutrient step 1173: Calling calculate_nutrient_dynamics
DEBUG Nutrient plant_status keys: ['root_surface_area', 'tank_volume_L', 'plant_count', 'daily_growth_rate', 'growth_stage', 'senescence_rates', 'stress_factors', 'organ_nutrient_status']
DEBUG Nutrient env_conditions keys: ['temperature', 'ph', 'optimal_ec']
DEBUG Nutrient step 1174: Calling calculate_nutrient_dynamics
DEBUG Nutrient plant_status keys: ['root_surface_area', 'tank_volume_L', 'plant_count', 'daily_growth_rate', 'growth_stage', 'senescence_rates', 'stress_factors', 'organ_nutrient_status']
DEBUG Nutrient env_conditions keys: ['temperature', 'ph', 'optimal_ec']
DEBUG Nutrient step 1175: Calling calculate_nutrient_dynamics
DEBUG Nutrient plant_status keys: ['root_surface_area', 'tank_volume_L', 'plant_count', 'daily_growth_rate', 'growth_stage', 'senescence_rates', 'stress_factors', 'organ_nutrient_status']
DEBUG Nutrient env_conditions keys: ['temperature', 'ph', 'optimal_ec']
DEBUG Nutrient step 1176: Calling calculate_nutrient_dynamics
DEBUG Nutrient plant_status keys: ['root_surface_area', 'tank_volume_L', 'plant_count', 'daily_growth_rate', 'growth_stage', 'senescence_rates', 'stress_factors', 'organ_nutrient_status']
DEBUG Nutrient env_conditions keys: ['temperature', 'ph', 'optimal_ec']
DEBUG Nutrient step 1177: Calling calculate_nutrient_dynamics
DEBUG Nutrient plant_status keys: ['root_surface_area', 'tank_volume_L', 'plant_count', 'daily_growth_rate', 'growth_stage', 'senescence_rates', 'stress_factors', 'organ_nutrient_status']
DEBUG Nutrient env_conditions keys: ['temperature', 'ph', 'optimal_ec']
DEBUG Nutrient step 1178: Calling calculate_nutrient_dynamics
DEBUG Nutrient plant_status keys: ['root_surface_area', 'tank_volume_L', 'plant_count', 'daily_growth_rate', 'growth_stage', 'senescence_rates', 'stress_factors', 'organ_nutrient_status']
DEBUG Nutrient env_conditions keys: ['temperature', 'ph', 'optimal_ec']
DEBUG Nutrient step 1179: Calling calculate_nutrient_dynamics
DEBUG Nutrient plant_status keys: ['root_surface_area', 'tank_volume_L', 'plant_count', 'daily_growth_rate', 'growth_stage', 'senescence_rates', 'stress_factors', 'organ_nutrient_status']
DEBUG Nutrient env_conditions keys: ['temperature', 'ph', 'optimal_ec']
DEBUG Nutrient step 1180: Calling calculate_nutrient_dynamics
DEBUG Nutrient plant_status keys: ['root_surface_area', 'tank_volume_L', 'plant_count', 'daily_growth_rate', 'growth_stage', 'senescence_rates', 'stress_factors', 'organ_nutrient_status']
DEBUG Nutrient env_conditions keys: ['temperature', 'ph', 'optimal_ec']
DEBUG Nutrient step 1181: Calling calculate_nutrient_dynamics
DEBUG Nutrient plant_status keys: ['root_surface_area', 'tank_volume_L', 'plant_count', 'daily_growth_rate', 'growth_stage', 'senescence_rates', 'stress_factors', 'organ_nutrient_status']
DEBUG Nutrient env_conditions keys: ['temperature', 'ph', 'optimal_ec']
DEBUG Nutrient step 1182: Calling calculate_nutrient_dynamics
DEBUG Nutrient plant_status keys: ['root_surface_area', 'tank_volume_L', 'plant_count', 'daily_growth_rate', 'growth_stage', 'senescence_rates', 'stress_factors', 'organ_nutrient_status']
DEBUG Nutrient env_conditions keys: ['temperature', 'ph', 'optimal_ec']
DEBUG Nutrient step 1183: Calling calculate_nutrient_dynamics
DEBUG Nutrient plant_status keys: ['root_surface_area', 'tank_volume_L', 'plant_count', 'daily_growth_rate', 'growth_stage', 'senescence_rates', 'stress_factors', 'organ_nutrient_status']
DEBUG Nutrient env_conditions keys: ['temperature', 'ph', 'optimal_ec']
DEBUG Nutrient step 1184: Calling calculate_nutrient_dynamics
DEBUG Nutrient plant_status keys: ['root_surface_area', 'tank_volume_L', 'plant_count', 'daily_growth_rate', 'growth_stage', 'senescence_rates', 'stress_factors', 'organ_nutrient_status']
DEBUG Nutrient env_conditions keys: ['temperature', 'ph', 'optimal_ec']
DEBUG Nutrient step 1185: Calling calculate_nutrient_dynamics
DEBUG Nutrient plant_status keys: ['root_surface_area', 'tank_volume_L', 'plant_count', 'daily_growth_rate', 'growth_stage', 'senescence_rates', 'stress_factors', 'organ_nutrient_status']
DEBUG Nutrient env_conditions keys: ['temperature', 'ph', 'optimal_ec']
DEBUG Nutrient step 1186: Calling calculate_nutrient_dynamics
DEBUG Nutrient plant_status keys: ['root_surface_area', 'tank_volume_L', 'plant_count', 'daily_growth_rate', 'growth_stage', 'senescence_rates', 'stress_factors', 'organ_nutrient_status']
DEBUG Nutrient env_conditions keys: ['temperature', 'ph', 'optimal_ec']
DEBUG Nutrient step 1187: Calling calculate_nutrient_dynamics
DEBUG Nutrient plant_status keys: ['root_surface_area', 'tank_volume_L', 'plant_count', 'daily_growth_rate', 'growth_stage', 'senescence_rates', 'stress_factors', 'organ_nutrient_status']
DEBUG Nutrient env_conditions keys: ['temperature', 'ph', 'optimal_ec']
DEBUG Nutrient step 1188: Calling calculate_nutrient_dynamics
DEBUG Nutrient plant_status keys: ['root_surface_area', 'tank_volume_L', 'plant_count', 'daily_growth_rate', 'growth_stage', 'senescence_rates', 'stress_factors', 'organ_nutrient_status']
DEBUG Nutrient env_conditions keys: ['temperature', 'ph', 'optimal_ec']
DEBUG Nutrient step 1189: Calling calculate_nutrient_dynamics
DEBUG Nutrient plant_status keys: ['root_surface_area', 'tank_volume_L', 'plant_count', 'daily_growth_rate', 'growth_stage', 'senescence_rates', 'stress_factors', 'organ_nutrient_status']
DEBUG Nutrient env_conditions keys: ['temperature', 'ph', 'optimal_ec']
DEBUG Nutrient step 1190: Calling calculate_nutrient_dynamics
DEBUG Nutrient plant_status keys: ['root_surface_area', 'tank_volume_L', 'plant_count', 'daily_growth_rate', 'growth_stage', 'senescence_rates', 'stress_factors', 'organ_nutrient_status']
DEBUG Nutrient env_conditions keys: ['temperature', 'ph', 'optimal_ec']
DEBUG Nutrient step 1191: Calling calculate_nutrient_dynamics
DEBUG Nutrient plant_status keys: ['root_surface_area', 'tank_volume_L', 'plant_count', 'daily_growth_rate', 'growth_stage', 'senescence_rates', 'stress_factors', 'organ_nutrient_status']
DEBUG Nutrient env_conditions keys: ['temperature', 'ph', 'optimal_ec']
DEBUG Nutrient step 1192: Calling calculate_nutrient_dynamics
DEBUG Nutrient plant_status keys: ['root_surface_area', 'tank_volume_L', 'plant_count', 'daily_growth_rate', 'growth_stage', 'senescence_rates', 'stress_factors', 'organ_nutrient_status']
DEBUG Nutrient env_conditions keys: ['temperature', 'ph', 'optimal_ec']
DEBUG Nutrient step 1193: Calling calculate_nutrient_dynamics
DEBUG Nutrient plant_status keys: ['root_surface_area', 'tank_volume_L', 'plant_count', 'daily_growth_rate', 'growth_stage', 'senescence_rates', 'stress_factors', 'organ_nutrient_status']
DEBUG Nutrient env_conditions keys: ['temperature', 'ph', 'optimal_ec']
DEBUG Nutrient step 1194: Calling calculate_nutrient_dynamics
DEBUG Nutrient plant_status keys: ['root_surface_area', 'tank_volume_L', 'plant_count', 'daily_growth_rate', 'growth_stage', 'senescence_rates', 'stress_factors', 'organ_nutrient_status']
DEBUG Nutrient env_conditions keys: ['temperature', 'ph', 'optimal_ec']
DEBUG Nutrient step 1195: Calling calculate_nutrient_dynamics
DEBUG Nutrient plant_status keys: ['root_surface_area', 'tank_volume_L', 'plant_count', 'daily_growth_rate', 'growth_stage', 'senescence_rates', 'stress_factors', 'organ_nutrient_status']
DEBUG Nutrient env_conditions keys: ['temperature', 'ph', 'optimal_ec']
DEBUG Nutrient step 1196: Calling calculate_nutrient_dynamics
DEBUG Nutrient plant_status keys: ['root_surface_area', 'tank_volume_L', 'plant_count', 'daily_growth_rate', 'growth_stage', 'senescence_rates', 'stress_factors', 'organ_nutrient_status']
DEBUG Nutrient env_conditions keys: ['temperature', 'ph', 'optimal_ec']
DEBUG Nutrient step 1197: Calling calculate_nutrient_dynamics
DEBUG Nutrient plant_status keys: ['root_surface_area', 'tank_volume_L', 'plant_count', 'daily_growth_rate', 'growth_stage', 'senescence_rates', 'stress_factors', 'organ_nutrient_status']
DEBUG Nutrient env_conditions keys: ['temperature', 'ph', 'optimal_ec']
DEBUG Nutrient step 1198: Calling calculate_nutrient_dynamics
DEBUG Nutrient plant_status keys: ['root_surface_area', 'tank_volume_L', 'plant_count', 'daily_growth_rate', 'growth_stage', 'senescence_rates', 'stress_factors', 'organ_nutrient_status']
DEBUG Nutrient env_conditions keys: ['temperature', 'ph', 'optimal_ec']
DEBUG Nutrient step 1199: Calling calculate_nutrient_dynamics
DEBUG Nutrient plant_status keys: ['root_surface_area', 'tank_volume_L', 'plant_count', 'daily_growth_rate', 'growth_stage', 'senescence_rates', 'stress_factors', 'organ_nutrient_status']
DEBUG Nutrient env_conditions keys: ['temperature', 'ph', 'optimal_ec']
DEBUG Nutrient step 1200: Calling calculate_nutrient_dynamics
DEBUG Nutrient plant_status keys: ['root_surface_area', 'tank_volume_L', 'plant_count', 'daily_growth_rate', 'growth_stage', 'senescence_rates', 'stress_factors', 'organ_nutrient_status']
DEBUG Nutrient env_conditions keys: ['temperature', 'ph', 'optimal_ec']
DEBUG Nutrient step 1201: Calling calculate_nutrient_dynamics
DEBUG Nutrient plant_status keys: ['root_surface_area', 'tank_volume_L', 'plant_count', 'daily_growth_rate', 'growth_stage', 'senescence_rates', 'stress_factors', 'organ_nutrient_status']
DEBUG Nutrient env_conditions keys: ['temperature', 'ph', 'optimal_ec']
DEBUG Nutrient step 1202: Calling calculate_nutrient_dynamics
DEBUG Nutrient plant_status keys: ['root_surface_area', 'tank_volume_L', 'plant_count', 'daily_growth_rate', 'growth_stage', 'senescence_rates', 'stress_factors', 'organ_nutrient_status']
DEBUG Nutrient env_conditions keys: ['temperature', 'ph', 'optimal_ec']
DEBUG Nutrient step 1203: Calling calculate_nutrient_dynamics
DEBUG Nutrient plant_status keys: ['root_surface_area', 'tank_volume_L', 'plant_count', 'daily_growth_rate', 'growth_stage', 'senescence_rates', 'stress_factors', 'organ_nutrient_status']
DEBUG Nutrient env_conditions keys: ['temperature', 'ph', 'optimal_ec']
DEBUG Nutrient step 1204: Calling calculate_nutrient_dynamics
DEBUG Nutrient plant_status keys: ['root_surface_area', 'tank_volume_L', 'plant_count', 'daily_growth_rate', 'growth_stage', 'senescence_rates', 'stress_factors', 'organ_nutrient_status']
DEBUG Nutrient env_conditions keys: ['temperature', 'ph', 'optimal_ec']
DEBUG Nutrient step 1205: Calling calculate_nutrient_dynamics
DEBUG Nutrient plant_status keys: ['root_surface_area', 'tank_volume_L', 'plant_count', 'daily_growth_rate', 'growth_stage', 'senescence_rates', 'stress_factors', 'organ_nutrient_status']
DEBUG Nutrient env_conditions keys: ['temperature', 'ph', 'optimal_ec']
DEBUG Nutrient step 1206: Calling calculate_nutrient_dynamics
DEBUG Nutrient plant_status keys: ['root_surface_area', 'tank_volume_L', 'plant_count', 'daily_growth_rate', 'growth_stage', 'senescence_rates', 'stress_factors', 'organ_nutrient_status']
DEBUG Nutrient env_conditions keys: ['temperature', 'ph', 'optimal_ec']
DEBUG Nutrient step 1207: Calling calculate_nutrient_dynamics
DEBUG Nutrient plant_status keys: ['root_surface_area', 'tank_volume_L', 'plant_count', 'daily_growth_rate', 'growth_stage', 'senescence_rates', 'stress_factors', 'organ_nutrient_status']
DEBUG Nutrient env_conditions keys: ['temperature', 'ph', 'optimal_ec']
DEBUG Nutrient step 1208: Calling calculate_nutrient_dynamics
DEBUG Nutrient plant_status keys: ['root_surface_area', 'tank_volume_L', 'plant_count', 'daily_growth_rate', 'growth_stage', 'senescence_rates', 'stress_factors', 'organ_nutrient_status']
DEBUG Nutrient env_conditions keys: ['temperature', 'ph', 'optimal_ec']
DEBUG Nutrient step 1209: Calling calculate_nutrient_dynamics
DEBUG Nutrient plant_status keys: ['root_surface_area', 'tank_volume_L', 'plant_count', 'daily_growth_rate', 'growth_stage', 'senescence_rates', 'stress_factors', 'organ_nutrient_status']
DEBUG Nutrient env_conditions keys: ['temperature', 'ph', 'optimal_ec']
DEBUG Nutrient step 1210: Calling calculate_nutrient_dynamics
DEBUG Nutrient plant_status keys: ['root_surface_area', 'tank_volume_L', 'plant_count', 'daily_growth_rate', 'growth_stage', 'senescence_rates', 'stress_factors', 'organ_nutrient_status']
DEBUG Nutrient env_conditions keys: ['temperature', 'ph', 'optimal_ec']
DEBUG Nutrient step 1211: Calling calculate_nutrient_dynamics
DEBUG Nutrient plant_status keys: ['root_surface_area', 'tank_volume_L', 'plant_count', 'daily_growth_rate', 'growth_stage', 'senescence_rates', 'stress_factors', 'organ_nutrient_status']
DEBUG Nutrient env_conditions keys: ['temperature', 'ph', 'optimal_ec']
DEBUG Nutrient step 1212: Calling calculate_nutrient_dynamics
DEBUG Nutrient plant_status keys: ['root_surface_area', 'tank_volume_L', 'plant_count', 'daily_growth_rate', 'growth_stage', 'senescence_rates', 'stress_factors', 'organ_nutrient_status']
DEBUG Nutrient env_conditions keys: ['temperature', 'ph', 'optimal_ec']
DEBUG Nutrient step 1213: Calling calculate_nutrient_dynamics
DEBUG Nutrient plant_status keys: ['root_surface_area', 'tank_volume_L', 'plant_count', 'daily_growth_rate', 'growth_stage', 'senescence_rates', 'stress_factors', 'organ_nutrient_status']
DEBUG Nutrient env_conditions keys: ['temperature', 'ph', 'optimal_ec']
DEBUG Nutrient step 1214: Calling calculate_nutrient_dynamics
DEBUG Nutrient plant_status keys: ['root_surface_area', 'tank_volume_L', 'plant_count', 'daily_growth_rate', 'growth_stage', 'senescence_rates', 'stress_factors', 'organ_nutrient_status']
DEBUG Nutrient env_conditions keys: ['temperature', 'ph', 'optimal_ec']
DEBUG Nutrient step 1215: Calling calculate_nutrient_dynamics
DEBUG Nutrient plant_status keys: ['root_surface_area', 'tank_volume_L', 'plant_count', 'daily_growth_rate', 'growth_stage', 'senescence_rates', 'stress_factors', 'organ_nutrient_status']
DEBUG Nutrient env_conditions keys: ['temperature', 'ph', 'optimal_ec']
DEBUG Nutrient step 1216: Calling calculate_nutrient_dynamics
DEBUG Nutrient plant_status keys: ['root_surface_area', 'tank_volume_L', 'plant_count', 'daily_growth_rate', 'growth_stage', 'senescence_rates', 'stress_factors', 'organ_nutrient_status']
DEBUG Nutrient env_conditions keys: ['temperature', 'ph', 'optimal_ec']
DEBUG Nutrient step 1217: Calling calculate_nutrient_dynamics
DEBUG Nutrient plant_status keys: ['root_surface_area', 'tank_volume_L', 'plant_count', 'daily_growth_rate', 'growth_stage', 'senescence_rates', 'stress_factors', 'organ_nutrient_status']
DEBUG Nutrient env_conditions keys: ['temperature', 'ph', 'optimal_ec']
DEBUG Nutrient step 1218: Calling calculate_nutrient_dynamics
DEBUG Nutrient plant_status keys: ['root_surface_area', 'tank_volume_L', 'plant_count', 'daily_growth_rate', 'growth_stage', 'senescence_rates', 'stress_factors', 'organ_nutrient_status']
DEBUG Nutrient env_conditions keys: ['temperature', 'ph', 'optimal_ec']
DEBUG Nutrient step 1219: Calling calculate_nutrient_dynamics
DEBUG Nutrient plant_status keys: ['root_surface_area', 'tank_volume_L', 'plant_count', 'daily_growth_rate', 'growth_stage', 'senescence_rates', 'stress_factors', 'organ_nutrient_status']
DEBUG Nutrient env_conditions keys: ['temperature', 'ph', 'optimal_ec']
DEBUG Nutrient step 1220: Calling calculate_nutrient_dynamics
DEBUG Nutrient plant_status keys: ['root_surface_area', 'tank_volume_L', 'plant_count', 'daily_growth_rate', 'growth_stage', 'senescence_rates', 'stress_factors', 'organ_nutrient_status']
DEBUG Nutrient env_conditions keys: ['temperature', 'ph', 'optimal_ec']
DEBUG Nutrient step 1221: Calling calculate_nutrient_dynamics
DEBUG Nutrient plant_status keys: ['root_surface_area', 'tank_volume_L', 'plant_count', 'daily_growth_rate', 'growth_stage', 'senescence_rates', 'stress_factors', 'organ_nutrient_status']
DEBUG Nutrient env_conditions keys: ['temperature', 'ph', 'optimal_ec']
DEBUG Nutrient step 1222: Calling calculate_nutrient_dynamics
DEBUG Nutrient plant_status keys: ['root_surface_area', 'tank_volume_L', 'plant_count', 'daily_growth_rate', 'growth_stage', 'senescence_rates', 'stress_factors', 'organ_nutrient_status']
DEBUG Nutrient env_conditions keys: ['temperature', 'ph', 'optimal_ec']
DEBUG Nutrient step 1223: Calling calculate_nutrient_dynamics
DEBUG Nutrient plant_status keys: ['root_surface_area', 'tank_volume_L', 'plant_count', 'daily_growth_rate', 'growth_stage', 'senescence_rates', 'stress_factors', 'organ_nutrient_status']
DEBUG Nutrient env_conditions keys: ['temperature', 'ph', 'optimal_ec']
DEBUG Nutrient step 1224: Calling calculate_nutrient_dynamics
DEBUG Nutrient plant_status keys: ['root_surface_area', 'tank_volume_L', 'plant_count', 'daily_growth_rate', 'growth_stage', 'senescence_rates', 'stress_factors', 'organ_nutrient_status']
DEBUG Nutrient env_conditions keys: ['temperature', 'ph', 'optimal_ec']
DEBUG Nutrient step 1225: Calling calculate_nutrient_dynamics
DEBUG Nutrient plant_status keys: ['root_surface_area', 'tank_volume_L', 'plant_count', 'daily_growth_rate', 'growth_stage', 'senescence_rates', 'stress_factors', 'organ_nutrient_status']
DEBUG Nutrient env_conditions keys: ['temperature', 'ph', 'optimal_ec']
DEBUG Nutrient step 1226: Calling calculate_nutrient_dynamics
DEBUG Nutrient plant_status keys: ['root_surface_area', 'tank_volume_L', 'plant_count', 'daily_growth_rate', 'growth_stage', 'senescence_rates', 'stress_factors', 'organ_nutrient_status']
DEBUG Nutrient env_conditions keys: ['temperature', 'ph', 'optimal_ec']
DEBUG Nutrient step 1227: Calling calculate_nutrient_dynamics
DEBUG Nutrient plant_status keys: ['root_surface_area', 'tank_volume_L', 'plant_count', 'daily_growth_rate', 'growth_stage', 'senescence_rates', 'stress_factors', 'organ_nutrient_status']
DEBUG Nutrient env_conditions keys: ['temperature', 'ph', 'optimal_ec']
DEBUG Nutrient step 1228: Calling calculate_nutrient_dynamics
DEBUG Nutrient plant_status keys: ['root_surface_area', 'tank_volume_L', 'plant_count', 'daily_growth_rate', 'growth_stage', 'senescence_rates', 'stress_factors', 'organ_nutrient_status']
DEBUG Nutrient env_conditions keys: ['temperature', 'ph', 'optimal_ec']
DEBUG Nutrient step 1229: Calling calculate_nutrient_dynamics
DEBUG Nutrient plant_status keys: ['root_surface_area', 'tank_volume_L', 'plant_count', 'daily_growth_rate', 'growth_stage', 'senescence_rates', 'stress_factors', 'organ_nutrient_status']
DEBUG Nutrient env_conditions keys: ['temperature', 'ph', 'optimal_ec']
DEBUG Nutrient step 1230: Calling calculate_nutrient_dynamics
DEBUG Nutrient plant_status keys: ['root_surface_area', 'tank_volume_L', 'plant_count', 'daily_growth_rate', 'growth_stage', 'senescence_rates', 'stress_factors', 'organ_nutrient_status']
DEBUG Nutrient env_conditions keys: ['temperature', 'ph', 'optimal_ec']
DEBUG Nutrient step 1231: Calling calculate_nutrient_dynamics
DEBUG Nutrient plant_status keys: ['root_surface_area', 'tank_volume_L', 'plant_count', 'daily_growth_rate', 'growth_stage', 'senescence_rates', 'stress_factors', 'organ_nutrient_status']
DEBUG Nutrient env_conditions keys: ['temperature', 'ph', 'optimal_ec']
DEBUG Nutrient step 1232: Calling calculate_nutrient_dynamics
DEBUG Nutrient plant_status keys: ['root_surface_area', 'tank_volume_L', 'plant_count', 'daily_growth_rate', 'growth_stage', 'senescence_rates', 'stress_factors', 'organ_nutrient_status']
DEBUG Nutrient env_conditions keys: ['temperature', 'ph', 'optimal_ec']
DEBUG Nutrient step 1233: Calling calculate_nutrient_dynamics
DEBUG Nutrient plant_status keys: ['root_surface_area', 'tank_volume_L', 'plant_count', 'daily_growth_rate', 'growth_stage', 'senescence_rates', 'stress_factors', 'organ_nutrient_status']
DEBUG Nutrient env_conditions keys: ['temperature', 'ph', 'optimal_ec']
DEBUG Nutrient step 1234: Calling calculate_nutrient_dynamics
DEBUG Nutrient plant_status keys: ['root_surface_area', 'tank_volume_L', 'plant_count', 'daily_growth_rate', 'growth_stage', 'senescence_rates', 'stress_factors', 'organ_nutrient_status']
DEBUG Nutrient env_conditions keys: ['temperature', 'ph', 'optimal_ec']
DEBUG Nutrient step 1235: Calling calculate_nutrient_dynamics
DEBUG Nutrient plant_status keys: ['root_surface_area', 'tank_volume_L', 'plant_count', 'daily_growth_rate', 'growth_stage', 'senescence_rates', 'stress_factors', 'organ_nutrient_status']
DEBUG Nutrient env_conditions keys: ['temperature', 'ph', 'optimal_ec']
DEBUG Nutrient step 1236: Calling calculate_nutrient_dynamics
DEBUG Nutrient plant_status keys: ['root_surface_area', 'tank_volume_L', 'plant_count', 'daily_growth_rate', 'growth_stage', 'senescence_rates', 'stress_factors', 'organ_nutrient_status']
DEBUG Nutrient env_conditions keys: ['temperature', 'ph', 'optimal_ec']
DEBUG Nutrient step 1237: Calling calculate_nutrient_dynamics
DEBUG Nutrient plant_status keys: ['root_surface_area', 'tank_volume_L', 'plant_count', 'daily_growth_rate', 'growth_stage', 'senescence_rates', 'stress_factors', 'organ_nutrient_status']
DEBUG Nutrient env_conditions keys: ['temperature', 'ph', 'optimal_ec']
DEBUG Nutrient step 1238: Calling calculate_nutrient_dynamics
DEBUG Nutrient plant_status keys: ['root_surface_area', 'tank_volume_L', 'plant_count', 'daily_growth_rate', 'growth_stage', 'senescence_rates', 'stress_factors', 'organ_nutrient_status']
DEBUG Nutrient env_conditions keys: ['temperature', 'ph', 'optimal_ec']
DEBUG Nutrient step 1239: Calling calculate_nutrient_dynamics
DEBUG Nutrient plant_status keys: ['root_surface_area', 'tank_volume_L', 'plant_count', 'daily_growth_rate', 'growth_stage', 'senescence_rates', 'stress_factors', 'organ_nutrient_status']
DEBUG Nutrient env_conditions keys: ['temperature', 'ph', 'optimal_ec']
DEBUG Nutrient step 1240: Calling calculate_nutrient_dynamics
DEBUG Nutrient plant_status keys: ['root_surface_area', 'tank_volume_L', 'plant_count', 'daily_growth_rate', 'growth_stage', 'senescence_rates', 'stress_factors', 'organ_nutrient_status']
DEBUG Nutrient env_conditions keys: ['temperature', 'ph', 'optimal_ec']
DEBUG Nutrient step 1241: Calling calculate_nutrient_dynamics
DEBUG Nutrient plant_status keys: ['root_surface_area', 'tank_volume_L', 'plant_count', 'daily_growth_rate', 'growth_stage', 'senescence_rates', 'stress_factors', 'organ_nutrient_status']
DEBUG Nutrient env_conditions keys: ['temperature', 'ph', 'optimal_ec']
DEBUG Nutrient step 1242: Calling calculate_nutrient_dynamics
DEBUG Nutrient plant_status keys: ['root_surface_area', 'tank_volume_L', 'plant_count', 'daily_growth_rate', 'growth_stage', 'senescence_rates', 'stress_factors', 'organ_nutrient_status']
DEBUG Nutrient env_conditions keys: ['temperature', 'ph', 'optimal_ec']
DEBUG Nutrient step 1243: Calling calculate_nutrient_dynamics
DEBUG Nutrient plant_status keys: ['root_surface_area', 'tank_volume_L', 'plant_count', 'daily_growth_rate', 'growth_stage', 'senescence_rates', 'stress_factors', 'organ_nutrient_status']
DEBUG Nutrient env_conditions keys: ['temperature', 'ph', 'optimal_ec']
DEBUG Nutrient step 1244: Calling calculate_nutrient_dynamics
DEBUG Nutrient plant_status keys: ['root_surface_area', 'tank_volume_L', 'plant_count', 'daily_growth_rate', 'growth_stage', 'senescence_rates', 'stress_factors', 'organ_nutrient_status']
DEBUG Nutrient env_conditions keys: ['temperature', 'ph', 'optimal_ec']
DEBUG Nutrient step 1245: Calling calculate_nutrient_dynamics
DEBUG Nutrient plant_status keys: ['root_surface_area', 'tank_volume_L', 'plant_count', 'daily_growth_rate', 'growth_stage', 'senescence_rates', 'stress_factors', 'organ_nutrient_status']
DEBUG Nutrient env_conditions keys: ['temperature', 'ph', 'optimal_ec']
DEBUG Nutrient step 1246: Calling calculate_nutrient_dynamics
DEBUG Nutrient plant_status keys: ['root_surface_area', 'tank_volume_L', 'plant_count', 'daily_growth_rate', 'growth_stage', 'senescence_rates', 'stress_factors', 'organ_nutrient_status']
DEBUG Nutrient env_conditions keys: ['temperature', 'ph', 'optimal_ec']
DEBUG Nutrient step 1247: Calling calculate_nutrient_dynamics
DEBUG Nutrient plant_status keys: ['root_surface_area', 'tank_volume_L', 'plant_count', 'daily_growth_rate', 'growth_stage', 'senescence_rates', 'stress_factors', 'organ_nutrient_status']
DEBUG Nutrient env_conditions keys: ['temperature', 'ph', 'optimal_ec']
DEBUG Nutrient step 1248: Calling calculate_nutrient_dynamics
DEBUG Nutrient plant_status keys: ['root_surface_area', 'tank_volume_L', 'plant_count', 'daily_growth_rate', 'growth_stage', 'senescence_rates', 'stress_factors', 'organ_nutrient_status']
DEBUG Nutrient env_conditions keys: ['temperature', 'ph', 'optimal_ec']
DEBUG Nutrient step 1249: Calling calculate_nutrient_dynamics
DEBUG Nutrient plant_status keys: ['root_surface_area', 'tank_volume_L', 'plant_count', 'daily_growth_rate', 'growth_stage', 'senescence_rates', 'stress_factors', 'organ_nutrient_status']
DEBUG Nutrient env_conditions keys: ['temperature', 'ph', 'optimal_ec']
DEBUG Nutrient step 1250: Calling calculate_nutrient_dynamics
DEBUG Nutrient plant_status keys: ['root_surface_area', 'tank_volume_L', 'plant_count', 'daily_growth_rate', 'growth_stage', 'senescence_rates', 'stress_factors', 'organ_nutrient_status']
DEBUG Nutrient env_conditions keys: ['temperature', 'ph', 'optimal_ec']
DEBUG Nutrient step 1251: Calling calculate_nutrient_dynamics
DEBUG Nutrient plant_status keys: ['root_surface_area', 'tank_volume_L', 'plant_count', 'daily_growth_rate', 'growth_stage', 'senescence_rates', 'stress_factors', 'organ_nutrient_status']
DEBUG Nutrient env_conditions keys: ['temperature', 'ph', 'optimal_ec']
DEBUG Nutrient step 1252: Calling calculate_nutrient_dynamics
DEBUG Nutrient plant_status keys: ['root_surface_area', 'tank_volume_L', 'plant_count', 'daily_growth_rate', 'growth_stage', 'senescence_rates', 'stress_factors', 'organ_nutrient_status']
DEBUG Nutrient env_conditions keys: ['temperature', 'ph', 'optimal_ec']
DEBUG Nutrient step 1253: Calling calculate_nutrient_dynamics
DEBUG Nutrient plant_status keys: ['root_surface_area', 'tank_volume_L', 'plant_count', 'daily_growth_rate', 'growth_stage', 'senescence_rates', 'stress_factors', 'organ_nutrient_status']
DEBUG Nutrient env_conditions keys: ['temperature', 'ph', 'optimal_ec']
DEBUG Nutrient step 1254: Calling calculate_nutrient_dynamics
DEBUG Nutrient plant_status keys: ['root_surface_area', 'tank_volume_L', 'plant_count', 'daily_growth_rate', 'growth_stage', 'senescence_rates', 'stress_factors', 'organ_nutrient_status']
DEBUG Nutrient env_conditions keys: ['temperature', 'ph', 'optimal_ec']
DEBUG Nutrient step 1255: Calling calculate_nutrient_dynamics
DEBUG Nutrient plant_status keys: ['root_surface_area', 'tank_volume_L', 'plant_count', 'daily_growth_rate', 'growth_stage', 'senescence_rates', 'stress_factors', 'organ_nutrient_status']
DEBUG Nutrient env_conditions keys: ['temperature', 'ph', 'optimal_ec']
DEBUG Nutrient step 1256: Calling calculate_nutrient_dynamics
DEBUG Nutrient plant_status keys: ['root_surface_area', 'tank_volume_L', 'plant_count', 'daily_growth_rate', 'growth_stage', 'senescence_rates', 'stress_factors', 'organ_nutrient_status']
DEBUG Nutrient env_conditions keys: ['temperature', 'ph', 'optimal_ec']
DEBUG Nutrient step 1257: Calling calculate_nutrient_dynamics
DEBUG Nutrient plant_status keys: ['root_surface_area', 'tank_volume_L', 'plant_count', 'daily_growth_rate', 'growth_stage', 'senescence_rates', 'stress_factors', 'organ_nutrient_status']
DEBUG Nutrient env_conditions keys: ['temperature', 'ph', 'optimal_ec']
DEBUG Nutrient step 1258: Calling calculate_nutrient_dynamics
DEBUG Nutrient plant_status keys: ['root_surface_area', 'tank_volume_L', 'plant_count', 'daily_growth_rate', 'growth_stage', 'senescence_rates', 'stress_factors', 'organ_nutrient_status']
DEBUG Nutrient env_conditions keys: ['temperature', 'ph', 'optimal_ec']
DEBUG Nutrient step 1259: Calling calculate_nutrient_dynamics
DEBUG Nutrient plant_status keys: ['root_surface_area', 'tank_volume_L', 'plant_count', 'daily_growth_rate', 'growth_stage', 'senescence_rates', 'stress_factors', 'organ_nutrient_status']
DEBUG Nutrient env_conditions keys: ['temperature', 'ph', 'optimal_ec']
DEBUG Nutrient step 1260: Calling calculate_nutrient_dynamics
DEBUG Nutrient plant_status keys: ['root_surface_area', 'tank_volume_L', 'plant_count', 'daily_growth_rate', 'growth_stage', 'senescence_rates', 'stress_factors', 'organ_nutrient_status']
DEBUG Nutrient env_conditions keys: ['temperature', 'ph', 'optimal_ec']
DEBUG Nutrient step 1261: Calling calculate_nutrient_dynamics
DEBUG Nutrient plant_status keys: ['root_surface_area', 'tank_volume_L', 'plant_count', 'daily_growth_rate', 'growth_stage', 'senescence_rates', 'stress_factors', 'organ_nutrient_status']
DEBUG Nutrient env_conditions keys: ['temperature', 'ph', 'optimal_ec']
DEBUG Nutrient step 1262: Calling calculate_nutrient_dynamics
DEBUG Nutrient plant_status keys: ['root_surface_area', 'tank_volume_L', 'plant_count', 'daily_growth_rate', 'growth_stage', 'senescence_rates', 'stress_factors', 'organ_nutrient_status']
DEBUG Nutrient env_conditions keys: ['temperature', 'ph', 'optimal_ec']
DEBUG Nutrient step 1263: Calling calculate_nutrient_dynamics
DEBUG Nutrient plant_status keys: ['root_surface_area', 'tank_volume_L', 'plant_count', 'daily_growth_rate', 'growth_stage', 'senescence_rates', 'stress_factors', 'organ_nutrient_status']
DEBUG Nutrient env_conditions keys: ['temperature', 'ph', 'optimal_ec']
DEBUG Nutrient step 1264: Calling calculate_nutrient_dynamics
DEBUG Nutrient plant_status keys: ['root_surface_area', 'tank_volume_L', 'plant_count', 'daily_growth_rate', 'growth_stage', 'senescence_rates', 'stress_factors', 'organ_nutrient_status']
DEBUG Nutrient env_conditions keys: ['temperature', 'ph', 'optimal_ec']
DEBUG Nutrient step 1265: Calling calculate_nutrient_dynamics
DEBUG Nutrient plant_status keys: ['root_surface_area', 'tank_volume_L', 'plant_count', 'daily_growth_rate', 'growth_stage', 'senescence_rates', 'stress_factors', 'organ_nutrient_status']
DEBUG Nutrient env_conditions keys: ['temperature', 'ph', 'optimal_ec']
DEBUG Nutrient step 1266: Calling calculate_nutrient_dynamics
DEBUG Nutrient plant_status keys: ['root_surface_area', 'tank_volume_L', 'plant_count', 'daily_growth_rate', 'growth_stage', 'senescence_rates', 'stress_factors', 'organ_nutrient_status']
DEBUG Nutrient env_conditions keys: ['temperature', 'ph', 'optimal_ec']
DEBUG Nutrient step 1267: Calling calculate_nutrient_dynamics
DEBUG Nutrient plant_status keys: ['root_surface_area', 'tank_volume_L', 'plant_count', 'daily_growth_rate', 'growth_stage', 'senescence_rates', 'stress_factors', 'organ_nutrient_status']
DEBUG Nutrient env_conditions keys: ['temperature', 'ph', 'optimal_ec']
DEBUG Nutrient step 1268: Calling calculate_nutrient_dynamics
DEBUG Nutrient plant_status keys: ['root_surface_area', 'tank_volume_L', 'plant_count', 'daily_growth_rate', 'growth_stage', 'senescence_rates', 'stress_factors', 'organ_nutrient_status']
DEBUG Nutrient env_conditions keys: ['temperature', 'ph', 'optimal_ec']
DEBUG Nutrient step 1269: Calling calculate_nutrient_dynamics
DEBUG Nutrient plant_status keys: ['root_surface_area', 'tank_volume_L', 'plant_count', 'daily_growth_rate', 'growth_stage', 'senescence_rates', 'stress_factors', 'organ_nutrient_status']
DEBUG Nutrient env_conditions keys: ['temperature', 'ph', 'optimal_ec']
DEBUG Nutrient step 1270: Calling calculate_nutrient_dynamics
DEBUG Nutrient plant_status keys: ['root_surface_area', 'tank_volume_L', 'plant_count', 'daily_growth_rate', 'growth_stage', 'senescence_rates', 'stress_factors', 'organ_nutrient_status']
DEBUG Nutrient env_conditions keys: ['temperature', 'ph', 'optimal_ec']
DEBUG Nutrient step 1271: Calling calculate_nutrient_dynamics
DEBUG Nutrient plant_status keys: ['root_surface_area', 'tank_volume_L', 'plant_count', 'daily_growth_rate', 'growth_stage', 'senescence_rates', 'stress_factors', 'organ_nutrient_status']
DEBUG Nutrient env_conditions keys: ['temperature', 'ph', 'optimal_ec']
DEBUG Nutrient step 1272: Calling calculate_nutrient_dynamics
DEBUG Nutrient plant_status keys: ['root_surface_area', 'tank_volume_L', 'plant_count', 'daily_growth_rate', 'growth_stage', 'senescence_rates', 'stress_factors', 'organ_nutrient_status']
DEBUG Nutrient env_conditions keys: ['temperature', 'ph', 'optimal_ec']
DEBUG Nutrient step 1273: Calling calculate_nutrient_dynamics
DEBUG Nutrient plant_status keys: ['root_surface_area', 'tank_volume_L', 'plant_count', 'daily_growth_rate', 'growth_stage', 'senescence_rates', 'stress_factors', 'organ_nutrient_status']
DEBUG Nutrient env_conditions keys: ['temperature', 'ph', 'optimal_ec']
DEBUG Nutrient step 1274: Calling calculate_nutrient_dynamics
DEBUG Nutrient plant_status keys: ['root_surface_area', 'tank_volume_L', 'plant_count', 'daily_growth_rate', 'growth_stage', 'senescence_rates', 'stress_factors', 'organ_nutrient_status']
DEBUG Nutrient env_conditions keys: ['temperature', 'ph', 'optimal_ec']
DEBUG Nutrient step 1275: Calling calculate_nutrient_dynamics
DEBUG Nutrient plant_status keys: ['root_surface_area', 'tank_volume_L', 'plant_count', 'daily_growth_rate', 'growth_stage', 'senescence_rates', 'stress_factors', 'organ_nutrient_status']
DEBUG Nutrient env_conditions keys: ['temperature', 'ph', 'optimal_ec']
DEBUG Nutrient step 1276: Calling calculate_nutrient_dynamics
DEBUG Nutrient plant_status keys: ['root_surface_area', 'tank_volume_L', 'plant_count', 'daily_growth_rate', 'growth_stage', 'senescence_rates', 'stress_factors', 'organ_nutrient_status']
DEBUG Nutrient env_conditions keys: ['temperature', 'ph', 'optimal_ec']
DEBUG Nutrient step 1277: Calling calculate_nutrient_dynamics
DEBUG Nutrient plant_status keys: ['root_surface_area', 'tank_volume_L', 'plant_count', 'daily_growth_rate', 'growth_stage', 'senescence_rates', 'stress_factors', 'organ_nutrient_status']
DEBUG Nutrient env_conditions keys: ['temperature', 'ph', 'optimal_ec']
DEBUG Nutrient step 1278: Calling calculate_nutrient_dynamics
DEBUG Nutrient plant_status keys: ['root_surface_area', 'tank_volume_L', 'plant_count', 'daily_growth_rate', 'growth_stage', 'senescence_rates', 'stress_factors', 'organ_nutrient_status']
DEBUG Nutrient env_conditions keys: ['temperature', 'ph', 'optimal_ec']
DEBUG Nutrient step 1279: Calling calculate_nutrient_dynamics
DEBUG Nutrient plant_status keys: ['root_surface_area', 'tank_volume_L', 'plant_count', 'daily_growth_rate', 'growth_stage', 'senescence_rates', 'stress_factors', 'organ_nutrient_status']
DEBUG Nutrient env_conditions keys: ['temperature', 'ph', 'optimal_ec']
DEBUG Nutrient step 1280: Calling calculate_nutrient_dynamics
DEBUG Nutrient plant_status keys: ['root_surface_area', 'tank_volume_L', 'plant_count', 'daily_growth_rate', 'growth_stage', 'senescence_rates', 'stress_factors', 'organ_nutrient_status']
DEBUG Nutrient env_conditions keys: ['temperature', 'ph', 'optimal_ec']
DEBUG Nutrient step 1281: Calling calculate_nutrient_dynamics
DEBUG Nutrient plant_status keys: ['root_surface_area', 'tank_volume_L', 'plant_count', 'daily_growth_rate', 'growth_stage', 'senescence_rates', 'stress_factors', 'organ_nutrient_status']
DEBUG Nutrient env_conditions keys: ['temperature', 'ph', 'optimal_ec']
DEBUG Nutrient step 1282: Calling calculate_nutrient_dynamics
DEBUG Nutrient plant_status keys: ['root_surface_area', 'tank_volume_L', 'plant_count', 'daily_growth_rate', 'growth_stage', 'senescence_rates', 'stress_factors', 'organ_nutrient_status']
DEBUG Nutrient env_conditions keys: ['temperature', 'ph', 'optimal_ec']
DEBUG Nutrient step 1283: Calling calculate_nutrient_dynamics
DEBUG Nutrient plant_status keys: ['root_surface_area', 'tank_volume_L', 'plant_count', 'daily_growth_rate', 'growth_stage', 'senescence_rates', 'stress_factors', 'organ_nutrient_status']
DEBUG Nutrient env_conditions keys: ['temperature', 'ph', 'optimal_ec']
DEBUG Nutrient step 1284: Calling calculate_nutrient_dynamics
DEBUG Nutrient plant_status keys: ['root_surface_area', 'tank_volume_L', 'plant_count', 'daily_growth_rate', 'growth_stage', 'senescence_rates', 'stress_factors', 'organ_nutrient_status']
DEBUG Nutrient env_conditions keys: ['temperature', 'ph', 'optimal_ec']
DEBUG Nutrient step 1285: Calling calculate_nutrient_dynamics
DEBUG Nutrient plant_status keys: ['root_surface_area', 'tank_volume_L', 'plant_count', 'daily_growth_rate', 'growth_stage', 'senescence_rates', 'stress_factors', 'organ_nutrient_status']
DEBUG Nutrient env_conditions keys: ['temperature', 'ph', 'optimal_ec']
DEBUG Nutrient step 1286: Calling calculate_nutrient_dynamics
DEBUG Nutrient plant_status keys: ['root_surface_area', 'tank_volume_L', 'plant_count', 'daily_growth_rate', 'growth_stage', 'senescence_rates', 'stress_factors', 'organ_nutrient_status']
DEBUG Nutrient env_conditions keys: ['temperature', 'ph', 'optimal_ec']
DEBUG Nutrient step 1287: Calling calculate_nutrient_dynamics
DEBUG Nutrient plant_status keys: ['root_surface_area', 'tank_volume_L', 'plant_count', 'daily_growth_rate', 'growth_stage', 'senescence_rates', 'stress_factors', 'organ_nutrient_status']
DEBUG Nutrient env_conditions keys: ['temperature', 'ph', 'optimal_ec']
DEBUG Nutrient step 1288: Calling calculate_nutrient_dynamics
DEBUG Nutrient plant_status keys: ['root_surface_area', 'tank_volume_L', 'plant_count', 'daily_growth_rate', 'growth_stage', 'senescence_rates', 'stress_factors', 'organ_nutrient_status']
DEBUG Nutrient env_conditions keys: ['temperature', 'ph', 'optimal_ec']
DEBUG Nutrient step 1289: Calling calculate_nutrient_dynamics
DEBUG Nutrient plant_status keys: ['root_surface_area', 'tank_volume_L', 'plant_count', 'daily_growth_rate', 'growth_stage', 'senescence_rates', 'stress_factors', 'organ_nutrient_status']
DEBUG Nutrient env_conditions keys: ['temperature', 'ph', 'optimal_ec']
DEBUG Nutrient step 1290: Calling calculate_nutrient_dynamics
DEBUG Nutrient plant_status keys: ['root_surface_area', 'tank_volume_L', 'plant_count', 'daily_growth_rate', 'growth_stage', 'senescence_rates', 'stress_factors', 'organ_nutrient_status']
DEBUG Nutrient env_conditions keys: ['temperature', 'ph', 'optimal_ec']
DEBUG Nutrient step 1291: Calling calculate_nutrient_dynamics
DEBUG Nutrient plant_status keys: ['root_surface_area', 'tank_volume_L', 'plant_count', 'daily_growth_rate', 'growth_stage', 'senescence_rates', 'stress_factors', 'organ_nutrient_status']
DEBUG Nutrient env_conditions keys: ['temperature', 'ph', 'optimal_ec']
DEBUG Nutrient step 1292: Calling calculate_nutrient_dynamics
DEBUG Nutrient plant_status keys: ['root_surface_area', 'tank_volume_L', 'plant_count', 'daily_growth_rate', 'growth_stage', 'senescence_rates', 'stress_factors', 'organ_nutrient_status']
DEBUG Nutrient env_conditions keys: ['temperature', 'ph', 'optimal_ec']
DEBUG Nutrient step 1293: Calling calculate_nutrient_dynamics
DEBUG Nutrient plant_status keys: ['root_surface_area', 'tank_volume_L', 'plant_count', 'daily_growth_rate', 'growth_stage', 'senescence_rates', 'stress_factors', 'organ_nutrient_status']
DEBUG Nutrient env_conditions keys: ['temperature', 'ph', 'optimal_ec']
DEBUG Nutrient step 1294: Calling calculate_nutrient_dynamics
DEBUG Nutrient plant_status keys: ['root_surface_area', 'tank_volume_L', 'plant_count', 'daily_growth_rate', 'growth_stage', 'senescence_rates', 'stress_factors', 'organ_nutrient_status']
DEBUG Nutrient env_conditions keys: ['temperature', 'ph', 'optimal_ec']
DEBUG Nutrient step 1295: Calling calculate_nutrient_dynamics
DEBUG Nutrient plant_status keys: ['root_surface_area', 'tank_volume_L', 'plant_count', 'daily_growth_rate', 'growth_stage', 'senescence_rates', 'stress_factors', 'organ_nutrient_status']
DEBUG Nutrient env_conditions keys: ['temperature', 'ph', 'optimal_ec']
DEBUG Nutrient step 1296: Calling calculate_nutrient_dynamics
DEBUG Nutrient plant_status keys: ['root_surface_area', 'tank_volume_L', 'plant_count', 'daily_growth_rate', 'growth_stage', 'senescence_rates', 'stress_factors', 'organ_nutrient_status']
DEBUG Nutrient env_conditions keys: ['temperature', 'ph', 'optimal_ec']
DEBUG Nutrient step 1297: Calling calculate_nutrient_dynamics
DEBUG Nutrient plant_status keys: ['root_surface_area', 'tank_volume_L', 'plant_count', 'daily_growth_rate', 'growth_stage', 'senescence_rates', 'stress_factors', 'organ_nutrient_status']
DEBUG Nutrient env_conditions keys: ['temperature', 'ph', 'optimal_ec']
DEBUG Nutrient step 1298: Calling calculate_nutrient_dynamics
DEBUG Nutrient plant_status keys: ['root_surface_area', 'tank_volume_L', 'plant_count', 'daily_growth_rate', 'growth_stage', 'senescence_rates', 'stress_factors', 'organ_nutrient_status']
DEBUG Nutrient env_conditions keys: ['temperature', 'ph', 'optimal_ec']
DEBUG Nutrient step 1299: Calling calculate_nutrient_dynamics
DEBUG Nutrient plant_status keys: ['root_surface_area', 'tank_volume_L', 'plant_count', 'daily_growth_rate', 'growth_stage', 'senescence_rates', 'stress_factors', 'organ_nutrient_status']
DEBUG Nutrient env_conditions keys: ['temperature', 'ph', 'optimal_ec']
DEBUG Nutrient step 1300: Calling calculate_nutrient_dynamics
DEBUG Nutrient plant_status keys: ['root_surface_area', 'tank_volume_L', 'plant_count', 'daily_growth_rate', 'growth_stage', 'senescence_rates', 'stress_factors', 'organ_nutrient_status']
DEBUG Nutrient env_conditions keys: ['temperature', 'ph', 'optimal_ec']
DEBUG Nutrient step 1301: Calling calculate_nutrient_dynamics
DEBUG Nutrient plant_status keys: ['root_surface_area', 'tank_volume_L', 'plant_count', 'daily_growth_rate', 'growth_stage', 'senescence_rates', 'stress_factors', 'organ_nutrient_status']
DEBUG Nutrient env_conditions keys: ['temperature', 'ph', 'optimal_ec']
DEBUG Nutrient step 1302: Calling calculate_nutrient_dynamics
DEBUG Nutrient plant_status keys: ['root_surface_area', 'tank_volume_L', 'plant_count', 'daily_growth_rate', 'growth_stage', 'senescence_rates', 'stress_factors', 'organ_nutrient_status']
DEBUG Nutrient env_conditions keys: ['temperature', 'ph', 'optimal_ec']
DEBUG Nutrient step 1303: Calling calculate_nutrient_dynamics
DEBUG Nutrient plant_status keys: ['root_surface_area', 'tank_volume_L', 'plant_count', 'daily_growth_rate', 'growth_stage', 'senescence_rates', 'stress_factors', 'organ_nutrient_status']
DEBUG Nutrient env_conditions keys: ['temperature', 'ph', 'optimal_ec']
DEBUG Nutrient step 1304: Calling calculate_nutrient_dynamics
DEBUG Nutrient plant_status keys: ['root_surface_area', 'tank_volume_L', 'plant_count', 'daily_growth_rate', 'growth_stage', 'senescence_rates', 'stress_factors', 'organ_nutrient_status']
DEBUG Nutrient env_conditions keys: ['temperature', 'ph', 'optimal_ec']
DEBUG Nutrient step 1305: Calling calculate_nutrient_dynamics
DEBUG Nutrient plant_status keys: ['root_surface_area', 'tank_volume_L', 'plant_count', 'daily_growth_rate', 'growth_stage', 'senescence_rates', 'stress_factors', 'organ_nutrient_status']
DEBUG Nutrient env_conditions keys: ['temperature', 'ph', 'optimal_ec']
DEBUG Nutrient step 1306: Calling calculate_nutrient_dynamics
DEBUG Nutrient plant_status keys: ['root_surface_area', 'tank_volume_L', 'plant_count', 'daily_growth_rate', 'growth_stage', 'senescence_rates', 'stress_factors', 'organ_nutrient_status']
DEBUG Nutrient env_conditions keys: ['temperature', 'ph', 'optimal_ec']
DEBUG Nutrient step 1307: Calling calculate_nutrient_dynamics
DEBUG Nutrient plant_status keys: ['root_surface_area', 'tank_volume_L', 'plant_count', 'daily_growth_rate', 'growth_stage', 'senescence_rates', 'stress_factors', 'organ_nutrient_status']
DEBUG Nutrient env_conditions keys: ['temperature', 'ph', 'optimal_ec']
DEBUG Nutrient step 1308: Calling calculate_nutrient_dynamics
DEBUG Nutrient plant_status keys: ['root_surface_area', 'tank_volume_L', 'plant_count', 'daily_growth_rate', 'growth_stage', 'senescence_rates', 'stress_factors', 'organ_nutrient_status']
DEBUG Nutrient env_conditions keys: ['temperature', 'ph', 'optimal_ec']
DEBUG Nutrient step 1309: Calling calculate_nutrient_dynamics
DEBUG Nutrient plant_status keys: ['root_surface_area', 'tank_volume_L', 'plant_count', 'daily_growth_rate', 'growth_stage', 'senescence_rates', 'stress_factors', 'organ_nutrient_status']
DEBUG Nutrient env_conditions keys: ['temperature', 'ph', 'optimal_ec']
DEBUG Nutrient step 1310: Calling calculate_nutrient_dynamics
DEBUG Nutrient plant_status keys: ['root_surface_area', 'tank_volume_L', 'plant_count', 'daily_growth_rate', 'growth_stage', 'senescence_rates', 'stress_factors', 'organ_nutrient_status']
DEBUG Nutrient env_conditions keys: ['temperature', 'ph', 'optimal_ec']
DEBUG Nutrient step 1311: Calling calculate_nutrient_dynamics
DEBUG Nutrient plant_status keys: ['root_surface_area', 'tank_volume_L', 'plant_count', 'daily_growth_rate', 'growth_stage', 'senescence_rates', 'stress_factors', 'organ_nutrient_status']
DEBUG Nutrient env_conditions keys: ['temperature', 'ph', 'optimal_ec']
DEBUG Nutrient step 1312: Calling calculate_nutrient_dynamics
DEBUG Nutrient plant_status keys: ['root_surface_area', 'tank_volume_L', 'plant_count', 'daily_growth_rate', 'growth_stage', 'senescence_rates', 'stress_factors', 'organ_nutrient_status']
DEBUG Nutrient env_conditions keys: ['temperature', 'ph', 'optimal_ec']
DEBUG Nutrient step 1313: Calling calculate_nutrient_dynamics
DEBUG Nutrient plant_status keys: ['root_surface_area', 'tank_volume_L', 'plant_count', 'daily_growth_rate', 'growth_stage', 'senescence_rates', 'stress_factors', 'organ_nutrient_status']
DEBUG Nutrient env_conditions keys: ['temperature', 'ph', 'optimal_ec']
DEBUG Nutrient step 1314: Calling calculate_nutrient_dynamics
DEBUG Nutrient plant_status keys: ['root_surface_area', 'tank_volume_L', 'plant_count', 'daily_growth_rate', 'growth_stage', 'senescence_rates', 'stress_factors', 'organ_nutrient_status']
DEBUG Nutrient env_conditions keys: ['temperature', 'ph', 'optimal_ec']
DEBUG Nutrient step 1315: Calling calculate_nutrient_dynamics
DEBUG Nutrient plant_status keys: ['root_surface_area', 'tank_volume_L', 'plant_count', 'daily_growth_rate', 'growth_stage', 'senescence_rates', 'stress_factors', 'organ_nutrient_status']
DEBUG Nutrient env_conditions keys: ['temperature', 'ph', 'optimal_ec']
DEBUG Nutrient step 1316: Calling calculate_nutrient_dynamics
DEBUG Nutrient plant_status keys: ['root_surface_area', 'tank_volume_L', 'plant_count', 'daily_growth_rate', 'growth_stage', 'senescence_rates', 'stress_factors', 'organ_nutrient_status']
DEBUG Nutrient env_conditions keys: ['temperature', 'ph', 'optimal_ec']
DEBUG Nutrient step 1317: Calling calculate_nutrient_dynamics
DEBUG Nutrient plant_status keys: ['root_surface_area', 'tank_volume_L', 'plant_count', 'daily_growth_rate', 'growth_stage', 'senescence_rates', 'stress_factors', 'organ_nutrient_status']
DEBUG Nutrient env_conditions keys: ['temperature', 'ph', 'optimal_ec']
DEBUG Nutrient step 1318: Calling calculate_nutrient_dynamics
DEBUG Nutrient plant_status keys: ['root_surface_area', 'tank_volume_L', 'plant_count', 'daily_growth_rate', 'growth_stage', 'senescence_rates', 'stress_factors', 'organ_nutrient_status']
DEBUG Nutrient env_conditions keys: ['temperature', 'ph', 'optimal_ec']
DEBUG Nutrient step 1319: Calling calculate_nutrient_dynamics
DEBUG Nutrient plant_status keys: ['root_surface_area', 'tank_volume_L', 'plant_count', 'daily_growth_rate', 'growth_stage', 'senescence_rates', 'stress_factors', 'organ_nutrient_status']
DEBUG Nutrient env_conditions keys: ['temperature', 'ph', 'optimal_ec']
DEBUG Nutrient step 1320: Calling calculate_nutrient_dynamics
DEBUG Nutrient plant_status keys: ['root_surface_area', 'tank_volume_L', 'plant_count', 'daily_growth_rate', 'growth_stage', 'senescence_rates', 'stress_factors', 'organ_nutrient_status']
DEBUG Nutrient env_conditions keys: ['temperature', 'ph', 'optimal_ec']
DEBUG Nutrient step 1321: Calling calculate_nutrient_dynamics
DEBUG Nutrient plant_status keys: ['root_surface_area', 'tank_volume_L', 'plant_count', 'daily_growth_rate', 'growth_stage', 'senescence_rates', 'stress_factors', 'organ_nutrient_status']
DEBUG Nutrient env_conditions keys: ['temperature', 'ph', 'optimal_ec']
DEBUG Nutrient step 1322: Calling calculate_nutrient_dynamics
DEBUG Nutrient plant_status keys: ['root_surface_area', 'tank_volume_L', 'plant_count', 'daily_growth_rate', 'growth_stage', 'senescence_rates', 'stress_factors', 'organ_nutrient_status']
DEBUG Nutrient env_conditions keys: ['temperature', 'ph', 'optimal_ec']
DEBUG Nutrient step 1323: Calling calculate_nutrient_dynamics
DEBUG Nutrient plant_status keys: ['root_surface_area', 'tank_volume_L', 'plant_count', 'daily_growth_rate', 'growth_stage', 'senescence_rates', 'stress_factors', 'organ_nutrient_status']
DEBUG Nutrient env_conditions keys: ['temperature', 'ph', 'optimal_ec']
DEBUG Nutrient step 1324: Calling calculate_nutrient_dynamics
DEBUG Nutrient plant_status keys: ['root_surface_area', 'tank_volume_L', 'plant_count', 'daily_growth_rate', 'growth_stage', 'senescence_rates', 'stress_factors', 'organ_nutrient_status']
DEBUG Nutrient env_conditions keys: ['temperature', 'ph', 'optimal_ec']
DEBUG Nutrient step 1325: Calling calculate_nutrient_dynamics
DEBUG Nutrient plant_status keys: ['root_surface_area', 'tank_volume_L', 'plant_count', 'daily_growth_rate', 'growth_stage', 'senescence_rates', 'stress_factors', 'organ_nutrient_status']
DEBUG Nutrient env_conditions keys: ['temperature', 'ph', 'optimal_ec']
DEBUG Nutrient step 1326: Calling calculate_nutrient_dynamics
DEBUG Nutrient plant_status keys: ['root_surface_area', 'tank_volume_L', 'plant_count', 'daily_growth_rate', 'growth_stage', 'senescence_rates', 'stress_factors', 'organ_nutrient_status']
DEBUG Nutrient env_conditions keys: ['temperature', 'ph', 'optimal_ec']
DEBUG Nutrient step 1327: Calling calculate_nutrient_dynamics
DEBUG Nutrient plant_status keys: ['root_surface_area', 'tank_volume_L', 'plant_count', 'daily_growth_rate', 'growth_stage', 'senescence_rates', 'stress_factors', 'organ_nutrient_status']
DEBUG Nutrient env_conditions keys: ['temperature', 'ph', 'optimal_ec']
DEBUG Nutrient step 1328: Calling calculate_nutrient_dynamics
DEBUG Nutrient plant_status keys: ['root_surface_area', 'tank_volume_L', 'plant_count', 'daily_growth_rate', 'growth_stage', 'senescence_rates', 'stress_factors', 'organ_nutrient_status']
DEBUG Nutrient env_conditions keys: ['temperature', 'ph', 'optimal_ec']
DEBUG Nutrient step 1329: Calling calculate_nutrient_dynamics
DEBUG Nutrient plant_status keys: ['root_surface_area', 'tank_volume_L', 'plant_count', 'daily_growth_rate', 'growth_stage', 'senescence_rates', 'stress_factors', 'organ_nutrient_status']
DEBUG Nutrient env_conditions keys: ['temperature', 'ph', 'optimal_ec']
DEBUG Nutrient step 1330: Calling calculate_nutrient_dynamics
DEBUG Nutrient plant_status keys: ['root_surface_area', 'tank_volume_L', 'plant_count', 'daily_growth_rate', 'growth_stage', 'senescence_rates', 'stress_factors', 'organ_nutrient_status']
DEBUG Nutrient env_conditions keys: ['temperature', 'ph', 'optimal_ec']
DEBUG Nutrient step 1331: Calling calculate_nutrient_dynamics
DEBUG Nutrient plant_status keys: ['root_surface_area', 'tank_volume_L', 'plant_count', 'daily_growth_rate', 'growth_stage', 'senescence_rates', 'stress_factors', 'organ_nutrient_status']
DEBUG Nutrient env_conditions keys: ['temperature', 'ph', 'optimal_ec']
DEBUG Nutrient step 1332: Calling calculate_nutrient_dynamics
DEBUG Nutrient plant_status keys: ['root_surface_area', 'tank_volume_L', 'plant_count', 'daily_growth_rate', 'growth_stage', 'senescence_rates', 'stress_factors', 'organ_nutrient_status']
DEBUG Nutrient env_conditions keys: ['temperature', 'ph', 'optimal_ec']
DEBUG Nutrient step 1333: Calling calculate_nutrient_dynamics
DEBUG Nutrient plant_status keys: ['root_surface_area', 'tank_volume_L', 'plant_count', 'daily_growth_rate', 'growth_stage', 'senescence_rates', 'stress_factors', 'organ_nutrient_status']
DEBUG Nutrient env_conditions keys: ['temperature', 'ph', 'optimal_ec']
DEBUG Nutrient step 1334: Calling calculate_nutrient_dynamics
DEBUG Nutrient plant_status keys: ['root_surface_area', 'tank_volume_L', 'plant_count', 'daily_growth_rate', 'growth_stage', 'senescence_rates', 'stress_factors', 'organ_nutrient_status']
DEBUG Nutrient env_conditions keys: ['temperature', 'ph', 'optimal_ec']
DEBUG Nutrient step 1335: Calling calculate_nutrient_dynamics
DEBUG Nutrient plant_status keys: ['root_surface_area', 'tank_volume_L', 'plant_count', 'daily_growth_rate', 'growth_stage', 'senescence_rates', 'stress_factors', 'organ_nutrient_status']
DEBUG Nutrient env_conditions keys: ['temperature', 'ph', 'optimal_ec']
DEBUG Nutrient step 1336: Calling calculate_nutrient_dynamics
DEBUG Nutrient plant_status keys: ['root_surface_area', 'tank_volume_L', 'plant_count', 'daily_growth_rate', 'growth_stage', 'senescence_rates', 'stress_factors', 'organ_nutrient_status']
DEBUG Nutrient env_conditions keys: ['temperature', 'ph', 'optimal_ec']
DEBUG Nutrient step 1337: Calling calculate_nutrient_dynamics
DEBUG Nutrient plant_status keys: ['root_surface_area', 'tank_volume_L', 'plant_count', 'daily_growth_rate', 'growth_stage', 'senescence_rates', 'stress_factors', 'organ_nutrient_status']
DEBUG Nutrient env_conditions keys: ['temperature', 'ph', 'optimal_ec']
DEBUG Nutrient step 1338: Calling calculate_nutrient_dynamics
DEBUG Nutrient plant_status keys: ['root_surface_area', 'tank_volume_L', 'plant_count', 'daily_growth_rate', 'growth_stage', 'senescence_rates', 'stress_factors', 'organ_nutrient_status']
DEBUG Nutrient env_conditions keys: ['temperature', 'ph', 'optimal_ec']
DEBUG Nutrient step 1339: Calling calculate_nutrient_dynamics
DEBUG Nutrient plant_status keys: ['root_surface_area', 'tank_volume_L', 'plant_count', 'daily_growth_rate', 'growth_stage', 'senescence_rates', 'stress_factors', 'organ_nutrient_status']
DEBUG Nutrient env_conditions keys: ['temperature', 'ph', 'optimal_ec']
DEBUG Nutrient step 1340: Calling calculate_nutrient_dynamics
DEBUG Nutrient plant_status keys: ['root_surface_area', 'tank_volume_L', 'plant_count', 'daily_growth_rate', 'growth_stage', 'senescence_rates', 'stress_factors', 'organ_nutrient_status']
DEBUG Nutrient env_conditions keys: ['temperature', 'ph', 'optimal_ec']
DEBUG Nutrient step 1341: Calling calculate_nutrient_dynamics
DEBUG Nutrient plant_status keys: ['root_surface_area', 'tank_volume_L', 'plant_count', 'daily_growth_rate', 'growth_stage', 'senescence_rates', 'stress_factors', 'organ_nutrient_status']
DEBUG Nutrient env_conditions keys: ['temperature', 'ph', 'optimal_ec']
DEBUG Nutrient step 1342: Calling calculate_nutrient_dynamics
DEBUG Nutrient plant_status keys: ['root_surface_area', 'tank_volume_L', 'plant_count', 'daily_growth_rate', 'growth_stage', 'senescence_rates', 'stress_factors', 'organ_nutrient_status']
DEBUG Nutrient env_conditions keys: ['temperature', 'ph', 'optimal_ec']
DEBUG Nutrient step 1343: Calling calculate_nutrient_dynamics
DEBUG Nutrient plant_status keys: ['root_surface_area', 'tank_volume_L', 'plant_count', 'daily_growth_rate', 'growth_stage', 'senescence_rates', 'stress_factors', 'organ_nutrient_status']
DEBUG Nutrient env_conditions keys: ['temperature', 'ph', 'optimal_ec']
DEBUG Nutrient step 1344: Calling calculate_nutrient_dynamics
DEBUG Nutrient plant_status keys: ['root_surface_area', 'tank_volume_L', 'plant_count', 'daily_growth_rate', 'growth_stage', 'senescence_rates', 'stress_factors', 'organ_nutrient_status']
DEBUG Nutrient env_conditions keys: ['temperature', 'ph', 'optimal_ec']
DEBUG Nutrient step 1345: Calling calculate_nutrient_dynamics
DEBUG Nutrient plant_status keys: ['root_surface_area', 'tank_volume_L', 'plant_count', 'daily_growth_rate', 'growth_stage', 'senescence_rates', 'stress_factors', 'organ_nutrient_status']
DEBUG Nutrient env_conditions keys: ['temperature', 'ph', 'optimal_ec']
DEBUG Nutrient step 1346: Calling calculate_nutrient_dynamics
DEBUG Nutrient plant_status keys: ['root_surface_area', 'tank_volume_L', 'plant_count', 'daily_growth_rate', 'growth_stage', 'senescence_rates', 'stress_factors', 'organ_nutrient_status']
DEBUG Nutrient env_conditions keys: ['temperature', 'ph', 'optimal_ec']
DEBUG Nutrient step 1347: Calling calculate_nutrient_dynamics
DEBUG Nutrient plant_status keys: ['root_surface_area', 'tank_volume_L', 'plant_count', 'daily_growth_rate', 'growth_stage', 'senescence_rates', 'stress_factors', 'organ_nutrient_status']
DEBUG Nutrient env_conditions keys: ['temperature', 'ph', 'optimal_ec']
DEBUG Nutrient step 1348: Calling calculate_nutrient_dynamics
DEBUG Nutrient plant_status keys: ['root_surface_area', 'tank_volume_L', 'plant_count', 'daily_growth_rate', 'growth_stage', 'senescence_rates', 'stress_factors', 'organ_nutrient_status']
DEBUG Nutrient env_conditions keys: ['temperature', 'ph', 'optimal_ec']
DEBUG Nutrient step 1349: Calling calculate_nutrient_dynamics
DEBUG Nutrient plant_status keys: ['root_surface_area', 'tank_volume_L', 'plant_count', 'daily_growth_rate', 'growth_stage', 'senescence_rates', 'stress_factors', 'organ_nutrient_status']
DEBUG Nutrient env_conditions keys: ['temperature', 'ph', 'optimal_ec']
DEBUG Nutrient step 1350: Calling calculate_nutrient_dynamics
DEBUG Nutrient plant_status keys: ['root_surface_area', 'tank_volume_L', 'plant_count', 'daily_growth_rate', 'growth_stage', 'senescence_rates', 'stress_factors', 'organ_nutrient_status']
DEBUG Nutrient env_conditions keys: ['temperature', 'ph', 'optimal_ec']
DEBUG Nutrient step 1351: Calling calculate_nutrient_dynamics
DEBUG Nutrient plant_status keys: ['root_surface_area', 'tank_volume_L', 'plant_count', 'daily_growth_rate', 'growth_stage', 'senescence_rates', 'stress_factors', 'organ_nutrient_status']
DEBUG Nutrient env_conditions keys: ['temperature', 'ph', 'optimal_ec']
DEBUG Nutrient step 1352: Calling calculate_nutrient_dynamics
DEBUG Nutrient plant_status keys: ['root_surface_area', 'tank_volume_L', 'plant_count', 'daily_growth_rate', 'growth_stage', 'senescence_rates', 'stress_factors', 'organ_nutrient_status']
DEBUG Nutrient env_conditions keys: ['temperature', 'ph', 'optimal_ec']
DEBUG Nutrient step 1353: Calling calculate_nutrient_dynamics
DEBUG Nutrient plant_status keys: ['root_surface_area', 'tank_volume_L', 'plant_count', 'daily_growth_rate', 'growth_stage', 'senescence_rates', 'stress_factors', 'organ_nutrient_status']
DEBUG Nutrient env_conditions keys: ['temperature', 'ph', 'optimal_ec']
DEBUG Nutrient step 1354: Calling calculate_nutrient_dynamics
DEBUG Nutrient plant_status keys: ['root_surface_area', 'tank_volume_L', 'plant_count', 'daily_growth_rate', 'growth_stage', 'senescence_rates', 'stress_factors', 'organ_nutrient_status']
DEBUG Nutrient env_conditions keys: ['temperature', 'ph', 'optimal_ec']
DEBUG Nutrient step 1355: Calling calculate_nutrient_dynamics
DEBUG Nutrient plant_status keys: ['root_surface_area', 'tank_volume_L', 'plant_count', 'daily_growth_rate', 'growth_stage', 'senescence_rates', 'stress_factors', 'organ_nutrient_status']
DEBUG Nutrient env_conditions keys: ['temperature', 'ph', 'optimal_ec']
DEBUG Nutrient step 1356: Calling calculate_nutrient_dynamics
DEBUG Nutrient plant_status keys: ['root_surface_area', 'tank_volume_L', 'plant_count', 'daily_growth_rate', 'growth_stage', 'senescence_rates', 'stress_factors', 'organ_nutrient_status']
DEBUG Nutrient env_conditions keys: ['temperature', 'ph', 'optimal_ec']
DEBUG Nutrient step 1357: Calling calculate_nutrient_dynamics
DEBUG Nutrient plant_status keys: ['root_surface_area', 'tank_volume_L', 'plant_count', 'daily_growth_rate', 'growth_stage', 'senescence_rates', 'stress_factors', 'organ_nutrient_status']
DEBUG Nutrient env_conditions keys: ['temperature', 'ph', 'optimal_ec']
DEBUG Nutrient step 1358: Calling calculate_nutrient_dynamics
DEBUG Nutrient plant_status keys: ['root_surface_area', 'tank_volume_L', 'plant_count', 'daily_growth_rate', 'growth_stage', 'senescence_rates', 'stress_factors', 'organ_nutrient_status']
DEBUG Nutrient env_conditions keys: ['temperature', 'ph', 'optimal_ec']
DEBUG Nutrient step 1359: Calling calculate_nutrient_dynamics
DEBUG Nutrient plant_status keys: ['root_surface_area', 'tank_volume_L', 'plant_count', 'daily_growth_rate', 'growth_stage', 'senescence_rates', 'stress_factors', 'organ_nutrient_status']
DEBUG Nutrient env_conditions keys: ['temperature', 'ph', 'optimal_ec']
DEBUG Nutrient step 1360: Calling calculate_nutrient_dynamics
DEBUG Nutrient plant_status keys: ['root_surface_area', 'tank_volume_L', 'plant_count', 'daily_growth_rate', 'growth_stage', 'senescence_rates', 'stress_factors', 'organ_nutrient_status']
DEBUG Nutrient env_conditions keys: ['temperature', 'ph', 'optimal_ec']
DEBUG Nutrient step 1361: Calling calculate_nutrient_dynamics
DEBUG Nutrient plant_status keys: ['root_surface_area', 'tank_volume_L', 'plant_count', 'daily_growth_rate', 'growth_stage', 'senescence_rates', 'stress_factors', 'organ_nutrient_status']
DEBUG Nutrient env_conditions keys: ['temperature', 'ph', 'optimal_ec']
DEBUG Nutrient step 1362: Calling calculate_nutrient_dynamics
DEBUG Nutrient plant_status keys: ['root_surface_area', 'tank_volume_L', 'plant_count', 'daily_growth_rate', 'growth_stage', 'senescence_rates', 'stress_factors', 'organ_nutrient_status']
DEBUG Nutrient env_conditions keys: ['temperature', 'ph', 'optimal_ec']
DEBUG Nutrient step 1363: Calling calculate_nutrient_dynamics
DEBUG Nutrient plant_status keys: ['root_surface_area', 'tank_volume_L', 'plant_count', 'daily_growth_rate', 'growth_stage', 'senescence_rates', 'stress_factors', 'organ_nutrient_status']
DEBUG Nutrient env_conditions keys: ['temperature', 'ph', 'optimal_ec']
DEBUG Nutrient step 1364: Calling calculate_nutrient_dynamics
DEBUG Nutrient plant_status keys: ['root_surface_area', 'tank_volume_L', 'plant_count', 'daily_growth_rate', 'growth_stage', 'senescence_rates', 'stress_factors', 'organ_nutrient_status']
DEBUG Nutrient env_conditions keys: ['temperature', 'ph', 'optimal_ec']
DEBUG Nutrient step 1365: Calling calculate_nutrient_dynamics
DEBUG Nutrient plant_status keys: ['root_surface_area', 'tank_volume_L', 'plant_count', 'daily_growth_rate', 'growth_stage', 'senescence_rates', 'stress_factors', 'organ_nutrient_status']
DEBUG Nutrient env_conditions keys: ['temperature', 'ph', 'optimal_ec']
DEBUG Nutrient step 1366: Calling calculate_nutrient_dynamics
DEBUG Nutrient plant_status keys: ['root_surface_area', 'tank_volume_L', 'plant_count', 'daily_growth_rate', 'growth_stage', 'senescence_rates', 'stress_factors', 'organ_nutrient_status']
DEBUG Nutrient env_conditions keys: ['temperature', 'ph', 'optimal_ec']
DEBUG Nutrient step 1367: Calling calculate_nutrient_dynamics
DEBUG Nutrient plant_status keys: ['root_surface_area', 'tank_volume_L', 'plant_count', 'daily_growth_rate', 'growth_stage', 'senescence_rates', 'stress_factors', 'organ_nutrient_status']
DEBUG Nutrient env_conditions keys: ['temperature', 'ph', 'optimal_ec']
DEBUG Nutrient step 1368: Calling calculate_nutrient_dynamics
DEBUG Nutrient plant_status keys: ['root_surface_area', 'tank_volume_L', 'plant_count', 'daily_growth_rate', 'growth_stage', 'senescence_rates', 'stress_factors', 'organ_nutrient_status']
DEBUG Nutrient env_conditions keys: ['temperature', 'ph', 'optimal_ec']
DEBUG Nutrient step 1369: Calling calculate_nutrient_dynamics
DEBUG Nutrient plant_status keys: ['root_surface_area', 'tank_volume_L', 'plant_count', 'daily_growth_rate', 'growth_stage', 'senescence_rates', 'stress_factors', 'organ_nutrient_status']
DEBUG Nutrient env_conditions keys: ['temperature', 'ph', 'optimal_ec']
DEBUG Nutrient step 1370: Calling calculate_nutrient_dynamics
DEBUG Nutrient plant_status keys: ['root_surface_area', 'tank_volume_L', 'plant_count', 'daily_growth_rate', 'growth_stage', 'senescence_rates', 'stress_factors', 'organ_nutrient_status']
DEBUG Nutrient env_conditions keys: ['temperature', 'ph', 'optimal_ec']
DEBUG Nutrient step 1371: Calling calculate_nutrient_dynamics
DEBUG Nutrient plant_status keys: ['root_surface_area', 'tank_volume_L', 'plant_count', 'daily_growth_rate', 'growth_stage', 'senescence_rates', 'stress_factors', 'organ_nutrient_status']
DEBUG Nutrient env_conditions keys: ['temperature', 'ph', 'optimal_ec']
DEBUG Nutrient step 1372: Calling calculate_nutrient_dynamics
DEBUG Nutrient plant_status keys: ['root_surface_area', 'tank_volume_L', 'plant_count', 'daily_growth_rate', 'growth_stage', 'senescence_rates', 'stress_factors', 'organ_nutrient_status']
DEBUG Nutrient env_conditions keys: ['temperature', 'ph', 'optimal_ec']
DEBUG Nutrient step 1373: Calling calculate_nutrient_dynamics
DEBUG Nutrient plant_status keys: ['root_surface_area', 'tank_volume_L', 'plant_count', 'daily_growth_rate', 'growth_stage', 'senescence_rates', 'stress_factors', 'organ_nutrient_status']
DEBUG Nutrient env_conditions keys: ['temperature', 'ph', 'optimal_ec']
DEBUG Nutrient step 1374: Calling calculate_nutrient_dynamics
DEBUG Nutrient plant_status keys: ['root_surface_area', 'tank_volume_L', 'plant_count', 'daily_growth_rate', 'growth_stage', 'senescence_rates', 'stress_factors', 'organ_nutrient_status']
DEBUG Nutrient env_conditions keys: ['temperature', 'ph', 'optimal_ec']
DEBUG Nutrient step 1375: Calling calculate_nutrient_dynamics
DEBUG Nutrient plant_status keys: ['root_surface_area', 'tank_volume_L', 'plant_count', 'daily_growth_rate', 'growth_stage', 'senescence_rates', 'stress_factors', 'organ_nutrient_status']
DEBUG Nutrient env_conditions keys: ['temperature', 'ph', 'optimal_ec']
DEBUG Nutrient step 1376: Calling calculate_nutrient_dynamics
DEBUG Nutrient plant_status keys: ['root_surface_area', 'tank_volume_L', 'plant_count', 'daily_growth_rate', 'growth_stage', 'senescence_rates', 'stress_factors', 'organ_nutrient_status']
DEBUG Nutrient env_conditions keys: ['temperature', 'ph', 'optimal_ec']
DEBUG Nutrient step 1377: Calling calculate_nutrient_dynamics
DEBUG Nutrient plant_status keys: ['root_surface_area', 'tank_volume_L', 'plant_count', 'daily_growth_rate', 'growth_stage', 'senescence_rates', 'stress_factors', 'organ_nutrient_status']
DEBUG Nutrient env_conditions keys: ['temperature', 'ph', 'optimal_ec']
DEBUG Nutrient step 1378: Calling calculate_nutrient_dynamics
DEBUG Nutrient plant_status keys: ['root_surface_area', 'tank_volume_L', 'plant_count', 'daily_growth_rate', 'growth_stage', 'senescence_rates', 'stress_factors', 'organ_nutrient_status']
DEBUG Nutrient env_conditions keys: ['temperature', 'ph', 'optimal_ec']
DEBUG Nutrient step 1379: Calling calculate_nutrient_dynamics
DEBUG Nutrient plant_status keys: ['root_surface_area', 'tank_volume_L', 'plant_count', 'daily_growth_rate', 'growth_stage', 'senescence_rates', 'stress_factors', 'organ_nutrient_status']
DEBUG Nutrient env_conditions keys: ['temperature', 'ph', 'optimal_ec']
DEBUG Nutrient step 1380: Calling calculate_nutrient_dynamics
DEBUG Nutrient plant_status keys: ['root_surface_area', 'tank_volume_L', 'plant_count', 'daily_growth_rate', 'growth_stage', 'senescence_rates', 'stress_factors', 'organ_nutrient_status']
DEBUG Nutrient env_conditions keys: ['temperature', 'ph', 'optimal_ec']
DEBUG Nutrient step 1381: Calling calculate_nutrient_dynamics
DEBUG Nutrient plant_status keys: ['root_surface_area', 'tank_volume_L', 'plant_count', 'daily_growth_rate', 'growth_stage', 'senescence_rates', 'stress_factors', 'organ_nutrient_status']
DEBUG Nutrient env_conditions keys: ['temperature', 'ph', 'optimal_ec']
DEBUG Nutrient step 1382: Calling calculate_nutrient_dynamics
DEBUG Nutrient plant_status keys: ['root_surface_area', 'tank_volume_L', 'plant_count', 'daily_growth_rate', 'growth_stage', 'senescence_rates', 'stress_factors', 'organ_nutrient_status']
DEBUG Nutrient env_conditions keys: ['temperature', 'ph', 'optimal_ec']
DEBUG Nutrient step 1383: Calling calculate_nutrient_dynamics
DEBUG Nutrient plant_status keys: ['root_surface_area', 'tank_volume_L', 'plant_count', 'daily_growth_rate', 'growth_stage', 'senescence_rates', 'stress_factors', 'organ_nutrient_status']
DEBUG Nutrient env_conditions keys: ['temperature', 'ph', 'optimal_ec']
DEBUG Nutrient step 1384: Calling calculate_nutrient_dynamics
DEBUG Nutrient plant_status keys: ['root_surface_area', 'tank_volume_L', 'plant_count', 'daily_growth_rate', 'growth_stage', 'senescence_rates', 'stress_factors', 'organ_nutrient_status']
DEBUG Nutrient env_conditions keys: ['temperature', 'ph', 'optimal_ec']
DEBUG Nutrient step 1385: Calling calculate_nutrient_dynamics
DEBUG Nutrient plant_status keys: ['root_surface_area', 'tank_volume_L', 'plant_count', 'daily_growth_rate', 'growth_stage', 'senescence_rates', 'stress_factors', 'organ_nutrient_status']
DEBUG Nutrient env_conditions keys: ['temperature', 'ph', 'optimal_ec']
DEBUG Nutrient step 1386: Calling calculate_nutrient_dynamics
DEBUG Nutrient plant_status keys: ['root_surface_area', 'tank_volume_L', 'plant_count', 'daily_growth_rate', 'growth_stage', 'senescence_rates', 'stress_factors', 'organ_nutrient_status']
DEBUG Nutrient env_conditions keys: ['temperature', 'ph', 'optimal_ec']
DEBUG Nutrient step 1387: Calling calculate_nutrient_dynamics
DEBUG Nutrient plant_status keys: ['root_surface_area', 'tank_volume_L', 'plant_count', 'daily_growth_rate', 'growth_stage', 'senescence_rates', 'stress_factors', 'organ_nutrient_status']
DEBUG Nutrient env_conditions keys: ['temperature', 'ph', 'optimal_ec']
DEBUG Nutrient step 1388: Calling calculate_nutrient_dynamics
DEBUG Nutrient plant_status keys: ['root_surface_area', 'tank_volume_L', 'plant_count', 'daily_growth_rate', 'growth_stage', 'senescence_rates', 'stress_factors', 'organ_nutrient_status']
DEBUG Nutrient env_conditions keys: ['temperature', 'ph', 'optimal_ec']
DEBUG Nutrient step 1389: Calling calculate_nutrient_dynamics
DEBUG Nutrient plant_status keys: ['root_surface_area', 'tank_volume_L', 'plant_count', 'daily_growth_rate', 'growth_stage', 'senescence_rates', 'stress_factors', 'organ_nutrient_status']
DEBUG Nutrient env_conditions keys: ['temperature', 'ph', 'optimal_ec']
DEBUG Nutrient step 1390: Calling calculate_nutrient_dynamics
DEBUG Nutrient plant_status keys: ['root_surface_area', 'tank_volume_L', 'plant_count', 'daily_growth_rate', 'growth_stage', 'senescence_rates', 'stress_factors', 'organ_nutrient_status']
DEBUG Nutrient env_conditions keys: ['temperature', 'ph', 'optimal_ec']
DEBUG Nutrient step 1391: Calling calculate_nutrient_dynamics
DEBUG Nutrient plant_status keys: ['root_surface_area', 'tank_volume_L', 'plant_count', 'daily_growth_rate', 'growth_stage', 'senescence_rates', 'stress_factors', 'organ_nutrient_status']
DEBUG Nutrient env_conditions keys: ['temperature', 'ph', 'optimal_ec']
DEBUG Nutrient step 1392: Calling calculate_nutrient_dynamics
DEBUG Nutrient plant_status keys: ['root_surface_area', 'tank_volume_L', 'plant_count', 'daily_growth_rate', 'growth_stage', 'senescence_rates', 'stress_factors', 'organ_nutrient_status']
DEBUG Nutrient env_conditions keys: ['temperature', 'ph', 'optimal_ec']
DEBUG Nutrient step 1393: Calling calculate_nutrient_dynamics
DEBUG Nutrient plant_status keys: ['root_surface_area', 'tank_volume_L', 'plant_count', 'daily_growth_rate', 'growth_stage', 'senescence_rates', 'stress_factors', 'organ_nutrient_status']
DEBUG Nutrient env_conditions keys: ['temperature', 'ph', 'optimal_ec']
DEBUG Nutrient step 1394: Calling calculate_nutrient_dynamics
DEBUG Nutrient plant_status keys: ['root_surface_area', 'tank_volume_L', 'plant_count', 'daily_growth_rate', 'growth_stage', 'senescence_rates', 'stress_factors', 'organ_nutrient_status']
DEBUG Nutrient env_conditions keys: ['temperature', 'ph', 'optimal_ec']
DEBUG Nutrient step 1395: Calling calculate_nutrient_dynamics
DEBUG Nutrient plant_status keys: ['root_surface_area', 'tank_volume_L', 'plant_count', 'daily_growth_rate', 'growth_stage', 'senescence_rates', 'stress_factors', 'organ_nutrient_status']
DEBUG Nutrient env_conditions keys: ['temperature', 'ph', 'optimal_ec']
DEBUG Nutrient step 1396: Calling calculate_nutrient_dynamics
DEBUG Nutrient plant_status keys: ['root_surface_area', 'tank_volume_L', 'plant_count', 'daily_growth_rate', 'growth_stage', 'senescence_rates', 'stress_factors', 'organ_nutrient_status']
DEBUG Nutrient env_conditions keys: ['temperature', 'ph', 'optimal_ec']
DEBUG Nutrient step 1397: Calling calculate_nutrient_dynamics
DEBUG Nutrient plant_status keys: ['root_surface_area', 'tank_volume_L', 'plant_count', 'daily_growth_rate', 'growth_stage', 'senescence_rates', 'stress_factors', 'organ_nutrient_status']
DEBUG Nutrient env_conditions keys: ['temperature', 'ph', 'optimal_ec']
DEBUG Nutrient step 1398: Calling calculate_nutrient_dynamics
DEBUG Nutrient plant_status keys: ['root_surface_area', 'tank_volume_L', 'plant_count', 'daily_growth_rate', 'growth_stage', 'senescence_rates', 'stress_factors', 'organ_nutrient_status']
DEBUG Nutrient env_conditions keys: ['temperature', 'ph', 'optimal_ec']
DEBUG Nutrient step 1399: Calling calculate_nutrient_dynamics
DEBUG Nutrient plant_status keys: ['root_surface_area', 'tank_volume_L', 'plant_count', 'daily_growth_rate', 'growth_stage', 'senescence_rates', 'stress_factors', 'organ_nutrient_status']
DEBUG Nutrient env_conditions keys: ['temperature', 'ph', 'optimal_ec']
DEBUG Nutrient step 1400: Calling calculate_nutrient_dynamics
DEBUG Nutrient plant_status keys: ['root_surface_area', 'tank_volume_L', 'plant_count', 'daily_growth_rate', 'growth_stage', 'senescence_rates', 'stress_factors', 'organ_nutrient_status']
DEBUG Nutrient env_conditions keys: ['temperature', 'ph', 'optimal_ec']
DEBUG Nutrient step 1401: Calling calculate_nutrient_dynamics
DEBUG Nutrient plant_status keys: ['root_surface_area', 'tank_volume_L', 'plant_count', 'daily_growth_rate', 'growth_stage', 'senescence_rates', 'stress_factors', 'organ_nutrient_status']
DEBUG Nutrient env_conditions keys: ['temperature', 'ph', 'optimal_ec']
DEBUG Nutrient step 1402: Calling calculate_nutrient_dynamics
DEBUG Nutrient plant_status keys: ['root_surface_area', 'tank_volume_L', 'plant_count', 'daily_growth_rate', 'growth_stage', 'senescence_rates', 'stress_factors', 'organ_nutrient_status']
DEBUG Nutrient env_conditions keys: ['temperature', 'ph', 'optimal_ec']
DEBUG Nutrient step 1403: Calling calculate_nutrient_dynamics
DEBUG Nutrient plant_status keys: ['root_surface_area', 'tank_volume_L', 'plant_count', 'daily_growth_rate', 'growth_stage', 'senescence_rates', 'stress_factors', 'organ_nutrient_status']
DEBUG Nutrient env_conditions keys: ['temperature', 'ph', 'optimal_ec']
DEBUG Nutrient step 1404: Calling calculate_nutrient_dynamics
DEBUG Nutrient plant_status keys: ['root_surface_area', 'tank_volume_L', 'plant_count', 'daily_growth_rate', 'growth_stage', 'senescence_rates', 'stress_factors', 'organ_nutrient_status']
DEBUG Nutrient env_conditions keys: ['temperature', 'ph', 'optimal_ec']
DEBUG Nutrient step 1405: Calling calculate_nutrient_dynamics
DEBUG Nutrient plant_status keys: ['root_surface_area', 'tank_volume_L', 'plant_count', 'daily_growth_rate', 'growth_stage', 'senescence_rates', 'stress_factors', 'organ_nutrient_status']
DEBUG Nutrient env_conditions keys: ['temperature', 'ph', 'optimal_ec']
DEBUG Nutrient step 1406: Calling calculate_nutrient_dynamics
DEBUG Nutrient plant_status keys: ['root_surface_area', 'tank_volume_L', 'plant_count', 'daily_growth_rate', 'growth_stage', 'senescence_rates', 'stress_factors', 'organ_nutrient_status']
DEBUG Nutrient env_conditions keys: ['temperature', 'ph', 'optimal_ec']
DEBUG Nutrient step 1407: Calling calculate_nutrient_dynamics
DEBUG Nutrient plant_status keys: ['root_surface_area', 'tank_volume_L', 'plant_count', 'daily_growth_rate', 'growth_stage', 'senescence_rates', 'stress_factors', 'organ_nutrient_status']
DEBUG Nutrient env_conditions keys: ['temperature', 'ph', 'optimal_ec']
DEBUG Nutrient step 1408: Calling calculate_nutrient_dynamics
DEBUG Nutrient plant_status keys: ['root_surface_area', 'tank_volume_L', 'plant_count', 'daily_growth_rate', 'growth_stage', 'senescence_rates', 'stress_factors', 'organ_nutrient_status']
DEBUG Nutrient env_conditions keys: ['temperature', 'ph', 'optimal_ec']
DEBUG Nutrient step 1409: Calling calculate_nutrient_dynamics
DEBUG Nutrient plant_status keys: ['root_surface_area', 'tank_volume_L', 'plant_count', 'daily_growth_rate', 'growth_stage', 'senescence_rates', 'stress_factors', 'organ_nutrient_status']
DEBUG Nutrient env_conditions keys: ['temperature', 'ph', 'optimal_ec']
DEBUG Nutrient step 1410: Calling calculate_nutrient_dynamics
DEBUG Nutrient plant_status keys: ['root_surface_area', 'tank_volume_L', 'plant_count', 'daily_growth_rate', 'growth_stage', 'senescence_rates', 'stress_factors', 'organ_nutrient_status']
DEBUG Nutrient env_conditions keys: ['temperature', 'ph', 'optimal_ec']
DEBUG Nutrient step 1411: Calling calculate_nutrient_dynamics
DEBUG Nutrient plant_status keys: ['root_surface_area', 'tank_volume_L', 'plant_count', 'daily_growth_rate', 'growth_stage', 'senescence_rates', 'stress_factors', 'organ_nutrient_status']
DEBUG Nutrient env_conditions keys: ['temperature', 'ph', 'optimal_ec']
DEBUG Nutrient step 1412: Calling calculate_nutrient_dynamics
DEBUG Nutrient plant_status keys: ['root_surface_area', 'tank_volume_L', 'plant_count', 'daily_growth_rate', 'growth_stage', 'senescence_rates', 'stress_factors', 'organ_nutrient_status']
DEBUG Nutrient env_conditions keys: ['temperature', 'ph', 'optimal_ec']
DEBUG Nutrient step 1413: Calling calculate_nutrient_dynamics
DEBUG Nutrient plant_status keys: ['root_surface_area', 'tank_volume_L', 'plant_count', 'daily_growth_rate', 'growth_stage', 'senescence_rates', 'stress_factors', 'organ_nutrient_status']
DEBUG Nutrient env_conditions keys: ['temperature', 'ph', 'optimal_ec']
DEBUG Nutrient step 1414: Calling calculate_nutrient_dynamics
DEBUG Nutrient plant_status keys: ['root_surface_area', 'tank_volume_L', 'plant_count', 'daily_growth_rate', 'growth_stage', 'senescence_rates', 'stress_factors', 'organ_nutrient_status']
DEBUG Nutrient env_conditions keys: ['temperature', 'ph', 'optimal_ec']
DEBUG Nutrient step 1415: Calling calculate_nutrient_dynamics
DEBUG Nutrient plant_status keys: ['root_surface_area', 'tank_volume_L', 'plant_count', 'daily_growth_rate', 'growth_stage', 'senescence_rates', 'stress_factors', 'organ_nutrient_status']
DEBUG Nutrient env_conditions keys: ['temperature', 'ph', 'optimal_ec']
DEBUG Nutrient step 1416: Calling calculate_nutrient_dynamics
DEBUG Nutrient plant_status keys: ['root_surface_area', 'tank_volume_L', 'plant_count', 'daily_growth_rate', 'growth_stage', 'senescence_rates', 'stress_factors', 'organ_nutrient_status']
DEBUG Nutrient env_conditions keys: ['temperature', 'ph', 'optimal_ec']
DEBUG Nutrient step 1417: Calling calculate_nutrient_dynamics
DEBUG Nutrient plant_status keys: ['root_surface_area', 'tank_volume_L', 'plant_count', 'daily_growth_rate', 'growth_stage', 'senescence_rates', 'stress_factors', 'organ_nutrient_status']
DEBUG Nutrient env_conditions keys: ['temperature', 'ph', 'optimal_ec']
DEBUG Nutrient step 1418: Calling calculate_nutrient_dynamics
DEBUG Nutrient plant_status keys: ['root_surface_area', 'tank_volume_L', 'plant_count', 'daily_growth_rate', 'growth_stage', 'senescence_rates', 'stress_factors', 'organ_nutrient_status']
DEBUG Nutrient env_conditions keys: ['temperature', 'ph', 'optimal_ec']
DEBUG Nutrient step 1419: Calling calculate_nutrient_dynamics
DEBUG Nutrient plant_status keys: ['root_surface_area', 'tank_volume_L', 'plant_count', 'daily_growth_rate', 'growth_stage', 'senescence_rates', 'stress_factors', 'organ_nutrient_status']
DEBUG Nutrient env_conditions keys: ['temperature', 'ph', 'optimal_ec']
DEBUG Nutrient step 1420: Calling calculate_nutrient_dynamics
DEBUG Nutrient plant_status keys: ['root_surface_area', 'tank_volume_L', 'plant_count', 'daily_growth_rate', 'growth_stage', 'senescence_rates', 'stress_factors', 'organ_nutrient_status']
DEBUG Nutrient env_conditions keys: ['temperature', 'ph', 'optimal_ec']
DEBUG Nutrient step 1421: Calling calculate_nutrient_dynamics
DEBUG Nutrient plant_status keys: ['root_surface_area', 'tank_volume_L', 'plant_count', 'daily_growth_rate', 'growth_stage', 'senescence_rates', 'stress_factors', 'organ_nutrient_status']
DEBUG Nutrient env_conditions keys: ['temperature', 'ph', 'optimal_ec']
DEBUG Nutrient step 1422: Calling calculate_nutrient_dynamics
DEBUG Nutrient plant_status keys: ['root_surface_area', 'tank_volume_L', 'plant_count', 'daily_growth_rate', 'growth_stage', 'senescence_rates', 'stress_factors', 'organ_nutrient_status']
DEBUG Nutrient env_conditions keys: ['temperature', 'ph', 'optimal_ec']
DEBUG Nutrient step 1423: Calling calculate_nutrient_dynamics
DEBUG Nutrient plant_status keys: ['root_surface_area', 'tank_volume_L', 'plant_count', 'daily_growth_rate', 'growth_stage', 'senescence_rates', 'stress_factors', 'organ_nutrient_status']
DEBUG Nutrient env_conditions keys: ['temperature', 'ph', 'optimal_ec']
DEBUG Nutrient step 1424: Calling calculate_nutrient_dynamics
DEBUG Nutrient plant_status keys: ['root_surface_area', 'tank_volume_L', 'plant_count', 'daily_growth_rate', 'growth_stage', 'senescence_rates', 'stress_factors', 'organ_nutrient_status']
DEBUG Nutrient env_conditions keys: ['temperature', 'ph', 'optimal_ec']
DEBUG Nutrient step 1425: Calling calculate_nutrient_dynamics
DEBUG Nutrient plant_status keys: ['root_surface_area', 'tank_volume_L', 'plant_count', 'daily_growth_rate', 'growth_stage', 'senescence_rates', 'stress_factors', 'organ_nutrient_status']
DEBUG Nutrient env_conditions keys: ['temperature', 'ph', 'optimal_ec']
DEBUG Nutrient step 1426: Calling calculate_nutrient_dynamics
DEBUG Nutrient plant_status keys: ['root_surface_area', 'tank_volume_L', 'plant_count', 'daily_growth_rate', 'growth_stage', 'senescence_rates', 'stress_factors', 'organ_nutrient_status']
DEBUG Nutrient env_conditions keys: ['temperature', 'ph', 'optimal_ec']
DEBUG Nutrient step 1427: Calling calculate_nutrient_dynamics
DEBUG Nutrient plant_status keys: ['root_surface_area', 'tank_volume_L', 'plant_count', 'daily_growth_rate', 'growth_stage', 'senescence_rates', 'stress_factors', 'organ_nutrient_status']
DEBUG Nutrient env_conditions keys: ['temperature', 'ph', 'optimal_ec']
DEBUG Nutrient step 1428: Calling calculate_nutrient_dynamics
DEBUG Nutrient plant_status keys: ['root_surface_area', 'tank_volume_L', 'plant_count', 'daily_growth_rate', 'growth_stage', 'senescence_rates', 'stress_factors', 'organ_nutrient_status']
DEBUG Nutrient env_conditions keys: ['temperature', 'ph', 'optimal_ec']
DEBUG Nutrient step 1429: Calling calculate_nutrient_dynamics
DEBUG Nutrient plant_status keys: ['root_surface_area', 'tank_volume_L', 'plant_count', 'daily_growth_rate', 'growth_stage', 'senescence_rates', 'stress_factors', 'organ_nutrient_status']
DEBUG Nutrient env_conditions keys: ['temperature', 'ph', 'optimal_ec']
DEBUG Nutrient step 1430: Calling calculate_nutrient_dynamics
DEBUG Nutrient plant_status keys: ['root_surface_area', 'tank_volume_L', 'plant_count', 'daily_growth_rate', 'growth_stage', 'senescence_rates', 'stress_factors', 'organ_nutrient_status']
DEBUG Nutrient env_conditions keys: ['temperature', 'ph', 'optimal_ec']
DEBUG Nutrient step 1431: Calling calculate_nutrient_dynamics
DEBUG Nutrient plant_status keys: ['root_surface_area', 'tank_volume_L', 'plant_count', 'daily_growth_rate', 'growth_stage', 'senescence_rates', 'stress_factors', 'organ_nutrient_status']
DEBUG Nutrient env_conditions keys: ['temperature', 'ph', 'optimal_ec']
DEBUG Nutrient step 1432: Calling calculate_nutrient_dynamics
DEBUG Nutrient plant_status keys: ['root_surface_area', 'tank_volume_L', 'plant_count', 'daily_growth_rate', 'growth_stage', 'senescence_rates', 'stress_factors', 'organ_nutrient_status']
DEBUG Nutrient env_conditions keys: ['temperature', 'ph', 'optimal_ec']
DEBUG Nutrient step 1433: Calling calculate_nutrient_dynamics
DEBUG Nutrient plant_status keys: ['root_surface_area', 'tank_volume_L', 'plant_count', 'daily_growth_rate', 'growth_stage', 'senescence_rates', 'stress_factors', 'organ_nutrient_status']
DEBUG Nutrient env_conditions keys: ['temperature', 'ph', 'optimal_ec']
DEBUG Nutrient step 1434: Calling calculate_nutrient_dynamics
DEBUG Nutrient plant_status keys: ['root_surface_area', 'tank_volume_L', 'plant_count', 'daily_growth_rate', 'growth_stage', 'senescence_rates', 'stress_factors', 'organ_nutrient_status']
DEBUG Nutrient env_conditions keys: ['temperature', 'ph', 'optimal_ec']
DEBUG Nutrient step 1435: Calling calculate_nutrient_dynamics
DEBUG Nutrient plant_status keys: ['root_surface_area', 'tank_volume_L', 'plant_count', 'daily_growth_rate', 'growth_stage', 'senescence_rates', 'stress_factors', 'organ_nutrient_status']
DEBUG Nutrient env_conditions keys: ['temperature', 'ph', 'optimal_ec']
DEBUG Nutrient step 1436: Calling calculate_nutrient_dynamics
DEBUG Nutrient plant_status keys: ['root_surface_area', 'tank_volume_L', 'plant_count', 'daily_growth_rate', 'growth_stage', 'senescence_rates', 'stress_factors', 'organ_nutrient_status']
DEBUG Nutrient env_conditions keys: ['temperature', 'ph', 'optimal_ec']
DEBUG Nutrient step 1437: Calling calculate_nutrient_dynamics
DEBUG Nutrient plant_status keys: ['root_surface_area', 'tank_volume_L', 'plant_count', 'daily_growth_rate', 'growth_stage', 'senescence_rates', 'stress_factors', 'organ_nutrient_status']
DEBUG Nutrient env_conditions keys: ['temperature', 'ph', 'optimal_ec']
DEBUG Nutrient step 1438: Calling calculate_nutrient_dynamics
DEBUG Nutrient plant_status keys: ['root_surface_area', 'tank_volume_L', 'plant_count', 'daily_growth_rate', 'growth_stage', 'senescence_rates', 'stress_factors', 'organ_nutrient_status']
DEBUG Nutrient env_conditions keys: ['temperature', 'ph', 'optimal_ec']
DEBUG Nutrient step 1439: Calling calculate_nutrient_dynamics
DEBUG Nutrient plant_status keys: ['root_surface_area', 'tank_volume_L', 'plant_count', 'daily_growth_rate', 'growth_stage', 'senescence_rates', 'stress_factors', 'organ_nutrient_status']
DEBUG Nutrient env_conditions keys: ['temperature', 'ph', 'optimal_ec']
Day 30: 32.6% complete
DEBUG Nutrient step 1440: Calling calculate_nutrient_dynamics
DEBUG Nutrient plant_status keys: ['root_surface_area', 'tank_volume_L', 'plant_count', 'daily_growth_rate', 'growth_stage', 'senescence_rates', 'stress_factors', 'organ_nutrient_status']
DEBUG Nutrient env_conditions keys: ['temperature', 'ph', 'optimal_ec']
DEBUG Nutrient step 1441: Calling calculate_nutrient_dynamics
DEBUG Nutrient plant_status keys: ['root_surface_area', 'tank_volume_L', 'plant_count', 'daily_growth_rate', 'growth_stage', 'senescence_rates', 'stress_factors', 'organ_nutrient_status']
DEBUG Nutrient env_conditions keys: ['temperature', 'ph', 'optimal_ec']
DEBUG Nutrient step 1442: Calling calculate_nutrient_dynamics
DEBUG Nutrient plant_status keys: ['root_surface_area', 'tank_volume_L', 'plant_count', 'daily_growth_rate', 'growth_stage', 'senescence_rates', 'stress_factors', 'organ_nutrient_status']
DEBUG Nutrient env_conditions keys: ['temperature', 'ph', 'optimal_ec']
DEBUG Nutrient step 1443: Calling calculate_nutrient_dynamics
DEBUG Nutrient plant_status keys: ['root_surface_area', 'tank_volume_L', 'plant_count', 'daily_growth_rate', 'growth_stage', 'senescence_rates', 'stress_factors', 'organ_nutrient_status']
DEBUG Nutrient env_conditions keys: ['temperature', 'ph', 'optimal_ec']
DEBUG Nutrient step 1444: Calling calculate_nutrient_dynamics
DEBUG Nutrient plant_status keys: ['root_surface_area', 'tank_volume_L', 'plant_count', 'daily_growth_rate', 'growth_stage', 'senescence_rates', 'stress_factors', 'organ_nutrient_status']
DEBUG Nutrient env_conditions keys: ['temperature', 'ph', 'optimal_ec']
DEBUG Nutrient step 1445: Calling calculate_nutrient_dynamics
DEBUG Nutrient plant_status keys: ['root_surface_area', 'tank_volume_L', 'plant_count', 'daily_growth_rate', 'growth_stage', 'senescence_rates', 'stress_factors', 'organ_nutrient_status']
DEBUG Nutrient env_conditions keys: ['temperature', 'ph', 'optimal_ec']
DEBUG Nutrient step 1446: Calling calculate_nutrient_dynamics
DEBUG Nutrient plant_status keys: ['root_surface_area', 'tank_volume_L', 'plant_count', 'daily_growth_rate', 'growth_stage', 'senescence_rates', 'stress_factors', 'organ_nutrient_status']
DEBUG Nutrient env_conditions keys: ['temperature', 'ph', 'optimal_ec']
DEBUG Nutrient step 1447: Calling calculate_nutrient_dynamics
DEBUG Nutrient plant_status keys: ['root_surface_area', 'tank_volume_L', 'plant_count', 'daily_growth_rate', 'growth_stage', 'senescence_rates', 'stress_factors', 'organ_nutrient_status']
DEBUG Nutrient env_conditions keys: ['temperature', 'ph', 'optimal_ec']
DEBUG Nutrient step 1448: Calling calculate_nutrient_dynamics
DEBUG Nutrient plant_status keys: ['root_surface_area', 'tank_volume_L', 'plant_count', 'daily_growth_rate', 'growth_stage', 'senescence_rates', 'stress_factors', 'organ_nutrient_status']
DEBUG Nutrient env_conditions keys: ['temperature', 'ph', 'optimal_ec']
DEBUG Nutrient step 1449: Calling calculate_nutrient_dynamics
DEBUG Nutrient plant_status keys: ['root_surface_area', 'tank_volume_L', 'plant_count', 'daily_growth_rate', 'growth_stage', 'senescence_rates', 'stress_factors', 'organ_nutrient_status']
DEBUG Nutrient env_conditions keys: ['temperature', 'ph', 'optimal_ec']
DEBUG Nutrient step 1450: Calling calculate_nutrient_dynamics
DEBUG Nutrient plant_status keys: ['root_surface_area', 'tank_volume_L', 'plant_count', 'daily_growth_rate', 'growth_stage', 'senescence_rates', 'stress_factors', 'organ_nutrient_status']
DEBUG Nutrient env_conditions keys: ['temperature', 'ph', 'optimal_ec']
DEBUG Nutrient step 1451: Calling calculate_nutrient_dynamics
DEBUG Nutrient plant_status keys: ['root_surface_area', 'tank_volume_L', 'plant_count', 'daily_growth_rate', 'growth_stage', 'senescence_rates', 'stress_factors', 'organ_nutrient_status']
DEBUG Nutrient env_conditions keys: ['temperature', 'ph', 'optimal_ec']
DEBUG Nutrient step 1452: Calling calculate_nutrient_dynamics
DEBUG Nutrient plant_status keys: ['root_surface_area', 'tank_volume_L', 'plant_count', 'daily_growth_rate', 'growth_stage', 'senescence_rates', 'stress_factors', 'organ_nutrient_status']
DEBUG Nutrient env_conditions keys: ['temperature', 'ph', 'optimal_ec']
DEBUG Nutrient step 1453: Calling calculate_nutrient_dynamics
DEBUG Nutrient plant_status keys: ['root_surface_area', 'tank_volume_L', 'plant_count', 'daily_growth_rate', 'growth_stage', 'senescence_rates', 'stress_factors', 'organ_nutrient_status']
DEBUG Nutrient env_conditions keys: ['temperature', 'ph', 'optimal_ec']
DEBUG Nutrient step 1454: Calling calculate_nutrient_dynamics
DEBUG Nutrient plant_status keys: ['root_surface_area', 'tank_volume_L', 'plant_count', 'daily_growth_rate', 'growth_stage', 'senescence_rates', 'stress_factors', 'organ_nutrient_status']
DEBUG Nutrient env_conditions keys: ['temperature', 'ph', 'optimal_ec']
DEBUG Nutrient step 1455: Calling calculate_nutrient_dynamics
DEBUG Nutrient plant_status keys: ['root_surface_area', 'tank_volume_L', 'plant_count', 'daily_growth_rate', 'growth_stage', 'senescence_rates', 'stress_factors', 'organ_nutrient_status']
DEBUG Nutrient env_conditions keys: ['temperature', 'ph', 'optimal_ec']
DEBUG Nutrient step 1456: Calling calculate_nutrient_dynamics
DEBUG Nutrient plant_status keys: ['root_surface_area', 'tank_volume_L', 'plant_count', 'daily_growth_rate', 'growth_stage', 'senescence_rates', 'stress_factors', 'organ_nutrient_status']
DEBUG Nutrient env_conditions keys: ['temperature', 'ph', 'optimal_ec']
DEBUG Nutrient step 1457: Calling calculate_nutrient_dynamics
DEBUG Nutrient plant_status keys: ['root_surface_area', 'tank_volume_L', 'plant_count', 'daily_growth_rate', 'growth_stage', 'senescence_rates', 'stress_factors', 'organ_nutrient_status']
DEBUG Nutrient env_conditions keys: ['temperature', 'ph', 'optimal_ec']
DEBUG Nutrient step 1458: Calling calculate_nutrient_dynamics
DEBUG Nutrient plant_status keys: ['root_surface_area', 'tank_volume_L', 'plant_count', 'daily_growth_rate', 'growth_stage', 'senescence_rates', 'stress_factors', 'organ_nutrient_status']
DEBUG Nutrient env_conditions keys: ['temperature', 'ph', 'optimal_ec']
DEBUG Nutrient step 1459: Calling calculate_nutrient_dynamics
DEBUG Nutrient plant_status keys: ['root_surface_area', 'tank_volume_L', 'plant_count', 'daily_growth_rate', 'growth_stage', 'senescence_rates', 'stress_factors', 'organ_nutrient_status']
DEBUG Nutrient env_conditions keys: ['temperature', 'ph', 'optimal_ec']
DEBUG Nutrient step 1460: Calling calculate_nutrient_dynamics
DEBUG Nutrient plant_status keys: ['root_surface_area', 'tank_volume_L', 'plant_count', 'daily_growth_rate', 'growth_stage', 'senescence_rates', 'stress_factors', 'organ_nutrient_status']
DEBUG Nutrient env_conditions keys: ['temperature', 'ph', 'optimal_ec']
DEBUG Nutrient step 1461: Calling calculate_nutrient_dynamics
DEBUG Nutrient plant_status keys: ['root_surface_area', 'tank_volume_L', 'plant_count', 'daily_growth_rate', 'growth_stage', 'senescence_rates', 'stress_factors', 'organ_nutrient_status']
DEBUG Nutrient env_conditions keys: ['temperature', 'ph', 'optimal_ec']
DEBUG Nutrient step 1462: Calling calculate_nutrient_dynamics
DEBUG Nutrient plant_status keys: ['root_surface_area', 'tank_volume_L', 'plant_count', 'daily_growth_rate', 'growth_stage', 'senescence_rates', 'stress_factors', 'organ_nutrient_status']
DEBUG Nutrient env_conditions keys: ['temperature', 'ph', 'optimal_ec']
DEBUG Nutrient step 1463: Calling calculate_nutrient_dynamics
DEBUG Nutrient plant_status keys: ['root_surface_area', 'tank_volume_L', 'plant_count', 'daily_growth_rate', 'growth_stage', 'senescence_rates', 'stress_factors', 'organ_nutrient_status']
DEBUG Nutrient env_conditions keys: ['temperature', 'ph', 'optimal_ec']
DEBUG Nutrient step 1464: Calling calculate_nutrient_dynamics
DEBUG Nutrient plant_status keys: ['root_surface_area', 'tank_volume_L', 'plant_count', 'daily_growth_rate', 'growth_stage', 'senescence_rates', 'stress_factors', 'organ_nutrient_status']
DEBUG Nutrient env_conditions keys: ['temperature', 'ph', 'optimal_ec']
DEBUG Nutrient step 1465: Calling calculate_nutrient_dynamics
DEBUG Nutrient plant_status keys: ['root_surface_area', 'tank_volume_L', 'plant_count', 'daily_growth_rate', 'growth_stage', 'senescence_rates', 'stress_factors', 'organ_nutrient_status']
DEBUG Nutrient env_conditions keys: ['temperature', 'ph', 'optimal_ec']
DEBUG Nutrient step 1466: Calling calculate_nutrient_dynamics
DEBUG Nutrient plant_status keys: ['root_surface_area', 'tank_volume_L', 'plant_count', 'daily_growth_rate', 'growth_stage', 'senescence_rates', 'stress_factors', 'organ_nutrient_status']
DEBUG Nutrient env_conditions keys: ['temperature', 'ph', 'optimal_ec']
DEBUG Nutrient step 1467: Calling calculate_nutrient_dynamics
DEBUG Nutrient plant_status keys: ['root_surface_area', 'tank_volume_L', 'plant_count', 'daily_growth_rate', 'growth_stage', 'senescence_rates', 'stress_factors', 'organ_nutrient_status']
DEBUG Nutrient env_conditions keys: ['temperature', 'ph', 'optimal_ec']
DEBUG Nutrient step 1468: Calling calculate_nutrient_dynamics
DEBUG Nutrient plant_status keys: ['root_surface_area', 'tank_volume_L', 'plant_count', 'daily_growth_rate', 'growth_stage', 'senescence_rates', 'stress_factors', 'organ_nutrient_status']
DEBUG Nutrient env_conditions keys: ['temperature', 'ph', 'optimal_ec']
DEBUG Nutrient step 1469: Calling calculate_nutrient_dynamics
DEBUG Nutrient plant_status keys: ['root_surface_area', 'tank_volume_L', 'plant_count', 'daily_growth_rate', 'growth_stage', 'senescence_rates', 'stress_factors', 'organ_nutrient_status']
DEBUG Nutrient env_conditions keys: ['temperature', 'ph', 'optimal_ec']
DEBUG Nutrient step 1470: Calling calculate_nutrient_dynamics
DEBUG Nutrient plant_status keys: ['root_surface_area', 'tank_volume_L', 'plant_count', 'daily_growth_rate', 'growth_stage', 'senescence_rates', 'stress_factors', 'organ_nutrient_status']
DEBUG Nutrient env_conditions keys: ['temperature', 'ph', 'optimal_ec']
DEBUG Nutrient step 1471: Calling calculate_nutrient_dynamics
DEBUG Nutrient plant_status keys: ['root_surface_area', 'tank_volume_L', 'plant_count', 'daily_growth_rate', 'growth_stage', 'senescence_rates', 'stress_factors', 'organ_nutrient_status']
DEBUG Nutrient env_conditions keys: ['temperature', 'ph', 'optimal_ec']
DEBUG Nutrient step 1472: Calling calculate_nutrient_dynamics
DEBUG Nutrient plant_status keys: ['root_surface_area', 'tank_volume_L', 'plant_count', 'daily_growth_rate', 'growth_stage', 'senescence_rates', 'stress_factors', 'organ_nutrient_status']
DEBUG Nutrient env_conditions keys: ['temperature', 'ph', 'optimal_ec']
DEBUG Nutrient step 1473: Calling calculate_nutrient_dynamics
DEBUG Nutrient plant_status keys: ['root_surface_area', 'tank_volume_L', 'plant_count', 'daily_growth_rate', 'growth_stage', 'senescence_rates', 'stress_factors', 'organ_nutrient_status']
DEBUG Nutrient env_conditions keys: ['temperature', 'ph', 'optimal_ec']
DEBUG Nutrient step 1474: Calling calculate_nutrient_dynamics
DEBUG Nutrient plant_status keys: ['root_surface_area', 'tank_volume_L', 'plant_count', 'daily_growth_rate', 'growth_stage', 'senescence_rates', 'stress_factors', 'organ_nutrient_status']
DEBUG Nutrient env_conditions keys: ['temperature', 'ph', 'optimal_ec']
DEBUG Nutrient step 1475: Calling calculate_nutrient_dynamics
DEBUG Nutrient plant_status keys: ['root_surface_area', 'tank_volume_L', 'plant_count', 'daily_growth_rate', 'growth_stage', 'senescence_rates', 'stress_factors', 'organ_nutrient_status']
DEBUG Nutrient env_conditions keys: ['temperature', 'ph', 'optimal_ec']
DEBUG Nutrient step 1476: Calling calculate_nutrient_dynamics
DEBUG Nutrient plant_status keys: ['root_surface_area', 'tank_volume_L', 'plant_count', 'daily_growth_rate', 'growth_stage', 'senescence_rates', 'stress_factors', 'organ_nutrient_status']
DEBUG Nutrient env_conditions keys: ['temperature', 'ph', 'optimal_ec']
DEBUG Nutrient step 1477: Calling calculate_nutrient_dynamics
DEBUG Nutrient plant_status keys: ['root_surface_area', 'tank_volume_L', 'plant_count', 'daily_growth_rate', 'growth_stage', 'senescence_rates', 'stress_factors', 'organ_nutrient_status']
DEBUG Nutrient env_conditions keys: ['temperature', 'ph', 'optimal_ec']
DEBUG Nutrient step 1478: Calling calculate_nutrient_dynamics
DEBUG Nutrient plant_status keys: ['root_surface_area', 'tank_volume_L', 'plant_count', 'daily_growth_rate', 'growth_stage', 'senescence_rates', 'stress_factors', 'organ_nutrient_status']
DEBUG Nutrient env_conditions keys: ['temperature', 'ph', 'optimal_ec']
DEBUG Nutrient step 1479: Calling calculate_nutrient_dynamics
DEBUG Nutrient plant_status keys: ['root_surface_area', 'tank_volume_L', 'plant_count', 'daily_growth_rate', 'growth_stage', 'senescence_rates', 'stress_factors', 'organ_nutrient_status']
DEBUG Nutrient env_conditions keys: ['temperature', 'ph', 'optimal_ec']
DEBUG Nutrient step 1480: Calling calculate_nutrient_dynamics
DEBUG Nutrient plant_status keys: ['root_surface_area', 'tank_volume_L', 'plant_count', 'daily_growth_rate', 'growth_stage', 'senescence_rates', 'stress_factors', 'organ_nutrient_status']
DEBUG Nutrient env_conditions keys: ['temperature', 'ph', 'optimal_ec']
DEBUG Nutrient step 1481: Calling calculate_nutrient_dynamics
DEBUG Nutrient plant_status keys: ['root_surface_area', 'tank_volume_L', 'plant_count', 'daily_growth_rate', 'growth_stage', 'senescence_rates', 'stress_factors', 'organ_nutrient_status']
DEBUG Nutrient env_conditions keys: ['temperature', 'ph', 'optimal_ec']
DEBUG Nutrient step 1482: Calling calculate_nutrient_dynamics
DEBUG Nutrient plant_status keys: ['root_surface_area', 'tank_volume_L', 'plant_count', 'daily_growth_rate', 'growth_stage', 'senescence_rates', 'stress_factors', 'organ_nutrient_status']
DEBUG Nutrient env_conditions keys: ['temperature', 'ph', 'optimal_ec']
DEBUG Nutrient step 1483: Calling calculate_nutrient_dynamics
DEBUG Nutrient plant_status keys: ['root_surface_area', 'tank_volume_L', 'plant_count', 'daily_growth_rate', 'growth_stage', 'senescence_rates', 'stress_factors', 'organ_nutrient_status']
DEBUG Nutrient env_conditions keys: ['temperature', 'ph', 'optimal_ec']
DEBUG Nutrient step 1484: Calling calculate_nutrient_dynamics
DEBUG Nutrient plant_status keys: ['root_surface_area', 'tank_volume_L', 'plant_count', 'daily_growth_rate', 'growth_stage', 'senescence_rates', 'stress_factors', 'organ_nutrient_status']
DEBUG Nutrient env_conditions keys: ['temperature', 'ph', 'optimal_ec']
DEBUG Nutrient step 1485: Calling calculate_nutrient_dynamics
DEBUG Nutrient plant_status keys: ['root_surface_area', 'tank_volume_L', 'plant_count', 'daily_growth_rate', 'growth_stage', 'senescence_rates', 'stress_factors', 'organ_nutrient_status']
DEBUG Nutrient env_conditions keys: ['temperature', 'ph', 'optimal_ec']
DEBUG Nutrient step 1486: Calling calculate_nutrient_dynamics
DEBUG Nutrient plant_status keys: ['root_surface_area', 'tank_volume_L', 'plant_count', 'daily_growth_rate', 'growth_stage', 'senescence_rates', 'stress_factors', 'organ_nutrient_status']
DEBUG Nutrient env_conditions keys: ['temperature', 'ph', 'optimal_ec']
DEBUG Nutrient step 1487: Calling calculate_nutrient_dynamics
DEBUG Nutrient plant_status keys: ['root_surface_area', 'tank_volume_L', 'plant_count', 'daily_growth_rate', 'growth_stage', 'senescence_rates', 'stress_factors', 'organ_nutrient_status']
DEBUG Nutrient env_conditions keys: ['temperature', 'ph', 'optimal_ec']
DEBUG Nutrient step 1488: Calling calculate_nutrient_dynamics
DEBUG Nutrient plant_status keys: ['root_surface_area', 'tank_volume_L', 'plant_count', 'daily_growth_rate', 'growth_stage', 'senescence_rates', 'stress_factors', 'organ_nutrient_status']
DEBUG Nutrient env_conditions keys: ['temperature', 'ph', 'optimal_ec']
DEBUG Nutrient step 1489: Calling calculate_nutrient_dynamics
DEBUG Nutrient plant_status keys: ['root_surface_area', 'tank_volume_L', 'plant_count', 'daily_growth_rate', 'growth_stage', 'senescence_rates', 'stress_factors', 'organ_nutrient_status']
DEBUG Nutrient env_conditions keys: ['temperature', 'ph', 'optimal_ec']
DEBUG Nutrient step 1490: Calling calculate_nutrient_dynamics
DEBUG Nutrient plant_status keys: ['root_surface_area', 'tank_volume_L', 'plant_count', 'daily_growth_rate', 'growth_stage', 'senescence_rates', 'stress_factors', 'organ_nutrient_status']
DEBUG Nutrient env_conditions keys: ['temperature', 'ph', 'optimal_ec']
DEBUG Nutrient step 1491: Calling calculate_nutrient_dynamics
DEBUG Nutrient plant_status keys: ['root_surface_area', 'tank_volume_L', 'plant_count', 'daily_growth_rate', 'growth_stage', 'senescence_rates', 'stress_factors', 'organ_nutrient_status']
DEBUG Nutrient env_conditions keys: ['temperature', 'ph', 'optimal_ec']
DEBUG Nutrient step 1492: Calling calculate_nutrient_dynamics
DEBUG Nutrient plant_status keys: ['root_surface_area', 'tank_volume_L', 'plant_count', 'daily_growth_rate', 'growth_stage', 'senescence_rates', 'stress_factors', 'organ_nutrient_status']
DEBUG Nutrient env_conditions keys: ['temperature', 'ph', 'optimal_ec']
DEBUG Nutrient step 1493: Calling calculate_nutrient_dynamics
DEBUG Nutrient plant_status keys: ['root_surface_area', 'tank_volume_L', 'plant_count', 'daily_growth_rate', 'growth_stage', 'senescence_rates', 'stress_factors', 'organ_nutrient_status']
DEBUG Nutrient env_conditions keys: ['temperature', 'ph', 'optimal_ec']
DEBUG Nutrient step 1494: Calling calculate_nutrient_dynamics
DEBUG Nutrient plant_status keys: ['root_surface_area', 'tank_volume_L', 'plant_count', 'daily_growth_rate', 'growth_stage', 'senescence_rates', 'stress_factors', 'organ_nutrient_status']
DEBUG Nutrient env_conditions keys: ['temperature', 'ph', 'optimal_ec']
DEBUG Nutrient step 1495: Calling calculate_nutrient_dynamics
DEBUG Nutrient plant_status keys: ['root_surface_area', 'tank_volume_L', 'plant_count', 'daily_growth_rate', 'growth_stage', 'senescence_rates', 'stress_factors', 'organ_nutrient_status']
DEBUG Nutrient env_conditions keys: ['temperature', 'ph', 'optimal_ec']
DEBUG Nutrient step 1496: Calling calculate_nutrient_dynamics
DEBUG Nutrient plant_status keys: ['root_surface_area', 'tank_volume_L', 'plant_count', 'daily_growth_rate', 'growth_stage', 'senescence_rates', 'stress_factors', 'organ_nutrient_status']
DEBUG Nutrient env_conditions keys: ['temperature', 'ph', 'optimal_ec']
DEBUG Nutrient step 1497: Calling calculate_nutrient_dynamics
DEBUG Nutrient plant_status keys: ['root_surface_area', 'tank_volume_L', 'plant_count', 'daily_growth_rate', 'growth_stage', 'senescence_rates', 'stress_factors', 'organ_nutrient_status']
DEBUG Nutrient env_conditions keys: ['temperature', 'ph', 'optimal_ec']
DEBUG Nutrient step 1498: Calling calculate_nutrient_dynamics
DEBUG Nutrient plant_status keys: ['root_surface_area', 'tank_volume_L', 'plant_count', 'daily_growth_rate', 'growth_stage', 'senescence_rates', 'stress_factors', 'organ_nutrient_status']
DEBUG Nutrient env_conditions keys: ['temperature', 'ph', 'optimal_ec']
DEBUG Nutrient step 1499: Calling calculate_nutrient_dynamics
DEBUG Nutrient plant_status keys: ['root_surface_area', 'tank_volume_L', 'plant_count', 'daily_growth_rate', 'growth_stage', 'senescence_rates', 'stress_factors', 'organ_nutrient_status']
DEBUG Nutrient env_conditions keys: ['temperature', 'ph', 'optimal_ec']
DEBUG Nutrient step 1500: Calling calculate_nutrient_dynamics
DEBUG Nutrient plant_status keys: ['root_surface_area', 'tank_volume_L', 'plant_count', 'daily_growth_rate', 'growth_stage', 'senescence_rates', 'stress_factors', 'organ_nutrient_status']
DEBUG Nutrient env_conditions keys: ['temperature', 'ph', 'optimal_ec']
DEBUG Nutrient step 1501: Calling calculate_nutrient_dynamics
DEBUG Nutrient plant_status keys: ['root_surface_area', 'tank_volume_L', 'plant_count', 'daily_growth_rate', 'growth_stage', 'senescence_rates', 'stress_factors', 'organ_nutrient_status']
DEBUG Nutrient env_conditions keys: ['temperature', 'ph', 'optimal_ec']
DEBUG Nutrient step 1502: Calling calculate_nutrient_dynamics
DEBUG Nutrient plant_status keys: ['root_surface_area', 'tank_volume_L', 'plant_count', 'daily_growth_rate', 'growth_stage', 'senescence_rates', 'stress_factors', 'organ_nutrient_status']
DEBUG Nutrient env_conditions keys: ['temperature', 'ph', 'optimal_ec']
DEBUG Nutrient step 1503: Calling calculate_nutrient_dynamics
DEBUG Nutrient plant_status keys: ['root_surface_area', 'tank_volume_L', 'plant_count', 'daily_growth_rate', 'growth_stage', 'senescence_rates', 'stress_factors', 'organ_nutrient_status']
DEBUG Nutrient env_conditions keys: ['temperature', 'ph', 'optimal_ec']
DEBUG Nutrient step 1504: Calling calculate_nutrient_dynamics
DEBUG Nutrient plant_status keys: ['root_surface_area', 'tank_volume_L', 'plant_count', 'daily_growth_rate', 'growth_stage', 'senescence_rates', 'stress_factors', 'organ_nutrient_status']
DEBUG Nutrient env_conditions keys: ['temperature', 'ph', 'optimal_ec']
DEBUG Nutrient step 1505: Calling calculate_nutrient_dynamics
DEBUG Nutrient plant_status keys: ['root_surface_area', 'tank_volume_L', 'plant_count', 'daily_growth_rate', 'growth_stage', 'senescence_rates', 'stress_factors', 'organ_nutrient_status']
DEBUG Nutrient env_conditions keys: ['temperature', 'ph', 'optimal_ec']
DEBUG Nutrient step 1506: Calling calculate_nutrient_dynamics
DEBUG Nutrient plant_status keys: ['root_surface_area', 'tank_volume_L', 'plant_count', 'daily_growth_rate', 'growth_stage', 'senescence_rates', 'stress_factors', 'organ_nutrient_status']
DEBUG Nutrient env_conditions keys: ['temperature', 'ph', 'optimal_ec']
DEBUG Nutrient step 1507: Calling calculate_nutrient_dynamics
DEBUG Nutrient plant_status keys: ['root_surface_area', 'tank_volume_L', 'plant_count', 'daily_growth_rate', 'growth_stage', 'senescence_rates', 'stress_factors', 'organ_nutrient_status']
DEBUG Nutrient env_conditions keys: ['temperature', 'ph', 'optimal_ec']
DEBUG Nutrient step 1508: Calling calculate_nutrient_dynamics
DEBUG Nutrient plant_status keys: ['root_surface_area', 'tank_volume_L', 'plant_count', 'daily_growth_rate', 'growth_stage', 'senescence_rates', 'stress_factors', 'organ_nutrient_status']
DEBUG Nutrient env_conditions keys: ['temperature', 'ph', 'optimal_ec']
DEBUG Nutrient step 1509: Calling calculate_nutrient_dynamics
DEBUG Nutrient plant_status keys: ['root_surface_area', 'tank_volume_L', 'plant_count', 'daily_growth_rate', 'growth_stage', 'senescence_rates', 'stress_factors', 'organ_nutrient_status']
DEBUG Nutrient env_conditions keys: ['temperature', 'ph', 'optimal_ec']
DEBUG Nutrient step 1510: Calling calculate_nutrient_dynamics
DEBUG Nutrient plant_status keys: ['root_surface_area', 'tank_volume_L', 'plant_count', 'daily_growth_rate', 'growth_stage', 'senescence_rates', 'stress_factors', 'organ_nutrient_status']
DEBUG Nutrient env_conditions keys: ['temperature', 'ph', 'optimal_ec']
DEBUG Nutrient step 1511: Calling calculate_nutrient_dynamics
DEBUG Nutrient plant_status keys: ['root_surface_area', 'tank_volume_L', 'plant_count', 'daily_growth_rate', 'growth_stage', 'senescence_rates', 'stress_factors', 'organ_nutrient_status']
DEBUG Nutrient env_conditions keys: ['temperature', 'ph', 'optimal_ec']
DEBUG Nutrient step 1512: Calling calculate_nutrient_dynamics
DEBUG Nutrient plant_status keys: ['root_surface_area', 'tank_volume_L', 'plant_count', 'daily_growth_rate', 'growth_stage', 'senescence_rates', 'stress_factors', 'organ_nutrient_status']
DEBUG Nutrient env_conditions keys: ['temperature', 'ph', 'optimal_ec']
DEBUG Nutrient step 1513: Calling calculate_nutrient_dynamics
DEBUG Nutrient plant_status keys: ['root_surface_area', 'tank_volume_L', 'plant_count', 'daily_growth_rate', 'growth_stage', 'senescence_rates', 'stress_factors', 'organ_nutrient_status']
DEBUG Nutrient env_conditions keys: ['temperature', 'ph', 'optimal_ec']
DEBUG Nutrient step 1514: Calling calculate_nutrient_dynamics
DEBUG Nutrient plant_status keys: ['root_surface_area', 'tank_volume_L', 'plant_count', 'daily_growth_rate', 'growth_stage', 'senescence_rates', 'stress_factors', 'organ_nutrient_status']
DEBUG Nutrient env_conditions keys: ['temperature', 'ph', 'optimal_ec']
DEBUG Nutrient step 1515: Calling calculate_nutrient_dynamics
DEBUG Nutrient plant_status keys: ['root_surface_area', 'tank_volume_L', 'plant_count', 'daily_growth_rate', 'growth_stage', 'senescence_rates', 'stress_factors', 'organ_nutrient_status']
DEBUG Nutrient env_conditions keys: ['temperature', 'ph', 'optimal_ec']
DEBUG Nutrient step 1516: Calling calculate_nutrient_dynamics
DEBUG Nutrient plant_status keys: ['root_surface_area', 'tank_volume_L', 'plant_count', 'daily_growth_rate', 'growth_stage', 'senescence_rates', 'stress_factors', 'organ_nutrient_status']
DEBUG Nutrient env_conditions keys: ['temperature', 'ph', 'optimal_ec']
DEBUG Nutrient step 1517: Calling calculate_nutrient_dynamics
DEBUG Nutrient plant_status keys: ['root_surface_area', 'tank_volume_L', 'plant_count', 'daily_growth_rate', 'growth_stage', 'senescence_rates', 'stress_factors', 'organ_nutrient_status']
DEBUG Nutrient env_conditions keys: ['temperature', 'ph', 'optimal_ec']
DEBUG Nutrient step 1518: Calling calculate_nutrient_dynamics
DEBUG Nutrient plant_status keys: ['root_surface_area', 'tank_volume_L', 'plant_count', 'daily_growth_rate', 'growth_stage', 'senescence_rates', 'stress_factors', 'organ_nutrient_status']
DEBUG Nutrient env_conditions keys: ['temperature', 'ph', 'optimal_ec']
DEBUG Nutrient step 1519: Calling calculate_nutrient_dynamics
DEBUG Nutrient plant_status keys: ['root_surface_area', 'tank_volume_L', 'plant_count', 'daily_growth_rate', 'growth_stage', 'senescence_rates', 'stress_factors', 'organ_nutrient_status']
DEBUG Nutrient env_conditions keys: ['temperature', 'ph', 'optimal_ec']
DEBUG Nutrient step 1520: Calling calculate_nutrient_dynamics
DEBUG Nutrient plant_status keys: ['root_surface_area', 'tank_volume_L', 'plant_count', 'daily_growth_rate', 'growth_stage', 'senescence_rates', 'stress_factors', 'organ_nutrient_status']
DEBUG Nutrient env_conditions keys: ['temperature', 'ph', 'optimal_ec']
DEBUG Nutrient step 1521: Calling calculate_nutrient_dynamics
DEBUG Nutrient plant_status keys: ['root_surface_area', 'tank_volume_L', 'plant_count', 'daily_growth_rate', 'growth_stage', 'senescence_rates', 'stress_factors', 'organ_nutrient_status']
DEBUG Nutrient env_conditions keys: ['temperature', 'ph', 'optimal_ec']
DEBUG Nutrient step 1522: Calling calculate_nutrient_dynamics
DEBUG Nutrient plant_status keys: ['root_surface_area', 'tank_volume_L', 'plant_count', 'daily_growth_rate', 'growth_stage', 'senescence_rates', 'stress_factors', 'organ_nutrient_status']
DEBUG Nutrient env_conditions keys: ['temperature', 'ph', 'optimal_ec']
DEBUG Nutrient step 1523: Calling calculate_nutrient_dynamics
DEBUG Nutrient plant_status keys: ['root_surface_area', 'tank_volume_L', 'plant_count', 'daily_growth_rate', 'growth_stage', 'senescence_rates', 'stress_factors', 'organ_nutrient_status']
DEBUG Nutrient env_conditions keys: ['temperature', 'ph', 'optimal_ec']
DEBUG Nutrient step 1524: Calling calculate_nutrient_dynamics
DEBUG Nutrient plant_status keys: ['root_surface_area', 'tank_volume_L', 'plant_count', 'daily_growth_rate', 'growth_stage', 'senescence_rates', 'stress_factors', 'organ_nutrient_status']
DEBUG Nutrient env_conditions keys: ['temperature', 'ph', 'optimal_ec']
DEBUG Nutrient step 1525: Calling calculate_nutrient_dynamics
DEBUG Nutrient plant_status keys: ['root_surface_area', 'tank_volume_L', 'plant_count', 'daily_growth_rate', 'growth_stage', 'senescence_rates', 'stress_factors', 'organ_nutrient_status']
DEBUG Nutrient env_conditions keys: ['temperature', 'ph', 'optimal_ec']
DEBUG Nutrient step 1526: Calling calculate_nutrient_dynamics
DEBUG Nutrient plant_status keys: ['root_surface_area', 'tank_volume_L', 'plant_count', 'daily_growth_rate', 'growth_stage', 'senescence_rates', 'stress_factors', 'organ_nutrient_status']
DEBUG Nutrient env_conditions keys: ['temperature', 'ph', 'optimal_ec']
DEBUG Nutrient step 1527: Calling calculate_nutrient_dynamics
DEBUG Nutrient plant_status keys: ['root_surface_area', 'tank_volume_L', 'plant_count', 'daily_growth_rate', 'growth_stage', 'senescence_rates', 'stress_factors', 'organ_nutrient_status']
DEBUG Nutrient env_conditions keys: ['temperature', 'ph', 'optimal_ec']
DEBUG Nutrient step 1528: Calling calculate_nutrient_dynamics
DEBUG Nutrient plant_status keys: ['root_surface_area', 'tank_volume_L', 'plant_count', 'daily_growth_rate', 'growth_stage', 'senescence_rates', 'stress_factors', 'organ_nutrient_status']
DEBUG Nutrient env_conditions keys: ['temperature', 'ph', 'optimal_ec']
DEBUG Nutrient step 1529: Calling calculate_nutrient_dynamics
DEBUG Nutrient plant_status keys: ['root_surface_area', 'tank_volume_L', 'plant_count', 'daily_growth_rate', 'growth_stage', 'senescence_rates', 'stress_factors', 'organ_nutrient_status']
DEBUG Nutrient env_conditions keys: ['temperature', 'ph', 'optimal_ec']
DEBUG Nutrient step 1530: Calling calculate_nutrient_dynamics
DEBUG Nutrient plant_status keys: ['root_surface_area', 'tank_volume_L', 'plant_count', 'daily_growth_rate', 'growth_stage', 'senescence_rates', 'stress_factors', 'organ_nutrient_status']
DEBUG Nutrient env_conditions keys: ['temperature', 'ph', 'optimal_ec']
DEBUG Nutrient step 1531: Calling calculate_nutrient_dynamics
DEBUG Nutrient plant_status keys: ['root_surface_area', 'tank_volume_L', 'plant_count', 'daily_growth_rate', 'growth_stage', 'senescence_rates', 'stress_factors', 'organ_nutrient_status']
DEBUG Nutrient env_conditions keys: ['temperature', 'ph', 'optimal_ec']
DEBUG Nutrient step 1532: Calling calculate_nutrient_dynamics
DEBUG Nutrient plant_status keys: ['root_surface_area', 'tank_volume_L', 'plant_count', 'daily_growth_rate', 'growth_stage', 'senescence_rates', 'stress_factors', 'organ_nutrient_status']
DEBUG Nutrient env_conditions keys: ['temperature', 'ph', 'optimal_ec']
DEBUG Nutrient step 1533: Calling calculate_nutrient_dynamics
DEBUG Nutrient plant_status keys: ['root_surface_area', 'tank_volume_L', 'plant_count', 'daily_growth_rate', 'growth_stage', 'senescence_rates', 'stress_factors', 'organ_nutrient_status']
DEBUG Nutrient env_conditions keys: ['temperature', 'ph', 'optimal_ec']
DEBUG Nutrient step 1534: Calling calculate_nutrient_dynamics
DEBUG Nutrient plant_status keys: ['root_surface_area', 'tank_volume_L', 'plant_count', 'daily_growth_rate', 'growth_stage', 'senescence_rates', 'stress_factors', 'organ_nutrient_status']
DEBUG Nutrient env_conditions keys: ['temperature', 'ph', 'optimal_ec']
DEBUG Nutrient step 1535: Calling calculate_nutrient_dynamics
DEBUG Nutrient plant_status keys: ['root_surface_area', 'tank_volume_L', 'plant_count', 'daily_growth_rate', 'growth_stage', 'senescence_rates', 'stress_factors', 'organ_nutrient_status']
DEBUG Nutrient env_conditions keys: ['temperature', 'ph', 'optimal_ec']
DEBUG Nutrient step 1536: Calling calculate_nutrient_dynamics
DEBUG Nutrient plant_status keys: ['root_surface_area', 'tank_volume_L', 'plant_count', 'daily_growth_rate', 'growth_stage', 'senescence_rates', 'stress_factors', 'organ_nutrient_status']
DEBUG Nutrient env_conditions keys: ['temperature', 'ph', 'optimal_ec']
DEBUG Nutrient step 1537: Calling calculate_nutrient_dynamics
DEBUG Nutrient plant_status keys: ['root_surface_area', 'tank_volume_L', 'plant_count', 'daily_growth_rate', 'growth_stage', 'senescence_rates', 'stress_factors', 'organ_nutrient_status']
DEBUG Nutrient env_conditions keys: ['temperature', 'ph', 'optimal_ec']
DEBUG Nutrient step 1538: Calling calculate_nutrient_dynamics
DEBUG Nutrient plant_status keys: ['root_surface_area', 'tank_volume_L', 'plant_count', 'daily_growth_rate', 'growth_stage', 'senescence_rates', 'stress_factors', 'organ_nutrient_status']
DEBUG Nutrient env_conditions keys: ['temperature', 'ph', 'optimal_ec']
DEBUG Nutrient step 1539: Calling calculate_nutrient_dynamics
DEBUG Nutrient plant_status keys: ['root_surface_area', 'tank_volume_L', 'plant_count', 'daily_growth_rate', 'growth_stage', 'senescence_rates', 'stress_factors', 'organ_nutrient_status']
DEBUG Nutrient env_conditions keys: ['temperature', 'ph', 'optimal_ec']
DEBUG Nutrient step 1540: Calling calculate_nutrient_dynamics
DEBUG Nutrient plant_status keys: ['root_surface_area', 'tank_volume_L', 'plant_count', 'daily_growth_rate', 'growth_stage', 'senescence_rates', 'stress_factors', 'organ_nutrient_status']
DEBUG Nutrient env_conditions keys: ['temperature', 'ph', 'optimal_ec']
DEBUG Nutrient step 1541: Calling calculate_nutrient_dynamics
DEBUG Nutrient plant_status keys: ['root_surface_area', 'tank_volume_L', 'plant_count', 'daily_growth_rate', 'growth_stage', 'senescence_rates', 'stress_factors', 'organ_nutrient_status']
DEBUG Nutrient env_conditions keys: ['temperature', 'ph', 'optimal_ec']
DEBUG Nutrient step 1542: Calling calculate_nutrient_dynamics
DEBUG Nutrient plant_status keys: ['root_surface_area', 'tank_volume_L', 'plant_count', 'daily_growth_rate', 'growth_stage', 'senescence_rates', 'stress_factors', 'organ_nutrient_status']
DEBUG Nutrient env_conditions keys: ['temperature', 'ph', 'optimal_ec']
DEBUG Nutrient step 1543: Calling calculate_nutrient_dynamics
DEBUG Nutrient plant_status keys: ['root_surface_area', 'tank_volume_L', 'plant_count', 'daily_growth_rate', 'growth_stage', 'senescence_rates', 'stress_factors', 'organ_nutrient_status']
DEBUG Nutrient env_conditions keys: ['temperature', 'ph', 'optimal_ec']
DEBUG Nutrient step 1544: Calling calculate_nutrient_dynamics
DEBUG Nutrient plant_status keys: ['root_surface_area', 'tank_volume_L', 'plant_count', 'daily_growth_rate', 'growth_stage', 'senescence_rates', 'stress_factors', 'organ_nutrient_status']
DEBUG Nutrient env_conditions keys: ['temperature', 'ph', 'optimal_ec']
DEBUG Nutrient step 1545: Calling calculate_nutrient_dynamics
DEBUG Nutrient plant_status keys: ['root_surface_area', 'tank_volume_L', 'plant_count', 'daily_growth_rate', 'growth_stage', 'senescence_rates', 'stress_factors', 'organ_nutrient_status']
DEBUG Nutrient env_conditions keys: ['temperature', 'ph', 'optimal_ec']
DEBUG Nutrient step 1546: Calling calculate_nutrient_dynamics
DEBUG Nutrient plant_status keys: ['root_surface_area', 'tank_volume_L', 'plant_count', 'daily_growth_rate', 'growth_stage', 'senescence_rates', 'stress_factors', 'organ_nutrient_status']
DEBUG Nutrient env_conditions keys: ['temperature', 'ph', 'optimal_ec']
DEBUG Nutrient step 1547: Calling calculate_nutrient_dynamics
DEBUG Nutrient plant_status keys: ['root_surface_area', 'tank_volume_L', 'plant_count', 'daily_growth_rate', 'growth_stage', 'senescence_rates', 'stress_factors', 'organ_nutrient_status']
DEBUG Nutrient env_conditions keys: ['temperature', 'ph', 'optimal_ec']
DEBUG Nutrient step 1548: Calling calculate_nutrient_dynamics
DEBUG Nutrient plant_status keys: ['root_surface_area', 'tank_volume_L', 'plant_count', 'daily_growth_rate', 'growth_stage', 'senescence_rates', 'stress_factors', 'organ_nutrient_status']
DEBUG Nutrient env_conditions keys: ['temperature', 'ph', 'optimal_ec']
DEBUG Nutrient step 1549: Calling calculate_nutrient_dynamics
DEBUG Nutrient plant_status keys: ['root_surface_area', 'tank_volume_L', 'plant_count', 'daily_growth_rate', 'growth_stage', 'senescence_rates', 'stress_factors', 'organ_nutrient_status']
DEBUG Nutrient env_conditions keys: ['temperature', 'ph', 'optimal_ec']
DEBUG Nutrient step 1550: Calling calculate_nutrient_dynamics
DEBUG Nutrient plant_status keys: ['root_surface_area', 'tank_volume_L', 'plant_count', 'daily_growth_rate', 'growth_stage', 'senescence_rates', 'stress_factors', 'organ_nutrient_status']
DEBUG Nutrient env_conditions keys: ['temperature', 'ph', 'optimal_ec']
DEBUG Nutrient step 1551: Calling calculate_nutrient_dynamics
DEBUG Nutrient plant_status keys: ['root_surface_area', 'tank_volume_L', 'plant_count', 'daily_growth_rate', 'growth_stage', 'senescence_rates', 'stress_factors', 'organ_nutrient_status']
DEBUG Nutrient env_conditions keys: ['temperature', 'ph', 'optimal_ec']
DEBUG Nutrient step 1552: Calling calculate_nutrient_dynamics
DEBUG Nutrient plant_status keys: ['root_surface_area', 'tank_volume_L', 'plant_count', 'daily_growth_rate', 'growth_stage', 'senescence_rates', 'stress_factors', 'organ_nutrient_status']
DEBUG Nutrient env_conditions keys: ['temperature', 'ph', 'optimal_ec']
DEBUG Nutrient step 1553: Calling calculate_nutrient_dynamics
DEBUG Nutrient plant_status keys: ['root_surface_area', 'tank_volume_L', 'plant_count', 'daily_growth_rate', 'growth_stage', 'senescence_rates', 'stress_factors', 'organ_nutrient_status']
DEBUG Nutrient env_conditions keys: ['temperature', 'ph', 'optimal_ec']
DEBUG Nutrient step 1554: Calling calculate_nutrient_dynamics
DEBUG Nutrient plant_status keys: ['root_surface_area', 'tank_volume_L', 'plant_count', 'daily_growth_rate', 'growth_stage', 'senescence_rates', 'stress_factors', 'organ_nutrient_status']
DEBUG Nutrient env_conditions keys: ['temperature', 'ph', 'optimal_ec']
DEBUG Nutrient step 1555: Calling calculate_nutrient_dynamics
DEBUG Nutrient plant_status keys: ['root_surface_area', 'tank_volume_L', 'plant_count', 'daily_growth_rate', 'growth_stage', 'senescence_rates', 'stress_factors', 'organ_nutrient_status']
DEBUG Nutrient env_conditions keys: ['temperature', 'ph', 'optimal_ec']
DEBUG Nutrient step 1556: Calling calculate_nutrient_dynamics
DEBUG Nutrient plant_status keys: ['root_surface_area', 'tank_volume_L', 'plant_count', 'daily_growth_rate', 'growth_stage', 'senescence_rates', 'stress_factors', 'organ_nutrient_status']
DEBUG Nutrient env_conditions keys: ['temperature', 'ph', 'optimal_ec']
DEBUG Nutrient step 1557: Calling calculate_nutrient_dynamics
DEBUG Nutrient plant_status keys: ['root_surface_area', 'tank_volume_L', 'plant_count', 'daily_growth_rate', 'growth_stage', 'senescence_rates', 'stress_factors', 'organ_nutrient_status']
DEBUG Nutrient env_conditions keys: ['temperature', 'ph', 'optimal_ec']
DEBUG Nutrient step 1558: Calling calculate_nutrient_dynamics
DEBUG Nutrient plant_status keys: ['root_surface_area', 'tank_volume_L', 'plant_count', 'daily_growth_rate', 'growth_stage', 'senescence_rates', 'stress_factors', 'organ_nutrient_status']
DEBUG Nutrient env_conditions keys: ['temperature', 'ph', 'optimal_ec']
DEBUG Nutrient step 1559: Calling calculate_nutrient_dynamics
DEBUG Nutrient plant_status keys: ['root_surface_area', 'tank_volume_L', 'plant_count', 'daily_growth_rate', 'growth_stage', 'senescence_rates', 'stress_factors', 'organ_nutrient_status']
DEBUG Nutrient env_conditions keys: ['temperature', 'ph', 'optimal_ec']
DEBUG Nutrient step 1560: Calling calculate_nutrient_dynamics
DEBUG Nutrient plant_status keys: ['root_surface_area', 'tank_volume_L', 'plant_count', 'daily_growth_rate', 'growth_stage', 'senescence_rates', 'stress_factors', 'organ_nutrient_status']
DEBUG Nutrient env_conditions keys: ['temperature', 'ph', 'optimal_ec']
DEBUG Nutrient step 1561: Calling calculate_nutrient_dynamics
DEBUG Nutrient plant_status keys: ['root_surface_area', 'tank_volume_L', 'plant_count', 'daily_growth_rate', 'growth_stage', 'senescence_rates', 'stress_factors', 'organ_nutrient_status']
DEBUG Nutrient env_conditions keys: ['temperature', 'ph', 'optimal_ec']
DEBUG Nutrient step 1562: Calling calculate_nutrient_dynamics
DEBUG Nutrient plant_status keys: ['root_surface_area', 'tank_volume_L', 'plant_count', 'daily_growth_rate', 'growth_stage', 'senescence_rates', 'stress_factors', 'organ_nutrient_status']
DEBUG Nutrient env_conditions keys: ['temperature', 'ph', 'optimal_ec']
DEBUG Nutrient step 1563: Calling calculate_nutrient_dynamics
DEBUG Nutrient plant_status keys: ['root_surface_area', 'tank_volume_L', 'plant_count', 'daily_growth_rate', 'growth_stage', 'senescence_rates', 'stress_factors', 'organ_nutrient_status']
DEBUG Nutrient env_conditions keys: ['temperature', 'ph', 'optimal_ec']
DEBUG Nutrient step 1564: Calling calculate_nutrient_dynamics
DEBUG Nutrient plant_status keys: ['root_surface_area', 'tank_volume_L', 'plant_count', 'daily_growth_rate', 'growth_stage', 'senescence_rates', 'stress_factors', 'organ_nutrient_status']
DEBUG Nutrient env_conditions keys: ['temperature', 'ph', 'optimal_ec']
DEBUG Nutrient step 1565: Calling calculate_nutrient_dynamics
DEBUG Nutrient plant_status keys: ['root_surface_area', 'tank_volume_L', 'plant_count', 'daily_growth_rate', 'growth_stage', 'senescence_rates', 'stress_factors', 'organ_nutrient_status']
DEBUG Nutrient env_conditions keys: ['temperature', 'ph', 'optimal_ec']
DEBUG Nutrient step 1566: Calling calculate_nutrient_dynamics
DEBUG Nutrient plant_status keys: ['root_surface_area', 'tank_volume_L', 'plant_count', 'daily_growth_rate', 'growth_stage', 'senescence_rates', 'stress_factors', 'organ_nutrient_status']
DEBUG Nutrient env_conditions keys: ['temperature', 'ph', 'optimal_ec']
DEBUG Nutrient step 1567: Calling calculate_nutrient_dynamics
DEBUG Nutrient plant_status keys: ['root_surface_area', 'tank_volume_L', 'plant_count', 'daily_growth_rate', 'growth_stage', 'senescence_rates', 'stress_factors', 'organ_nutrient_status']
DEBUG Nutrient env_conditions keys: ['temperature', 'ph', 'optimal_ec']
DEBUG Nutrient step 1568: Calling calculate_nutrient_dynamics
DEBUG Nutrient plant_status keys: ['root_surface_area', 'tank_volume_L', 'plant_count', 'daily_growth_rate', 'growth_stage', 'senescence_rates', 'stress_factors', 'organ_nutrient_status']
DEBUG Nutrient env_conditions keys: ['temperature', 'ph', 'optimal_ec']
DEBUG Nutrient step 1569: Calling calculate_nutrient_dynamics
DEBUG Nutrient plant_status keys: ['root_surface_area', 'tank_volume_L', 'plant_count', 'daily_growth_rate', 'growth_stage', 'senescence_rates', 'stress_factors', 'organ_nutrient_status']
DEBUG Nutrient env_conditions keys: ['temperature', 'ph', 'optimal_ec']
DEBUG Nutrient step 1570: Calling calculate_nutrient_dynamics
DEBUG Nutrient plant_status keys: ['root_surface_area', 'tank_volume_L', 'plant_count', 'daily_growth_rate', 'growth_stage', 'senescence_rates', 'stress_factors', 'organ_nutrient_status']
DEBUG Nutrient env_conditions keys: ['temperature', 'ph', 'optimal_ec']
DEBUG Nutrient step 1571: Calling calculate_nutrient_dynamics
DEBUG Nutrient plant_status keys: ['root_surface_area', 'tank_volume_L', 'plant_count', 'daily_growth_rate', 'growth_stage', 'senescence_rates', 'stress_factors', 'organ_nutrient_status']
DEBUG Nutrient env_conditions keys: ['temperature', 'ph', 'optimal_ec']
DEBUG Nutrient step 1572: Calling calculate_nutrient_dynamics
DEBUG Nutrient plant_status keys: ['root_surface_area', 'tank_volume_L', 'plant_count', 'daily_growth_rate', 'growth_stage', 'senescence_rates', 'stress_factors', 'organ_nutrient_status']
DEBUG Nutrient env_conditions keys: ['temperature', 'ph', 'optimal_ec']
DEBUG Nutrient step 1573: Calling calculate_nutrient_dynamics
DEBUG Nutrient plant_status keys: ['root_surface_area', 'tank_volume_L', 'plant_count', 'daily_growth_rate', 'growth_stage', 'senescence_rates', 'stress_factors', 'organ_nutrient_status']
DEBUG Nutrient env_conditions keys: ['temperature', 'ph', 'optimal_ec']
DEBUG Nutrient step 1574: Calling calculate_nutrient_dynamics
DEBUG Nutrient plant_status keys: ['root_surface_area', 'tank_volume_L', 'plant_count', 'daily_growth_rate', 'growth_stage', 'senescence_rates', 'stress_factors', 'organ_nutrient_status']
DEBUG Nutrient env_conditions keys: ['temperature', 'ph', 'optimal_ec']
DEBUG Nutrient step 1575: Calling calculate_nutrient_dynamics
DEBUG Nutrient plant_status keys: ['root_surface_area', 'tank_volume_L', 'plant_count', 'daily_growth_rate', 'growth_stage', 'senescence_rates', 'stress_factors', 'organ_nutrient_status']
DEBUG Nutrient env_conditions keys: ['temperature', 'ph', 'optimal_ec']
DEBUG Nutrient step 1576: Calling calculate_nutrient_dynamics
DEBUG Nutrient plant_status keys: ['root_surface_area', 'tank_volume_L', 'plant_count', 'daily_growth_rate', 'growth_stage', 'senescence_rates', 'stress_factors', 'organ_nutrient_status']
DEBUG Nutrient env_conditions keys: ['temperature', 'ph', 'optimal_ec']
DEBUG Nutrient step 1577: Calling calculate_nutrient_dynamics
DEBUG Nutrient plant_status keys: ['root_surface_area', 'tank_volume_L', 'plant_count', 'daily_growth_rate', 'growth_stage', 'senescence_rates', 'stress_factors', 'organ_nutrient_status']
DEBUG Nutrient env_conditions keys: ['temperature', 'ph', 'optimal_ec']
DEBUG Nutrient step 1578: Calling calculate_nutrient_dynamics
DEBUG Nutrient plant_status keys: ['root_surface_area', 'tank_volume_L', 'plant_count', 'daily_growth_rate', 'growth_stage', 'senescence_rates', 'stress_factors', 'organ_nutrient_status']
DEBUG Nutrient env_conditions keys: ['temperature', 'ph', 'optimal_ec']
DEBUG Nutrient step 1579: Calling calculate_nutrient_dynamics
DEBUG Nutrient plant_status keys: ['root_surface_area', 'tank_volume_L', 'plant_count', 'daily_growth_rate', 'growth_stage', 'senescence_rates', 'stress_factors', 'organ_nutrient_status']
DEBUG Nutrient env_conditions keys: ['temperature', 'ph', 'optimal_ec']
DEBUG Nutrient step 1580: Calling calculate_nutrient_dynamics
DEBUG Nutrient plant_status keys: ['root_surface_area', 'tank_volume_L', 'plant_count', 'daily_growth_rate', 'growth_stage', 'senescence_rates', 'stress_factors', 'organ_nutrient_status']
DEBUG Nutrient env_conditions keys: ['temperature', 'ph', 'optimal_ec']
DEBUG Nutrient step 1581: Calling calculate_nutrient_dynamics
DEBUG Nutrient plant_status keys: ['root_surface_area', 'tank_volume_L', 'plant_count', 'daily_growth_rate', 'growth_stage', 'senescence_rates', 'stress_factors', 'organ_nutrient_status']
DEBUG Nutrient env_conditions keys: ['temperature', 'ph', 'optimal_ec']
DEBUG Nutrient step 1582: Calling calculate_nutrient_dynamics
DEBUG Nutrient plant_status keys: ['root_surface_area', 'tank_volume_L', 'plant_count', 'daily_growth_rate', 'growth_stage', 'senescence_rates', 'stress_factors', 'organ_nutrient_status']
DEBUG Nutrient env_conditions keys: ['temperature', 'ph', 'optimal_ec']
DEBUG Nutrient step 1583: Calling calculate_nutrient_dynamics
DEBUG Nutrient plant_status keys: ['root_surface_area', 'tank_volume_L', 'plant_count', 'daily_growth_rate', 'growth_stage', 'senescence_rates', 'stress_factors', 'organ_nutrient_status']
DEBUG Nutrient env_conditions keys: ['temperature', 'ph', 'optimal_ec']
DEBUG Nutrient step 1584: Calling calculate_nutrient_dynamics
DEBUG Nutrient plant_status keys: ['root_surface_area', 'tank_volume_L', 'plant_count', 'daily_growth_rate', 'growth_stage', 'senescence_rates', 'stress_factors', 'organ_nutrient_status']
DEBUG Nutrient env_conditions keys: ['temperature', 'ph', 'optimal_ec']
DEBUG Nutrient step 1585: Calling calculate_nutrient_dynamics
DEBUG Nutrient plant_status keys: ['root_surface_area', 'tank_volume_L', 'plant_count', 'daily_growth_rate', 'growth_stage', 'senescence_rates', 'stress_factors', 'organ_nutrient_status']
DEBUG Nutrient env_conditions keys: ['temperature', 'ph', 'optimal_ec']
Harvest maturity reached! Current stage: LettuceGrowthStage.HARVEST_MATURITY on day 34
Harvest maturity reached on day 34, hour 0
Simulation completed: 793 steps in 0:02:23.954310
Photosynthesis simulator: Simulation ended after 1585 steps
Final net assimilation rate: 0.026 μmol CO2/m²/s
Final gross photosynthesis rate: 0.026 μmol CO2/m²/s
Final light use efficiency: 0.000
Final CO2 uptake rate: 0.026 μmol CO2/m²/s
Total carbon gained: 22.92 g C
Respiration simulator: Simulation ended after 1586 steps
Total respiration: 19.59 g C
Biomass allocation simulator: Simulation ended after 1586 steps
Total biomass: 9.46 g DM
Leaf biomass: 4.77 g DM
Stem biomass: 1.04 g DM
Root biomass: 3.65 g DM
Phenology simulator: Simulation ended after 1586 steps
Final growth stage: LettuceGrowthStage.HARVEST_MATURITY
Total thermal time: 1263.62 °C days
Development index: 1.000
Final bolting risk: 0.020
Stress models simulator: Simulation ended after 1586 steps
Final integrated stress: 0.100
Final stress severity: CRITICAL
Total cumulative stress: 570600.00
Final acclimation level: 0.000
Final damage level: 0.000
Water uptake simulator: Simulation ended after 1586 steps
Total water uptake: 7.69 L
Total transpiration: 0.03 L
Final water availability: 0.999
Final crop coefficient: 0.238
Nutrient models simulator: Simulation ended after 1586 steps
Final solution EC: 4.11 mS/cm
Final solution pH: 6.00
N-NO3: 0.39 mg/L, Total uptake: 0.00 mg
N-NH4: 0.00 mg/L, Total uptake: 0.00 mg
P-PO4: 0.08 mg/L, Total uptake: 0.00 mg
K: 0.75 mg/L, Total uptake: 0.00 mg
Ca: 1.34 mg/L, Total uptake: 0.00 mg
Mg: 0.21 mg/L, Total uptake: 0.00 mg
S-SO4: 60.00 mg/L, Total uptake: 0.00 mg
Fe: 2.00 mg/L, Total uptake: 0.00 mg
Mn: 0.10 mg/L, Total uptake: 0.00 mg
Zn: 0.10 mg/L, Total uptake: 0.00 mg
Cu: 0.10 mg/L, Total uptake: 0.00 mg
B: 0.10 mg/L, Total uptake: 0.00 mg
Mo: 0.10 mg/L, Total uptake: 0.00 mg
Canopy architecture simulator: Simulation ended after 1586 steps
Final LAI: 0.596
Final canopy height: 0.10 cm
Final ground coverage: 0.301
Final light interception efficiency: 0.324
Total light interception: 262.43 MJ/m²
Root system simulator: Simulation ended after 1586 steps
Final root depth: 5.00 cm
Final root biomass: 1.89 g DM
Final root length: 5.00 cm
Final root surface area: 1.26 cm²
Final root density: 0.625 g/cm³
Total root growth: 0.00 cm
Genetic parameters simulator: Simulation ended after 1586 steps
Cultivar: Boston Bibb (butterhead)
Final adaptation index: 0.000
Final performance index: 0.000
Total genetic response: 3994200.000
Final trait expressions:
  growth_rate: 0.500
  leaf_size: 0.500
  yield_potential: 0.500
  disease_resistance: 0.500
  heat_tolerance: 0.500
  cold_tolerance: 0.500
  bolting_tolerance: 0.500
  chlorophyll_content: 0.500
  root_development: 0.500
  plant_architecture: 0.500
  GeneticTrait.GROWTH_RATE: 0.700
Leaf development simulator: Simulation ended after 1586 steps
Final total leaves: 2
Final leaf area: 0.00 m²
Final leaf weight: 0.00 g
Final leaf nitrogen content: 0.00 g
Total thermal time: 29425.3 °C-day
NOTE: LAI calculated by canopy architecture simulator using actual plant spacing
Final leaf stage distribution:
Nitrogen balance simulator: Simulation ended after 1586 steps
Final total nitrogen uptake: 0.00 g
Final nitrogen use efficiency: 1.000
Final nitrogen stress index: 0.542
Final luxury uptake factor: 1.000
Total nitrogen uptake: 0.00 g
Final nitrogen allocation:
Final nitrogen pools:
Combined results exported to: output/simulation_results.csv

Exported 12 individual simulator files:
  - biomass_allocation.csv
  - canopy_architecture.csv
  - genetic_parameters.csv
  - leaf_development.csv
  - nitrogen_balance.csv
  - nutrient_models.csv
  - phenology.csv
  - photosynthesis.csv
  - respiration.csv
  - root_system.csv
  - stress_models.csv
  - water_uptake.csv

============================================================
SIMULATION PERFORMANCE METRICS
============================================================
Total simulation time: 143.95 seconds
Steps per second: 5.51
Total steps executed: 793
Simulators registered: 12
Data points collected: 792

Per-Simulator Performance:

Message Bus Status:
  Queue size: 0
  Event handlers: 53
  Registered simulators: 13

================================================================================
Simulation completed successfully!
Results saved to: output/simulation_results.csv
================================================================================
