step,day,hour,timestamp,photosynthesis_simulator_net_assimilation_rate,photosynthesis_simulator_gross_photosynthesis_rate,photosynthesis_simulator_respiration_rate,photosynthesis_simulator_light_use_efficiency,photosynthesis_simulator_co2_uptake_rate,photosynthesis_simulator_cumulative_carbon_gained,photosynthesis_simulator_daily_carbon_gained,photosynthesis_simulator_leaf_temperature,photosynthesis_simulator_temperature_stress_factor,photosynthesis_simulator_light_stress_factor,photosynthesis_simulator_step_count,photosynthesis_simulator_last_update,respiration_simulator_total_respiration_rate,respiration_simulator_maintenance_respiration,respiration_simulator_growth_respiration,respiration_simulator_leaf_respiration,respiration_simulator_stem_respiration,respiration_simulator_root_respiration,respiration_simulator_cumulative_respiration,respiration_simulator_daily_respiration,respiration_simulator_temperature_factor,respiration_simulator_biomass_factor,respiration_simulator_step_count,respiration_simulator_last_update,biomass_allocation_simulator_total_biomass,biomass_allocation_simulator_leaf_biomass,biomass_allocation_simulator_stem_biomass,biomass_allocation_simulator_root_biomass,biomass_allocation_simulator_leaf_allocation_fraction,biomass_allocation_simulator_stem_allocation_fraction,biomass_allocation_simulator_root_allocation_fraction,biomass_allocation_simulator_allocation_efficiency,biomass_allocation_simulator_cumulative_biomass_gain,biomass_allocation_simulator_daily_biomass_gain,biomass_allocation_simulator_step_count,biomass_allocation_simulator_last_update
1,1,0,2025-09-29 05:27:07.407838,0.8199102436343892,0.9019012679978282,0.08199102436343893,0.0005463555055570366,0.8199102436343892,5903.353754167602,0.0,25.2,1.0,1.0,2,2025-09-29T05:27:07.299032,0.003206939219685044,0.0015209392196850438,0.001686,0.0005069797398950146,0.00040558379191601166,0.0006083756878740175,23.089962381732317,0.0,1.013959479790029,1.0,2,2025-09-29T05:27:07.340818,0.0,0.0,0.0,0.0,0.0,0.0,0.0,1.0,0.0,0.0,2,2025-09-29T05:27:07.393967
2,1,1,2025-09-29 05:27:07.546176,0.8199102436343892,0.9019012679978282,0.08199102436343893,0.0005463555055570366,0.8199102436343892,11806.707508335205,5903.353754167602,25.2,1.0,1.0,4,2025-09-29T05:27:07.438493,0.0032029383990161498,0.0015169383990161496,0.001686,0.0005056461330053832,0.0004045169064043066,0.0006067753596064598,46.15793657788312,23.0679741961508,1.0112922660107664,1.0,4,2025-09-29T05:27:07.480391,0.0,0.0,0.0,0.0,0.0,0.0,0.0,1.0,0.0,0.0,4,2025-09-29T05:27:07.532857
3,1,2,2025-09-29 05:27:07.686841,0.8199102436343892,0.9019012679978282,0.08199102436343893,0.0005463555055570366,0.8199102436343892,17710.061262502808,11806.707508335205,25.2,1.0,1.0,6,2025-09-29T05:27:07.576664,0.0031997054502760102,0.0015137054502760102,0.001686,0.0005045684834253367,0.0004036547867402694,0.000605482180110404,69.20132575302108,46.11136337128875,1.0091369668506731,1.0,6,2025-09-29T05:27:07.618425,0.0,0.0,0.0,0.0,0.0,0.0,0.0,1.0,0.0,0.0,6,2025-09-29T05:27:07.672933
4,1,3,2025-09-29 05:27:07.824469,0.8199102436343892,0.9019012679978282,0.08199102436343893,0.0005463555055570366,0.8199102436343892,23613.415016670413,17710.061262502808,25.2,1.0,1.0,8,2025-09-29T05:27:07.717666,0.0031970918133149527,0.0015110918133149527,0.001686,0.0005036972711049843,0.00040295781688398744,0.0006044367253259811,92.2248417208381,69.13487933910578,1.0073945422099686,1.0,8,2025-09-29T05:27:07.759744,0.0,0.0,0.0,0.0,0.0,0.0,0.0,1.0,0.0,0.0,8,2025-09-29T05:27:07.812118
5,1,4,2025-09-29 05:27:07.961559,0.8199102436343892,0.9019012679978282,0.08199102436343893,0.0005463555055570366,0.8199102436343892,29516.768770838018,23613.415016670413,25.2,1.0,1.0,10,2025-09-29T05:27:07.854814,0.0031949780758698276,0.0015089780758698276,0.001686,0.0005029926919566092,0.00040239415356528737,0.0006035912303479309,115.23228701793751,92.14232463620517,1.005985383913218,1.0,10,2025-09-29T05:27:07.896053,0.0,0.0,0.0,0.0,0.0,0.0,0.0,1.0,0.0,0.0,10,2025-09-29T05:27:07.949717
6,1,5,2025-09-29 05:27:08.101482,0.8199102436343892,0.9019012679978282,0.08199102436343893,0.0005463555055570366,0.8199102436343892,35420.12252500562,29516.768770838018,25.2,1.0,1.0,12,2025-09-29T05:27:07.991760,0.00319326811616011,0.0015072681161601104,0.001686,0.0005024227053867035,0.0004019381643093628,0.0006029072464640441,138.22673251554622,115.1367701338139,1.0048454107734068,1.0,12,2025-09-29T05:27:08.033549,0.0,0.0,0.0,0.0,0.0,0.0,0.0,1.0,0.0,0.0,12,2025-09-29T05:27:08.087611
7,1,6,2025-09-29 05:27:08.237264,0.8199102436343892,0.9019012679978282,0.08199102436343893,0.0005463555055570366,0.8199102436343892,41323.47627917323,35420.12252500562,25.2,1.0,1.0,14,2025-09-29T05:27:08.132089,0.0031918844693356787,0.0015058844693356787,0.001686,0.0005019614897785596,0.0004015691918228477,0.0006023537877342715,161.21065960646843,138.12069722473612,1.003922979557119,1.0,14,2025-09-29T05:27:08.173797,0.0,0.0,0.0,0.0,0.0,0.0,0.0,1.0,0.0,0.0,14,2025-09-29T05:27:08.225282
8,1,7,2025-09-29 05:27:08.376506,0.8199102436343892,0.9019012679978282,0.08199102436343893,0.0005463555055570366,0.8199102436343892,47226.83003334083,41323.47627917323,25.2,1.0,1.0,16,2025-09-29T05:27:08.267960,0.003190764646556163,0.0015047646465561628,0.001686,0.000501588215518721,0.0004012705724149768,0.0006019058586224651,184.18607428037268,161.09611189864037,1.003176431037442,1.0,16,2025-09-29T05:27:08.309519,0.0,0.0,0.0,0.0,0.0,0.0,0.0,1.0,0.0,0.0,16,2025-09-29T05:27:08.363885
9,1,8,2025-09-29 05:27:08.514737,0.8199102436343892,0.9019012679978282,0.08199102436343893,0.0005463555055570366,0.8199102436343892,53130.18378750844,47226.83003334083,25.2,1.0,1.0,18,2025-09-29T05:27:08.407001,0.0031898582005700756,0.0015038582005700756,0.001686,0.0005012860668566918,0.00040102885348535346,0.0006015432802280302,207.15459880831722,184.06463642658494,1.0025721337133837,1.0,18,2025-09-29T05:27:08.448838,0.0,0.0,0.0,0.0,0.0,0.0,0.0,1.0,0.0,0.0,18,2025-09-29T05:27:08.502663
10,1,9,2025-09-29 05:27:08.654035,0.8199102436343892,0.9019012679978282,0.08199102436343893,0.0005463555055570366,0.8199102436343892,59033.53754167604,53130.18378750844,25.2,1.0,1.0,20,2025-09-29T05:27:08.544964,0.003189124379602782,0.0015031243796027824,0.001686,0.0005010414598675941,0.00040083316789407534,0.0006012497518411129,230.11754553859157,207.0275831568593,1.0020829197351881,1.0,20,2025-09-29T05:27:08.586794,0.0,0.0,0.0,0.0,0.0,0.0,0.0,1.0,0.0,0.0,20,2025-09-29T05:27:08.641352
11,1,10,2025-09-29 05:27:08.793970,0.8199102436343892,0.9019012679978282,0.08199102436343893,0.0005463555055570366,0.8199102436343892,64936.89129584365,59033.53754167604,25.2,1.0,1.0,22,2025-09-29T05:27:08.684719,0.0031885302471138703,0.0015025302471138704,0.001686,0.0005008434157046235,0.0004006747325636988,0.0006010120988455481,253.07597636465005,229.98601398291777,1.0016868314092469,1.0,22,2025-09-29T05:27:08.726766,0.0,0.0,0.0,0.0,0.0,0.0,0.0,1.0,0.0,0.0,22,2025-09-29T05:27:08.780922
12,1,11,2025-09-29 05:27:08.933735,0.8199102436343892,0.9019012679978282,0.08199102436343893,0.0005463555055570366,0.8199102436343892,70840.24505001125,64936.89129584365,25.2,1.0,1.0,24,2025-09-29T05:27:08.824623,0.003188049171951469,0.0015020491719514692,0.001686,0.0005006830573171565,0.0004005464458537252,0.0006008196687805877,276.0307506933193,252.94078831158703,1.001366114634313,1.0,24,2025-09-29T05:27:08.866076,0.0,0.0,0.0,0.0,0.0,0.0,0.0,1.0,0.0,0.0,24,2025-09-29T05:27:08.919834
13,1,12,2025-09-29 05:27:09.072123,0.8199102436343892,0.9019012679978282,0.08199102436343893,0.0005463555055570366,0.8199102436343892,76743.59880417884,70840.24505001125,25.2,1.0,1.0,26,2025-09-29T05:27:08.964088,0.0031876596139832126,0.0015016596139832126,0.001686,0.0005005532046610709,0.00040044256372885677,0.000600663845593285,298.9825641675052,275.8926017857729,1.0011064093221418,1.0,26,2025-09-29T05:27:09.005943,0.0,0.0,0.0,0.0,0.0,0.0,0.0,1.0,0.0,0.0,26,2025-09-29T05:27:09.058220
14,1,13,2025-09-29 05:27:09.211814,0.8199102436343892,0.9019012679978282,0.08199102436343893,0.0005463555055570366,0.8199102436343892,82646.95255834643,76743.59880417884,25.2,1.0,1.0,28,2025-09-29T05:27:09.102254,0.003187344146091834,0.0015013441460918337,0.001686,0.0005004480486972779,0.0004003584389578223,0.0006005376584367335,321.9319799453956,298.8420175636633,1.0008960973945555,1.0,28,2025-09-29T05:27:09.143563,0.0,0.0,0.0,0.0,0.0,0.0,0.0,1.0,0.0,0.0,28,2025-09-29T05:27:09.197972
15,1,14,2025-09-29 05:27:09.348816,0.8199102436343892,0.9019012679978282,0.08199102436343893,0.0005463555055570366,0.8199102436343892,88550.30631251402,82646.95255834643,25.2,1.0,1.0,30,2025-09-29T05:27:09.242573,0.003187088665682131,0.0015010886656821312,0.001686,0.0005003628885607104,0.0004002903108485684,0.0006004354662728525,344.87945398012624,321.78949159839397,1.0007257771214209,1.0,30,2025-09-29T05:27:09.284260,0.0,0.0,0.0,0.0,0.0,0.0,0.0,1.0,0.0,0.0,30,2025-09-29T05:27:09.336601
16,1,15,2025-09-29 05:27:09.486077,0.8199102436343892,0.9019012679978282,0.08199102436343893,0.0005463555055570366,0.8199102436343892,94453.66006668161,88550.30631251402,25.2,1.0,1.0,32,2025-09-29T05:27:09.379066,0.0031868817584196243,0.0015008817584196243,0.001686,0.0005002939194732081,0.00040023513557856653,0.0006003527033678497,367.8253554592802,344.73539307754794,1.000587838946416,1.0,32,2025-09-29T05:27:09.420174,0.0,0.0,0.0,0.0,0.0,0.0,0.0,1.0,0.0,0.0,32,2025-09-29T05:27:09.472987
17,1,16,2025-09-29 05:27:09.624817,0.8199102436343892,0.9019012679978282,0.08199102436343893,0.0005463555055570366,0.8199102436343892,100357.0138208492,94453.66006668161,25.2,1.0,1.0,34,2025-09-29T05:27:09.516865,0.0031867141844435505,0.0015007141844435505,0.001686,0.0005002380614811835,0.0004001904491849468,0.0006002856737774201,390.76998333660487,367.6800209548726,1.0004761229623667,1.0,34,2025-09-29T05:27:09.559016,0.0,0.0,0.0,0.0,0.0,0.0,0.0,1.0,0.0,0.0,34,2025-09-29T05:27:09.610930
18,1,17,2025-09-29 05:27:09.762801,0.8199102436343892,0.9019012679978282,0.08199102436343893,0.0005463555055570366,0.8199102436343892,106260.36757501679,100357.0138208492,25.2,1.0,1.0,36,2025-09-29T05:27:09.655445,0.0031865784632381677,0.0015005784632381677,0.001686,0.0005001928210793893,0.0004001542568635114,0.000600231385295267,413.7135797067825,390.6236173250503,1.0003856421587782,1.0,36,2025-09-29T05:27:09.697078,0.0,0.0,0.0,0.0,0.0,0.0,0.0,1.0,0.0,0.0,36,2025-09-29T05:27:09.750664
19,1,18,2025-09-29 05:27:09.901250,0.8199102436343892,0.9019012679978282,0.08199102436343893,0.0005463555055570366,0.8199102436343892,112163.72132918438,106260.36757501679,25.2,1.0,1.0,38,2025-09-29T05:27:09.793566,0.00318646853805955,0.00150046853805955,0.001686,0.0005001561793531833,0.00040012494348254667,0.0006001874152238199,436.65634062855474,413.5663782468225,1.0003123587063665,1.0,38,2025-09-29T05:27:09.835667,0.0,0.0,0.0,0.0,0.0,0.0,0.0,1.0,0.0,0.0,38,2025-09-29T05:27:09.889476
20,1,19,2025-09-29 05:27:10.039334,0.8199102436343892,0.9019012679978282,0.08199102436343893,0.0005463555055570366,0.8199102436343892,118067.07508335197,112163.72132918438,25.2,1.0,1.0,40,2025-09-29T05:27:09.931786,0.003186379504567849,0.001500379504567849,0.001686,0.0005001265015226163,0.0004001012012180931,0.0006001518018271396,459.59842488460566,436.50846250287344,1.0002530030452323,1.0,40,2025-09-29T05:27:09.973451,0.0,0.0,0.0,0.0,0.0,0.0,0.0,1.0,0.0,0.0,40,2025-09-29T05:27:10.027745
21,1,20,2025-09-29 05:27:10.174049,0.8199102436343892,0.9019012679978282,0.08199102436343893,0.0005463555055570366,0.8199102436343892,123970.42883751956,118067.07508335197,25.2,1.0,1.0,42,2025-09-29T05:27:10.069230,0.0031863073913122827,0.0015003073913122827,0.001686,0.0005001024637707608,0.0004000819710166087,0.000600122956524913,482.5399610725766,459.4499986908444,1.0002049275415217,1.0,42,2025-09-29T05:27:10.110895,0.0,0.0,0.0,0.0,0.0,0.0,0.0,1.0,0.0,0.0,42,2025-09-29T05:27:10.162568
22,1,21,2025-09-29 05:27:10.311705,0.8199102436343892,0.9019012679978282,0.08199102436343893,0.0005463555055570366,0.8199102436343892,129873.78259168715,123970.42883751956,25.2,1.0,1.0,44,2025-09-29T05:27:10.204825,0.0031862489821160357,0.0015002489821160357,0.001686,0.0005000829940386785,0.00040006639523094284,0.0006000995928464142,505.48105334584204,482.3910909641098,1.0001659880773568,1.0,44,2025-09-29T05:27:10.246016,0.0,0.0,0.0,0.0,0.0,0.0,0.0,1.0,0.0,0.0,44,2025-09-29T05:27:10.300195
23,1,22,2025-09-29 05:27:10.449847,0.8199102436343892,0.9019012679978282,0.08199102436343893,0.0005463555055570366,0.8199102436343892,135777.13634585476,129873.78259168715,25.2,1.0,1.0,46,2025-09-29T05:27:10.341907,0.0031862016723340036,0.0015002016723340036,0.001686,0.0005000672241113345,0.0004000537792890676,0.0006000806689336013,528.4217860616058,505.3318236798734,1.0001344482226688,1.0,46,2025-09-29T05:27:10.383430,0.0,0.0,0.0,0.0,0.0,0.0,0.0,1.0,0.0,0.0,46,2025-09-29T05:27:10.437292
24,1,23,2025-09-29 05:27:10.589207,0.8199102436343892,0.9019012679978282,0.08199102436343893,0.0005463555055570366,0.8199102436343892,141680.49010002238,135777.13634585476,25.2,1.0,1.0,48,2025-09-29T05:27:10.480642,0.0031861633525041948,0.0015001633525041948,0.001686,0.0005000544508347315,0.00040004356066778525,0.0006000653410016778,551.3622275445907,528.2722651628584,1.0001089016694629,1.0,48,2025-09-29T05:27:10.521978,0.0,0.0,0.0,0.0,0.0,0.0,0.0,1.0,0.0,0.0,48,2025-09-29T05:27:10.575310
25,2,0,2025-09-29 05:27:10.728193,0.839338058555437,0.9232718644109807,0.0839338058555437,0.0006411908501374583,0.839338058555437,147723.72412162155,0.0,27.0,1.0,1.0,50,2025-09-29T05:27:10.620662,0.003381089187403337,0.0016950891874033373,0.001686,0.0005650297291344457,0.0004520237833075566,0.0006780356749613349,575.7164711684408,0.0,1.1300594582688912,1.0,50,2025-09-29T05:27:10.662321,0.0,0.0,0.0,0.0,0.0,0.0,0.0,1.0,0.0,0.0,50,2025-09-29T05:27:10.716601
26,2,1,2025-09-29 05:27:10.866405,0.839338058555437,0.9232718644109807,0.0839338058555437,0.0006411908501374583,0.839338058555437,153766.95814322072,6043.234021599146,27.0,1.0,1.0,52,2025-09-29T05:27:10.758406,0.003371797382226185,0.0016857973822261847,0.001686,0.0005619324607420616,0.0004495459685936493,0.0006743189528904739,600.012089050994,24.295617882553195,1.123864921484123,1.0,52,2025-09-29T05:27:10.800390,0.0,0.0,0.0,0.0,0.0,0.0,0.0,1.0,0.0,0.0,51,2025-09-29T05:27:10.852541
27,2,2,2025-09-29 05:27:11.006584,0.839338058555437,0.9232718644109807,0.0839338058555437,0.0006411908501374583,0.839338058555437,159810.1921648199,12086.468043198292,27.0,1.0,1.0,54,2025-09-29T05:27:10.896861,0.0033586343598456967,0.0016726343598456967,0.001686,0.0005575447866152322,0.0004460358292921858,0.0006690537439382787,624.2194920889403,48.503020920499594,1.1150895732304642,1.0,54,2025-09-29T05:27:10.938290,0.0,0.0,0.0,0.0,0.0,0.0,0.0,1.0,0.0,0.0,53,2025-09-29T05:27:10.992629
28,2,3,2025-09-29 05:27:11.147136,0.839338058555437,0.9232718644109807,0.0839338058555437,0.0006411908501374583,0.839338058555437,165853.42618641906,18129.70206479744,27.0,1.0,1.0,56,2025-09-29T05:27:11.036792,0.003342428655099141,0.0016564286550991409,0.001686,0.0005521428850330469,0.00044171430802643753,0.0006625714620396562,648.3153531817304,72.59888201328965,1.1042857700660937,1.0,56,2025-09-29T05:27:11.078406,0.0,0.0,0.0,0.0,0.0,0.0,0.0,1.0,0.0,0.0,55,2025-09-29T05:27:11.134118
29,2,4,2025-09-29 05:27:11.287532,0.839338058555437,0.9232718644109807,0.0839338058555437,0.0006411908501374583,0.839338058555437,171896.66020801823,24172.936086396585,27.0,1.0,1.0,58,2025-09-29T05:27:11.178825,0.003323861152684804,0.0016378611526848043,0.001686,0.0005459537175616015,0.00043676297404928116,0.0006551444610739217,672.2815031430243,96.56503197458352,1.091907435123203,1.0,58,2025-09-29T05:27:11.220088,0.0,0.0,0.0,0.0,0.0,0.0,0.0,1.0,0.0,0.0,57,2025-09-29T05:27:11.273619
30,2,5,2025-09-29 05:27:11.426245,0.839338058555437,0.9232718644109807,0.0839338058555437,0.0006411908501374583,0.839338058555437,177939.8942296174,30216.170107995727,27.0,1.0,1.0,60,2025-09-29T05:27:11.317744,0.0033034872170567948,0.0016174872170567948,0.001686,0.0005391624056855982,0.0004313299245484786,0.0006469948868227178,696.1039877215577,120.38751655311688,1.0783248113711965,1.0,60,2025-09-29T05:27:11.359451,0.0,0.0,0.0,0.0,0.0,0.0,0.0,1.0,0.0,0.0,59,2025-09-29T05:27:11.413603
31,2,6,2025-09-29 05:27:11.563670,0.839338058555437,0.9232718644109807,0.0839338058555437,0.0006411908501374583,0.839338058555437,183983.12825121658,36259.40412959487,27.0,1.0,1.0,62,2025-09-29T05:27:11.456855,0.003281757036807367,0.0015957570368073672,0.001686,0.0005319190122691224,0.00042553520981529795,0.0006383028147229469,719.772274684882,144.05580351644116,1.0638380245382446,1.0,62,2025-09-29T05:27:11.497995,0.0,0.0,0.0,0.0,0.0,0.0,0.0,1.0,0.0,0.0,61,2025-09-29T05:27:11.549688
32,2,7,2025-09-29 05:27:11.701227,0.839338058555437,0.9232718644109807,0.0839338058555437,0.0006411908501374583,0.839338058555437,190026.36227281575,42302.63815119401,27.0,1.0,1.0,64,2025-09-29T05:27:11.594654,0.0032631043204202357,0.0015771043204202359,0.001686,0.0005257014401400786,0.0004205611521120629,0.0006308417281680943,743.2983351740837,167.58186400564287,1.0514028802801572,1.0,64,2025-09-29T05:27:11.636437,0.0,0.0,0.0,0.0,0.0,0.0,0.0,1.0,0.0,0.0,63,2025-09-29T05:27:11.688232
33,2,8,2025-09-29 05:27:11.842729,0.839338058555437,0.9232718644109807,0.0839338058555437,0.0006411908501374583,0.839338058555437,196069.59629441492,48345.872172793155,27.0,1.0,1.0,66,2025-09-29T05:27:11.731764,0.00324815556619536,0.00156215556619536,0.001686,0.0005207185220651201,0.00041657481765209605,0.0006248622264781441,766.7104829273178,190.99401175887684,1.0414370441302399,1.0,66,2025-09-29T05:27:11.773629,0.0,0.0,0.0,0.0,0.0,0.0,0.0,1.0,0.0,0.0,65,2025-09-29T05:27:11.828010
34,2,9,2025-09-29 05:27:11.987855,0.839338058555437,0.9232718644109807,0.0839338058555437,0.0006411908501374583,0.839338058555437,202112.8303160141,54389.1061943923,27.0,1.0,1.0,68,2025-09-29T05:27:11.878143,0.0032361510061405395,0.0015501510061405395,0.001686,0.0005167170020468465,0.0004133736016374772,0.0006200604024562158,790.0311995508167,214.3147283823758,1.0334340040936927,1.0,68,2025-09-29T05:27:11.919781,0.0,0.0,0.0,0.0,0.0,0.0,0.0,1.0,0.0,0.0,67,2025-09-29T05:27:11.973998
35,2,10,2025-09-29 05:27:12.125980,0.839338058555437,0.9232718644109807,0.0839338058555437,0.0006411908501374583,0.839338058555437,208156.06433761326,60432.34021599144,27.0,1.0,1.0,70,2025-09-29T05:27:12.018208,0.003226494969633047,0.001540494969633047,0.001686,0.0005134983232110157,0.0004107986585688126,0.0006161979878532188,813.2784023407853,237.5619311723445,1.0269966464220313,1.0,70,2025-09-29T05:27:12.059907,0.0,0.0,0.0,0.0,0.0,0.0,0.0,1.0,0.0,0.0,69,2025-09-29T05:27:12.112091
36,2,11,2025-09-29 05:27:12.262029,0.839338058555437,0.9232718644109807,0.0839338058555437,0.0006411908501374583,0.839338058555437,214199.29835921244,66475.57423759058,27.0,1.0,1.0,72,2025-09-29T05:27:12.156322,0.003218717689244331,0.0015327176892443312,0.001686,0.000510905896414777,0.00040872471713182166,0.0006130870756977324,836.466414349342,260.7499431809012,1.021811792829554,1.0,72,2025-09-29T05:27:12.197511,0.0,0.0,0.0,0.0,0.0,0.0,0.0,1.0,0.0,0.0,71,2025-09-29T05:27:12.249220
37,2,12,2025-09-29 05:27:12.400944,0.839338058555437,0.9232718644109807,0.0839338058555437,0.0006411908501374583,0.839338058555437,220242.5323808116,72518.80825918973,27.0,1.0,1.0,74,2025-09-29T05:27:12.292242,0.003212446883867074,0.0015264468838670738,0.001686,0.0005088156279556913,0.00040705250236455304,0.0006105787535468295,859.6067137502675,283.8902425818267,1.0176312559113825,1.0,74,2025-09-29T05:27:12.334275,0.0,0.0,0.0,0.0,0.0,0.0,0.0,1.0,0.0,0.0,73,2025-09-29T05:27:12.388483
38,2,13,2025-09-29 05:27:12.541623,0.839338058555437,0.9232718644109807,0.0839338058555437,0.0006411908501374583,0.839338058555437,226285.76640241078,78562.04228078887,27.0,1.0,1.0,76,2025-09-29T05:27:12.431694,0.0032073863433277304,0.0015213863433277302,0.001686,0.0005071287811092434,0.00040570302488739476,0.000608554537331092,882.708517434583,306.9920462661422,1.0142575622184866,1.0,76,2025-09-29T05:27:12.473455,0.0,0.0,0.0,0.0,0.0,0.0,0.0,1.0,0.0,0.0,75,2025-09-29T05:27:12.527684
39,2,14,2025-09-29 05:27:12.679112,0.839338058555437,0.9232718644109807,0.0839338058555437,0.0006411908501374583,0.839338058555437,232329.00042400995,84605.27630238801,27.0,1.0,1.0,78,2025-09-29T05:27:12.572813,0.0032032996063936186,0.0015172996063936186,0.001686,0.0005057665354645395,0.0004046132283716316,0.0006069198425574473,905.7792386297264,330.0627674612856,1.0115330709290788,1.0,78,2025-09-29T05:27:12.614228,0.0,0.0,0.0,0.0,0.0,0.0,0.0,1.0,0.0,0.0,77,2025-09-29T05:27:12.665713
40,2,15,2025-09-29 05:27:12.818016,0.839338058555437,0.9232718644109807,0.0839338058555437,0.0006411908501374583,0.839338058555437,238372.23444560912,90648.51032398715,27.0,1.0,1.0,80,2025-09-29T05:27:12.709798,0.003199997398096323,0.0015139973980963228,0.001686,0.000504665799365441,0.0004037326394923528,0.0006055989592385292,928.8248478016,353.1083766331592,1.009331598730882,1.0,80,2025-09-29T05:27:12.751299,0.0,0.0,0.0,0.0,0.0,0.0,0.0,1.0,0.0,0.0,79,2025-09-29T05:27:12.805495
41,2,16,2025-09-29 05:27:12.956306,0.839338058555437,0.9232718644109807,0.0839338058555437,0.0006411908501374583,0.839338058555437,244415.4684672083,96691.7443455863,27.0,1.0,1.0,82,2025-09-29T05:27:12.848401,0.003197327878410447,0.001511327878410447,0.001686,0.000503775959470149,0.00040302076757611923,0.0006045311513641787,951.8501586456256,376.1336874771849,1.0075519189402977,1.0,82,2025-09-29T05:27:12.890244,0.0,0.0,0.0,0.0,0.0,0.0,0.0,1.0,0.0,0.0,81,2025-09-29T05:27:12.942369
42,2,17,2025-09-29 05:27:13.095553,0.839338058555437,0.9232718644109807,0.0839338058555437,0.0006411908501374583,0.839338058555437,250458.70248880747,102734.97836718544,27.0,1.0,1.0,84,2025-09-29T05:27:12.986900,0.003195169018292352,0.0015091690182923519,0.001686,0.0005030563394307839,0.0004024450715446272,0.0006036676073169407,974.8590556171021,399.1425844486613,1.0061126788615677,1.0,84,2025-09-29T05:27:13.028531,0.0,0.0,0.0,0.0,0.0,0.0,0.0,1.0,0.0,0.0,83,2025-09-29T05:27:13.082268
43,2,18,2025-09-29 05:27:13.234800,0.839338058555437,0.9232718644109807,0.0839338058555437,0.0006411908501374583,0.839338058555437,256501.93651040664,108778.21238878458,27.0,1.0,1.0,86,2025-09-29T05:27:13.126366,0.003193422602402274,0.001507422602402274,0.001686,0.000502474200800758,0.0004019793606406064,0.0006029690409609095,997.8546755456459,422.13820437720517,1.004948401601516,1.0,86,2025-09-29T05:27:13.168294,0.0,0.0,0.0,0.0,0.0,0.0,0.0,1.0,0.0,0.0,85,2025-09-29T05:27:13.221561
44,2,19,2025-09-29 05:27:13.374708,0.839338058555437,0.9232718644109807,0.0839338058555437,0.0006411908501374583,0.839338058555437,262545.1705320058,114821.44641038372,27.0,1.0,1.0,88,2025-09-29T05:27:13.264963,0.0031920094871037987,0.0015060094871037987,0.001686,0.0005020031623679329,0.0004016025298943463,0.0006024037948415195,1020.8395529915084,445.1230818230676,1.0040063247358657,1.0,88,2025-09-29T05:27:13.306863,0.0,0.0,0.0,0.0,0.0,0.0,0.0,1.0,0.0,0.0,87,2025-09-29T05:27:13.360796
45,2,20,2025-09-29 05:27:13.514446,0.839338058555437,0.9232718644109807,0.0839338058555437,0.0006411908501374583,0.839338058555437,268588.40455360495,120864.68043198287,27.0,1.0,1.0,90,2025-09-29T05:27:13.405565,0.003190865834846935,0.0015048658348469348,0.001686,0.0005016219449489783,0.00040129755595918267,0.0006019463339387739,1043.8157368405862,468.09926567214535,1.0032438898979563,1.0,90,2025-09-29T05:27:13.447379,0.0,0.0,0.0,0.0,0.0,0.0,0.0,1.0,0.0,0.0,89,2025-09-29T05:27:13.500707
46,2,21,2025-09-29 05:27:13.654436,0.839338058555437,0.9232718644109807,0.0839338058555437,0.0006411908501374583,0.839338058555437,274631.6385752041,126907.91445358201,27.0,1.0,1.0,92,2025-09-29T05:27:13.545185,0.0031899401131894297,0.0015039401131894297,0.001686,0.0005013133710631433,0.00040105069685051465,0.0006015760452757719,1066.7848839989626,491.06841283052194,1.0026267421262864,1.0,92,2025-09-29T05:27:13.586385,0.0,0.0,0.0,0.0,0.0,0.0,0.0,1.0,0.0,0.0,91,2025-09-29T05:27:13.640551
47,2,22,2025-09-29 05:27:13.792944,0.839338058555437,0.9232718644109807,0.0839338058555437,0.0006411908501374583,0.839338058555437,280674.8725968033,132951.14847518117,27.0,1.0,1.0,94,2025-09-29T05:27:13.685100,0.003189190696105618,0.0015031906961056184,0.001686,0.0005010635653685395,0.0004008508522948316,0.0006012762784422473,1089.7483347966443,514.0318636282034,1.002127130737079,1.0,94,2025-09-29T05:27:13.726939,0.0,0.0,0.0,0.0,0.0,0.0,0.0,1.0,0.0,0.0,93,2025-09-29T05:27:13.781163
48,2,23,2025-09-29 05:27:13.933570,0.839338058555437,0.9232718644109807,0.0839338058555437,0.0006411908501374583,0.839338058555437,286718.10661840247,138994.38249678034,27.0,1.0,1.0,96,2025-09-29T05:27:13.823566,0.003188583942023917,0.0015025839420239168,0.001686,0.0005008613140079723,0.00040068905120637787,0.0006010335768095667,1112.7071737446706,536.9907025762299,1.0017226280159446,1.0,96,2025-09-29T05:27:13.865079,0.0,0.0,0.0,0.0,0.0,0.0,0.0,1.0,0.0,0.0,95,2025-09-29T05:27:13.919626
49,3,0,2025-09-29 05:27:14.072527,0.8175035261821665,0.8992538788003832,0.08175035261821666,0.0005842190266503966,0.8175035261821665,292604.13200691406,0.0,25.7,1.0,1.0,98,2025-09-29T05:27:13.964299,0.0030612240306476493,0.0013752240306476493,0.001686,0.00045840801021588304,0.00036672640817270646,0.0005500896122590597,1134.7427020941902,0.0,0.9168160204317659,1.0,98,2025-09-29T05:27:14.006022,0.0,0.0,0.0,0.0,0.0,0.0,0.0,1.0,0.0,0.0,97,2025-09-29T05:27:14.059087
50,3,1,2025-09-29 05:27:14.213176,0.8175035261821665,0.8992538788003832,0.08175035261821666,0.0005842190266503966,0.8175035261821665,298490.15739542566,5886.025388511599,25.7,1.0,1.0,100,2025-09-29T05:27:14.103153,0.003066311898072123,0.0013803118980721231,0.001686,0.0004601039660240411,0.0003680831728192329,0.0005521247592288493,1156.809783081357,22.0670809871668,0.920207932048082,1.0,100,2025-09-29T05:27:14.144963,0.0,0.0,0.0,0.0,0.0,0.0,0.0,1.0,0.0,0.0,99,2025-09-29T05:27:14.199244
51,3,2,2025-09-29 05:27:14.352123,0.8175035261821665,0.8992538788003832,0.08175035261821666,0.0005842190266503966,0.8175035261821665,304376.18278393726,11772.050777023198,25.7,1.0,1.0,102,2025-09-29T05:27:14.244164,0.003073837117148143,0.0013878371171481428,0.001686,0.0004626123723827143,0.00037008989790617144,0.0005551348468592571,1178.9268716256363,44.184169531446145,0.9252247447654285,1.0,102,2025-09-29T05:27:14.286427,0.0,0.0,0.0,0.0,0.0,0.0,0.0,1.0,0.0,0.0,101,2025-09-29T05:27:14.340634
52,3,3,2025-09-29 05:27:14.491606,0.8175035261821665,0.8992538788003832,0.08175035261821666,0.0005842190266503966,0.8175035261821665,310262.20817244885,17658.076165534796,25.7,1.0,1.0,104,2025-09-29T05:27:14.382536,0.003083376161941375,0.001397376161941375,0.001686,0.0004657920539804583,0.0003726336431843667,0.0005589504647765499,1201.1091857633116,66.3664836691214,0.9315841079609165,1.0,104,2025-09-29T05:27:14.424261,0.0,0.0,0.0,0.0,0.0,0.0,0.0,1.0,0.0,0.0,103,2025-09-29T05:27:14.477819
53,3,4,2025-09-29 05:27:14.630370,0.8175035261821665,0.8992538788003832,0.08175035261821666,0.0005842190266503966,0.8175035261821665,316148.23356096045,23544.101554046392,25.7,1.0,1.0,106,2025-09-29T05:27:14.522148,0.00309459178100874,0.00140859178100874,0.001686,0.00046953059366958,0.000375624474935664,0.000563436712403496,1223.3693697403753,88.62666764618496,0.9390611873391599,1.0,106,2025-09-29T05:27:14.563956,0.0,0.0,0.0,0.0,0.0,0.0,0.0,1.0,0.0,0.0,105,2025-09-29T05:27:14.618096
54,3,5,2025-09-29 05:27:14.767924,0.8175035261821665,0.8992538788003832,0.08175035261821666,0.0005842190266503966,0.8175035261821665,322034.25894947205,29430.12694255799,25.7,1.0,1.0,108,2025-09-29T05:27:14.661359,0.0031072141729588908,0.0014212141729588908,0.001686,0.00047373805765296364,0.0003789904461223709,0.0005684856691835563,1245.7180111486189,110.97530905442845,0.9474761153059271,1.0,108,2025-09-29T05:27:14.702731,0.0,0.0,0.0,0.0,0.0,0.0,0.0,1.0,0.0,0.0,107,2025-09-29T05:27:14.754200
55,3,6,2025-09-29 05:27:14.908059,0.8175035261821665,0.8992538788003832,0.08175035261821666,0.0005842190266503966,0.8175035261821665,327920.28433798364,35316.152331069585,25.7,1.0,1.0,110,2025-09-29T05:27:14.798616,0.003121026705627344,0.0014350267056273442,0.001686,0.0004783422352091147,0.0003826737881672918,0.0005740106822509376,1268.1640477181759,133.42134562398553,0.9566844704182292,1.0,110,2025-09-29T05:27:14.840082,0.0,0.0,0.0,0.0,0.0,0.0,0.0,1.0,0.0,0.0,109,2025-09-29T05:27:14.894338
56,3,7,2025-09-29 05:27:15.046152,0.8175035261821665,0.8992538788003832,0.08175035261821666,0.0005842190266503966,0.8175035261821665,333806.30972649524,41202.17771958118,25.7,1.0,1.0,112,2025-09-29T05:27:14.938547,0.0031331512553900947,0.0014471512553900947,0.001686,0.0004823837517966982,0.0003859070014373586,0.0005788605021560378,1290.7020154282889,155.95931333409868,0.9647675035933961,1.0,112,2025-09-29T05:27:14.979791,0.0,0.0,0.0,0.0,0.0,0.0,0.0,1.0,0.0,0.0,111,2025-09-29T05:27:15.034054
57,3,8,2025-09-29 05:27:15.183649,0.8175035261821665,0.8992538788003832,0.08175035261821666,0.0005842190266503966,0.8175035261821665,339692.33511500683,47088.20310809278,25.7,1.0,1.0,114,2025-09-29T05:27:15.076412,0.0031430471945493063,0.0014570471945493063,0.001686,0.0004856823981831021,0.0003885459185464817,0.0005828188778197224,1313.3150497827398,178.57234768854968,0.9713647963662041,1.0,114,2025-09-29T05:27:15.118119,0.0,0.0,0.0,0.0,0.0,0.0,0.0,1.0,0.0,0.0,112,2025-09-29T05:27:15.170030
58,3,9,2025-09-29 05:27:15.322605,0.8175035261821665,0.8992538788003832,0.08175035261821666,0.0005842190266503966,0.8175035261821665,345578.36050351843,52974.22849660437,25.7,1.0,1.0,116,2025-09-29T05:27:15.214390,0.003151112489770638,0.0014651124897706379,0.001686,0.0004883708299235459,0.00039069666393883674,0.000586044995908255,1335.9892862782542,201.24658418406418,0.9767416598470917,1.0,116,2025-09-29T05:27:15.256000,0.0,0.0,0.0,0.0,0.0,0.0,0.0,1.0,0.0,0.0,114,2025-09-29T05:27:15.309211
59,3,10,2025-09-29 05:27:15.462894,0.8175035261821665,0.8992538788003832,0.08175035261821666,0.0005842190266503966,0.8175035261821665,351464.38589203,58860.25388511597,25.7,1.0,1.0,118,2025-09-29T05:27:15.353081,0.003157678094017702,0.0014716780940177022,0.001686,0.0004905593646725674,0.00039244749173805395,0.0005886712376070808,1358.7133592977207,223.97065720353058,0.9811187293451346,1.0,118,2025-09-29T05:27:15.394556,0.0,0.0,0.0,0.0,0.0,0.0,0.0,1.0,0.0,0.0,116,2025-09-29T05:27:15.448955
60,3,11,2025-09-29 05:27:15.603483,0.8175035261821665,0.8992538788003832,0.08175035261821666,0.0005842190266503966,0.8175035261821665,357350.4112805416,64746.279273627566,25.7,1.0,1.0,120,2025-09-29T05:27:15.493607,0.0031630177954516427,0.0014770177954516429,0.001686,0.0004923392651505476,0.0003938714121204381,0.0005908071181806572,1381.477973150118,246.73527105592797,0.9846785303010952,1.0,120,2025-09-29T05:27:15.535047,0.0,0.0,0.0,0.0,0.0,0.0,0.0,1.0,0.0,0.0,118,2025-09-29T05:27:15.589551
61,3,12,2025-09-29 05:27:15.742889,0.8175035261821665,0.8992538788003832,0.08175035261821666,0.0005842190266503966,0.8175035261821665,363236.4366690532,70632.30466213917,25.7,1.0,1.0,122,2025-09-29T05:27:15.634270,0.0031673571525235727,0.001481357152523573,0.001686,0.0004937857175078577,0.00039502857400628615,0.0005925428610094292,1404.2755391897736,269.5328370955835,0.9875714350157152,1.0,122,2025-09-29T05:27:15.676412,0.0,0.0,0.0,0.0,0.0,0.0,0.0,1.0,0.0,0.0,120,2025-09-29T05:27:15.729907
62,3,13,2025-09-29 05:27:15.879752,0.8175035261821665,0.8992538788003832,0.08175035261821666,0.0005842190266503966,0.8175035261821665,369122.4620575648,76518.33005065077,25.7,1.0,1.0,124,2025-09-29T05:27:15.773339,0.0031708813754306557,0.0014848813754306555,0.001686,0.0004949604584768852,0.0003959683667815082,0.0005939525501722622,1427.0998716072963,292.35716951310616,0.9899209169537703,1.0,124,2025-09-29T05:27:15.815095,0.0,0.0,0.0,0.0,0.0,0.0,0.0,1.0,0.0,0.0,122,2025-09-29T05:27:15.866692
63,3,14,2025-09-29 05:27:16.018004,0.8175035261821665,0.8992538788003832,0.08175035261821666,0.0005842190266503966,0.8175035261821665,375008.4874460764,82404.35543916236,25.7,1.0,1.0,126,2025-09-29T05:27:15.910237,0.0031737421411732482,0.0014877421411732482,0.001686,0.0004959140470577494,0.00039673123764619953,0.0005950968564692993,1449.9459341943357,315.2032321001454,0.9918280941154985,1.0,126,2025-09-29T05:27:15.951965,0.0,0.0,0.0,0.0,0.0,0.0,0.0,1.0,0.0,0.0,124,2025-09-29T05:27:16.005736
64,3,15,2025-09-29 05:27:16.157379,0.8175035261821665,0.8992538788003832,0.08175035261821666,0.0005842190266503966,0.8175035261821665,380894.512834588,88290.38082767396,25.7,1.0,1.0,128,2025-09-29T05:27:16.048323,0.003176063401165232,0.001490063401165232,0.001686,0.0004966878003884106,0.0003973502403107285,0.0005960253604660927,1472.8096306995474,338.0669286053571,0.9933756007768212,1.0,128,2025-09-29T05:27:16.090291,0.0,0.0,0.0,0.0,0.0,0.0,0.0,1.0,0.0,0.0,126,2025-09-29T05:27:16.144390
65,3,16,2025-09-29 05:27:16.295883,0.8175035261821665,0.8992538788003832,0.08175035261821666,0.0005842190266503966,0.8175035261821665,386780.5382230996,94176.40621618555,25.7,1.0,1.0,130,2025-09-29T05:27:16.187810,0.0031779462764291427,0.0014919462764291427,0.001686,0.0004973154254763809,0.0003978523403811048,0.0005967785105716571,1495.6876320249885,360.94492993079825,0.9946308509527618,1.0,130,2025-09-29T05:27:16.229519,0.0,0.0,0.0,0.0,0.0,0.0,0.0,1.0,0.0,0.0,128,2025-09-29T05:27:16.283192
66,3,17,2025-09-29 05:27:16.436213,0.8175035261821665,0.8992538788003832,0.08175035261821666,0.0005842190266503966,0.8175035261821665,392666.5636116112,100062.43160469715,25.7,1.0,1.0,132,2025-09-29T05:27:16.326928,0.0031794731493556662,0.001493473149355666,0.001686,0.0004978243831185553,0.0003982595064948443,0.0005973892597422664,1518.5772342793232,383.83453218513307,0.9956487662371105,1.0,132,2025-09-29T05:27:16.368599,0.0,0.0,0.0,0.0,0.0,0.0,0.0,1.0,0.0,0.0,130,2025-09-29T05:27:16.422169
67,3,18,2025-09-29 05:27:16.574200,0.8175035261821665,0.8992538788003832,0.08175035261821666,0.0005842190266503966,0.8175035261821665,398552.5890001228,105948.45699320875,25.7,1.0,1.0,134,2025-09-29T05:27:16.466869,0.0031807110618284756,0.0014947110618284756,0.001686,0.0004982370206094919,0.00039858961648759353,0.0005978844247313903,1541.4762424976848,406.73354040349466,0.9964740412189836,1.0,134,2025-09-29T05:27:16.508998,0.0,0.0,0.0,0.0,0.0,0.0,0.0,1.0,0.0,0.0,132,2025-09-29T05:27:16.561723
68,3,19,2025-09-29 05:27:16.713872,0.8175035261821665,0.8992538788003832,0.08175035261821666,0.0005842190266503966,0.8175035261821665,404438.6143886344,111834.48238172034,25.7,1.0,1.0,136,2025-09-29T05:27:16.604948,0.0031817145230620602,0.0014957145230620602,0.001686,0.0004985715076873534,0.0003988572061498827,0.000598285809224824,1564.3828755960496,429.64017350185964,0.9971430153747067,1.0,136,2025-09-29T05:27:16.647138,0.0,0.0,0.0,0.0,0.0,0.0,0.0,1.0,0.0,0.0,134,2025-09-29T05:27:16.701430
69,3,20,2025-09-29 05:27:16.854247,0.8175035261821665,0.8992538788003832,0.08175035261821666,0.0005842190266503966,0.8175035261821665,410324.639777146,117720.50777023194,25.7,1.0,1.0,138,2025-09-29T05:27:16.744412,0.0031825278204703597,0.0014965278204703597,0.001686,0.0004988426068234532,0.0003990740854587626,0.0005986111281881439,1587.2956888189294,452.55298672473936,0.9976852136469063,1.0,138,2025-09-29T05:27:16.786599,0.0,0.0,0.0,0.0,0.0,0.0,0.0,1.0,0.0,0.0,136,2025-09-29T05:27:16.840354
70,3,21,2025-09-29 05:27:16.992940,0.8175035261821665,0.8992538788003832,0.08175035261821666,0.0005842190266503966,0.8175035261821665,416210.6651656576,123606.53315874354,25.7,1.0,1.0,140,2025-09-29T05:27:16.884710,0.003183186915538014,0.001497186915538014,0.001686,0.0004990623051793381,0.00039924984414347047,0.0005988747662152056,1610.2135105500324,475.4708084558424,0.998124610358676,1.0,140,2025-09-29T05:27:16.926584,0.0,0.0,0.0,0.0,0.0,0.0,0.0,1.0,0.0,0.0,138,2025-09-29T05:27:16.980650
71,3,22,2025-09-29 05:27:17.132569,0.8175035261821665,0.8992538788003832,0.08175035261821666,0.0005842190266503966,0.8175035261821665,422096.6905541692,129492.55854725513,25.7,1.0,1.0,142,2025-09-29T05:27:17.023861,0.0031837209953237983,0.0014977209953237986,0.001686,0.0004992403317745995,0.00039939226541967966,0.0005990883981295194,1633.1353908843012,498.392688790111,0.9984806635491988,1.0,142,2025-09-29T05:27:17.065150,0.0,0.0,0.0,0.0,0.0,0.0,0.0,1.0,0.0,0.0,140,2025-09-29T05:27:17.118709
72,3,23,2025-09-29 05:27:17.271186,0.8175035261821665,0.8992538788003832,0.08175035261821666,0.0005842190266503966,0.8175035261821665,427982.7159426808,135378.58393576674,25.7,1.0,1.0,144,2025-09-29T05:27:17.163125,0.0031841537396064276,0.0014981537396064279,0.001686,0.0004993845798688093,0.00039950766389504745,0.0005992614958425711,1656.0605598104835,521.3178577162934,0.9987691597376185,1.0,144,2025-09-29T05:27:17.204944,0.0,0.0,0.0,0.0,0.0,0.0,0.0,1.0,0.0,0.0,142,2025-09-29T05:27:17.259080
73,4,0,2025-09-29 05:27:17.411669,0.7782972211934486,0.8561269433127935,0.07782972211934486,0.0006100990218575426,0.7782972211934486,433586.4559352736,0.0,25.0,1.0,1.0,146,2025-09-29T05:27:17.302359,0.0031149676696046323,0.0014289676696046323,0.001686,0.0004763225565348775,0.000381058045227902,0.0005715870678418529,1678.4843708830174,0.0,0.9526451130697549,1.0,146,2025-09-29T05:27:17.344536,0.0,0.0,0.0,0.0,0.0,0.0,0.0,1.0,0.0,0.0,144,2025-09-29T05:27:17.398166
74,4,1,2025-09-29 05:27:17.549589,0.7782972211934486,0.8561269433127935,0.07782972211934486,0.0006100990218575426,0.7782972211934486,439190.19592786644,5603.739992592829,25.0,1.0,1.0,148,2025-09-29T05:27:17.442195,0.003118287616952381,0.001432287616952381,0.001686,0.0004774292056507937,0.00038194336452063496,0.0005729150467809524,1700.9294374685187,22.44506658550138,0.9548584113015872,1.0,148,2025-09-29T05:27:17.484235,0.0,0.0,0.0,0.0,0.0,0.0,0.0,1.0,0.0,0.0,146,2025-09-29T05:27:17.536102
75,4,2,2025-09-29 05:27:17.689803,0.7782972211934486,0.8561269433127935,0.07782972211934486,0.0006100990218575426,0.7782972211934486,444793.9359204593,11207.479985185659,25.0,1.0,1.0,150,2025-09-29T05:27:17.581258,0.0031228735153382378,0.0014368735153382378,0.001686,0.00047895783844607924,0.00038316627075686343,0.000574749406135295,1723.4053580045772,44.92098712155985,0.9579156768921584,1.0,150,2025-09-29T05:27:17.622807,0.0,0.0,0.0,0.0,0.0,0.0,0.0,1.0,0.0,0.0,148,2025-09-29T05:27:17.677153
76,4,3,2025-09-29 05:27:17.828788,0.7782972211934486,0.8561269433127935,0.07782972211934486,0.0006100990218575426,0.7782972211934486,450397.6759130521,16811.219977778488,25.0,1.0,1.0,152,2025-09-29T05:27:17.720369,0.0031284973435444195,0.0014424973435444197,0.001686,0.0004808324478481399,0.00038466595827851195,0.0005769989374177679,1745.9199935110812,67.43562262806375,0.9616648956962797,1.0,152,2025-09-29T05:27:17.762293,0.0,0.0,0.0,0.0,0.0,0.0,0.0,1.0,0.0,0.0,150,2025-09-29T05:27:17.815944
77,4,4,2025-09-29 05:27:17.968335,0.7782972211934486,0.8561269433127935,0.07782972211934486,0.0006100990218575426,0.7782972211934486,456001.41590564494,22414.959970371317,25.0,1.0,1.0,154,2025-09-29T05:27:17.859671,0.0031349757913691346,0.0014489757913691346,0.001686,0.00048299193045637823,0.0003863935443651026,0.0005795903165476538,1768.479809333857,89.99543845083971,0.9659838609127563,1.0,154,2025-09-29T05:27:17.901434,0.0,0.0,0.0,0.0,0.0,0.0,0.0,1.0,0.0,0.0,152,2025-09-29T05:27:17.955724
78,4,5,2025-09-29 05:27:18.108340,0.7782972211934486,0.8561269433127935,0.07782972211934486,0.0006100990218575426,0.7782972211934486,461605.1558982378,28018.69996296415,25.0,1.0,1.0,156,2025-09-29T05:27:17.998703,0.003142161128867338,0.0014561611288673377,0.001686,0.0004853870429557792,0.0003883096343646234,0.000582464451546935,1791.0901467332794,112.60577585026208,0.9707740859115582,1.0,156,2025-09-29T05:27:18.040564,0.0,0.0,0.0,0.0,0.0,0.0,0.0,1.0,0.0,0.0,154,2025-09-29T05:27:18.094471
79,4,6,2025-09-29 05:27:18.251456,0.7782972211934486,0.8561269433127935,0.07782972211934486,0.0006100990218575426,0.7782972211934486,467208.8958908306,33622.43995555698,25.0,1.0,1.0,158,2025-09-29T05:27:18.138407,0.003149934066038579,0.0014639340660385792,0.001686,0.00048797802201285966,0.00039038241761028776,0.0005855736264154316,1813.7554397277686,135.27106884475123,0.9759560440257192,1.0,158,2025-09-29T05:27:18.183139,0.0,0.0,0.0,0.0,0.0,0.0,0.0,1.0,0.0,0.0,156,2025-09-29T05:27:18.237511
80,4,7,2025-09-29 05:27:18.391900,0.7782972211934486,0.8561269433127935,0.07782972211934486,0.0006100990218575426,0.7782972211934486,472812.63588342344,39226.17994814982,25.0,1.0,1.0,160,2025-09-29T05:27:18.282301,0.0031567192200066428,0.0014707192200066428,0.001686,0.0004902397400022143,0.00039219179200177147,0.0005882876880026572,1836.4722335582164,157.98786267519904,0.9804794800044285,1.0,160,2025-09-29T05:27:18.324246,0.0,0.0,0.0,0.0,0.0,0.0,0.0,1.0,0.0,0.0,157,2025-09-29T05:27:18.322862
81,4,8,2025-09-29 05:27:18.531986,0.7782972211934486,0.8561269433127935,0.07782972211934486,0.0006100990218575426,0.7782972211934486,478416.3758760163,44829.91994074265,25.0,1.0,1.0,162,2025-09-29T05:27:18.422634,0.0031622382411777084,0.0014762382411777084,0.001686,0.0004920794137259028,0.00039366353098072227,0.0005904952964710834,1859.2309282343288,180.7465573513114,0.9841588274518054,1.0,162,2025-09-29T05:27:18.464099,0.0,0.0,0.0,0.0,0.0,0.0,0.0,1.0,0.0,0.0,159,2025-09-29T05:27:18.518520
82,4,9,2025-09-29 05:27:18.669594,0.7782972211934486,0.8561269433127935,0.07782972211934486,0.0006100990218575426,0.7782972211934486,484020.1158686091,50433.65993333548,25.0,1.0,1.0,164,2025-09-29T05:27:18.562680,0.0031667238266858268,0.0014807238266858268,0.001686,0.0004935746088952756,0.0003948596871162205,0.0005922895306743306,1882.0236845755583,203.5393136925408,0.987149217790551,1.0,164,2025-09-29T05:27:18.604293,0.0,0.0,0.0,0.0,0.0,0.0,0.0,1.0,0.0,0.0,161,2025-09-29T05:27:18.657841
83,4,10,2025-09-29 05:27:18.808836,0.7782972211934486,0.8561269433127935,0.07782972211934486,0.0006100990218575426,0.7782972211934486,489623.85586120194,56037.399925928315,25.0,1.0,1.0,166,2025-09-29T05:27:18.700243,0.0031703671401752363,0.0014843671401752361,0.001686,0.0004947890467250787,0.000395831237380063,0.0005937468560700944,1904.8441111586235,226.35974027560604,0.9895780934501573,1.0,166,2025-09-29T05:27:18.742204,0.0,0.0,0.0,0.0,0.0,0.0,0.0,1.0,0.0,0.0,163,2025-09-29T05:27:18.795974
84,4,11,2025-09-29 05:27:18.947855,0.7782972211934486,0.8561269433127935,0.07782972211934486,0.0006100990218575426,0.7782972211934486,495227.5958537948,61641.13991852115,25.0,1.0,1.0,168,2025-09-29T05:27:18.839325,0.0031733247943983973,0.0014873247943983973,0.001686,0.0004957749314661325,0.000396619945172906,0.000594929917759359,1927.6870034574888,249.20263257447144,0.9915498629322649,1.0,168,2025-09-29T05:27:18.881395,0.0,0.0,0.0,0.0,0.0,0.0,0.0,1.0,0.0,0.0,165,2025-09-29T05:27:18.935588
85,4,12,2025-09-29 05:27:19.085228,0.7782972211934486,0.8561269433127935,0.07782972211934486,0.0006100990218575426,0.7782972211934486,500831.3358463876,67244.87991111398,25.0,1.0,1.0,170,2025-09-29T05:27:18.978233,0.003175724813807332,0.0014897248138073318,0.001686,0.0004965749379357773,0.00039725995034862186,0.0005958899255229328,1950.5481277156746,272.0637568326573,0.9931498758715545,1.0,170,2025-09-29T05:27:19.020014,0.0,0.0,0.0,0.0,0.0,0.0,0.0,1.0,0.0,0.0,167,2025-09-29T05:27:19.073702
86,4,13,2025-09-29 05:27:19.223956,0.7782972211934486,0.8561269433127935,0.07782972211934486,0.0006100990218575426,0.7782972211934486,506435.07583898044,72848.61990370681,25.0,1.0,1.0,172,2025-09-29T05:27:19.115768,0.003177671668185595,0.001491671668185595,0.001686,0.0004972238893951983,0.0003977791115161587,0.000596668667274238,1973.4240426865545,294.93967180353707,0.9944477787903965,1.0,172,2025-09-29T05:27:19.157804,0.0,0.0,0.0,0.0,0.0,0.0,0.0,1.0,0.0,0.0,169,2025-09-29T05:27:19.212011
87,4,14,2025-09-29 05:27:19.362674,0.7782972211934486,0.8561269433127935,0.07782972211934486,0.0006100990218575426,0.7782972211934486,512038.8158315733,78452.35989629965,25.0,1.0,1.0,174,2025-09-29T05:27:19.254734,0.0031792504851448733,0.0014932504851448733,0.001686,0.0004977501617149578,0.00039820012937196624,0.0005973001940579493,1996.3119531317025,317.8275822486851,0.9955003234299156,1.0,174,2025-09-29T05:27:19.295721,0.0,0.0,0.0,0.0,0.0,0.0,0.0,1.0,0.0,0.0,171,2025-09-29T05:27:19.350033
88,4,15,2025-09-29 05:27:19.500623,0.7782972211934486,0.8561269433127935,0.07782972211934486,0.0006100990218575426,0.7782972211934486,517642.5558241661,84056.09988889248,25.0,1.0,1.0,176,2025-09-29T05:27:19.393080,0.0031805305517654853,0.0014945305517654853,0.001686,0.0004981768505884951,0.00039854148047079605,0.0005978122207061941,2019.2095897617482,340.7252188787308,0.9963537011769901,1.0,176,2025-09-29T05:27:19.434950,0.0,0.0,0.0,0.0,0.0,0.0,0.0,1.0,0.0,0.0,172,2025-09-29T05:27:19.486731
89,4,16,2025-09-29 05:27:19.640830,0.7782972211934486,0.8561269433127935,0.07782972211934486,0.0006100990218575426,0.7782972211934486,523246.29581675894,89659.83988148531,25.0,1.0,1.0,178,2025-09-29T05:27:19.531103,0.0031815682100734396,0.0014955682100734396,0.001686,0.0004985227366911465,0.00039881818935291725,0.0005982272840293758,2042.1151110705996,363.63074018758226,0.997045473382293,1.0,178,2025-09-29T05:27:19.572702,0.0,0.0,0.0,0.0,0.0,0.0,0.0,1.0,0.0,0.0,174,2025-09-29T05:27:19.626874
90,4,17,2025-09-29 05:27:19.781478,0.7782972211934486,0.8561269433127935,0.07782972211934486,0.0006100990218575426,0.7782972211934486,528850.0358093517,95263.57987407815,25.0,1.0,1.0,180,2025-09-29T05:27:19.671728,0.0031824092414056487,0.0014964092414056485,0.001686,0.0004988030804685495,0.00039904246437483964,0.0005985636965622594,2065.027023216794,386.54265233377674,0.9976061609370989,1.0,180,2025-09-29T05:27:19.713784,0.0,0.0,0.0,0.0,0.0,0.0,0.0,1.0,0.0,0.0,176,2025-09-29T05:27:19.767623
91,4,18,2025-09-29 05:27:19.918348,0.7782972211934486,0.8561269433127935,0.07782972211934486,0.0006100990218575426,0.7782972211934486,534453.7758019444,100867.31986667098,25.0,1.0,1.0,182,2025-09-29T05:27:19.811517,0.0031830908234707017,0.0014970908234707017,0.001686,0.000499030274490234,0.0003992242195921872,0.0005988363293882807,2087.9441147297157,409.4597438466987,0.9980605489804678,1.0,182,2025-09-29T05:27:19.853245,0.0,0.0,0.0,0.0,0.0,0.0,0.0,1.0,0.0,0.0,178,2025-09-29T05:27:19.905286
92,4,19,2025-09-29 05:27:20.056160,0.7782972211934486,0.8561269433127935,0.07782972211934486,0.0006100990218575426,0.7782972211934486,540057.5157945371,106471.05985926381,25.0,1.0,1.0,184,2025-09-29T05:27:19.948991,0.0031836431325091966,0.0014976431325091966,0.001686,0.0004992143775030656,0.0003993715020024525,0.0005990572530036787,2110.865403360106,432.381032477089,0.998428755006131,1.0,184,2025-09-29T05:27:19.990872,0.0,0.0,0.0,0.0,0.0,0.0,0.0,1.0,0.0,0.0,180,2025-09-29T05:27:20.044289
93,4,20,2025-09-29 05:27:20.194629,0.7782972211934486,0.8561269433127935,0.07782972211934486,0.0006100990218575426,0.7782972211934486,545661.2557871299,112074.79985185665,25.0,1.0,1.0,186,2025-09-29T05:27:20.086338,0.0031840906521922,0.0014980906521922,0.001686,0.0004993635507307334,0.00039949084058458676,0.0005992362608768801,2133.7900928570607,455.30572197404376,0.9987271014614668,1.0,186,2025-09-29T05:27:20.128298,0.0,0.0,0.0,0.0,0.0,0.0,0.0,1.0,0.0,0.0,182,2025-09-29T05:27:20.181634
94,4,21,2025-09-29 05:27:20.333698,0.7782972211934486,0.8561269433127935,0.07782972211934486,0.0006100990218575426,0.7782972211934486,551264.9957797226,117678.53984444948,25.0,1.0,1.0,188,2025-09-29T05:27:20.225076,0.0031844532411614427,0.0014984532411614427,0.001686,0.0004994844137204809,0.0003995875309763847,0.000599381296464577,2156.717537844435,478.233166961418,0.9989688274409616,1.0,188,2025-09-29T05:27:20.266785,0.0,0.0,0.0,0.0,0.0,0.0,0.0,1.0,0.0,0.0,184,2025-09-29T05:27:20.319886
95,4,22,2025-09-29 05:27:20.472713,0.7782972211934486,0.8561269433127935,0.07782972211934486,0.0006100990218575426,0.7782972211934486,556868.7357723153,123282.27983704231,25.0,1.0,1.0,190,2025-09-29T05:27:20.363787,0.003184747002557192,0.0014987470025571918,0.001686,0.0004995823341857306,0.00039966586734858445,0.0005994988010228767,2179.6472152965202,501.16284441350325,0.999164668371461,1.0,190,2025-09-29T05:27:20.405399,0.0,0.0,0.0,0.0,0.0,0.0,0.0,1.0,0.0,0.0,186,2025-09-29T05:27:20.458938
96,4,23,2025-09-29 05:27:20.610490,0.7782972211934486,0.8561269433127935,0.07782972211934486,0.0006100990218575426,0.7782972211934486,562472.475764908,128886.01982963514,25.0,1.0,1.0,192,2025-09-29T05:27:20.503218,0.003184984991503493,0.001498984991503493,0.001686,0.0004996616638344978,0.00039972933106759823,0.0005995939966013973,2202.578701384606,524.094330501589,0.9993233276689955,1.0,192,2025-09-29T05:27:20.544823,0.0,0.0,0.0,0.0,0.0,0.0,0.0,1.0,0.0,0.0,188,2025-09-29T05:27:20.599057
97,5,0,2025-09-29 05:27:20.749970,0.7413144279014776,0.8154458706916254,0.07413144279014776,0.000581108598406727,0.7413144279014776,567809.9396457988,0.0,23.6,1.0,1.0,194,2025-09-29T05:27:20.640800,0.0030492701554102808,0.0013632701554102808,0.001686,0.0004544233851367603,0.00036353870810940824,0.0005453080621641123,2224.526688736821,0.0,0.9088467702735206,1.0,194,2025-09-29T05:27:20.682607,0.0,0.0,0.0,0.0,0.0,0.0,0.0,1.0,0.0,0.0,190,2025-09-29T05:27:20.736580
98,5,1,2025-09-29 05:27:20.888181,0.7413144279014776,0.8154458706916254,0.07413144279014776,0.000581108598406727,0.7413144279014776,573147.4035266895,5337.463880890638,23.6,1.0,1.0,196,2025-09-29T05:27:20.780087,0.003055235666754351,0.0013692356667543508,0.001686,0.00045641188891811695,0.00036512951113449357,0.0005476942667017403,2246.5124068638215,21.98571812700034,0.9128237778362338,1.0,196,2025-09-29T05:27:20.822035,0.0,0.0,0.0,0.0,0.0,0.0,0.0,1.0,0.0,0.0,192,2025-09-29T05:27:20.875822
99,5,2,2025-09-29 05:27:21.027367,0.7413144279014776,0.8154458706916254,0.07413144279014776,0.000581108598406727,0.7413144279014776,578484.8674075803,10674.927761781277,23.6,1.0,1.0,198,2025-09-29T05:27:20.918571,0.0030637109210303894,0.0013777109210303894,0.001686,0.00045923697367679654,0.00036738957894143725,0.0005510843684121558,2268.5548457050727,44.02815696825149,0.918473947353593,1.0,198,2025-09-29T05:27:20.960373,0.0,0.0,0.0,0.0,0.0,0.0,0.0,1.0,0.0,0.0,194,2025-09-29T05:27:21.014197
100,5,3,2025-09-29 05:27:21.165734,0.7413144279014776,0.8154458706916254,0.07413144279014776,0.000581108598406727,0.7413144279014776,583822.331288471,16012.391642671915,23.6,1.0,1.0,200,2025-09-29T05:27:21.057670,0.0030742661426669585,0.0013882661426669585,0.001686,0.0004627553808889862,0.00037020430471118896,0.0005553064570667834,2290.669710005158,66.1430212683366,0.9255107617779722,1.0,200,2025-09-29T05:27:21.099593,0.0,0.0,0.0,0.0,0.0,0.0,0.0,1.0,0.0,0.0,196,2025-09-29T05:27:21.153412
101,5,4,2025-09-29 05:27:21.305582,0.7413144279014776,0.8154458706916254,0.07413144279014776,0.000581108598406727,0.7413144279014776,589159.7951693618,21349.855523562554,23.6,1.0,1.0,202,2025-09-29T05:27:21.196006,0.0030865592858091754,0.0014005592858091754,0.001686,0.00046685309526972514,0.00037348247621578015,0.0005602237143236702,2312.870093781442,88.34340504462031,0.93370619053945,1.0,202,2025-09-29T05:27:21.237639,0.0,0.0,0.0,0.0,0.0,0.0,0.0,1.0,0.0,0.0,198,2025-09-29T05:27:21.291805
102,5,5,2025-09-29 05:27:21.444870,0.7413144279014776,0.8154458706916254,0.07413144279014776,0.000581108598406727,0.7413144279014776,594497.2590502525,26687.319404453192,23.6,1.0,1.0,204,2025-09-29T05:27:21.336271,0.0031003168353373077,0.0014143168353373077,0.001686,0.0004714389451124358,0.0003771511560899487,0.000565726734134923,2335.1670058512946,110.64031711447274,0.9428778902248716,1.0,204,2025-09-29T05:27:21.378379,0.0,0.0,0.0,0.0,0.0,0.0,0.0,1.0,0.0,0.0,200,2025-09-29T05:27:21.431064
103,5,6,2025-09-29 05:27:21.582555,0.7413144279014776,0.8154458706916254,0.07413144279014776,0.000581108598406727,0.7413144279014776,599834.7229311432,32024.78328534383,23.6,1.0,1.0,206,2025-09-29T05:27:21.475023,0.003115319267627071,0.0014293192676270712,0.001686,0.0004764397558756904,0.0003811518047005523,0.0005717277070508284,2357.5697829683036,133.0430942314818,0.9528795117513805,1.0,206,2025-09-29T05:27:21.516721,0.0,0.0,0.0,0.0,0.0,0.0,0.0,1.0,0.0,0.0,202,2025-09-29T05:27:21.569466
104,5,7,2025-09-29 05:27:21.723447,0.7413144279014776,0.8154458706916254,0.07413144279014776,0.000581108598406727,0.7413144279014776,605172.186812034,37362.24716623446,23.6,1.0,1.0,208,2025-09-29T05:27:21.613010,0.0031284874063495205,0.0014424874063495205,0.001686,0.00048082913544984015,0.00038466330835987213,0.0005769949625398081,2380.0723829560266,155.54569421920468,0.9616582708996801,1.0,208,2025-09-29T05:27:21.655078,0.0,0.0,0.0,0.0,0.0,0.0,0.0,1.0,0.0,0.0,204,2025-09-29T05:27:21.709529
105,5,8,2025-09-29 05:27:21.860624,0.7413144279014776,0.8154458706916254,0.07413144279014776,0.000581108598406727,0.7413144279014776,610509.6506929247,42699.71104712509,23.6,1.0,1.0,210,2025-09-29T05:27:21.754056,0.0031392424779585664,0.0014532424779585664,0.001686,0.00048441415931952205,0.0003875313274556177,0.0005812969911834265,2402.656552716072,178.12986397925016,0.968828318639044,1.0,210,2025-09-29T05:27:21.795222,0.0,0.0,0.0,0.0,0.0,0.0,0.0,1.0,0.0,0.0,206,2025-09-29T05:27:21.847378
106,5,9,2025-09-29 05:27:21.999358,0.7413144279014776,0.8154458706916254,0.07413144279014776,0.000581108598406727,0.7413144279014776,615847.1145738155,48037.174928015724,23.6,1.0,1.0,212,2025-09-29T05:27:21.891555,0.003148012840782995,0.0014620128407829946,0.001686,0.00048733761359433155,0.00038987009087546525,0.0005848051363131978,2425.307265711002,200.7805769741804,0.974675227188663,1.0,212,2025-09-29T05:27:21.933685,0.0,0.0,0.0,0.0,0.0,0.0,0.0,1.0,0.0,0.0,208,2025-09-29T05:27:21.986837
107,5,10,2025-09-29 05:27:22.137369,0.7413144279014776,0.8154458706916254,0.07413144279014776,0.000581108598406727,0.7413144279014776,621184.5784547062,53374.638808906355,23.6,1.0,1.0,214,2025-09-29T05:27:22.029854,0.0031551556197698446,0.0014691556197698446,0.001686,0.0004897185399232815,0.00039177483193862526,0.0005876622479079379,2448.012190232989,223.48550149616727,0.9794370798465629,1.0,214,2025-09-29T05:27:22.071439,0.0,0.0,0.0,0.0,0.0,0.0,0.0,1.0,0.0,0.0,210,2025-09-29T05:27:22.123730
108,5,11,2025-09-29 05:27:22.278293,0.7413144279014776,0.8154458706916254,0.07413144279014776,0.000581108598406727,0.7413144279014776,626522.042335597,58712.102689796986,23.6,1.0,1.0,216,2025-09-29T05:27:22.168079,0.00316096684380524,0.00147496684380524,0.001686,0.0004916556146017467,0.0003933244916813974,0.000589986737522096,2470.761231546988,246.23454281016615,0.9833112292034933,1.0,216,2025-09-29T05:27:22.210061,0.0,0.0,0.0,0.0,0.0,0.0,0.0,1.0,0.0,0.0,212,2025-09-29T05:27:22.264403
109,5,12,2025-09-29 05:27:22.416837,0.7413144279014776,0.8154458706916254,0.07413144279014776,0.000581108598406727,0.7413144279014776,631859.5062164877,64049.56657068762,23.6,1.0,1.0,218,2025-09-29T05:27:22.309097,0.003165690781101526,0.0014796907811015262,0.001686,0.0004932302603671754,0.00039458420829374034,0.0005918763124406105,2493.5461428359104,269.0194540990885,0.9864605207343508,1.0,218,2025-09-29T05:27:22.351119,0.0,0.0,0.0,0.0,0.0,0.0,0.0,1.0,0.0,0.0,214,2025-09-29T05:27:22.402876
110,5,13,2025-09-29 05:27:22.557219,0.7413144279014776,0.8154458706916254,0.07413144279014776,0.000581108598406727,0.7413144279014776,637196.9700973785,69387.03045157825,23.6,1.0,1.0,220,2025-09-29T05:27:22.447805,0.0031695282587801293,0.0014835282587801293,0.001686,0.0004945094195933764,0.0003956075356747011,0.0005934113035120516,2516.3601979294017,291.8335091925801,0.9890188391867526,1.0,220,2025-09-29T05:27:22.489677,0.0,0.0,0.0,0.0,0.0,0.0,0.0,1.0,0.0,0.0,216,2025-09-29T05:27:22.543293
111,5,14,2025-09-29 05:27:22.697394,0.7413144279014776,0.8154458706916254,0.07413144279014776,0.000581108598406727,0.7413144279014776,642534.4339782692,74724.49433246888,23.6,1.0,1.0,222,2025-09-29T05:27:22.587726,0.0031726439099905544,0.0014866439099905544,0.001686,0.0004955479699968514,0.0003964383759974812,0.0005946575639962218,2539.1979181427746,314.67122940595306,0.9910959399937027,1.0,222,2025-09-29T05:27:22.629116,0.0,0.0,0.0,0.0,0.0,0.0,0.0,1.0,0.0,0.0,218,2025-09-29T05:27:22.683431
112,5,15,2025-09-29 05:27:22.834031,0.7413144279014776,0.8154458706916254,0.07413144279014776,0.000581108598406727,0.7413144279014776,647871.89785916,80061.95821335951,23.6,1.0,1.0,224,2025-09-29T05:27:22.727627,0.0031751723834548082,0.0014891723834548082,0.001686,0.000496390794484936,0.00039711263558794884,0.0005956689533819233,2562.0548456627916,337.5281569259702,0.992781588969872,1.0,224,2025-09-29T05:27:22.769411,0.0,0.0,0.0,0.0,0.0,0.0,0.0,1.0,0.0,0.0,220,2025-09-29T05:27:22.822537
113,5,16,2025-09-29 05:27:22.972181,0.7413144279014776,0.8154458706916254,0.07413144279014776,0.000581108598406727,0.7413144279014776,653209.3617400507,85399.42209425014,23.6,1.0,1.0,226,2025-09-29T05:27:22.864255,0.0031772235990368707,0.0014912235990368707,0.001686,0.0004970745330122902,0.00039765962640983223,0.0005964894396147483,2584.927356446452,360.4006677096305,0.9941490660245804,1.0,226,2025-09-29T05:27:22.906397,0.0,0.0,0.0,0.0,0.0,0.0,0.0,1.0,0.0,0.0,222,2025-09-29T05:27:22.960167
114,5,17,2025-09-29 05:27:23.111777,0.7413144279014776,0.8154458706916254,0.07413144279014776,0.000581108598406727,0.7413144279014776,658546.8256209415,90736.88597514077,23.6,1.0,1.0,228,2025-09-29T05:27:23.002858,0.003178887154626234,0.0014928871546262342,0.001686,0.0004976290515420781,0.0003981032412336625,0.0005971548618504937,2607.8125063273615,383.2858175905398,0.9952581030841561,1.0,228,2025-09-29T05:27:23.044926,0.0,0.0,0.0,0.0,0.0,0.0,0.0,1.0,0.0,0.0,224,2025-09-29T05:27:23.097925
115,5,18,2025-09-29 05:27:23.250091,0.7413144279014776,0.8154458706916254,0.07413144279014776,0.000581108598406727,0.7413144279014776,663884.2895018322,96074.3498560314,23.6,1.0,1.0,230,2025-09-29T05:27:23.141785,0.00318023599495391,0.00149423599495391,0.001686,0.0004980786649846367,0.00039846293198770937,0.000597694397981564,2630.7079048166634,406.1812160798414,0.9961573299692732,1.0,230,2025-09-29T05:27:23.183672,0.0,0.0,0.0,0.0,0.0,0.0,0.0,1.0,0.0,0.0,226,2025-09-29T05:27:23.237107
116,5,19,2025-09-29 05:27:23.390490,0.7413144279014776,0.8154458706916254,0.07413144279014776,0.000581108598406727,0.7413144279014776,669221.753382723,101411.81373692203,23.6,1.0,1.0,232,2025-09-29T05:27:23.280352,0.0031813294489306844,0.0014953294489306846,0.001686,0.0004984431496435615,0.00039875451971484925,0.0005981317795722738,2653.6116118632335,429.08492312641124,0.9968862992871229,1.0,232,2025-09-29T05:27:23.322125,0.0,0.0,0.0,0.0,0.0,0.0,0.0,1.0,0.0,0.0,228,2025-09-29T05:27:23.376550
117,5,20,2025-09-29 05:27:23.528734,0.7413144279014776,0.8154458706916254,0.07413144279014776,0.000581108598406727,0.7413144279014776,674559.2172636137,106749.27761781267,23.6,1.0,1.0,234,2025-09-29T05:27:23.421183,0.003182215733188714,0.001496215733188714,0.001686,0.0004987385777295713,0.00039899086218365704,0.0005984862932754856,2676.5220535586373,451.9953648218148,0.9974771554591426,1.0,234,2025-09-29T05:27:23.463118,0.0,0.0,0.0,0.0,0.0,0.0,0.0,1.0,0.0,0.0,230,2025-09-29T05:27:23.515463
118,5,21,2025-09-29 05:27:23.669658,0.7413144279014776,0.8154458706916254,0.07413144279014776,0.000581108598406727,0.7413144279014776,679896.6811445045,112086.7414987033,23.6,1.0,1.0,236,2025-09-29T05:27:23.559506,0.003182934008496012,0.0014969340084960124,0.001686,0.0004989780028320041,0.0003991824022656033,0.000598773603398405,2699.4379534166887,474.91126467986635,0.9979560056640082,1.0,236,2025-09-29T05:27:23.601973,0.0,0.0,0.0,0.0,0.0,0.0,0.0,1.0,0.0,0.0,232,2025-09-29T05:27:23.655680
119,5,22,2025-09-29 05:27:23.810237,0.7413144279014776,0.8154458706916254,0.07413144279014776,0.000581108598406727,0.7413144279014776,685234.1450253952,117424.20537959393,23.6,1.0,1.0,238,2025-09-29T05:27:23.700458,0.0031835160642547525,0.0014975160642547525,0.001686,0.0004991720214182508,0.0003993376171346007,0.0005990064257019009,2722.358276419538,497.831587682716,0.9983440428365015,1.0,238,2025-09-29T05:27:23.742175,0.0,0.0,0.0,0.0,0.0,0.0,0.0,1.0,0.0,0.0,233,2025-09-29T05:27:23.796331
120,5,23,2025-09-29 05:27:23.949529,0.7413144279014776,0.8154458706916254,0.07413144279014776,0.000581108598406727,0.7413144279014776,690571.608906286,122761.66926048456,23.6,1.0,1.0,240,2025-09-29T05:27:23.840605,0.003183987695320495,0.001497987695320495,0.001686,0.0004993292317734984,0.00039946338541879873,0.000599195078128198,2745.282183504119,520.7554947672971,0.9986584635469966,1.0,240,2025-09-29T05:27:23.882113,0.0,0.0,0.0,0.0,0.0,0.0,0.0,1.0,0.0,0.0,235,2025-09-29T05:27:23.935642
121,6,0,2025-09-29 05:27:24.086280,0.7612159753447572,0.8373375728792329,0.07612159753447573,0.0006213297870812781,0.7612159753447572,696052.3639287682,0.0,24.7,1.0,1.0,242,2025-09-29T05:27:23.980185,0.0033005310428163423,0.001614531042816342,0.001686,0.000538177014272114,0.0004305416114176912,0.0006458124171265368,2769.0513216051936,0.0,1.076354028544228,1.0,242,2025-09-29T05:27:24.021784,0.0,0.0,0.0,0.0,0.0,0.0,0.0,1.0,0.0,0.0,237,2025-09-29T05:27:24.073911
122,6,1,2025-09-29 05:27:24.226208,0.7612159753447572,0.8373375728792329,0.07612159753447573,0.0006213297870812781,0.7612159753447572,701533.1189512504,5480.755022482252,24.7,1.0,1.0,244,2025-09-29T05:27:24.116624,0.0032954657603057897,0.0016094657603057895,0.001686,0.0005364885867685965,0.0004291908694148772,0.0006437863041223158,2792.788969102045,23.73764749685158,1.0729771735371927,1.0,244,2025-09-29T05:27:24.158574,0.0,0.0,0.0,0.0,0.0,0.0,0.0,1.0,0.0,0.0,239,2025-09-29T05:27:24.212325
123,6,2,2025-09-29 05:27:24.365987,0.7612159753447572,0.8373375728792329,0.07612159753447573,0.0006213297870812781,0.7612159753447572,707013.8739737327,10961.510044964503,24.7,1.0,1.0,246,2025-09-29T05:27:24.256925,0.0032880555825707397,0.00160205558257074,0.001686,0.00053401852752358,0.000427214822018864,0.000640822233028296,2816.4772472762456,47.42592567105221,1.0680370550471598,1.0,246,2025-09-29T05:27:24.298289,0.0,0.0,0.0,0.0,0.0,0.0,0.0,1.0,0.0,0.0,241,2025-09-29T05:27:24.352240
124,6,3,2025-09-29 05:27:24.504340,0.7612159753447572,0.8373375728792329,0.07612159753447573,0.0006213297870812781,0.7612159753447572,712494.628996215,16442.265067446755,24.7,1.0,1.0,248,2025-09-29T05:27:24.396452,0.003278778624178989,0.0015927786241789889,0.001686,0.000530926208059663,0.0004247409664477304,0.0006371114496715955,2840.1018972073703,71.05057560217661,1.061852416119326,1.0,248,2025-09-29T05:27:24.438367,0.0,0.0,0.0,0.0,0.0,0.0,0.0,1.0,0.0,0.0,243,2025-09-29T05:27:24.492507
125,6,4,2025-09-29 05:27:24.644426,0.7612159753447572,0.8373375728792329,0.07612159753447573,0.0006213297870812781,0.7612159753447572,717975.3840186972,21923.020089929007,24.7,1.0,1.0,250,2025-09-29T05:27:24.535110,0.0032680262256700003,0.0015820262256700005,0.001686,0.0005273420752233335,0.00042187366017866685,0.0006328104902680002,2863.6516269985846,94.60030539339095,1.054684150446667,1.0,250,2025-09-29T05:27:24.577138,0.0,0.0,0.0,0.0,0.0,0.0,0.0,1.0,0.0,0.0,245,2025-09-29T05:27:24.630834
126,6,5,2025-09-29 05:27:24.783973,0.7612159753447572,0.8373375728792329,0.07612159753447573,0.0006213297870812781,0.7612159753447572,723456.1390411794,27403.775112411255,24.7,1.0,1.0,252,2025-09-29T05:27:24.674828,0.0032561172308819184,0.0015701172308819184,0.001686,0.0005233724102939728,0.0004186979282351782,0.0006280468923527673,2887.1175649038114,118.06624329861744,1.0467448205879455,1.0,252,2025-09-29T05:27:24.716177,0.0,0.0,0.0,0.0,0.0,0.0,0.0,1.0,0.0,0.0,247,2025-09-29T05:27:24.770039
127,6,6,2025-09-29 05:27:24.924090,0.7612159753447572,0.8373375728792329,0.07612159753447573,0.0006213297870812781,0.7612159753447572,728936.8940636617,32884.5301348935,24.7,1.0,1.0,254,2025-09-29T05:27:24.814703,0.003243310439703311,0.0015573104397033114,0.001686,0.0005191034799011038,0.00041528278392088307,0.0006229241758813245,2910.4928054249053,141.4414838197111,1.0382069598022077,1.0,254,2025-09-29T05:27:24.856212,0.0,0.0,0.0,0.0,0.0,0.0,0.0,1.0,0.0,0.0,249,2025-09-29T05:27:24.910125
128,6,7,2025-09-29 05:27:25.061622,0.7612159753447572,0.8373375728792329,0.07612159753447573,0.0006213297870812781,0.7612159753447572,734417.6490861439,38365.28515737575,24.7,1.0,1.0,256,2025-09-29T05:27:24.954675,0.003232255463454544,0.0015462554634545441,0.001686,0.0005154184878181814,0.0004123347902545451,0.0006185021853818176,2933.783861065474,164.73253946027944,1.0308369756363627,1.0,256,2025-09-29T05:27:24.996314,0.0,0.0,0.0,0.0,0.0,0.0,0.0,1.0,0.0,0.0,251,2025-09-29T05:27:25.049291
129,6,8,2025-09-29 05:27:25.201231,0.7612159753447572,0.8373375728792329,0.07612159753447573,0.0006213297870812781,0.7612159753447572,739898.4041086262,43846.040179858,24.7,1.0,1.0,258,2025-09-29T05:27:25.092203,0.003223358485916678,0.001537358485916678,0.001686,0.0005124528286388927,0.00040996226291111415,0.0006149433943666712,2957.007190814248,187.9558692090537,1.0249056572777853,1.0,258,2025-09-29T05:27:25.133764,0.0,0.0,0.0,0.0,0.0,0.0,0.0,1.0,0.0,0.0,253,2025-09-29T05:27:25.187736
130,6,9,2025-09-29 05:27:25.341590,0.7612159753447572,0.8373375728792329,0.07612159753447573,0.0006213297870812781,0.7612159753447572,745379.1591311084,49326.79520234025,24.7,1.0,1.0,260,2025-09-29T05:27:25.231868,0.003216189474247234,0.0015301894742472339,0.001686,0.0005100631580824113,0.00040805052646592904,0.0006120757896988935,2980.1759650437702,211.12464343857587,1.0201263161648224,1.0,260,2025-09-29T05:27:25.273700,0.0,0.0,0.0,0.0,0.0,0.0,0.0,1.0,0.0,0.0,255,2025-09-29T05:27:25.327741
131,6,10,2025-09-29 05:27:25.479517,0.7612159753447572,0.8373375728792329,0.07612159753447573,0.0006213297870812781,0.7612159753447572,750859.9141535907,54807.550224822495,24.7,1.0,1.0,262,2025-09-29T05:27:25.372461,0.0032104070883018617,0.0015244070883018617,0.001686,0.0005081356961006206,0.00040650855688049645,0.0006097628353207447,3003.300746745358,234.24942514016362,1.016271392201241,1.0,262,2025-09-29T05:27:25.414052,0.0,0.0,0.0,0.0,0.0,0.0,0.0,1.0,0.0,0.0,257,2025-09-29T05:27:25.467795
132,6,11,2025-09-29 05:27:25.617527,0.7612159753447572,0.8373375728792329,0.07612159753447573,0.0006213297870812781,0.7612159753447572,756340.6691760729,60288.30524730474,24.7,1.0,1.0,264,2025-09-29T05:27:25.510469,0.00320573937731183,0.0015197393773118302,0.001686,0.0005065797924372768,0.0004052638339498214,0.0006078957509247321,3026.3900235141305,257.33870190893583,1.0131595848745536,1.0,264,2025-09-29T05:27:25.552676,0.0,0.0,0.0,0.0,0.0,0.0,0.0,1.0,0.0,0.0,259,2025-09-29T05:27:25.605007
133,6,12,2025-09-29 05:27:25.757488,0.7612159753447572,0.8373375728792329,0.07612159753447573,0.0006213297870812781,0.7612159753447572,761821.4241985552,65769.06026978699,24.7,1.0,1.0,266,2025-09-29T05:27:25.648063,0.003201969010530642,0.0015159690105306422,0.001686,0.000505323003510214,0.00040425840280817126,0.0006063876042122568,3049.4506256547443,280.3993040495498,1.010646007020428,1.0,266,2025-09-29T05:27:25.689608,0.0,0.0,0.0,0.0,0.0,0.0,0.0,1.0,0.0,0.0,261,2025-09-29T05:27:25.743606
134,6,13,2025-09-29 05:27:25.896666,0.7612159753447572,0.8373375728792329,0.07612159753447573,0.0006213297870812781,0.7612159753447572,767302.1792210374,71249.81529226924,24.7,1.0,1.0,268,2025-09-29T05:27:25.787912,0.0031989218714771287,0.001512921871477129,0.001686,0.0005043072904923763,0.0004034458323939011,0.0006051687485908515,3072.4880565520875,303.43673494689295,1.0086145809847527,1.0,268,2025-09-29T05:27:25.829726,0.0,0.0,0.0,0.0,0.0,0.0,0.0,1.0,0.0,0.0,263,2025-09-29T05:27:25.882802
135,6,14,2025-09-29 05:27:26.033591,0.7612159753447572,0.8373375728792329,0.07612159753447573,0.0006213297870812781,0.7612159753447572,772782.9342435197,76730.57031475149,24.7,1.0,1.0,270,2025-09-29T05:27:25.927025,0.0031964581792242206,0.0015104581792242209,0.001686,0.000503486059741407,0.0004027888477931256,0.0006041832716896883,3095.5067548843112,326.4554332791168,1.0069721194828136,1.0,270,2025-09-29T05:27:25.969083,0.0,0.0,0.0,0.0,0.0,0.0,0.0,1.0,0.0,0.0,265,2025-09-29T05:27:26.021369
136,6,15,2025-09-29 05:27:26.173591,0.7612159753447572,0.8373375728792329,0.07612159753447573,0.0006213297870812781,0.7612159753447572,778263.6892660019,82211.32533723373,24.7,1.0,1.0,272,2025-09-29T05:27:26.063888,0.003194465529768886,0.001508465529768886,0.001686,0.0005028218432562953,0.00040225747460503626,0.0006033862119075544,3118.510303509914,349.4589819047194,1.0056436865125904,1.0,272,2025-09-29T05:27:26.105524,0.0,0.0,0.0,0.0,0.0,0.0,0.0,1.0,0.0,0.0,267,2025-09-29T05:27:26.159716
137,6,16,2025-09-29 05:27:26.314228,0.7612159753447572,0.8373375728792329,0.07612159753447573,0.0006213297870812781,0.7612159753447572,783744.4442884842,87692.08035971598,24.7,1.0,1.0,274,2025-09-29T05:27:26.204263,0.0031928534108932646,0.0015068534108932648,0.001686,0.0005022844702977549,0.00040182757623820396,0.0006027413643573059,3141.501596381709,372.4502747765145,1.0045689405955098,1.0,274,2025-09-29T05:27:26.246036,0.0,0.0,0.0,0.0,0.0,0.0,0.0,1.0,0.0,0.0,269,2025-09-29T05:27:26.300302
138,6,17,2025-09-29 05:27:26.454246,0.7612159753447572,0.8373375728792329,0.07612159753447573,0.0006213297870812781,0.7612159753447572,789225.1993109664,93172.83538219823,24.7,1.0,1.0,276,2025-09-29T05:27:26.345530,0.0031915488576574843,0.0015055488576574843,0.001686,0.0005018496192191615,0.0004014796953753292,0.0006022195430629937,3164.48297225637,395.43165065117546,1.003699238438323,1.0,276,2025-09-29T05:27:26.386891,0.0,0.0,0.0,0.0,0.0,0.0,0.0,1.0,0.0,0.0,271,2025-09-29T05:27:26.441311
139,6,18,2025-09-29 05:27:26.594362,0.7612159753447572,0.8373375728792329,0.07612159753447573,0.0006213297870812781,0.7612159753447572,794705.9543334487,98653.59040468048,24.7,1.0,1.0,278,2025-09-29T05:27:26.484444,0.003190492997497775,0.001504492997497775,0.001686,0.0005014976658325917,0.0004011981326660734,0.00060179719899911,3187.456322025373,418.4050004201786,1.0029953316651834,1.0,278,2025-09-29T05:27:26.526128,0.0,0.0,0.0,0.0,0.0,0.0,0.0,1.0,0.0,0.0,273,2025-09-29T05:27:26.580538
140,6,19,2025-09-29 05:27:26.733224,0.7612159753447572,0.8373375728792329,0.07612159753447573,0.0006213297870812781,0.7612159753447572,800186.7093559309,104134.34542716273,24.7,1.0,1.0,280,2025-09-29T05:27:26.624687,0.0031896382936071636,0.0015036382936071636,0.001686,0.0005012127645357212,0.00040097021162857697,0.0006014553174428654,3210.4231750164436,441.37185341124905,1.0024255290714421,1.0,280,2025-09-29T05:27:26.667059,0.0,0.0,0.0,0.0,0.0,0.0,0.0,1.0,0.0,0.0,275,2025-09-29T05:27:26.719373
141,6,20,2025-09-29 05:27:26.873137,0.7612159753447572,0.8373375728792329,0.07612159753447573,0.0006213297870812781,0.7612159753447572,805667.4643784132,109615.10044964498,24.7,1.0,1.0,282,2025-09-29T05:27:26.764011,0.003188946339406932,0.001502946339406932,0.001686,0.000500982113135644,0.00040078569050851524,0.0006011785357627729,3233.3847684812504,464.3334468760556,1.0019642262712878,1.0,282,2025-09-29T05:27:26.805106,0.0,0.0,0.0,0.0,0.0,0.0,0.0,1.0,0.0,0.0,277,2025-09-29T05:27:26.859230
142,6,21,2025-09-29 05:27:27.013207,0.7612159753447572,0.8373375728792329,0.07612159753447573,0.0006213297870812781,0.7612159753447572,811148.2194008954,115095.85547212722,24.7,1.0,1.0,284,2025-09-29T05:27:26.903569,0.003188386089935233,0.001502386089935233,0.001686,0.0005007953633117444,0.0004006362906493955,0.0006009544359740932,3256.342103607831,487.2907820026365,1.0015907266234887,1.0,284,2025-09-29T05:27:26.944903,0.0,0.0,0.0,0.0,0.0,0.0,0.0,1.0,0.0,0.0,279,2025-09-29T05:27:26.999258
143,6,22,2025-09-29 05:27:27.150721,0.7612159753447572,0.8373375728792329,0.07612159753447573,0.0006213297870812781,0.7612159753447572,816628.9744233777,120576.61049460947,24.7,1.0,1.0,286,2025-09-29T05:27:27.043819,0.0031879324409589613,0.0015019324409589613,0.001686,0.0005006441469863204,0.00040051531758905634,0.0006007729763835845,3279.295990712142,510.2446691069473,1.0012882939726406,1.0,286,2025-09-29T05:27:27.084769,0.0,0.0,0.0,0.0,0.0,0.0,0.0,1.0,0.0,0.0,281,2025-09-29T05:27:27.137056
144,6,23,2025-09-29 05:27:27.291202,0.7612159753447572,0.8373375728792329,0.07612159753447573,0.0006213297870812781,0.7612159753447572,822109.7294458599,126057.36551709172,24.7,1.0,1.0,288,2025-09-29T05:27:27.181550,0.003187565085703557,0.001501565085703557,0.001686,0.000500521695234519,0.00040041735618761524,0.0006006260342814228,3302.247085726265,533.19576412107,1.0010433904690381,1.0,288,2025-09-29T05:27:27.223573,0.0,0.0,0.0,0.0,0.0,0.0,0.0,1.0,0.0,0.0,283,2025-09-29T05:27:27.277236
145,7,0,2025-09-29 05:27:27.427679,0.7819413279534162,0.8601354607487579,0.07819413279534163,0.0006886802486775081,0.7819413279534162,827739.7070071244,0.0,26.3,1.0,1.0,290,2025-09-29T05:27:27.322434,0.003359498047374178,0.0016734980473741784,0.001686,0.0005578326824580594,0.00044626614596644755,0.0006693992189496713,3326.44511255131,0.0,1.1156653649161188,1.0,290,2025-09-29T05:27:27.364431,0.0,0.0,0.0,0.0,0.0,0.0,0.0,1.0,0.0,0.0,285,2025-09-29T05:27:27.416168
146,7,1,2025-09-29 05:27:27.567697,0.7819413279534162,0.8601354607487579,0.07819413279534163,0.0006886802486775081,0.7819413279534162,833369.684568389,5629.977561264596,26.3,1.0,1.0,292,2025-09-29T05:27:27.458608,0.0033510989290219586,0.0016650989290219586,0.001686,0.0005550329763406529,0.0004440263810725223,0.0006660395716087834,3350.5898343003687,24.144721749058718,1.1100659526813057,1.0,292,2025-09-29T05:27:27.500258,0.0,0.0,0.0,0.0,0.0,0.0,0.0,1.0,0.0,0.0,287,2025-09-29T05:27:27.554052
147,7,2,2025-09-29 05:27:27.706502,0.7819413279534162,0.8601354607487579,0.07819413279534163,0.0006886802486775081,0.7819413279534162,838999.6621296535,11259.955122529193,26.3,1.0,1.0,294,2025-09-29T05:27:27.598128,0.0033393421006144572,0.0016533421006144572,0.001686,0.0005511140335381524,0.0004408912268305219,0.0006613368402457829,3374.655598976159,48.210486424849364,1.1022280670763047,1.0,294,2025-09-29T05:27:27.640193,0.0,0.0,0.0,0.0,0.0,0.0,0.0,1.0,0.0,0.0,289,2025-09-29T05:27:27.692679
148,7,3,2025-09-29 05:27:27.846507,0.7819413279534162,0.8601354607487579,0.07819413279534163,0.0006886802486775081,0.7819413279534162,844629.639690918,16889.932683793788,26.3,1.0,1.0,296,2025-09-29T05:27:27.736838,0.003324938917479995,0.0016389389174799951,0.001686,0.0005463129724933317,0.0004370503779946654,0.000655575566991998,3398.6221345479526,72.17702199664299,1.0926259449866633,1.0,296,2025-09-29T05:27:27.779005,0.0,0.0,0.0,0.0,0.0,0.0,0.0,1.0,0.0,0.0,291,2025-09-29T05:27:27.832649
149,7,4,2025-09-29 05:27:27.984401,0.7819413279534162,0.8601354607487579,0.07819413279534163,0.0006886802486775081,0.7819413279534162,850259.6172521826,22519.910245058385,26.3,1.0,1.0,298,2025-09-29T05:27:27.877211,0.0033084729786726674,0.0016224729786726674,0.001686,0.0005408243262242225,0.00043265946097937805,0.000648989191469067,3422.4735915851843,96.02847903387452,1.081648652448445,1.0,298,2025-09-29T05:27:27.918900,0.0,0.0,0.0,0.0,0.0,0.0,0.0,1.0,0.0,0.0,293,2025-09-29T05:27:27.973077
150,7,5,2025-09-29 05:27:28.122118,0.7819413279534162,0.8601354607487579,0.07819413279534163,0.0006886802486775081,0.7819413279534162,855889.5948134471,28149.887806322982,26.3,1.0,1.0,300,2025-09-29T05:27:28.014643,0.0032904199486097742,0.0016044199486097742,0.001686,0.0005348066495365914,0.00042784531962927313,0.0006417679794439097,3446.1977312002346,119.75261864892492,1.0696132990731828,1.0,300,2025-09-29T05:27:28.056225,0.0,0.0,0.0,0.0,0.0,0.0,0.0,1.0,0.0,0.0,294,2025-09-29T05:27:28.108263
151,7,6,2025-09-29 05:27:28.259487,0.7819413279534162,0.8601354607487579,0.07819413279534163,0.0006886802486775081,0.7819413279534162,861519.5723747116,33779.865367587576,26.3,1.0,1.0,302,2025-09-29T05:27:28.152499,0.003271165432391815,0.001585165432391815,0.001686,0.0005283884774639384,0.0004227107819711507,0.0006340661729567261,3469.785245419822,143.3401328685119,1.0567769549278767,1.0,302,2025-09-29T05:27:28.194239,0.0,0.0,0.0,0.0,0.0,0.0,0.0,1.0,0.0,0.0,296,2025-09-29T05:27:28.248243
152,7,7,2025-09-29 05:27:28.399402,0.7819413279534162,0.8601354607487579,0.07819413279534163,0.0006886802486775081,0.7819413279534162,867149.5499359762,39409.842928852166,26.3,1.0,1.0,304,2025-09-29T05:27:28.290438,0.0032546200421390338,0.0015686200421390338,0.001686,0.0005228733473796778,0.0004182986779037423,0.0006274480168556134,3493.2466460703,166.80153351898974,1.0457466947593557,1.0,304,2025-09-29T05:27:28.332254,0.0,0.0,0.0,0.0,0.0,0.0,0.0,1.0,0.0,0.0,298,2025-09-29T05:27:28.385511
153,7,8,2025-09-29 05:27:28.539749,0.7819413279534162,0.8601354607487579,0.07819413279534163,0.0006886802486775081,0.7819413279534162,872779.5274972407,45039.820490116756,26.3,1.0,1.0,306,2025-09-29T05:27:28.430087,0.0032413449539549807,0.0015553449539549807,0.001686,0.0005184483179849936,0.0004147586543879949,0.0006221379815819923,3516.606916631288,190.16180407997834,1.036896635969987,1.0,306,2025-09-29T05:27:28.471434,0.0,0.0,0.0,0.0,0.0,0.0,0.0,1.0,0.0,0.0,300,2025-09-29T05:27:28.525845
154,7,9,2025-09-29 05:27:28.676209,0.7819413279534162,0.8601354607487579,0.07819413279534163,0.0006886802486775081,0.7819413279534162,878409.5050585052,50669.798051381345,26.3,1.0,1.0,308,2025-09-29T05:27:28.570142,0.0032306745319105384,0.0015446745319105384,0.001686,0.0005148915106368461,0.0004119132085094769,0.0006178698127642154,3539.885936176781,213.44082362547113,1.029783021273692,1.0,308,2025-09-29T05:27:28.611813,0.0,0.0,0.0,0.0,0.0,0.0,0.0,1.0,0.0,0.0,302,2025-09-29T05:27:28.663892
155,7,10,2025-09-29 05:27:28.814287,0.7819413279534162,0.8601354607487579,0.07819413279534163,0.0006886802486775081,0.7819413279534162,884039.4826197698,56299.775612645935,26.3,1.0,1.0,310,2025-09-29T05:27:28.707055,0.0032220851758154754,0.0015360851758154752,0.001686,0.0005120283919384917,0.00040962271355079343,0.00061443407032619,3563.099575062955,236.65446251164514,1.0240567838769834,1.0,310,2025-09-29T05:27:28.748623,0.0,0.0,0.0,0.0,0.0,0.0,0.0,1.0,0.0,0.0,304,2025-09-29T05:27:28.802694
156,7,11,2025-09-29 05:27:28.953518,0.7819413279534162,0.8601354607487579,0.07819413279534163,0.0006886802486775081,0.7819413279534162,889669.4601810343,61929.753173910525,26.3,1.0,1.0,312,2025-09-29T05:27:28.844941,0.0032151628218024383,0.0015291628218024383,0.001686,0.0005097209406008128,0.00040777675248065027,0.0006116651287209753,3586.26053778502,259.8154252337101,1.0194418812016255,1.0,312,2025-09-29T05:27:28.886594,0.0,0.0,0.0,0.0,0.0,0.0,0.0,1.0,0.0,0.0,306,2025-09-29T05:27:28.940850
157,7,12,2025-09-29 05:27:29.093525,0.7819413279534162,0.8601354607487579,0.07819413279534163,0.0006886802486775081,0.7819413279534162,895299.4377422988,67559.73073517512,26.3,1.0,1.0,314,2025-09-29T05:27:28.984070,0.003209578589467747,0.001523578589467747,0.001686,0.0005078595298225823,0.00040628762385806587,0.0006094314357870988,3609.379017047137,282.9339044958268,1.0157190596451644,1.0,314,2025-09-29T05:27:29.025590,0.0,0.0,0.0,0.0,0.0,0.0,0.0,1.0,0.0,0.0,308,2025-09-29T05:27:29.079677
158,7,13,2025-09-29 05:27:29.232025,0.7819413279534162,0.8601354607487579,0.07819413279534163,0.0006886802486775081,0.7819413279534162,900929.4153035633,73189.70829643971,26.3,1.0,1.0,316,2025-09-29T05:27:29.124073,0.0032050703135548093,0.0015190703135548093,0.001686,0.0005063567711849363,0.0004050854169479491,0.0006076281254219236,3632.463205106459,306.0180925551488,1.0127135423698725,1.0,316,2025-09-29T05:27:29.165738,0.0,0.0,0.0,0.0,0.0,0.0,0.0,1.0,0.0,0.0,310,2025-09-29T05:27:29.218114
159,7,14,2025-09-29 05:27:29.372182,0.7819413279534162,0.8601354607487579,0.07819413279534163,0.0006886802486775081,0.7819413279534162,906559.3928648279,78819.6858577043,26.3,1.0,1.0,318,2025-09-29T05:27:29.262933,0.0032014283907929554,0.0015154283907929554,0.001686,0.0005051427969309852,0.00040411423754478816,0.0006061713563171822,3655.519696034013,329.07458348270313,1.0102855938619701,1.0,318,2025-09-29T05:27:29.304880,0.0,0.0,0.0,0.0,0.0,0.0,0.0,1.0,0.0,0.0,312,2025-09-29T05:27:29.358247
160,7,15,2025-09-29 05:27:29.512721,0.7819413279534162,0.8601354607487579,0.07819413279534163,0.0006886802486775081,0.7819413279534162,912189.3704260924,84449.66341896889,26.3,1.0,1.0,320,2025-09-29T05:27:29.402885,0.0031984848348767677,0.0015124848348767677,0.001686,0.0005041616116255893,0.00040332928930047145,0.0006049939339507071,3678.5538038143663,352.1086912630563,1.0083232232511783,1.0,320,2025-09-29T05:27:29.444674,0.0,0.0,0.0,0.0,0.0,0.0,0.0,1.0,0.0,0.0,314,2025-09-29T05:27:29.498958
161,7,16,2025-09-29 05:27:29.649903,0.7819413279534162,0.8601354607487579,0.07819413279534163,0.0006886802486775081,0.7819413279534162,917819.347987357,90079.64098023348,26.3,1.0,1.0,322,2025-09-29T05:27:29.543804,0.003196104746342762,0.0015101047463427619,0.001686,0.0005033682487809206,0.0004026945990247365,0.0006040418985371047,3701.569814983274,375.12470243196367,1.0067364975618411,1.0,322,2025-09-29T05:27:29.585634,0.0,0.0,0.0,0.0,0.0,0.0,0.0,1.0,0.0,0.0,316,2025-09-29T05:27:29.638385
162,7,17,2025-09-29 05:27:29.787938,0.7819413279534162,0.8601354607487579,0.07819413279534163,0.0006886802486775081,0.7819413279534162,923449.3255486215,95709.61854149807,26.3,1.0,1.0,324,2025-09-29T05:27:29.680339,0.003194179620450411,0.0015081796204504112,0.001686,0.0005027265401501371,0.0004021812321201097,0.0006032718481801645,3724.5711899947514,398.12607744344103,1.0054530803002741,1.0,324,2025-09-29T05:27:29.722097,0.0,0.0,0.0,0.0,0.0,0.0,0.0,1.0,0.0,0.0,318,2025-09-29T05:27:29.774108
163,7,18,2025-09-29 05:27:29.925050,0.7819413279534162,0.8601354607487579,0.07819413279534163,0.0006886802486775081,0.7819413279534162,929079.303109886,101339.59610276266,26.3,1.0,1.0,326,2025-09-29T05:27:29.818376,0.0031926220676793886,0.0015066220676793886,0.001686,0.0005022073558931295,0.0004017658847145036,0.0006026488270717554,3747.5607241971948,421.1156116458842,1.0044147117862587,1.0,326,2025-09-29T05:27:29.860060,0.0,0.0,0.0,0.0,0.0,0.0,0.0,1.0,0.0,0.0,320,2025-09-29T05:27:29.911479
164,7,19,2025-09-29 05:27:30.063223,0.7819413279534162,0.8601354607487579,0.07819413279534163,0.0006886802486775081,0.7819413279534162,934709.2806711505,106969.57366402725,26.3,1.0,1.0,328,2025-09-29T05:27:29.955572,0.003191361629153901,0.001505361629153901,0.001686,0.000501787209717967,0.0004014297677743736,0.0006021446516615604,3770.5406768330863,444.09556428177575,1.0035744194359337,1.0,328,2025-09-29T05:27:29.997209,0.0,0.0,0.0,0.0,0.0,0.0,0.0,1.0,0.0,0.0,322,2025-09-29T05:27:30.049902
165,7,20,2025-09-29 05:27:30.201205,0.7819413279534162,0.8601354607487579,0.07819413279534163,0.0006886802486775081,0.7819413279534162,940339.2582324151,112599.55122529184,26.3,1.0,1.0,330,2025-09-29T05:27:30.093860,0.003190341446976973,0.001504341446976973,0.001686,0.0005014471489923244,0.0004011577191938595,0.0006017365787907892,3793.5128746200403,467.0677620687297,1.0028942979846485,1.0,330,2025-09-29T05:27:30.135524,0.0,0.0,0.0,0.0,0.0,0.0,0.0,1.0,0.0,0.0,324,2025-09-29T05:27:30.189650
166,7,21,2025-09-29 05:27:30.342092,0.7819413279534162,0.8601354607487579,0.07819413279534163,0.0006886802486775081,0.7819413279534162,945969.2357936796,118229.52878655643,26.3,1.0,1.0,332,2025-09-29T05:27:30.231952,0.0031895156062489724,0.0015035156062489722,0.001686,0.0005011718687496574,0.00040093749499972597,0.0006014062424995888,3816.4787950572972,490.0336825059869,1.0023437374993145,1.0,332,2025-09-29T05:27:30.273777,0.0,0.0,0.0,0.0,0.0,0.0,0.0,1.0,0.0,0.0,326,2025-09-29T05:27:30.328232
167,7,22,2025-09-29 05:27:30.482277,0.7819413279534162,0.8601354607487579,0.07819413279534163,0.0006886802486775081,0.7819413279534162,951599.2133549441,123859.50634782102,26.3,1.0,1.0,334,2025-09-29T05:27:30.372872,0.0031888470076086714,0.0015028470076086714,0.001686,0.0005009490025362238,0.0004007592020289791,0.0006011388030434686,3839.4396335152564,512.9945209639459,1.0018980050724475,1.0,334,2025-09-29T05:27:30.414742,0.0,0.0,0.0,0.0,0.0,0.0,0.0,1.0,0.0,0.0,328,2025-09-29T05:27:30.468286
168,7,23,2025-09-29 05:27:30.621430,0.7819413279534162,0.8601354607487579,0.07819413279534163,0.0006886802486775081,0.7819413279534162,957229.1909162087,129489.48390908561,26.3,1.0,1.0,336,2025-09-29T05:27:30.512370,0.0031883056606660473,0.0015023056606660473,0.001686,0.0005007685535553491,0.00040061484284427927,0.0006009222642664189,3862.396357323526,535.9512447722155,1.001537107110698,1.0,336,2025-09-29T05:27:30.554373,0.0,0.0,0.0,0.0,0.0,0.0,0.0,1.0,0.0,0.0,330,2025-09-29T05:27:30.607519
169,8,0,2025-09-29 05:27:30.762253,0.7192668243461438,0.7911935067807582,0.07192668243461438,0.0006845661654209555,0.7192668243461438,962407.9120515009,0.0,24.4,1.0,1.0,338,2025-09-29T05:27:30.652621,0.0030061419568824604,0.0013201419568824604,0.001686,0.00044004731896082016,0.00035203785516865613,0.0005280567827529841,3884.0327485244247,0.0,0.8800946379216403,1.0,338,2025-09-29T05:27:30.694491,0.0,0.0,0.0,0.0,0.0,0.0,0.0,1.0,0.0,0.0,332,2025-09-29T05:27:30.748386
170,8,1,2025-09-29 05:27:30.902591,0.7192668243461438,0.7911935067807582,0.07192668243461438,0.0006845661654209555,0.7192668243461438,967586.6331867931,5178.721135292235,24.4,1.0,1.0,340,2025-09-29T05:27:30.792643,0.0030134864374614157,0.0013274864374614157,0.001686,0.0004424954791538053,0.00035399638332304424,0.0005309945749845663,3905.714949026484,21.68220050205917,0.8849909583076104,1.0,340,2025-09-29T05:27:30.834684,0.0,0.0,0.0,0.0,0.0,0.0,0.0,1.0,0.0,0.0,334,2025-09-29T05:27:30.888745
171,8,2,2025-09-29 05:27:31.042853,0.7192668243461438,0.7911935067807582,0.07192668243461438,0.0006845661654209555,0.7192668243461438,972765.3543220853,10357.44227058447,24.4,1.0,1.0,342,2025-09-29T05:27:30.933442,0.0030242406227985724,0.0013382406227985721,0.001686,0.00044608020759952406,0.00035686416607961927,0.0005352962491194289,3927.468728289087,43.435979764661916,0.892160415199048,1.0,342,2025-09-29T05:27:30.975512,0.0,0.0,0.0,0.0,0.0,0.0,0.0,1.0,0.0,0.0,336,2025-09-29T05:27:31.029922
172,8,3,2025-09-29 05:27:31.182214,0.7192668243461438,0.7911935067807582,0.07192668243461438,0.0006845661654209555,0.7192668243461438,977944.0754573775,15536.163405876705,24.4,1.0,1.0,344,2025-09-29T05:27:31.073666,0.003037839081627208,0.001351839081627208,0.001686,0.0004506130272090693,0.00036049042176725544,0.0005407356326508832,3949.315521640976,65.28277311655091,0.9012260544181385,1.0,344,2025-09-29T05:27:31.115008,0.0,0.0,0.0,0.0,0.0,0.0,0.0,1.0,0.0,0.0,338,2025-09-29T05:27:31.168350
173,8,4,2025-09-29 05:27:31.323358,0.7192668243461438,0.7911935067807582,0.07192668243461438,0.0006845661654209555,0.7192668243461438,983122.7965926697,20714.88454116894,24.4,1.0,1.0,346,2025-09-29T05:27:31.212817,0.003053835879183249,0.0013678358791832492,0.001686,0.000455945293061083,0.00036475623444886645,0.0005471343516732996,3971.2733529111433,87.24060438671846,0.9118905861221659,1.0,346,2025-09-29T05:27:31.254829,0.0,0.0,0.0,0.0,0.0,0.0,0.0,1.0,0.0,0.0,340,2025-09-29T05:27:31.309352
174,8,5,2025-09-29 05:27:31.463369,0.7192668243461438,0.7911935067807582,0.07192668243461438,0.0006845661654209555,0.7192668243461438,988301.5177279619,25893.60567646117,24.4,1.0,1.0,348,2025-09-29T05:27:31.354227,0.003071877139171327,0.001385877139171327,0.001686,0.0004619590463904424,0.00036956723711235396,0.0005543508556685308,3993.357542853667,109.32479432924207,0.9239180927808848,1.0,348,2025-09-29T05:27:31.396069,0.0,0.0,0.0,0.0,0.0,0.0,0.0,1.0,0.0,0.0,342,2025-09-29T05:27:31.449474
175,8,6,2025-09-29 05:27:31.602233,0.7192668243461438,0.7911935067807582,0.07192668243461438,0.0006845661654209555,0.7192668243461438,993480.2388632541,31072.326811753403,24.4,1.0,1.0,350,2025-09-29T05:27:31.494260,0.003091680708404947,0.001405680708404947,0.001686,0.0004685602361349823,0.0003748481889079859,0.0005622722833619788,4015.5812594938625,131.5485109694377,0.9371204722699646,1.0,350,2025-09-29T05:27:31.536043,0.0,0.0,0.0,0.0,0.0,0.0,0.0,1.0,0.0,0.0,344,2025-09-29T05:27:31.589381
176,8,7,2025-09-29 05:27:31.739582,0.7192668243461438,0.7911935067807582,0.07192668243461438,0.0006845661654209555,0.7192668243461438,998658.9599985463,36251.047947045634,24.4,1.0,1.0,352,2025-09-29T05:27:31.633217,0.0031091332111702636,0.0014231332111702636,0.001686,0.0004743777370567546,0.0003795021896454037,0.0005692532844681055,4037.937160854723,153.9044123302983,0.948755474113509,1.0,352,2025-09-29T05:27:31.674983,0.0,0.0,0.0,0.0,0.0,0.0,0.0,1.0,0.0,0.0,346,2025-09-29T05:27:31.727620
177,8,8,2025-09-29 05:27:31.879216,0.7192668243461438,0.7911935067807582,0.07192668243461438,0.0006845661654209555,0.7192668243461438,1003837.6811338385,41429.769082337865,24.4,1.0,1.0,354,2025-09-29T05:27:31.769912,0.003123428454870026,0.001437428454870026,0.001686,0.0004791428182900086,0.00038331425463200694,0.0005749713819480103,4060.401404454878,176.3686559304536,0.9582856365800171,1.0,354,2025-09-29T05:27:31.811801,0.0,0.0,0.0,0.0,0.0,0.0,0.0,1.0,0.0,0.0,348,2025-09-29T05:27:31.866017
178,8,9,2025-09-29 05:27:32.018468,0.7192668243461438,0.7911935067807582,0.07192668243461438,0.0006845661654209555,0.7192668243461438,1009016.4022691307,46608.4902176301,24.4,1.0,1.0,356,2025-09-29T05:27:31.909585,0.003135112797392663,0.0014491127973926628,0.001686,0.0004830375991308876,0.0003864300793047101,0.0005796451189570651,4082.9542492649775,198.9215007405531,0.9660751982617751,1.0,356,2025-09-29T05:27:31.951726,0.0,0.0,0.0,0.0,0.0,0.0,0.0,1.0,0.0,0.0,350,2025-09-29T05:27:32.006046
179,8,10,2025-09-29 05:27:32.158282,0.7192668243461438,0.7911935067807582,0.07192668243461438,0.0006845661654209555,0.7192668243461438,1014195.1234044229,51787.21135292233,24.4,1.0,1.0,358,2025-09-29T05:27:32.051345,0.003144646702590119,0.001458646702590119,0.001686,0.00048621556753003964,0.0003889724540240317,0.0005834586810360476,4105.579419648961,221.54667112453672,0.9724311350600792,1.0,358,2025-09-29T05:27:32.093607,0.0,0.0,0.0,0.0,0.0,0.0,0.0,1.0,0.0,0.0,352,2025-09-29T05:27:32.145678
180,8,11,2025-09-29 05:27:32.297263,0.7192668243461438,0.7911935067807582,0.07192668243461438,0.0006845661654209555,0.7192668243461438,1019373.8445397151,56965.93248821456,24.4,1.0,1.0,360,2025-09-29T05:27:32.188845,0.003152415127112219,0.0014664151271122192,0.001686,0.0004888050423707398,0.0003910440338965918,0.0005865660508448877,4128.2635428382255,244.23079431380071,0.9776100847414795,1.0,360,2025-09-29T05:27:32.230674,0.0,0.0,0.0,0.0,0.0,0.0,0.0,1.0,0.0,0.0,354,2025-09-29T05:27:32.284222
181,8,12,2025-09-29 05:27:32.437469,0.7192668243461438,0.7911935067807582,0.07192668243461438,0.0006845661654209555,0.7192668243461438,1024552.5656750073,62144.65362350679,24.4,1.0,1.0,362,2025-09-29T05:27:32.327719,0.003158737869153531,0.0014727378691535308,0.001686,0.000490912623051177,0.0003927300984409416,0.0005890951476614124,4150.995661349101,266.9629128246767,0.9818252461023538,1.0,362,2025-09-29T05:27:32.369496,0.0,0.0,0.0,0.0,0.0,0.0,0.0,1.0,0.0,0.0,355,2025-09-29T05:27:32.423575
182,8,13,2025-09-29 05:27:32.576204,0.7192668243461438,0.7911935067807582,0.07192668243461438,0.0006845661654209555,0.7192668243461438,1029731.2868102995,67323.37475879902,24.4,1.0,1.0,364,2025-09-29T05:27:32.467473,0.003163879268994797,0.001477879268994797,0.001686,0.0004926264229982657,0.00039410113839861256,0.0005911517075979188,4173.766816605296,289.7340680808719,0.9852528459965314,1.0,364,2025-09-29T05:27:32.509302,0.0,0.0,0.0,0.0,0.0,0.0,0.0,1.0,0.0,0.0,357,2025-09-29T05:27:32.563210
183,8,14,2025-09-29 05:27:32.717171,0.7192668243461438,0.7911935067807582,0.07192668243461438,0.0006845661654209555,0.7192668243461438,1034910.0079455917,72502.09589409125,24.4,1.0,1.0,366,2025-09-29T05:27:32.607312,0.0031680569573851484,0.0014820569573851484,0.001686,0.0004940189857950495,0.0003952151886360396,0.0005928227829540593,4196.5696973481445,312.5369488237202,0.9880379715900988,1.0,366,2025-09-29T05:27:32.649349,0.0,0.0,0.0,0.0,0.0,0.0,0.0,1.0,0.0,0.0,359,2025-09-29T05:27:32.703678
184,8,15,2025-09-29 05:27:32.853215,0.7192668243461438,0.7911935067807582,0.07192668243461438,0.0006845661654209555,0.7192668243461438,1040088.7290808839,77680.81702938348,24.4,1.0,1.0,368,2025-09-29T05:27:32.747478,0.003171449540419007,0.0014854495404190069,0.001686,0.0004951498468063356,0.00039611987744506854,0.0005941798161676027,4219.398345311208,335.3655967867837,0.9902996936126711,1.0,368,2025-09-29T05:27:32.788847,0.0,0.0,0.0,0.0,0.0,0.0,0.0,1.0,0.0,0.0,361,2025-09-29T05:27:32.840666
185,8,16,2025-09-29 05:27:32.992995,0.7192668243461438,0.7911935067807582,0.07192668243461438,0.0006845661654209555,0.7192668243461438,1045267.4502161761,82859.53816467572,24.4,1.0,1.0,370,2025-09-29T05:27:32.884024,0.003174203224700806,0.0014882032247008061,0.001686,0.0004960677415669353,0.0003968541932535483,0.0005952812898803224,4242.24791048403,358.21516195960623,0.9921354831338705,1.0,370,2025-09-29T05:27:32.925226,0.0,0.0,0.0,0.0,0.0,0.0,0.0,1.0,0.0,0.0,363,2025-09-29T05:27:32.979310
186,8,17,2025-09-29 05:27:33.133736,0.7192668243461438,0.7911935067807582,0.07192668243461438,0.0006845661654209555,0.7192668243461438,1050446.1713514684,88038.25929996795,24.4,1.0,1.0,372,2025-09-29T05:27:33.023750,0.0031764374505317172,0.0014904374505317172,0.001686,0.0004968124835105724,0.00039744998680845794,0.0005961749802126868,4265.1144486807525,381.08170015632874,0.9936249670211449,1.0,372,2025-09-29T05:27:33.065561,0.0,0.0,0.0,0.0,0.0,0.0,0.0,1.0,0.0,0.0,365,2025-09-29T05:27:33.119963
187,8,18,2025-09-29 05:27:33.272737,0.7192668243461438,0.7911935067807582,0.07192668243461438,0.0006845661654209555,0.7192668243461438,1055624.8924867606,93216.98043526018,24.4,1.0,1.0,374,2025-09-29T05:27:33.164166,0.0031782496320340347,0.0014922496320340347,0.001686,0.0004974165440113449,0.0003979332352090759,0.0005968998528136138,4287.994754796861,403.9620062724377,0.9948330880226897,1.0,374,2025-09-29T05:27:33.206066,0.0,0.0,0.0,0.0,0.0,0.0,0.0,1.0,0.0,0.0,367,2025-09-29T05:27:33.259730
188,8,19,2025-09-29 05:27:33.412898,0.7192668243461438,0.7911935067807582,0.07192668243461438,0.0006845661654209555,0.7192668243461438,1060803.6136220528,98395.70157055241,24.4,1.0,1.0,376,2025-09-29T05:27:33.303212,0.0031797191141151367,0.0014937191141151367,0.001686,0.0004979063713717122,0.0003983250970973698,0.0005974876456460547,4310.886225915776,426.8534773913525,0.9958127427434244,1.0,376,2025-09-29T05:27:33.344763,0.0,0.0,0.0,0.0,0.0,0.0,0.0,1.0,0.0,0.0,369,2025-09-29T05:27:33.398999
189,8,20,2025-09-29 05:27:33.551361,0.7192668243461438,0.7911935067807582,0.07192668243461438,0.0006845661654209555,0.7192668243461438,1065982.334757345,103574.42270584464,24.4,1.0,1.0,378,2025-09-29T05:27:33.443075,0.0031809104553034173,0.0014949104553034173,0.001686,0.0004983034851011391,0.00039864278808091134,0.0005979641821213669,4333.786749217496,449.7540006930731,0.9966069702022783,1.0,378,2025-09-29T05:27:33.485082,0.0,0.0,0.0,0.0,0.0,0.0,0.0,1.0,0.0,0.0,371,2025-09-29T05:27:33.538261
190,8,21,2025-09-29 05:27:33.688606,0.7192668243461438,0.7911935067807582,0.07192668243461438,0.0006845661654209555,0.7192668243461438,1071161.0558926372,108753.14384113687,24.4,1.0,1.0,380,2025-09-29T05:27:33.581601,0.003181876138156174,0.001495876138156174,0.001686,0.0004986253793853913,0.0003989003035083131,0.0005983504552624695,4356.694610388981,472.66186186455747,0.9972507587707826,1.0,380,2025-09-29T05:27:33.623480,0.0,0.0,0.0,0.0,0.0,0.0,0.0,1.0,0.0,0.0,373,2025-09-29T05:27:33.675290
191,8,22,2025-09-29 05:27:33.828811,0.7192668243461438,0.7911935067807582,0.07192668243461438,0.0006845661654209555,0.7192668243461438,1076339.7770279294,113931.8649764291,24.4,1.0,1.0,382,2025-09-29T05:27:33.719302,0.003182658798533731,0.001496658798533731,0.001686,0.0004988862661779104,0.00039910901294232834,0.0005986635194134924,4379.6084189128005,495.5756703883772,0.9977725323558206,1.0,382,2025-09-29T05:27:33.761136,0.0,0.0,0.0,0.0,0.0,0.0,0.0,1.0,0.0,0.0,375,2025-09-29T05:27:33.814907
192,8,23,2025-09-29 05:27:33.969823,0.7192668243461438,0.7911935067807582,0.07192668243461438,0.0006845661654209555,0.7192668243461438,1081518.4981632216,119110.58611172134,24.4,1.0,1.0,384,2025-09-29T05:27:33.859790,0.0031832930536116162,0.0014972930536116162,0.001686,0.0004990976845372055,0.0003992781476297644,0.0005989172214446465,4402.527047206394,518.4942986819707,0.9981953690744108,1.0,384,2025-09-29T05:27:33.901419,0.0,0.0,0.0,0.0,0.0,0.0,0.0,1.0,0.0,0.0,377,2025-09-29T05:27:33.956088
193,9,0,2025-09-29 05:27:34.110411,0.8070923621468695,0.8878015983615566,0.08070923621468695,0.0006557727906941861,0.8070923621468695,1087329.5631706791,0.0,26.4,1.0,1.0,386,2025-09-29T05:27:34.000530,0.003401594834700318,0.001715594834700318,0.001686,0.0005718649449001059,0.00045749195592008476,0.0006862379338801271,4427.029154918911,0.0,1.1437298898002117,1.0,386,2025-09-29T05:27:34.042666,0.0,0.0,0.0,0.0,0.0,0.0,0.0,1.0,0.0,0.0,379,2025-09-29T05:27:34.096517
194,9,1,2025-09-29 05:27:34.249008,0.8070923621468695,0.8878015983615566,0.08070923621468695,0.0006557727906941861,0.8070923621468695,1093140.6281781367,5811.0650074574605,26.4,1.0,1.0,388,2025-09-29T05:27:34.140736,0.0033916547312134266,0.0017056547312134266,0.001686,0.0005685515770711422,0.0004548412616569138,0.0006822618924853706,4451.4692033426845,24.440048423773113,1.1371031541422845,1.0,388,2025-09-29T05:27:34.182365,0.0,0.0,0.0,0.0,0.0,0.0,0.0,1.0,0.0,0.0,381,2025-09-29T05:27:34.236727
195,9,2,2025-09-29 05:27:34.389371,0.8070923621468695,0.8878015983615566,0.08070923621468695,0.0006557727906941861,0.8070923621468695,1098951.6931855942,11622.130014914921,26.4,1.0,1.0,390,2025-09-29T05:27:34.279670,0.0033772695856459822,0.0016912695856459822,0.001686,0.0005637565285486608,0.00045100522283892866,0.000676507834258393,4475.81320687363,48.78405195471939,1.1275130570973215,1.0,390,2025-09-29T05:27:34.321361,0.0,0.0,0.0,0.0,0.0,0.0,0.0,1.0,0.0,0.0,383,2025-09-29T05:27:34.375475
196,9,3,2025-09-29 05:27:34.526190,0.8070923621468695,0.8878015983615566,0.08070923621468695,0.0006557727906941861,0.8070923621468695,1104762.7581930517,17433.19502237238,26.4,1.0,1.0,392,2025-09-29T05:27:34.419894,0.003359398078020759,0.0016733980780207591,0.001686,0.0005577993593402531,0.0004462394874722025,0.0006693592312083037,4500.034419740408,73.00526482149711,1.1155987186805059,1.0,392,2025-09-29T05:27:34.461515,0.0,0.0,0.0,0.0,0.0,0.0,0.0,1.0,0.0,0.0,385,2025-09-29T05:27:34.514138
197,9,4,2025-09-29 05:27:34.665541,0.8070923621468695,0.8878015983615566,0.08070923621468695,0.0006557727906941861,0.8070923621468695,1110573.8232005092,23244.26002982984,26.4,1.0,1.0,394,2025-09-29T05:27:34.558468,0.003338829702369049,0.0016528297023690487,0.001686,0.0005509432341230162,0.00044075458729841304,0.0006611318809476195,4524.1120740014,97.08291908248879,1.1018864682460323,1.0,394,2025-09-29T05:27:34.600293,0.0,0.0,0.0,0.0,0.0,0.0,0.0,1.0,0.0,0.0,387,2025-09-29T05:27:34.653599
198,9,5,2025-09-29 05:27:34.802110,0.8070923621468695,0.8878015983615566,0.08070923621468695,0.0006557727906941861,0.8070923621468695,1116384.8882079667,29055.325037287297,26.4,1.0,1.0,396,2025-09-29T05:27:34.695984,0.0033162090836715364,0.0016302090836715361,0.001686,0.0005434030278905121,0.00043472242231240967,0.0006520836334686145,4548.030293053254,121.00113813434221,1.086806055781024,1.0,396,2025-09-29T05:27:34.737901,0.0,0.0,0.0,0.0,0.0,0.0,0.0,1.0,0.0,0.0,389,2025-09-29T05:27:34.790676
199,9,6,2025-09-29 05:27:34.942258,0.8070923621468695,0.8878015983615566,0.08070923621468695,0.0006557727906941861,0.8070923621468695,1122195.9532154242,34866.39004474476,26.4,1.0,1.0,398,2025-09-29T05:27:34.833054,0.0032920588610795857,0.0016060588610795855,0.001686,0.0005353529536931952,0.00042828236295455616,0.0006424235444318342,4571.777173047579,144.74801812866662,1.0707059073863903,1.0,398,2025-09-29T05:27:34.875151,0.0,0.0,0.0,0.0,0.0,0.0,0.0,1.0,0.0,0.0,391,2025-09-29T05:27:34.929279
200,9,7,2025-09-29 05:27:35.081837,0.8070923621468695,0.8878015983615566,0.08070923621468695,0.0006557727906941861,0.8070923621468695,1128007.0182228817,40677.455052202225,26.4,1.0,1.0,400,2025-09-29T05:27:34.972699,0.0032713462150210973,0.0015853462150210973,0.001686,0.0005284487383403658,0.00042275899067229265,0.0006341384860084389,4595.366065670501,168.33691075158885,1.0568974766807313,1.0,400,2025-09-29T05:27:35.014482,0.0,0.0,0.0,0.0,0.0,0.0,0.0,1.0,0.0,0.0,393,2025-09-29T05:27:35.068710
201,9,8,2025-09-29 05:27:35.220876,0.8070923621468695,0.8878015983615566,0.08070923621468695,0.0006557727906941861,0.8070923621468695,1133818.0832303392,46488.52005965969,26.4,1.0,1.0,402,2025-09-29T05:27:35.112200,0.0032547649460738324,0.0015687649460738324,0.001686,0.0005229216486912774,0.00041833731895302194,0.0006275059784295329,4618.828570481808,191.7994155628969,1.0458432973825547,1.0,402,2025-09-29T05:27:35.153698,0.0,0.0,0.0,0.0,0.0,0.0,0.0,1.0,0.0,0.0,395,2025-09-29T05:27:35.207021
202,9,9,2025-09-29 05:27:35.358399,0.8070923621468695,0.8878015983615566,0.08070923621468695,0.0006557727906941861,0.8070923621468695,1139629.1482377967,52299.58506711716,26.4,1.0,1.0,404,2025-09-29T05:27:35.251362,0.003241461331810786,0.001555461331810786,0.001686,0.0005184871106035954,0.00041478968848287633,0.0006221845327243144,4642.1897273942795,215.16057247536824,1.0369742212071906,1.0,404,2025-09-29T05:27:35.292934,0.0,0.0,0.0,0.0,0.0,0.0,0.0,1.0,0.0,0.0,397,2025-09-29T05:27:35.346142
203,9,10,2025-09-29 05:27:35.499283,0.8070923621468695,0.8878015983615566,0.08070923621468695,0.0006557727906941861,0.8070923621468695,1145440.2132452542,58110.65007457462,26.4,1.0,1.0,406,2025-09-29T05:27:35.388969,0.003230768150597291,0.001544768150597291,0.001686,0.0005149227168657636,0.0004119381734926109,0.0006179072602389163,4665.469459666175,238.44030474726407,1.0298454337315273,1.0,406,2025-09-29T05:27:35.431030,0.0,0.0,0.0,0.0,0.0,0.0,0.0,1.0,0.0,0.0,399,2025-09-29T05:27:35.485436
204,9,11,2025-09-29 05:27:35.639442,0.8070923621468695,0.8878015983615566,0.08070923621468695,0.0006557727906941861,0.8070923621468695,1151251.2782527118,63921.71508203209,26.4,1.0,1.0,408,2025-09-29T05:27:35.530150,0.003222160584849045,0.0015361605848490448,0.001686,0.0005120535282830149,0.00040964282262641197,0.0006144642339396179,4688.683672459602,261.654517540692,1.0241070565660297,1.0,408,2025-09-29T05:27:35.571236,0.0,0.0,0.0,0.0,0.0,0.0,0.0,1.0,0.0,0.0,401,2025-09-29T05:27:35.625475
205,9,12,2025-09-29 05:27:35.778096,0.8070923621468695,0.8878015983615566,0.08070923621468695,0.0006557727906941861,0.8070923621468695,1157062.3432601693,69732.78008948955,26.4,1.0,1.0,410,2025-09-29T05:27:35.669488,0.0032152236275736473,0.0015292236275736473,0.001686,0.0005097412091912158,0.0004077929673529726,0.0006116894510294589,4711.845097826994,284.8159429080841,1.0194824183824316,1.0,410,2025-09-29T05:27:35.710836,0.0,0.0,0.0,0.0,0.0,0.0,0.0,1.0,0.0,0.0,403,2025-09-29T05:27:35.764213
206,9,13,2025-09-29 05:27:35.918000,0.8070923621468695,0.8878015983615566,0.08070923621468695,0.0006557727906941861,0.8070923621468695,1162873.4082676268,75543.845096947,26.4,1.0,1.0,412,2025-09-29T05:27:35.808201,0.0032096276620949896,0.0015236276620949896,0.001686,0.0005078758873649966,0.00040630070989199725,0.0006094510648379959,4734.963950381892,307.9347954629816,1.0157517747299931,1.0,412,2025-09-29T05:27:35.849951,0.0,0.0,0.0,0.0,0.0,0.0,0.0,1.0,0.0,0.0,405,2025-09-29T05:27:35.904145
207,9,14,2025-09-29 05:27:36.056206,0.8070923621468695,0.8878015983615566,0.08070923621468695,0.0006557727906941861,0.8070923621468695,1168684.4732750843,81354.91010440445,26.4,1.0,1.0,414,2025-09-29T05:27:35.948499,0.0032051099446446514,0.0015191099446446514,0.001686,0.0005063699815482171,0.0004050959852385737,0.0006076439778578605,4758.048439860405,331.01928494149524,1.0127399630964338,1.0,414,2025-09-29T05:27:35.990303,0.0,0.0,0.0,0.0,0.0,0.0,0.0,1.0,0.0,0.0,407,2025-09-29T05:27:36.042861
208,9,15,2025-09-29 05:27:36.195875,0.8070923621468695,0.8878015983615566,0.08070923621468695,0.0006557727906941861,0.8070923621468695,1174495.5382825418,87165.9751118619,26.4,1.0,1.0,416,2025-09-29T05:27:36.086729,0.003201460414934793,0.0015154604149347928,0.001686,0.000505153471644931,0.00040412277731594477,0.0006061841659739171,4781.105174317317,354.0760193984075,1.010306943289862,1.0,416,2025-09-29T05:27:36.128463,0.0,0.0,0.0,0.0,0.0,0.0,0.0,1.0,0.0,0.0,409,2025-09-29T05:27:36.182024
209,9,16,2025-09-29 05:27:36.334629,0.8070923621468695,0.8878015983615566,0.08070923621468695,0.0006557727906941861,0.8070923621468695,1180306.6032899993,92977.04011931935,26.4,1.0,1.0,418,2025-09-29T05:27:36.226332,0.0031985107239949,0.0015125107239949,0.001686,0.0005041702413316334,0.0004033361930653067,0.00060500428959796,4804.139478950483,377.1103240315739,1.0083404826632665,1.0,418,2025-09-29T05:27:36.267926,0.0,0.0,0.0,0.0,0.0,0.0,0.0,1.0,0.0,0.0,411,2025-09-29T05:27:36.321481
210,9,17,2025-09-29 05:27:36.470556,0.8070923621468695,0.8878015983615566,0.08070923621468695,0.0006557727906941861,0.8070923621468695,1186117.6682974568,98788.1051267768,26.4,1.0,1.0,420,2025-09-29T05:27:36.365297,0.0031961256834951305,0.0015101256834951305,0.001686,0.0005033752278317102,0.0004027001822653682,0.0006040502733980522,4827.155649304312,400.12649438540274,1.0067504556634204,1.0,420,2025-09-29T05:27:36.406592,0.0,0.0,0.0,0.0,0.0,0.0,0.0,1.0,0.0,0.0,413,2025-09-29T05:27:36.458442
211,9,18,2025-09-29 05:27:36.609095,0.8070923621468695,0.8878015983615566,0.08070923621468695,0.0006557727906941861,0.8070923621468695,1191928.7333049143,104599.17013423426,26.4,1.0,1.0,422,2025-09-29T05:27:36.501065,0.0031941965579015707,0.0015081965579015707,0.001686,0.0005027321859671903,0.00040218574877375226,0.0006032786231606283,4850.15715308141,423.1279981625015,1.0054643719343805,1.0,422,2025-09-29T05:27:36.542739,0.0,0.0,0.0,0.0,0.0,0.0,0.0,1.0,0.0,0.0,415,2025-09-29T05:27:36.596869
212,9,19,2025-09-29 05:27:36.747328,0.8070923621468695,0.8878015983615566,0.08070923621468695,0.0006557727906941861,0.8070923621468695,1197739.7983123718,110410.23514169171,26.4,1.0,1.0,424,2025-09-29T05:27:36.639561,0.0031926357728317414,0.0015066357728317414,0.001686,0.0005022119242772471,0.0004017695394217977,0.0006026543091326965,4873.146791469877,446.1176365509685,1.0044238485544938,1.0,424,2025-09-29T05:27:36.680854,0.0,0.0,0.0,0.0,0.0,0.0,0.0,1.0,0.0,0.0,416,2025-09-29T05:27:36.735340
213,9,20,2025-09-29 05:27:36.884935,0.8070923621468695,0.8878015983615566,0.08070923621468695,0.0006557727906941861,0.8070923621468695,1203550.8633198293,116221.30014914916,26.4,1.0,1.0,426,2025-09-29T05:27:36.778203,0.0031913727210304906,0.0015053727210304906,0.001686,0.0005017909070101636,0.0004014327256081309,0.0006021490884121962,4896.126828421642,469.09767350273324,1.0035818140203272,1.0,426,2025-09-29T05:27:36.819547,0.0,0.0,0.0,0.0,0.0,0.0,0.0,1.0,0.0,0.0,418,2025-09-29T05:27:36.873433
214,9,21,2025-09-29 05:27:37.025297,0.8070923621468695,0.8878015983615566,0.08070923621468695,0.0006557727906941861,0.8070923621468695,1209361.9283272868,122032.36515660661,26.4,1.0,1.0,428,2025-09-29T05:27:36.915567,0.0031903504253019935,0.0015043504253019935,0.001686,0.0005014501417673311,0.0004011601134138649,0.0006017401701207974,4919.099094455413,492.06993953650374,1.002900283534662,1.0,428,2025-09-29T05:27:36.957501,0.0,0.0,0.0,0.0,0.0,0.0,0.0,1.0,0.0,0.0,420,2025-09-29T05:27:37.011512
215,9,22,2025-09-29 05:27:37.165244,0.8070923621468695,0.8878015983615566,0.08070923621468695,0.0006557727906941861,0.8070923621468695,1215172.9933347444,127843.43016406406,26.4,1.0,1.0,430,2025-09-29T05:27:37.056041,0.0031895228746957527,0.0015035228746957527,0.001686,0.0005011742915652508,0.0004009394332522007,0.000601409149878301,4942.0650701404375,515.0359152215277,1.0023485831305017,1.0,430,2025-09-29T05:27:37.098127,0.0,0.0,0.0,0.0,0.0,0.0,0.0,1.0,0.0,0.0,422,2025-09-29T05:27:37.151233
216,9,23,2025-09-29 05:27:37.304551,0.8070923621468695,0.8878015983615566,0.08070923621468695,0.0006557727906941861,0.8070923621468695,1220984.0583422019,133654.49517152153,26.4,1.0,1.0,432,2025-09-29T05:27:37.196111,0.003188852892429773,0.0015028528924297731,0.001686,0.0005009509641432578,0.0004007607713146062,0.0006011411569719092,4965.025953328001,537.9967984090922,1.0019019282865156,1.0,432,2025-09-29T05:27:37.238009,0.0,0.0,0.0,0.0,0.0,0.0,0.0,1.0,0.0,0.0,424,2025-09-29T05:27:37.290696
217,10,0,2025-09-29 05:27:37.443260,0.7277107037133393,0.8004817740846734,0.07277107037133394,0.0005486400709545001,0.7277107037133393,1226223.575408938,0.0,22.8,1.0,1.0,434,2025-09-29T05:27:37.334992,0.0028626131732316833,0.0011766131732316833,0.001686,0.0003922043910772278,0.00031376351286178223,0.00047064526929267334,4985.6231697767425,0.0,0.7844087821544555,1.0,434,2025-09-29T05:27:37.376712,0.0,0.0,0.0,0.0,0.0,0.0,0.0,1.0,0.0,0.0,426,2025-09-29T05:27:37.431141
218,10,1,2025-09-29 05:27:37.580563,0.7277107037133393,0.8004817740846734,0.07277107037133394,0.0005486400709545001,0.7277107037133393,1231463.0924756743,5239.5170667360435,22.8,1.0,1.0,436,2025-09-29T05:27:37.473886,0.002875231780217731,0.001189231780217731,0.001686,0.0003964105934059103,0.00031712847472472824,0.0004756927120870923,5006.299266053746,20.676096277003197,0.7928211868118206,1.0,436,2025-09-29T05:27:37.516088,0.0,0.0,0.0,0.0,0.0,0.0,0.0,1.0,0.0,0.0,428,2025-09-29T05:27:37.568725
219,10,2,2025-09-29 05:27:37.721649,0.7277107037133393,0.8004817740846734,0.07277107037133394,0.0005486400709545001,0.7277107037133393,1236702.6095424106,10479.034133472087,22.8,1.0,1.0,438,2025-09-29T05:27:37.611526,0.0028937041749982897,0.0012077041749982897,0.001686,0.0004025680583327632,0.0003220544466662106,0.00048308166999931585,5027.098261015443,41.47509123870155,0.8051361166655264,1.0,438,2025-09-29T05:27:37.653489,0.0,0.0,0.0,0.0,0.0,0.0,0.0,1.0,0.0,0.0,430,2025-09-29T05:27:37.707913
220,10,3,2025-09-29 05:27:37.859902,0.7277107037133393,0.8004817740846734,0.07277107037133394,0.0005486400709545001,0.7277107037133393,1241942.1266091468,15718.55120020813,22.8,1.0,1.0,440,2025-09-29T05:27:37.752000,0.0029171876495510543,0.0012311876495510541,0.001686,0.0004103958831836847,0.0003283167065469478,0.0004924750598204217,5048.0576454061775,62.43447562943568,0.8207917663673693,1.0,440,2025-09-29T05:27:37.793809,0.0,0.0,0.0,0.0,0.0,0.0,0.0,1.0,0.0,0.0,432,2025-09-29T05:27:37.846019
221,10,4,2025-09-29 05:27:37.997205,0.7277107037133393,0.8004817740846734,0.07277107037133394,0.0005486400709545001,0.7277107037133393,1247181.643675883,20958.068266944174,22.8,1.0,1.0,442,2025-09-29T05:27:37.890993,0.002945042314524102,0.0012590423145241018,0.001686,0.00041968077150803397,0.0003357446172064272,0.0005036169258096408,5069.209965670736,83.58679589399368,0.8393615430160679,1.0,442,2025-09-29T05:27:37.932736,0.0,0.0,0.0,0.0,0.0,0.0,0.0,1.0,0.0,0.0,434,2025-09-29T05:27:37.985363
222,10,5,2025-09-29 05:27:38.135573,0.7277107037133393,0.8004817740846734,0.07277107037133394,0.0005486400709545001,0.7277107037133393,1252421.1607426193,26197.585333680217,22.8,1.0,1.0,444,2025-09-29T05:27:38.027807,0.0029767788510682105,0.0012907788510682105,0.001686,0.00043025961702273683,0.0003442076936181895,0.0005163115404272842,5090.583993618559,104.96082384181699,0.8605192340454736,1.0,444,2025-09-29T05:27:38.070273,0.0,0.0,0.0,0.0,0.0,0.0,0.0,1.0,0.0,0.0,436,2025-09-29T05:27:38.122132
223,10,6,2025-09-29 05:27:38.274424,0.7277107037133393,0.8004817740846734,0.07277107037133394,0.0005486400709545001,0.7277107037133393,1257660.6778093555,31437.10240041626,22.8,1.0,1.0,446,2025-09-29T05:27:38.166238,0.0030120217909831376,0.0013260217909831374,0.001686,0.0004420072636610458,0.00035360581092883667,0.000530408716393255,5112.205606597013,126.58243682027077,0.8840145273220916,1.0,446,2025-09-29T05:27:38.208088,0.0,0.0,0.0,0.0,0.0,0.0,0.0,1.0,0.0,0.0,438,2025-09-29T05:27:38.261986
224,10,7,2025-09-29 05:27:38.413822,0.7277107037133393,0.8004817740846734,0.07277107037133394,0.0005486400709545001,0.7277107037133393,1262900.1948760918,36676.6194671523,22.8,1.0,1.0,448,2025-09-29T05:27:38.304908,0.0030434485397357477,0.0013574485397357477,0.001686,0.00045248284657858255,0.00036198627726286605,0.000542979415894299,5134.064514803239,148.44134502649783,0.904965693157165,1.0,448,2025-09-29T05:27:38.346308,0.0,0.0,0.0,0.0,0.0,0.0,0.0,1.0,0.0,0.0,440,2025-09-29T05:27:38.399854
225,10,8,2025-09-29 05:27:38.553361,0.7277107037133393,0.8004817740846734,0.07277107037133394,0.0005486400709545001,0.7277107037133393,1268139.711942828,41916.13653388833,22.8,1.0,1.0,450,2025-09-29T05:27:38.444601,0.0030694493788419124,0.0013834493788419124,0.001686,0.0004611497929473041,0.00036891983435784334,0.0005533797515367649,5156.119990645606,170.49682086886517,0.9222995858946081,1.0,450,2025-09-29T05:27:38.486336,0.0,0.0,0.0,0.0,0.0,0.0,0.0,1.0,0.0,0.0,442,2025-09-29T05:27:38.539411
226,10,9,2025-09-29 05:27:38.693986,0.7277107037133393,0.8004817740846734,0.07277107037133394,0.0005486400709545001,0.7277107037133393,1273379.2290095643,47155.65360062437,22.8,1.0,1.0,452,2025-09-29T05:27:38.584264,0.003090874695547368,0.001404874695547368,0.001686,0.000468291565182456,0.0003746332521459648,0.0005619498782189472,5178.337604870882,192.71443509414112,0.9365831303649118,1.0,452,2025-09-29T05:27:38.625932,0.0,0.0,0.0,0.0,0.0,0.0,0.0,1.0,0.0,0.0,444,2025-09-29T05:27:38.680176
227,10,10,2025-09-29 05:27:38.833961,0.7277107037133393,0.8004817740846734,0.07277107037133394,0.0005486400709545001,0.7277107037133393,1278618.7460763005,52395.170667360406,22.8,1.0,1.0,454,2025-09-29T05:27:38.724686,0.0031084721989024125,0.0014224721989024125,0.001686,0.00047415739963413753,0.00037932591970731006,0.0005689888795609651,5200.688498015496,215.06532823875517,0.9483147992682749,1.0,454,2025-09-29T05:27:38.766425,0.0,0.0,0.0,0.0,0.0,0.0,0.0,1.0,0.0,0.0,446,2025-09-29T05:27:38.820685
228,10,11,2025-09-29 05:27:38.974472,0.7277107037133393,0.8004817740846734,0.07277107037133394,0.0005486400709545001,0.7277107037133393,1283858.2631430367,57634.68773409644,22.8,1.0,1.0,456,2025-09-29T05:27:38.864768,0.003122887632821211,0.0014368876328212112,0.001686,0.00047896254427373707,0.0003831700354189897,0.0005747550531284845,5223.148641630704,237.52547185396296,0.957925088547474,1.0,456,2025-09-29T05:27:38.906462,0.0,0.0,0.0,0.0,0.0,0.0,0.0,1.0,0.0,0.0,448,2025-09-29T05:27:38.960608
229,10,12,2025-09-29 05:27:39.114203,0.7277107037133393,0.8004817740846734,0.07277107037133394,0.0005486400709545001,0.7277107037133393,1289097.780209773,62874.20480083248,22.8,1.0,1.0,458,2025-09-29T05:27:39.004996,0.003134671154864761,0.001448671154864761,0.001686,0.0004828903849549204,0.00038631230796393635,0.0005794684619459045,5245.69813674894,260.07496697219847,0.9657807699098407,1.0,458,2025-09-29T05:27:39.046253,0.0,0.0,0.0,0.0,0.0,0.0,0.0,1.0,0.0,0.0,450,2025-09-29T05:27:39.100297
230,10,13,2025-09-29 05:27:39.251075,0.7277107037133393,0.8004817740846734,0.07277107037133394,0.0005486400709545001,0.7277107037133393,1294337.2972765092,68113.72186756851,22.8,1.0,1.0,460,2025-09-29T05:27:39.144440,0.0031442866081597383,0.0014582866081597383,0.001686,0.0004860955360532461,0.00038887642884259687,0.0005833146432638953,5268.320574902142,282.6974051254006,0.9721910721064921,1.0,460,2025-09-29T05:27:39.186198,0.0,0.0,0.0,0.0,0.0,0.0,0.0,1.0,0.0,0.0,452,2025-09-29T05:27:39.239407
231,10,14,2025-09-29 05:27:39.391469,0.7277107037133393,0.8004817740846734,0.07277107037133394,0.0005486400709545001,0.7277107037133393,1299576.8143432455,73353.23893430455,22.8,1.0,1.0,462,2025-09-29T05:27:39.281750,0.0031521218903425244,0.0014661218903425247,0.001686,0.0004887072967808416,0.0003909658374246733,0.0005864487561370098,5291.002472452429,305.3793026756878,0.9774145935616829,1.0,462,2025-09-29T05:27:39.323518,0.0,0.0,0.0,0.0,0.0,0.0,0.0,1.0,0.0,0.0,454,2025-09-29T05:27:39.377492
232,10,15,2025-09-29 05:27:39.530535,0.7277107037133393,0.8004817740846734,0.07277107037133394,0.0005486400709545001,0.7277107037133393,1304816.3314099817,78592.75600104059,22.8,1.0,1.0,464,2025-09-29T05:27:39.422105,0.0031584993187153973,0.0014724993187153973,0.001686,0.0004908331062384658,0.00039266648499077265,0.000588999727486159,5313.7327799312225,328.10961015448055,0.9816662124769315,1.0,464,2025-09-29T05:27:39.464024,0.0,0.0,0.0,0.0,0.0,0.0,0.0,1.0,0.0,0.0,456,2025-09-29T05:27:39.517607
233,10,16,2025-09-29 05:27:39.668432,0.7277107037133393,0.8004817740846734,0.07277107037133394,0.0005486400709545001,0.7277107037133393,1310055.848476718,83832.27306777662,22.8,1.0,1.0,466,2025-09-29T05:27:39.561199,0.003163685365595106,0.0014776853655951061,0.001686,0.000492561788531702,0.00039404943082536165,0.0005910741462380424,5336.502462806532,350.8792930297898,0.9851235770634039,1.0,466,2025-09-29T05:27:39.602484,0.0,0.0,0.0,0.0,0.0,0.0,0.0,1.0,0.0,0.0,458,2025-09-29T05:27:39.656700
234,10,17,2025-09-29 05:27:39.807990,0.7277107037133393,0.8004817740846734,0.07277107037133394,0.0005486400709545001,0.7277107037133393,1315295.3655434542,89071.79013451266,22.8,1.0,1.0,468,2025-09-29T05:27:39.698748,0.0031678994496838744,0.0014818994496838742,0.001686,0.0004939664832279581,0.0003951731865823665,0.0005927597798735496,5359.304147336434,373.680977559692,0.987932966455916,1.0,468,2025-09-29T05:27:39.740587,0.0,0.0,0.0,0.0,0.0,0.0,0.0,1.0,0.0,0.0,460,2025-09-29T05:27:39.794105
235,10,18,2025-09-29 05:27:39.947844,0.7277107037133393,0.8004817740846734,0.07277107037133394,0.0005486400709545001,0.7277107037133393,1320534.8826101904,94311.3072012487,22.8,1.0,1.0,470,2025-09-29T05:27:39.838436,0.003171321665843111,0.0014853216658431113,0.001686,0.0004951072219477038,0.00039608577755816305,0.0005941286663372445,5382.131824008855,396.50865423211263,0.9902144438954075,1.0,470,2025-09-29T05:27:39.880110,0.0,0.0,0.0,0.0,0.0,0.0,0.0,1.0,0.0,0.0,462,2025-09-29T05:27:39.933843
236,10,19,2025-09-29 05:27:40.086350,0.7277107037133393,0.8004817740846734,0.07277107037133394,0.0005486400709545001,0.7277107037133393,1325774.3996769267,99550.82426798473,22.8,1.0,1.0,472,2025-09-29T05:27:39.978419,0.003174099453434946,0.001488099453434946,0.001686,0.000496033151144982,0.00039682652091598556,0.0005952397813739783,5404.980600885654,419.3574311089113,0.9920663022899638,1.0,472,2025-09-29T05:27:40.020193,0.0,0.0,0.0,0.0,0.0,0.0,0.0,1.0,0.0,0.0,464,2025-09-29T05:27:40.073983
237,10,20,2025-09-29 05:27:40.225601,0.7277107037133393,0.8004817740846734,0.07277107037133394,0.0005486400709545001,0.7277107037133393,1331013.916743663,104790.34133472077,22.8,1.0,1.0,474,2025-09-29T05:27:40.116970,0.003176353269058131,0.001490353269058131,0.001686,0.000496784423019377,0.00039742753841550164,0.0005961413076232524,5427.846499543427,442.22332976668434,0.993568846038754,1.0,474,2025-09-29T05:27:40.158878,0.0,0.0,0.0,0.0,0.0,0.0,0.0,1.0,0.0,0.0,466,2025-09-29T05:27:40.211737
238,10,21,2025-09-29 05:27:40.364124,0.7277107037133393,0.8004817740846734,0.07277107037133394,0.0005486400709545001,0.7277107037133393,1336253.4338103991,110029.8584014568,22.8,1.0,1.0,476,2025-09-29T05:27:40.256391,0.0031781813617674333,0.0014921813617674335,0.001686,0.0004973937872558112,0.00039791502980464897,0.0005968725447069733,5450.7262869633405,465.1031171865982,0.9947875745116221,1.0,476,2025-09-29T05:27:40.298281,0.0,0.0,0.0,0.0,0.0,0.0,0.0,1.0,0.0,0.0,468,2025-09-29T05:27:40.350179
239,10,22,2025-09-29 05:27:40.504881,0.7277107037133393,0.8004817740846734,0.07277107037133394,0.0005486400709545001,0.7277107037133393,1341492.9508771354,115269.37546819284,22.8,1.0,1.0,478,2025-09-29T05:27:40.395017,0.0031796637605033973,0.0014936637605033976,0.001686,0.0004978879201677992,0.0003983103361342394,0.000597465504201359,5473.617337498467,487.9941677217248,0.9957758403355982,1.0,478,2025-09-29T05:27:40.436575,0.0,0.0,0.0,0.0,0.0,0.0,0.0,1.0,0.0,0.0,470,2025-09-29T05:27:40.490990
240,10,23,2025-09-29 05:27:40.645767,0.7277107037133393,0.8004817740846734,0.07277107037133394,0.0005486400709545001,0.7277107037133393,1346732.4679438716,120508.89253492888,22.8,1.0,1.0,480,2025-09-29T05:27:40.535754,0.003180865582959878,0.001494865582959878,0.001686,0.0004982885276532927,0.0003986308221226342,0.0005979462331839512,5496.517519838447,510.8943500617041,0.9965770553065855,1.0,480,2025-09-29T05:27:40.577368,0.0,0.0,0.0,0.0,0.0,0.0,0.0,1.0,0.0,0.0,472,2025-09-29T05:27:40.631752
241,11,0,2025-09-29 05:27:40.781550,0.771786824002381,0.8489655064026191,0.0771786824002381,0.0006662927007004748,0.771786824002381,1352289.3330766887,0.0,25.6,1.0,1.0,482,2025-09-29T05:27:40.676612,0.0034949539024621418,0.0018089539024621418,0.001686,0.0006029846341540472,0.00048238770732323777,0.0007235815609848566,5521.696348883138,0.0,1.2059692683080943,1.0,482,2025-09-29T05:27:40.718192,0.0,0.0,0.0,0.0,0.0,0.0,0.0,1.0,0.0,0.0,474,2025-09-29T05:27:40.770086
242,11,1,2025-09-29 05:27:40.920574,0.771786824002381,0.8489655064026191,0.0771786824002381,0.0006662927007004748,0.771786824002381,1357846.1982095058,5556.865132817143,25.6,1.0,1.0,484,2025-09-29T05:27:40.811841,0.003480546052780513,0.0017945460527805132,0.001686,0.0005981820175935044,0.0004785456140748035,0.0007178184211122053,5546.785531222245,25.08918233910653,1.1963640351870088,1.0,484,2025-09-29T05:27:40.853719,0.0,0.0,0.0,0.0,0.0,0.0,0.0,1.0,0.0,0.0,476,2025-09-29T05:27:40.907728
243,11,2,2025-09-29 05:27:41.060145,0.771786824002381,0.8489655064026191,0.0771786824002381,0.0006662927007004748,0.771786824002381,1363403.0633423228,11113.730265634285,25.6,1.0,1.0,486,2025-09-29T05:27:40.950947,0.003459592066769226,0.001773592066769226,0.001686,0.000591197355589742,0.00047295788447179363,0.0007094368267076904,5571.734902061639,50.03855317850148,1.1823947111794837,1.0,486,2025-09-29T05:27:40.992861,0.0,0.0,0.0,0.0,0.0,0.0,0.0,1.0,0.0,0.0,477,2025-09-29T05:27:41.047423
244,11,3,2025-09-29 05:27:41.197073,0.771786824002381,0.8489655064026191,0.0771786824002381,0.0006662927007004748,0.771786824002381,1368959.92847514,16670.595398451427,25.6,1.0,1.0,488,2025-09-29T05:27:41.090697,0.0034335684862252707,0.0017475684862252707,0.001686,0.0005825228287417569,0.00046601826299340555,0.0006990273944901083,5596.505423830715,74.80907494757624,1.1650456574835137,1.0,488,2025-09-29T05:27:41.132650,0.0,0.0,0.0,0.0,0.0,0.0,0.0,1.0,0.0,0.0,479,2025-09-29T05:27:41.185386
245,11,4,2025-09-29 05:27:41.334633,0.771786824002381,0.8489655064026191,0.0771786824002381,0.0006662927007004748,0.771786824002381,1374516.793607957,22227.460531268567,25.6,1.0,1.0,490,2025-09-29T05:27:41.227631,0.0034036969907077002,0.0017176969907077002,0.001686,0.0005725656635692334,0.0004580525308553868,0.0006870787962830801,5621.067300315891,99.37095143275283,1.1451313271384669,1.0,490,2025-09-29T05:27:41.268952,0.0,0.0,0.0,0.0,0.0,0.0,0.0,1.0,0.0,0.0,481,2025-09-29T05:27:41.323062
246,11,5,2025-09-29 05:27:41.472163,0.771786824002381,0.8489655064026191,0.0771786824002381,0.0006662927007004748,0.771786824002381,1380073.658740774,27784.325664085707,25.6,1.0,1.0,492,2025-09-29T05:27:41.364651,0.00337097604345233,0.0016849760434523302,0.001686,0.0005616586811507767,0.00044932694492062135,0.000673990417380932,5645.398311292384,123.70196240924622,1.123317362301553,1.0,492,2025-09-29T05:27:41.406529,0.0,0.0,0.0,0.0,0.0,0.0,0.0,1.0,0.0,0.0,483,2025-09-29T05:27:41.459702
247,11,6,2025-09-29 05:27:41.615009,0.771786824002381,0.8489655064026191,0.0771786824002381,0.0006662927007004748,0.771786824002381,1385630.523873591,33341.19079690285,25.6,1.0,1.0,494,2025-09-29T05:27:41.502741,0.0033362134214169367,0.0016502134214169367,0.001686,0.0005500711404723122,0.0004400569123778498,0.0006600853685667747,5669.482381368623,147.78603248548464,1.1001422809446244,1.0,494,2025-09-29T05:27:41.544457,0.0,0.0,0.0,0.0,0.0,0.0,0.0,1.0,0.0,0.0,485,2025-09-29T05:27:41.601066
248,11,7,2025-09-29 05:27:41.752755,0.771786824002381,0.8489655064026191,0.0771786824002381,0.0006662927007004748,0.771786824002381,1391187.3890064082,38898.05592971999,25.6,1.0,1.0,496,2025-09-29T05:27:41.645402,0.0033065589449586858,0.0016205589449586858,0.001686,0.0005401863149862286,0.00043214905198898294,0.0006482235779834743,5693.339933185978,171.64358430283977,1.0803726299724572,1.0,496,2025-09-29T05:27:41.686866,0.0,0.0,0.0,0.0,0.0,0.0,0.0,1.0,0.0,0.0,487,2025-09-29T05:27:41.741165
249,11,8,2025-09-29 05:27:41.890156,0.771786824002381,0.8489655064026191,0.0771786824002381,0.0006662927007004748,0.771786824002381,1396744.2541392252,44454.92106253713,25.6,1.0,1.0,498,2025-09-29T05:27:41.783440,0.0032829299035759454,0.0015969299035759454,0.001686,0.0005323099678586485,0.0004258479742869188,0.0006387719614303781,5717.017166498828,195.32081761569003,1.0646199357172967,1.0,498,2025-09-29T05:27:41.825471,0.0,0.0,0.0,0.0,0.0,0.0,0.0,1.0,0.0,0.0,489,2025-09-29T05:27:41.877742
250,11,9,2025-09-29 05:27:42.029113,0.771786824002381,0.8489655064026191,0.0771786824002381,0.0006662927007004748,0.771786824002381,1402301.1192720423,50011.78619535427,25.6,1.0,1.0,500,2025-09-29T05:27:41.920763,0.0032640431722068446,0.0015780431722068446,0.001686,0.0005260143907356149,0.00042081151258849194,0.0006312172688827378,5740.55038336051,218.85403447737156,1.0520287814712297,1.0,500,2025-09-29T05:27:41.962211,0.0,0.0,0.0,0.0,0.0,0.0,0.0,1.0,0.0,0.0,491,2025-09-29T05:27:42.015083
251,11,10,2025-09-29 05:27:42.169045,0.771786824002381,0.8489655064026191,0.0771786824002381,0.0006662927007004748,0.771786824002381,1407857.9844048594,55568.65132817141,25.6,1.0,1.0,502,2025-09-29T05:27:42.059544,0.003248908785356097,0.001562908785356097,0.001686,0.000520969595118699,0.00041677567609495924,0.0006251635141424388,5763.968269283064,242.2719203999255,1.041939190237398,1.0,502,2025-09-29T05:27:42.100938,0.0,0.0,0.0,0.0,0.0,0.0,0.0,1.0,0.0,0.0,493,2025-09-29T05:27:42.155254
252,11,11,2025-09-29 05:27:42.307356,0.771786824002381,0.8489655064026191,0.0771786824002381,0.0006662927007004748,0.771786824002381,1413414.8495376764,61125.51646098855,25.6,1.0,1.0,504,2025-09-29T05:27:42.199351,0.003236756397494497,0.0015507563974944969,0.001686,0.0005169187991648323,0.00041353503933186587,0.0006203025589977988,5787.2935957985,265.59724691536127,1.0338375983296646,1.0,504,2025-09-29T05:27:42.240705,0.0,0.0,0.0,0.0,0.0,0.0,0.0,1.0,0.0,0.0,495,2025-09-29T05:27:42.293474
253,11,12,2025-09-29 05:27:42.444681,0.771786824002381,0.8489655064026191,0.0771786824002381,0.0006662927007004748,0.771786824002381,1418971.7146704935,66682.3815938057,25.6,1.0,1.0,506,2025-09-29T05:27:42.337864,0.0032269822640105927,0.0015409822640105927,0.001686,0.0005136607546701975,0.00041092860373615804,0.000616392905604237,5810.544507837913,288.8481589547744,1.027321509340395,1.0,506,2025-09-29T05:27:42.379913,0.0,0.0,0.0,0.0,0.0,0.0,0.0,1.0,0.0,0.0,497,2025-09-29T05:27:42.432598
254,11,13,2025-09-29 05:27:42.584395,0.771786824002381,0.8489655064026191,0.0771786824002381,0.0006662927007004748,0.771786824002381,1424528.5798033106,72239.24672662285,25.6,1.0,1.0,508,2025-09-29T05:27:42.475370,0.0032191103931811954,0.0015331103931811954,0.001686,0.0005110367977270652,0.00040882943818165213,0.0006132441572724781,5833.735508189318,312.03915930617967,1.02207359545413,1.0,508,2025-09-29T05:27:42.517197,0.0,0.0,0.0,0.0,0.0,0.0,0.0,1.0,0.0,0.0,499,2025-09-29T05:27:42.570645
255,11,14,2025-09-29 05:27:42.722329,0.771786824002381,0.8489655064026191,0.0771786824002381,0.0006662927007004748,0.771786824002381,1430085.4449361276,77796.11185944,25.6,1.0,1.0,510,2025-09-29T05:27:42.614451,0.0032127636649441,0.0015267636649441,0.001686,0.0005089212216480333,0.0004071369773184267,0.00061070546597764,5856.8782176041595,335.18186872102115,1.0178424432960667,1.0,510,2025-09-29T05:27:42.656502,0.0,0.0,0.0,0.0,0.0,0.0,0.0,1.0,0.0,0.0,501,2025-09-29T05:27:42.708346
256,11,15,2025-09-29 05:27:42.864090,0.771786824002381,0.8489655064026191,0.0771786824002381,0.0006662927007004748,0.771786824002381,1435642.3100689447,83352.97699225716,25.6,1.0,1.0,512,2025-09-29T05:27:42.752860,0.0032076420802917747,0.0015216420802917747,0.001686,0.0005072140267639249,0.00040577122141113994,0.0006086568321167099,5879.981966509319,358.2856176261803,1.0144280535278498,1.0,512,2025-09-29T05:27:42.795962,0.0,0.0,0.0,0.0,0.0,0.0,0.0,1.0,0.0,0.0,503,2025-09-29T05:27:42.850223
257,11,16,2025-09-29 05:27:43.004812,0.771786824002381,0.8489655064026191,0.0771786824002381,0.0006662927007004748,0.771786824002381,1441199.1752017618,88909.84212507431,25.6,1.0,1.0,514,2025-09-29T05:27:42.894721,0.0032035061935990657,0.0015175061935990657,0.001686,0.0005058353978663553,0.0004046683182930842,0.0006070024774396263,5903.054258827021,381.3579099438812,1.0116707957327105,1.0,514,2025-09-29T05:27:42.936687,0.0,0.0,0.0,0.0,0.0,0.0,0.0,1.0,0.0,0.0,505,2025-09-29T05:27:42.990860
258,11,17,2025-09-29 05:27:43.143223,0.771786824002381,0.8489655064026191,0.0771786824002381,0.0006662927007004748,0.771786824002381,1446756.0403345788,94466.70725789147,25.6,1.0,1.0,516,2025-09-29T05:27:43.035053,0.0032001643673885446,0.0015141643673885446,0.001686,0.0005047214557961816,0.00040377716463694526,0.0006056657469554179,5926.1011376592405,404.40478877610116,1.0094429115923629,1.0,516,2025-09-29T05:27:43.077041,0.0,0.0,0.0,0.0,0.0,0.0,0.0,1.0,0.0,0.0,507,2025-09-29T05:27:43.129366
259,11,18,2025-09-29 05:27:43.281807,0.771786824002381,0.8489655064026191,0.0771786824002381,0.0006662927007004748,0.771786824002381,1452312.905467396,100023.57239070862,25.6,1.0,1.0,518,2025-09-29T05:27:43.173817,0.0031974628836550162,0.0015114628836550162,0.001686,0.0005038209612183387,0.000403056768974671,0.0006045851534620065,5949.127474997426,427.4311261142867,1.0076419224366775,1.0,518,2025-09-29T05:27:43.214959,0.0,0.0,0.0,0.0,0.0,0.0,0.0,1.0,0.0,0.0,509,2025-09-29T05:27:43.268882
260,11,19,2025-09-29 05:27:43.420604,0.771786824002381,0.8489655064026191,0.0771786824002381,0.0006662927007004748,0.771786824002381,1457869.770600213,105580.43752352578,25.6,1.0,1.0,520,2025-09-29T05:27:43.312391,0.0031952782154064533,0.001509278215406453,0.001686,0.0005030927384688177,0.00040247419077505417,0.0006037112861625812,5972.137202164585,450.44085328144524,1.006185476937635,1.0,520,2025-09-29T05:27:43.354177,0.0,0.0,0.0,0.0,0.0,0.0,0.0,1.0,0.0,0.0,511,2025-09-29T05:27:43.406714
261,11,20,2025-09-29 05:27:43.559590,0.771786824002381,0.8489655064026191,0.0771786824002381,0.0006662927007004748,0.771786824002381,1463426.63573303,111137.30265634293,25.6,1.0,1.0,522,2025-09-29T05:27:43.450953,0.00319351094910316,0.0015075109491031599,0.001686,0.0005025036497010533,0.0004020029197608427,0.0006030043796412639,5995.13349372308,473.4371448399411,1.0050072994021066,1.0,522,2025-09-29T05:27:43.492867,0.0,0.0,0.0,0.0,0.0,0.0,0.0,1.0,0.0,0.0,513,2025-09-29T05:27:43.545911
262,11,21,2025-09-29 05:27:43.699494,0.771786824002381,0.8489655064026191,0.0771786824002381,0.0006662927007004748,0.771786824002381,1468983.500865847,116694.16778916008,25.6,1.0,1.0,524,2025-09-29T05:27:43.589816,0.0031920809804496246,0.0015060809804496246,0.001686,0.0005020269934832082,0.0004016215947865666,0.0006024323921798498,6018.118914646199,496.4225657630605,1.0040539869664162,1.0,524,2025-09-29T05:27:43.631279,0.0,0.0,0.0,0.0,0.0,0.0,0.0,1.0,0.0,0.0,515,2025-09-29T05:27:43.685488
263,11,22,2025-09-29 05:27:43.839061,0.771786824002381,0.8489655064026191,0.0771786824002381,0.0006662927007004748,0.771786824002381,1474540.3659986642,122251.03292197724,25.6,1.0,1.0,526,2025-09-29T05:27:43.729827,0.003190923700219972,0.0015049237002199719,0.001686,0.0005016412334066573,0.00040131298672532587,0.0006019694800879887,6041.095538355912,519.3991894727741,1.0032824668133147,1.0,526,2025-09-29T05:27:43.771384,0.0,0.0,0.0,0.0,0.0,0.0,0.0,1.0,0.0,0.0,517,2025-09-29T05:27:43.825196
264,11,23,2025-09-29 05:27:43.976358,0.771786824002381,0.8489655064026191,0.0771786824002381,0.0006662927007004748,0.771786824002381,1480097.2311314812,127807.8980547944,25.6,1.0,1.0,528,2025-09-29T05:27:43.869484,0.003189986955137707,0.001503986955137707,0.001686,0.0005013289850459023,0.00040106318803672183,0.0006015947820550827,6064.065041568042,542.3686926849034,1.0026579700918044,1.0,528,2025-09-29T05:27:43.912188,0.0,0.0,0.0,0.0,0.0,0.0,0.0,1.0,0.0,0.0,519,2025-09-29T05:27:43.963649
265,12,0,2025-09-29 05:27:44.120618,0.7167601847266641,0.7884362031993306,0.07167601847266641,0.0007045295517089959,0.7167601847266641,1485257.904461513,0.0,24.7,1.0,1.0,530,2025-09-29T05:27:44.010554,0.003100143695659602,0.001414143695659602,0.001686,0.00047138123188653405,0.00037710498550922724,0.0005656574782638409,6086.382983214491,0.0,0.9427624637730679,1.0,530,2025-09-29T05:27:44.052684,0.0,0.0,0.0,0.0,0.0,0.0,0.0,1.0,0.0,0.0,521,2025-09-29T05:27:44.106937
266,12,1,2025-09-29 05:27:44.259647,0.7167601847266641,0.7884362031993306,0.07167601847266641,0.0007045295517089959,0.7167601847266641,1490418.5777915448,5160.673330031982,24.7,1.0,1.0,532,2025-09-29T05:27:44.151044,0.0031034445365573995,0.0014174445365573998,0.001686,0.0004724815121857999,0.00037798520974863996,0.0005669778146229599,6108.720956356338,22.33797314184701,0.9449630243715997,1.0,532,2025-09-29T05:27:44.192925,0.0,0.0,0.0,0.0,0.0,0.0,0.0,1.0,0.0,0.0,523,2025-09-29T05:27:44.246025
267,12,2,2025-09-29 05:27:44.400152,0.7167601847266641,0.7884362031993306,0.07167601847266641,0.0007045295517089959,0.7167601847266641,1495579.2511215766,10321.346660063964,24.7,1.0,1.0,534,2025-09-29T05:27:44.290516,0.0031085305400508716,0.0014225305400508716,0.001686,0.00047417684668362385,0.0003793414773468991,0.0005690122160203486,6131.0924962512545,44.70951303676273,0.9483536933672476,1.0,534,2025-09-29T05:27:44.332386,0.0,0.0,0.0,0.0,0.0,0.0,0.0,1.0,0.0,0.0,525,2025-09-29T05:27:44.386202
268,12,3,2025-09-29 05:27:44.541302,0.7167601847266641,0.7884362031993306,0.07167601847266641,0.0007045295517089959,0.7167601847266641,1500739.9244516084,15482.019990095947,24.7,1.0,1.0,536,2025-09-29T05:27:44.430586,0.0031150813356075023,0.0014290813356075023,0.001686,0.00047636044520250073,0.00038108835616200063,0.0005716325342430008,6153.508693743358,67.1257105288666,0.9527208904050013,1.0,536,2025-09-29T05:27:44.473097,0.0,0.0,0.0,0.0,0.0,0.0,0.0,1.0,0.0,0.0,527,2025-09-29T05:27:44.527434
269,12,4,2025-09-29 05:27:44.679623,0.7167601847266641,0.7884362031993306,0.07167601847266641,0.0007045295517089959,0.7167601847266641,1505900.5977816402,20642.693320127928,24.7,1.0,1.0,538,2025-09-29T05:27:44.571777,0.003122840472398669,0.0014368404723986688,0.001686,0.0004789468241328896,0.0003831574593063117,0.0005747361889594675,6175.978685066904,89.59570185241216,0.957893648265779,1.0,538,2025-09-29T05:27:44.613456,0.0,0.0,0.0,0.0,0.0,0.0,0.0,1.0,0.0,0.0,529,2025-09-29T05:27:44.665642
270,12,5,2025-09-29 05:27:44.819252,0.7167601847266641,0.7884362031993306,0.07167601847266641,0.0007045295517089959,0.7167601847266641,1511061.271111672,25803.36665015991,24.7,1.0,1.0,540,2025-09-29T05:27:44.710122,0.003131601952563835,0.001445601952563835,0.001686,0.0004818673175212783,0.00038549385401702267,0.0005782407810255339,6198.510037745672,112.12705453117991,0.9637346350425563,1.0,540,2025-09-29T05:27:44.751892,0.0,0.0,0.0,0.0,0.0,0.0,0.0,1.0,0.0,0.0,531,2025-09-29T05:27:44.805319
271,12,6,2025-09-29 05:27:44.957352,0.7167601847266641,0.7884362031993306,0.07167601847266641,0.0007045295517089959,0.7167601847266641,1516221.9444417038,30964.039980191894,24.7,1.0,1.0,542,2025-09-29T05:27:44.849712,0.003141199845844421,0.0014551998458444209,0.001686,0.00048506661528147365,0.0003880532922251789,0.0005820799383377684,6221.109056584455,134.72607336996333,0.9701332305629472,1.0,542,2025-09-29T05:27:44.891565,0.0,0.0,0.0,0.0,0.0,0.0,0.0,1.0,0.0,0.0,533,2025-09-29T05:27:44.944588
272,12,7,2025-09-29 05:27:45.096142,0.7167601847266641,0.7884362031993306,0.07167601847266641,0.0007045295517089959,0.7167601847266641,1521382.6177717356,36124.71331022387,24.7,1.0,1.0,544,2025-09-29T05:27:44.987781,0.003149607673134106,0.0014636076731341062,0.001686,0.0004878692243780354,0.0003902953795024283,0.0005854430692536425,6243.771872534746,157.38888932025466,0.9757384487560707,1.0,544,2025-09-29T05:27:45.029238,0.0,0.0,0.0,0.0,0.0,0.0,0.0,1.0,0.0,0.0,535,2025-09-29T05:27:45.082186
273,12,8,2025-09-29 05:27:45.234682,0.7167601847266641,0.7884362031993306,0.07167601847266641,0.0007045295517089959,0.7167601847266641,1526543.2911017674,41285.38664025585,24.7,1.0,1.0,546,2025-09-29T05:27:45.126959,0.0031564536107672033,0.0014704536107672033,0.001686,0.0004901512035890678,0.0003921209628712542,0.0005881814443068813,6266.486650070222,180.1036668557302,0.9803024071781354,1.0,546,2025-09-29T05:27:45.168145,0.0,0.0,0.0,0.0,0.0,0.0,0.0,1.0,0.0,0.0,537,2025-09-29T05:27:45.220803
274,12,9,2025-09-29 05:27:45.374937,0.7167601847266641,0.7884362031993306,0.07167601847266641,0.0007045295517089959,0.7167601847266641,1531703.9644317992,46446.059970287824,24.7,1.0,1.0,548,2025-09-29T05:27:45.265090,0.0031620222866409944,0.0014760222866409944,0.001686,0.0004920074288803315,0.0003936059431042652,0.0005904089146563978,6289.243705030109,202.8607218156168,0.9840148577606628,1.0,548,2025-09-29T05:27:45.306997,0.0,0.0,0.0,0.0,0.0,0.0,0.0,1.0,0.0,0.0,538,2025-09-29T05:27:45.361078
275,12,10,2025-09-29 05:27:45.514981,0.7167601847266641,0.7884362031993306,0.07167601847266641,0.0007045295517089959,0.7167601847266641,1536864.637761831,51606.7333003198,24.7,1.0,1.0,550,2025-09-29T05:27:45.405287,0.0031665483695643196,0.0014805483695643196,0.001686,0.0004935161231881066,0.0003948128985504853,0.0005922193478257279,6312.035128909714,225.6521456952228,0.9870322463762131,1.0,550,2025-09-29T05:27:45.447443,0.0,0.0,0.0,0.0,0.0,0.0,0.0,1.0,0.0,0.0,540,2025-09-29T05:27:45.501058
276,12,11,2025-09-29 05:27:45.655554,0.7167601847266641,0.7884362031993306,0.07167601847266641,0.0007045295517089959,0.7167601847266641,1542025.3110918629,56767.406630351776,24.7,1.0,1.0,552,2025-09-29T05:27:45.545207,0.003170224668616762,0.001484224668616762,0.001686,0.0004947415562055873,0.00039579324496446985,0.0005936898674467047,6334.8544733749695,248.4714901604783,0.9894831124111744,1.0,552,2025-09-29T05:27:45.587338,0.0,0.0,0.0,0.0,0.0,0.0,0.0,1.0,0.0,0.0,542,2025-09-29T05:27:45.641634
277,12,12,2025-09-29 05:27:45.794687,0.7167601847266641,0.7884362031993306,0.07167601847266641,0.0007045295517089959,0.7167601847266641,1547185.9844218947,61928.07996038375,24.7,1.0,1.0,554,2025-09-29T05:27:45.686080,0.003173209161439128,0.0014872091614391279,0.001686,0.000495736387146376,0.00039658910971710084,0.0005948836645756512,6357.696487301254,271.31350408676195,0.9914727742927519,1.0,554,2025-09-29T05:27:45.728009,0.0,0.0,0.0,0.0,0.0,0.0,0.0,1.0,0.0,0.0,544,2025-09-29T05:27:45.781710
278,12,13,2025-09-29 05:27:45.933154,0.7167601847266641,0.7884362031993306,0.07167601847266641,0.0007045295517089959,0.7167601847266641,1552346.6577519265,67088.75329041573,24.7,1.0,1.0,556,2025-09-29T05:27:45.824944,0.00317563099927874,0.00148963099927874,0.001686,0.0004965436664262467,0.00039723493314099736,0.000595852399711496,6380.556898856826,294.173915642334,0.9930873328524931,1.0,556,2025-09-29T05:27:45.866756,0.0,0.0,0.0,0.0,0.0,0.0,0.0,1.0,0.0,0.0,546,2025-09-29T05:27:45.919246
279,12,14,2025-09-29 05:27:46.072422,0.7167601847266641,0.7884362031993306,0.07167601847266641,0.0007045295517089959,0.7167601847266641,1557507.3310819583,72249.4266204477,24.7,1.0,1.0,558,2025-09-29T05:27:45.964012,0.0031775955786546043,0.0014915955786546043,0.001686,0.0004971985262182014,0.00039775882097456113,0.0005966382314618417,6403.432235736359,317.0492525218678,0.9943970524364026,1.0,558,2025-09-29T05:27:46.005231,0.0,0.0,0.0,0.0,0.0,0.0,0.0,1.0,0.0,0.0,548,2025-09-29T05:27:46.058465
280,12,15,2025-09-29 05:27:46.209696,0.7167601847266641,0.7884362031993306,0.07167601847266641,0.0007045295517089959,0.7167601847266641,1562668.00441199,77410.09995047968,24.7,1.0,1.0,560,2025-09-29T05:27:46.102748,0.0031791887870926154,0.0014931887870926154,0.001686,0.0004977295956975384,0.00039818367655803077,0.0005972755148370461,6426.31967740051,339.93669418601957,0.9954591913950767,1.0,560,2025-09-29T05:27:46.143734,0.0,0.0,0.0,0.0,0.0,0.0,0.0,1.0,0.0,0.0,550,2025-09-29T05:27:46.195816
281,12,16,2025-09-29 05:27:46.347222,0.7167601847266641,0.7884362031993306,0.07167601847266641,0.0007045295517089959,0.7167601847266641,1567828.6777420219,82570.77328051165,24.7,1.0,1.0,562,2025-09-29T05:27:46.239612,0.0031804805333061383,0.0014944805333061385,0.001686,0.0004981601777687128,0.00039852814221497026,0.0005977922133224554,6449.216933971827,362.83395075733654,0.9963203555374256,1.0,562,2025-09-29T05:27:46.281449,0.0,0.0,0.0,0.0,0.0,0.0,0.0,1.0,0.0,0.0,552,2025-09-29T05:27:46.333350
282,12,17,2025-09-29 05:27:46.486351,0.7167601847266641,0.7884362031993306,0.07167601847266641,0.0007045295517089959,0.7167601847266641,1572989.3510720537,87731.44661054363,24.7,1.0,1.0,564,2025-09-29T05:27:46.378031,0.0031815276668627768,0.0014955276668627768,0.001686,0.0004985092222875923,0.0003988073778300738,0.0005982110667451107,6472.12214720583,385.73916399133935,0.9970184445751844,1.0,564,2025-09-29T05:27:46.420199,0.0,0.0,0.0,0.0,0.0,0.0,0.0,1.0,0.0,0.0,554,2025-09-29T05:27:46.472365
283,12,18,2025-09-29 05:27:46.626187,0.7167601847266641,0.7884362031993306,0.07167601847266641,0.0007045295517089959,0.7167601847266641,1578150.0244020855,92892.1199405756,24.7,1.0,1.0,566,2025-09-29T05:27:46.516811,0.003182376382852847,0.0014963763828528469,0.001686,0.0004987921276176155,0.00039903370209409247,0.0005985505531411387,6495.033809662179,408.65082644768927,0.997584255235231,1.0,566,2025-09-29T05:27:46.558898,0.0,0.0,0.0,0.0,0.0,0.0,0.0,1.0,0.0,0.0,556,2025-09-29T05:27:46.613084
284,12,19,2025-09-29 05:27:46.766669,0.7167601847266641,0.7884362031993306,0.07167601847266641,0.0007045295517089959,0.7167601847266641,1583310.6977321173,98052.79327060758,24.7,1.0,1.0,568,2025-09-29T05:27:46.656761,0.0031830641958646337,0.0014970641958646337,0.001686,0.0004990213986215445,0.00039921711889723564,0.0005988256783458534,6517.950698828372,431.5677156138825,0.9980427972430889,1.0,568,2025-09-29T05:27:46.698667,0.0,0.0,0.0,0.0,0.0,0.0,0.0,1.0,0.0,0.0,558,2025-09-29T05:27:46.752661
285,12,20,2025-09-29 05:27:46.905499,0.7167601847266641,0.7884362031993306,0.07167601847266641,0.0007045295517089959,0.7167601847266641,1588471.371062149,103213.46660063956,24.7,1.0,1.0,570,2025-09-29T05:27:46.797350,0.0031836215561547917,0.0014976215561547915,0.001686,0.0004992071853849305,0.0003993657483079444,0.0005990486224619166,6540.871823493616,454.48884027912635,0.9984143707698608,1.0,570,2025-09-29T05:27:46.839215,0.0,0.0,0.0,0.0,0.0,0.0,0.0,1.0,0.0,0.0,560,2025-09-29T05:27:46.893774
286,12,21,2025-09-29 05:27:47.045056,0.7167601847266641,0.7884362031993306,0.07167601847266641,0.0007045295517089959,0.7167601847266641,1593632.0443921809,108374.13993067153,24.7,1.0,1.0,572,2025-09-29T05:27:46.936344,0.003184073170098844,0.001498073170098844,0.001686,0.0004993577233662813,0.0003994861786930251,0.0005992292680395376,6563.796380136602,477.4133969221127,0.9987154467325626,1.0,572,2025-09-29T05:27:46.978419,0.0,0.0,0.0,0.0,0.0,0.0,0.0,1.0,0.0,0.0,562,2025-09-29T05:27:47.032721
287,12,22,2025-09-29 05:27:47.181369,0.7167601847266641,0.7884362031993306,0.07167601847266641,0.0007045295517089959,0.7167601847266641,1598792.7177222127,113534.81326070351,24.7,1.0,1.0,574,2025-09-29T05:27:47.075163,0.0031844390772227996,0.0014984390772227996,0.001686,0.0004994796924075998,0.0003995837539260799,0.0005993756308891198,6586.723717484567,500.34073427007735,0.9989593848151995,1.0,574,2025-09-29T05:27:47.117103,0.0,0.0,0.0,0.0,0.0,0.0,0.0,1.0,0.0,0.0,564,2025-09-29T05:27:47.169046
288,12,23,2025-09-29 05:27:47.321229,0.7167601847266641,0.7884362031993306,0.07167601847266641,0.0007045295517089959,0.7167601847266641,1603953.3910522445,118695.48659073548,24.7,1.0,1.0,576,2025-09-29T05:27:47.211771,0.0031847355275074246,0.0014987355275074246,0.001686,0.0004995785091691415,0.00039966280733531325,0.0005994942110029698,6609.653307730556,523.2703245160657,0.999157018338283,1.0,576,2025-09-29T05:27:47.253666,0.0,0.0,0.0,0.0,0.0,0.0,0.0,1.0,0.0,0.0,566,2025-09-29T05:27:47.307398
289,13,0,2025-09-29 05:27:47.459527,0.7984044377977315,0.8782448815775047,0.07984044377977316,0.0006231449270616441,0.7984044377977315,1609701.903004388,0.0,25.7,1.0,1.0,578,2025-09-29T05:27:47.351659,0.0032902573162525467,0.0016042573162525467,0.001686,0.0005347524387508489,0.00042780195100067914,0.0006417029265010187,6633.348157066567,0.0,1.0695048775016975,1.0,578,2025-09-29T05:27:47.393135,0.0,0.0,0.0,0.0,0.0,0.0,0.0,1.0,0.0,0.0,568,2025-09-29T05:27:47.447429
290,13,1,2025-09-29 05:27:47.597834,0.7984044377977315,0.8782448815775047,0.07984044377977316,0.0006231449270616441,0.7984044377977315,1615450.4149565317,5748.511952143667,25.7,1.0,1.0,580,2025-09-29T05:27:47.490163,0.003285588336309528,0.0015995883363095278,0.001686,0.000533196112103176,0.00042655688968254083,0.0006398353345238112,6657.0138516539,23.66569458733322,1.066392224206352,1.0,580,2025-09-29T05:27:47.531275,0.0,0.0,0.0,0.0,0.0,0.0,0.0,1.0,0.0,0.0,570,2025-09-29T05:27:47.583953
291,13,2,2025-09-29 05:27:47.737709,0.7984044377977315,0.8782448815775047,0.07984044377977316,0.0006231449270616441,0.7984044377977315,1621198.9269086753,11497.023904287335,25.7,1.0,1.0,582,2025-09-29T05:27:47.628586,0.003278816879755709,0.0015928168797557092,0.001686,0.0005309389599185698,0.0004247511679348558,0.0006371267519022837,6680.634364825613,47.28620775904597,1.0618779198371393,1.0,582,2025-09-29T05:27:47.669881,0.0,0.0,0.0,0.0,0.0,0.0,0.0,1.0,0.0,0.0,572,2025-09-29T05:27:47.724051
292,13,3,2025-09-29 05:27:47.875792,0.7984044377977315,0.8782448815775047,0.07984044377977316,0.0006231449270616441,0.7984044377977315,1626947.438860819,17245.535856431,25.7,1.0,1.0,584,2025-09-29T05:27:47.768660,0.003270369381087892,0.0015843693810878921,0.001686,0.0005281231270292974,0.00042249850162343793,0.0006337477524351569,6704.196899650354,70.84874258378657,1.0562462540585944,1.0,584,2025-09-29T05:27:47.809755,0.0,0.0,0.0,0.0,0.0,0.0,0.0,1.0,0.0,0.0,574,2025-09-29T05:27:47.863350
293,13,4,2025-09-29 05:27:48.014675,0.7984044377977315,0.8782448815775047,0.07984044377977316,0.0006231449270616441,0.7984044377977315,1632695.9508129626,22994.047808574665,25.7,1.0,1.0,586,2025-09-29T05:27:47.906629,0.0032605945299311887,0.0015745945299311887,0.001686,0.0005248648433103962,0.000419891874648317,0.0006298378119724754,6727.691303461431,94.34314639486308,1.0497296866207924,1.0,586,2025-09-29T05:27:47.948041,0.0,0.0,0.0,0.0,0.0,0.0,0.0,1.0,0.0,0.0,576,2025-09-29T05:27:48.000970
294,13,5,2025-09-29 05:27:48.152510,0.7984044377977315,0.8782448815775047,0.07984044377977316,0.0006231449270616441,0.7984044377977315,1638444.4627651062,28742.55976071833,25.7,1.0,1.0,588,2025-09-29T05:27:48.045081,0.003249776268221708,0.001563776268221708,0.001686,0.0005212587560739027,0.0004170070048591222,0.0006255105072886833,6751.109579067514,117.76142200094594,1.0425175121478054,1.0,588,2025-09-29T05:27:48.086826,0.0,0.0,0.0,0.0,0.0,0.0,0.0,1.0,0.0,0.0,578,2025-09-29T05:27:48.140713
295,13,6,2025-09-29 05:27:48.292733,0.7984044377977315,0.8782448815775047,0.07984044377977316,0.0006231449270616441,0.7984044377977315,1644192.9747172499,34491.071712861994,25.7,1.0,1.0,590,2025-09-29T05:27:48.182814,0.0032381450317234156,0.0015521450317234156,0.001686,0.0005173816772411385,0.0004139053417929108,0.0006208580126893662,6774.445480056405,141.097322989838,1.034763354482277,1.0,590,2025-09-29T05:27:48.224719,0.0,0.0,0.0,0.0,0.0,0.0,0.0,1.0,0.0,0.0,580,2025-09-29T05:27:48.279125
296,13,7,2025-09-29 05:27:48.433261,0.7984044377977315,0.8782448815775047,0.07984044377977316,0.0006231449270616441,0.7984044377977315,1649941.4866693935,40239.583665005666,25.7,1.0,1.0,592,2025-09-29T05:27:48.323187,0.003228099873319738,0.001542099873319738,0.001686,0.0005140332911065793,0.00041122663288526345,0.0006168399493278952,6797.704899516191,164.35674244962448,1.0280665822131583,1.0,592,2025-09-29T05:27:48.365099,0.0,0.0,0.0,0.0,0.0,0.0,0.0,1.0,0.0,0.0,582,2025-09-29T05:27:48.419265
297,13,8,2025-09-29 05:27:48.573773,0.7984044377977315,0.8782448815775047,0.07984044377977316,0.0006231449270616441,0.7984044377977315,1655689.9986215371,45988.09561714934,25.7,1.0,1.0,594,2025-09-29T05:27:48.464112,0.003220010970286345,0.0015340109702863451,0.001686,0.0005113369900954484,0.0004090695920763587,0.000613604388114538,6820.902753121029,187.5545960544619,1.0226739801908966,1.0,594,2025-09-29T05:27:48.505737,0.0,0.0,0.0,0.0,0.0,0.0,0.0,1.0,0.0,0.0,583,2025-09-29T05:27:48.504231
298,13,9,2025-09-29 05:27:48.712573,0.7984044377977315,0.8782448815775047,0.07984044377977316,0.0006231449270616441,0.7984044377977315,1661438.5105736807,51736.60756929301,25.7,1.0,1.0,596,2025-09-29T05:27:48.604559,0.0032134900720401875,0.0015274900720401875,0.001686,0.0005091633573467292,0.0004073306858773834,0.000610996028816075,6844.05098902196,210.70283195539335,1.0183267146934585,1.0,596,2025-09-29T05:27:48.646437,0.0,0.0,0.0,0.0,0.0,0.0,0.0,1.0,0.0,0.0,585,2025-09-29T05:27:48.698642
299,13,10,2025-09-29 05:27:48.850225,0.7984044377977315,0.8782448815775047,0.07984044377977316,0.0006231449270616441,0.7984044377977315,1667187.0225258244,57485.11952143668,25.7,1.0,1.0,598,2025-09-29T05:27:48.743145,0.003208228469764039,0.001522228469764039,0.001686,0.0005074094899213463,0.0004059275919370771,0.0006088913879056156,6867.159198273707,233.81104120714096,1.0148189798426928,1.0,598,2025-09-29T05:27:48.784775,0.0,0.0,0.0,0.0,0.0,0.0,0.0,1.0,0.0,0.0,587,2025-09-29T05:27:48.837062
300,13,11,2025-09-29 05:27:48.987213,0.7984044377977315,0.8782448815775047,0.07984044377977316,0.0006231449270616441,0.7984044377977315,1672935.534477968,63233.63147358035,25.7,1.0,1.0,600,2025-09-29T05:27:48.880772,0.0032039798607295987,0.0015179798607295987,0.001686,0.0005059932869098662,0.000404794629527893,0.0006071919442918395,6890.235092938764,256.88693587219825,1.0119865738197324,1.0,600,2025-09-29T05:27:48.922552,0.0,0.0,0.0,0.0,0.0,0.0,0.0,1.0,0.0,0.0,589,2025-09-29T05:27:48.975015
301,13,12,2025-09-29 05:27:49.124838,0.7984044377977315,0.8782448815775047,0.07984044377977316,0.0006231449270616441,0.7984044377977315,1678684.0464301116,68982.14342572402,25.7,1.0,1.0,602,2025-09-29T05:27:49.018421,0.0032005471815014707,0.0015145471815014707,0.001686,0.0005048490605004903,0.00040387924840039227,0.0006058188726005883,6913.2848827796815,279.93672571311515,1.0096981210009806,1.0,602,2025-09-29T05:27:49.059760,0.0,0.0,0.0,0.0,0.0,0.0,0.0,1.0,0.0,0.0,591,2025-09-29T05:27:49.112035
302,13,13,2025-09-29 05:27:49.263313,0.7984044377977315,0.8782448815775047,0.07984044377977316,0.0006231449270616441,0.7984044377977315,1684432.5583822553,74730.65537786768,25.7,1.0,1.0,604,2025-09-29T05:27:49.154949,0.0031977724024273703,0.0015117724024273703,0.001686,0.0005039241341424568,0.00040313930731396546,0.0006047089609709481,6936.313573522332,302.96541645576616,1.0078482682849135,1.0,604,2025-09-29T05:27:49.196626,0.0,0.0,0.0,0.0,0.0,0.0,0.0,1.0,0.0,0.0,593,2025-09-29T05:27:49.250667
303,13,14,2025-09-29 05:27:49.402746,0.7984044377977315,0.8782448815775047,0.07984044377977316,0.0006231449270616441,0.7984044377977315,1690181.070334399,80479.16733001133,25.7,1.0,1.0,606,2025-09-29T05:27:49.293748,0.003195528558365644,0.001509528558365644,0.001686,0.0005031761861218813,0.00040254094889750506,0.0006038114233462576,6959.325203991548,325.9770469249814,1.0063523722437624,1.0,606,2025-09-29T05:27:49.335421,0.0,0.0,0.0,0.0,0.0,0.0,0.0,1.0,0.0,0.0,595,2025-09-29T05:27:49.389616
304,13,15,2025-09-29 05:27:49.541940,0.7984044377977315,0.8782448815775047,0.07984044377977316,0.0006231449270616441,0.7984044377977315,1695929.5822865425,86227.67928215499,25.7,1.0,1.0,608,2025-09-29T05:27:49.433350,0.0031937134862691998,0.0015077134862691998,0.001686,0.0005025711620897332,0.0004020569296717866,0.0006030853945076798,6982.323035288296,348.9748782217289,1.0051423241794661,1.0,608,2025-09-29T05:27:49.475513,0.0,0.0,0.0,0.0,0.0,0.0,0.0,1.0,0.0,0.0,597,2025-09-29T05:27:49.529152
305,13,16,2025-09-29 05:27:49.680318,0.7984044377977315,0.8782448815775047,0.07984044377977316,0.0006231449270616441,0.7984044377977315,1701678.0942386861,91976.19123429865,25.7,1.0,1.0,610,2025-09-29T05:27:49.572985,0.003192244877845754,0.0015062448778457539,0.001686,0.0005020816259485846,0.0004016653007588677,0.0006024979511383015,7005.309702130366,371.9615450637991,1.004163251897169,1.0,610,2025-09-29T05:27:49.615010,0.0,0.0,0.0,0.0,0.0,0.0,0.0,1.0,0.0,0.0,598,2025-09-29T05:27:49.667489
306,13,17,2025-09-29 05:27:49.818483,0.7984044377977315,0.8782448815775047,0.07984044377977316,0.0006231449270616441,0.7984044377977315,1707426.6061908298,97724.7031864423,25.7,1.0,1.0,612,2025-09-29T05:27:49.710924,0.0031910563537284106,0.0015050563537284106,0.001686,0.0005016854512428035,0.00040134836099424285,0.0006020225414913642,7028.287334202585,394.93917713601917,1.003370902485607,1.0,612,2025-09-29T05:27:49.752884,0.0,0.0,0.0,0.0,0.0,0.0,0.0,1.0,0.0,0.0,600,2025-09-29T05:27:49.806317
307,13,18,2025-09-29 05:27:49.958811,0.7984044377977315,0.8782448815775047,0.07984044377977316,0.0006231449270616441,0.7984044377977315,1713175.1181429734,103473.21513858596,25.7,1.0,1.0,614,2025-09-29T05:27:49.850349,0.0031900943366981404,0.0015040943366981404,0.001686,0.0005013647788993801,0.0004010918231195041,0.0006016377346792562,7051.25765364298,417.90949657641437,1.00272955779876,1.0,614,2025-09-29T05:27:49.892877,0.0,0.0,0.0,0.0,0.0,0.0,0.0,1.0,0.0,0.0,602,2025-09-29T05:27:49.945104
308,13,19,2025-09-29 05:27:50.097504,0.7984044377977315,0.8782448815775047,0.07984044377977316,0.0006231449270616441,0.7984044377977315,1718923.630095117,109221.72709072962,25.7,1.0,1.0,616,2025-09-29T05:27:49.988011,0.003189315553682897,0.001503315553682897,0.001686,0.0005011051845609656,0.00040088414764877255,0.0006013262214731587,7074.222053478481,440.8738964119161,1.0022103691219313,1.0,616,2025-09-29T05:27:50.029212,0.0,0.0,0.0,0.0,0.0,0.0,0.0,1.0,0.0,0.0,604,2025-09-29T05:27:50.083692
309,13,20,2025-09-29 05:27:50.234514,0.7984044377977315,0.8782448815775047,0.07984044377977316,0.0006231449270616441,0.7984044377977315,1724672.1420472607,114970.23904287328,25.7,1.0,1.0,618,2025-09-29T05:27:50.127935,0.00318868503504142,0.00150268503504142,0.001686,0.0005008950116804733,0.0004007160093443787,0.000601074014016568,7097.181660812291,463.83350374572615,1.0017900233609465,1.0,618,2025-09-29T05:27:50.169704,0.0,0.0,0.0,0.0,0.0,0.0,0.0,1.0,0.0,0.0,606,2025-09-29T05:27:50.222677
310,13,21,2025-09-29 05:27:50.374898,0.7984044377977315,0.8782448815775047,0.07984044377977316,0.0006231449270616441,0.7984044377977315,1730420.6539994043,120718.75099501693,25.7,1.0,1.0,620,2025-09-29T05:27:50.264964,0.0031881745088030017,0.0015021745088030017,0.001686,0.0005007248362676672,0.0004005798690141338,0.0006008698035212006,7120.13738777941,486.7892307128451,1.0014496725353343,1.0,620,2025-09-29T05:27:50.306828,0.0,0.0,0.0,0.0,0.0,0.0,0.0,1.0,0.0,0.0,608,2025-09-29T05:27:50.361134
311,13,22,2025-09-29 05:27:50.513794,0.7984044377977315,0.8782448815775047,0.07984044377977316,0.0006231449270616441,0.7984044377977315,1736169.165951548,126467.26294716059,25.7,1.0,1.0,622,2025-09-29T05:27:50.405445,0.0031877611096983467,0.0015017611096983467,0.001686,0.0005005870365661155,0.00040046962925289244,0.0006007044438793386,7143.089972672441,509.74181560587533,1.001174073132231,1.0,622,2025-09-29T05:27:50.447402,0.0,0.0,0.0,0.0,0.0,0.0,0.0,1.0,0.0,0.0,610,2025-09-29T05:27:50.501480
312,13,23,2025-09-29 05:27:50.651237,0.7984044377977315,0.8782448815775047,0.07984044377977316,0.0006231449270616441,0.7984044377977315,1741917.6779036915,132215.77489930426,25.7,1.0,1.0,624,2025-09-29T05:27:50.544439,0.0031874263398223835,0.0015014263398223835,0.001686,0.0005004754466074612,0.00040038035728596897,0.0006005705359289534,7166.040013156406,532.6918560898398,1.0009508932149223,1.0,624,2025-09-29T05:27:50.586119,0.0,0.0,0.0,0.0,0.0,0.0,0.0,1.0,0.0,0.0,612,2025-09-29T05:27:50.637482
313,14,0,2025-09-29 05:27:50.791829,0.6746376793020707,0.7421014472322779,0.06746376793020707,0.0007643407043665263,0.6746376793020707,1746775.0691946663,0.0,24.4,1.0,1.0,626,2025-09-29T05:27:50.683593,0.003060365786469122,0.0013743657864691218,0.001686,0.00045812192882304064,0.00036649754305843256,0.0005497463145876487,7188.069022633572,0.0,0.9162438576460812,1.0,626,2025-09-29T05:27:50.724915,0.0,0.0,0.0,0.0,0.0,0.0,0.0,1.0,0.0,0.0,614,2025-09-29T05:27:50.777941
314,14,1,2025-09-29 05:27:50.930985,0.6746376793020707,0.7421014472322779,0.06746376793020707,0.0007643407043665263,0.6746376793020707,1751632.4604856411,4857.39129097491,24.4,1.0,1.0,628,2025-09-29T05:27:50.822329,0.003065614106985119,0.001379614106985119,0.001686,0.00045987136899503964,0.0003678970951960317,0.0005518456427940475,7210.130806308573,22.06178367500082,0.9197427379900791,1.0,628,2025-09-29T05:27:50.864085,0.0,0.0,0.0,0.0,0.0,0.0,0.0,1.0,0.0,0.0,616,2025-09-29T05:27:50.917714
315,14,2,2025-09-29 05:27:51.071144,0.6746376793020707,0.7421014472322779,0.06746376793020707,0.0007643407043665263,0.6746376793020707,1756489.851776616,9714.78258194982,24.4,1.0,1.0,630,2025-09-29T05:27:50.961319,0.003073268797639354,0.001387268797639354,0.001686,0.00046242293254645134,0.0003699383460371611,0.0005549075190557416,7232.2435822912685,44.1745596576968,0.9248458650929026,1.0,630,2025-09-29T05:27:51.003334,0.0,0.0,0.0,0.0,0.0,0.0,0.0,1.0,0.0,0.0,618,2025-09-29T05:27:51.057283
316,14,3,2025-09-29 05:27:51.211422,0.6746376793020707,0.7421014472322779,0.06746376793020707,0.0007643407043665263,0.6746376793020707,1761347.2430675908,14572.173872924728,24.4,1.0,1.0,632,2025-09-29T05:27:51.102568,0.0030829126410502716,0.0013969126410502716,0.001686,0.00046563754701675717,0.00037251003761340577,0.0005587650564201086,7254.422380336254,66.35335770268158,0.931275094033514,1.0,632,2025-09-29T05:27:51.144298,0.0,0.0,0.0,0.0,0.0,0.0,0.0,1.0,0.0,0.0,620,2025-09-29T05:27:51.198304
317,14,4,2025-09-29 05:27:51.350220,0.6746376793020707,0.7421014472322779,0.06746376793020707,0.0007643407043665263,0.6746376793020707,1766204.6343585656,19429.56516389964,24.4,1.0,1.0,634,2025-09-29T05:27:51.242065,0.00309421330370726,0.00140821330370726,0.001686,0.00046940443456908664,0.00037552354765526934,0.000563285321482904,7276.679694141046,88.61067150747344,0.9388088691381732,1.0,634,2025-09-29T05:27:51.283345,0.0,0.0,0.0,0.0,0.0,0.0,0.0,1.0,0.0,0.0,622,2025-09-29T05:27:51.336960
318,14,5,2025-09-29 05:27:51.488225,0.6746376793020707,0.7421014472322779,0.06746376793020707,0.0007643407043665263,0.6746376793020707,1771062.0256495404,24286.95645487455,24.4,1.0,1.0,636,2025-09-29T05:27:51.380916,0.0031069048513047417,0.0014209048513047415,0.001686,0.00047363495043491383,0.0003789079603479311,0.0005683619405218966,7299.02599035438,110.95696772080734,0.9472699008698275,1.0,636,2025-09-29T05:27:51.422564,0.0,0.0,0.0,0.0,0.0,0.0,0.0,1.0,0.0,0.0,624,2025-09-29T05:27:51.474482
319,14,6,2025-09-29 05:27:51.628647,0.6746376793020707,0.7421014472322779,0.06746376793020707,0.0007643407043665263,0.6746376793020707,1775919.4169405152,29144.347745849464,24.4,1.0,1.0,638,2025-09-29T05:27:51.518963,0.0031207737147992084,0.0014347737147992084,0.001686,0.00047825790493306945,0.00038260632394645556,0.0005739094859196833,7321.470109170323,133.40108653674997,0.9565158098661388,1.0,638,2025-09-29T05:27:51.560765,0.0,0.0,0.0,0.0,0.0,0.0,0.0,1.0,0.0,0.0,626,2025-09-29T05:27:51.614788
320,14,7,2025-09-29 05:27:51.767826,0.6746376793020707,0.7421014472322779,0.06746376793020707,0.0007643407043665263,0.6746376793020707,1780776.80823149,34001.73903682437,24.4,1.0,1.0,640,2025-09-29T05:27:51.659276,0.0031329445979658747,0.0014469445979658747,0.001686,0.0004823148659886249,0.00038585189279089995,0.0005787778391863499,7344.006509578395,155.93748694482267,0.9646297319772495,1.0,640,2025-09-29T05:27:51.701032,0.0,0.0,0.0,0.0,0.0,0.0,0.0,1.0,0.0,0.0,628,2025-09-29T05:27:51.754911
321,14,8,2025-09-29 05:27:51.908246,0.6746376793020707,0.7421014472322779,0.06746376793020707,0.0007643407043665263,0.6746376793020707,1785634.1995224648,38859.13032779928,24.4,1.0,1.0,642,2025-09-29T05:27:51.798400,0.0031428786550822436,0.0014568786550822437,0.001686,0.0004856262183607479,0.00038850097468859834,0.0005827514620328975,7366.618265209977,178.54924257640434,0.9712524367214957,1.0,642,2025-09-29T05:27:51.840035,0.0,0.0,0.0,0.0,0.0,0.0,0.0,1.0,0.0,0.0,630,2025-09-29T05:27:51.894344
322,14,9,2025-09-29 05:27:52.047587,0.6746376793020707,0.7421014472322779,0.06746376793020707,0.0007643407043665263,0.6746376793020707,1790491.5908134396,43716.52161877418,24.4,1.0,1.0,644,2025-09-29T05:27:51.938930,0.0031509752156218614,0.0014649752156218614,0.001686,0.0004883250718739538,0.00039066005749916307,0.0005859900862487446,7389.291459858707,201.22243722513414,0.9766501437479074,1.0,644,2025-09-29T05:27:51.980941,0.0,0.0,0.0,0.0,0.0,0.0,0.0,1.0,0.0,0.0,632,2025-09-29T05:27:52.035276
323,14,10,2025-09-29 05:27:52.186106,0.6746376793020707,0.7421014472322779,0.06746376793020707,0.0007643407043665263,0.6746376793020707,1795348.9821044144,48573.91290974909,24.4,1.0,1.0,646,2025-09-29T05:27:52.078303,0.003157566402678344,0.001471566402678344,0.001686,0.0004905221342261147,0.00039241770738089176,0.0005886265610713376,7412.014684971112,223.9456623375388,0.9810442684522294,1.0,646,2025-09-29T05:27:52.120353,0.0,0.0,0.0,0.0,0.0,0.0,0.0,1.0,0.0,0.0,634,2025-09-29T05:27:52.173213
324,14,11,2025-09-29 05:27:52.325880,0.6746376793020707,0.7421014472322779,0.06746376793020707,0.0007643407043665263,0.6746376793020707,1800206.3733953892,53431.30420072399,24.4,1.0,1.0,648,2025-09-29T05:27:52.216540,0.0031629269965591238,0.0014769269965591238,0.001686,0.0004923089988530413,0.00039384719908243306,0.0005907707986236495,7434.778609375715,246.70958674214162,0.9846179977060825,1.0,648,2025-09-29T05:27:52.258311,0.0,0.0,0.0,0.0,0.0,0.0,0.0,1.0,0.0,0.0,636,2025-09-29T05:27:52.311987
325,14,12,2025-09-29 05:27:52.462746,0.6746376793020707,0.7421014472322779,0.06746376793020707,0.0007643407043665263,0.6746376793020707,1805063.764686364,58288.6954916989,24.4,1.0,1.0,650,2025-09-29T05:27:52.356141,0.003167283388914486,0.001481283388914486,0.001686,0.000493761129638162,0.0003950089037105296,0.0005925133555657944,7457.575615222481,269.50659258890755,0.9875222592763239,1.0,650,2025-09-29T05:27:52.397982,0.0,0.0,0.0,0.0,0.0,0.0,0.0,1.0,0.0,0.0,638,2025-09-29T05:27:52.449822
326,14,13,2025-09-29 05:27:52.600529,0.6746376793020707,0.7421014472322779,0.06746376793020707,0.0007643407043665263,0.6746376793020707,1809921.1559773388,63146.0867826738,24.4,1.0,1.0,652,2025-09-29T05:27:52.493309,0.0031708214844792465,0.0014848214844792463,0.001686,0.0004949404948264154,0.0003959523958611324,0.0005939285937916985,7480.399492738806,292.3304701052323,0.9898809896528309,1.0,652,2025-09-29T05:27:52.535541,0.0,0.0,0.0,0.0,0.0,0.0,0.0,1.0,0.0,0.0,640,2025-09-29T05:27:52.589011
327,14,14,2025-09-29 05:27:52.739469,0.6746376793020707,0.7421014472322779,0.06746376793020707,0.0007643407043665263,0.6746376793020707,1814778.5472683136,68003.47807364872,24.4,1.0,1.0,654,2025-09-29T05:27:52.630592,0.0031736935358539975,0.0014876935358539972,0.001686,0.0004958978452846657,0.00039671827622773264,0.0005950774143415989,7503.245186102948,315.1761634693747,0.9917956905693314,1.0,654,2025-09-29T05:27:52.672098,0.0,0.0,0.0,0.0,0.0,0.0,0.0,1.0,0.0,0.0,642,2025-09-29T05:27:52.725554
328,14,15,2025-09-29 05:27:52.879899,0.6746376793020707,0.7421014472322779,0.06746376793020707,0.0007643407043665263,0.6746376793020707,1819635.9385592884,72860.86936462364,24.4,1.0,1.0,656,2025-09-29T05:27:52.769768,0.003176023969306456,0.0014900239693064559,0.001686,0.0004966746564354853,0.00039733972514838825,0.0005960095877225823,7526.108583042702,338.039560409129,0.9933493128709705,1.0,656,2025-09-29T05:27:52.811515,0.0,0.0,0.0,0.0,0.0,0.0,0.0,1.0,0.0,0.0,644,2025-09-29T05:27:52.865948
329,14,16,2025-09-29 05:27:53.021030,0.6746376793020707,0.7421014472322779,0.06746376793020707,0.0007643407043665263,0.6746376793020707,1824493.3298502632,77718.26065559855,24.4,1.0,1.0,658,2025-09-29T05:27:52.910823,0.003177914296183329,0.001491914296183329,0.001686,0.000497304765394443,0.0003978438123155544,0.0005967657184733316,7548.986341394924,360.91731876135105,0.994609530788886,1.0,658,2025-09-29T05:27:52.952789,0.0,0.0,0.0,0.0,0.0,0.0,0.0,1.0,0.0,0.0,646,2025-09-29T05:27:53.006983
330,14,17,2025-09-29 05:27:53.161475,0.6746376793020707,0.7421014472322779,0.06746376793020707,0.0007643407043665263,0.6746376793020707,1829350.721141238,82575.65194657347,24.4,1.0,1.0,660,2025-09-29T05:27:53.051743,0.003179447218793338,0.0014934472187933378,0.001686,0.0004978157395977793,0.00039825259167822343,0.0005973788875173351,7571.875746627329,383.80672399375607,0.9956314791955584,1.0,660,2025-09-29T05:27:53.093144,0.0,0.0,0.0,0.0,0.0,0.0,0.0,1.0,0.0,0.0,648,2025-09-29T05:27:53.147576
331,14,18,2025-09-29 05:27:53.301230,0.6746376793020707,0.7421014472322779,0.06746376793020707,0.0007643407043665263,0.6746376793020707,1834208.1124322128,87433.0432375484,24.4,1.0,1.0,662,2025-09-29T05:27:53.191856,0.003180690040628689,0.0014946900406286891,0.001686,0.0004982300135428964,0.00039858401083431717,0.0005978760162514756,7594.774595117632,406.70557248405885,0.9964600270857926,1.0,662,2025-09-29T05:27:53.233701,0.0,0.0,0.0,0.0,0.0,0.0,0.0,1.0,0.0,0.0,650,2025-09-29T05:27:53.287350
332,14,19,2025-09-29 05:27:53.441808,0.6746376793020707,0.7421014472322779,0.06746376793020707,0.0007643407043665263,0.6746376793020707,1839065.5037231876,92290.43452852331,24.4,1.0,1.0,664,2025-09-29T05:27:53.331904,0.003181697484436425,0.0014956974844364248,0.001686,0.000498565828145475,0.00039885266251638,0.00059827899377457,7617.681098744149,429.6120761105748,0.9971316562909498,1.0,664,2025-09-29T05:27:53.373708,0.0,0.0,0.0,0.0,0.0,0.0,0.0,1.0,0.0,0.0,652,2025-09-29T05:27:53.427965
333,14,20,2025-09-29 05:27:53.580648,0.6746376793020707,0.7421014472322779,0.06746376793020707,0.0007643407043665263,0.6746376793020707,1843922.8950141624,97147.82581949823,24.4,1.0,1.0,666,2025-09-29T05:27:53.472560,0.003182514011664177,0.001496514011664177,0.001686,0.0004988380038880591,0.00039907040311044727,0.0005986056046656708,7640.59380703435,452.52478440077687,0.9976760077761181,1.0,666,2025-09-29T05:27:53.514121,0.0,0.0,0.0,0.0,0.0,0.0,0.0,1.0,0.0,0.0,654,2025-09-29T05:27:53.567791
334,14,21,2025-09-29 05:27:53.719813,0.6746376793020707,0.7421014472322779,0.06746376793020707,0.0007643407043665263,0.6746376793020707,1848780.2863051372,102005.21711047315,24.4,1.0,1.0,668,2025-09-29T05:27:53.611111,0.0031831757254690836,0.0014971757254690836,0.001686,0.0004990585751563612,0.00039924686012508896,0.0005988702901876334,7663.511543730282,475.4425210967094,0.9981171503127222,1.0,668,2025-09-29T05:27:53.652704,0.0,0.0,0.0,0.0,0.0,0.0,0.0,1.0,0.0,0.0,656,2025-09-29T05:27:53.705929
335,14,22,2025-09-29 05:27:53.858604,0.6746376793020707,0.7421014472322779,0.06746376793020707,0.0007643407043665263,0.6746376793020707,1853637.677596112,106862.60840144807,24.4,1.0,1.0,670,2025-09-29T05:27:53.750620,0.003183711928128213,0.0014977119281282128,0.001686,0.0004992373093760709,0.00039938984750085676,0.0005990847712512851,7686.433355160003,498.3643325264306,0.9984746187521415,1.0,670,2025-09-29T05:27:53.792277,0.0,0.0,0.0,0.0,0.0,0.0,0.0,1.0,0.0,0.0,658,2025-09-29T05:27:53.846455
336,14,23,2025-09-29 05:27:53.998428,0.6746376793020707,0.7421014472322779,0.06746376793020707,0.0007643407043665263,0.6746376793020707,1858495.0688870868,111719.99969242299,24.4,1.0,1.0,672,2025-09-29T05:27:53.889610,0.003184146393051714,0.0014981463930517143,0.001686,0.0004993821310172381,0.00039950570481379053,0.0005992585572206857,7709.358468256399,521.2894456228262,0.9987642620344761,1.0,672,2025-09-29T05:27:53.931144,0.0,0.0,0.0,0.0,0.0,0.0,0.0,1.0,0.0,0.0,659,2025-09-29T05:27:53.984524
337,15,0,2025-09-29 05:27:54.137790,0.7838946695989415,0.8622841365588357,0.07838946695989416,0.000645403900606746,0.7838946695989415,1864139.110508199,0.0,25.6,1.0,1.0,674,2025-09-29T05:27:54.028871,0.0033116670717017564,0.0016256670717017566,0.001686,0.0005418890239005855,0.00043351121912046844,0.0006502668286807027,7733.208429340976,0.0,1.0837780478011712,1.0,674,2025-09-29T05:27:54.070221,0.0,0.0,0.0,0.0,0.0,0.0,0.0,1.0,0.0,0.0,661,2025-09-29T05:27:54.124206
338,15,1,2025-09-29 05:27:54.276245,0.7838946695989415,0.8622841365588357,0.07838946695989416,0.000645403900606746,0.7838946695989415,1869783.1521293113,5644.041621112378,25.6,1.0,1.0,676,2025-09-29T05:27:54.167967,0.0033060471490302425,0.0016200471490302423,0.001686,0.0005400157163434141,0.0004320125730747313,0.0006480188596120969,7757.023370515137,23.81494117416054,1.080031432686828,1.0,676,2025-09-29T05:27:54.209347,0.0,0.0,0.0,0.0,0.0,0.0,0.0,1.0,0.0,0.0,663,2025-09-29T05:27:54.262977
339,15,2,2025-09-29 05:27:54.415857,0.7838946695989415,0.8622841365588357,0.07838946695989416,0.000645403900606746,0.7838946695989415,1875427.1937504236,11288.083242224757,25.6,1.0,1.0,678,2025-09-29T05:27:54.306861,0.0032978660686878306,0.0016118660686878306,0.001686,0.0005372886895626102,0.00042983095165008813,0.0006447464274751322,7780.783757657945,47.57532831696834,1.0745773791252202,1.0,678,2025-09-29T05:27:54.348551,0.0,0.0,0.0,0.0,0.0,0.0,0.0,1.0,0.0,0.0,665,2025-09-29T05:27:54.402749
340,15,3,2025-09-29 05:27:54.555432,0.7838946695989415,0.8622841365588357,0.07838946695989416,0.000645403900606746,0.7838946695989415,1881071.2353715359,16932.124863337136,25.6,1.0,1.0,680,2025-09-29T05:27:54.446097,0.0032876495920471883,0.0016016495920471883,0.001686,0.0005338831973490627,0.0004271065578792502,0.0006406598368188753,7804.474036070765,71.26560672978825,1.0677663946981255,1.0,680,2025-09-29T05:27:54.487809,0.0,0.0,0.0,0.0,0.0,0.0,0.0,1.0,0.0,0.0,667,2025-09-29T05:27:54.541616
341,15,4,2025-09-29 05:27:54.693339,0.7838946695989415,0.8622841365588357,0.07838946695989416,0.000645403900606746,0.7838946695989415,1886715.2769926481,22576.166484449517,25.6,1.0,1.0,682,2025-09-29T05:27:54.585847,0.003275828356184388,0.0015898283561843881,0.001686,0.000529942785394796,0.0004239542283158368,0.0006359313424737551,7828.081915519594,94.87348617861744,1.059885570789592,1.0,682,2025-09-29T05:27:54.628101,0.0,0.0,0.0,0.0,0.0,0.0,0.0,1.0,0.0,0.0,669,2025-09-29T05:27:54.680939
342,15,5,2025-09-29 05:27:54.831705,0.7838946695989415,0.8622841365588357,0.07838946695989416,0.000645403900606746,0.7838946695989415,1892359.3186137604,28220.2081055619,25.6,1.0,1.0,684,2025-09-29T05:27:54.723948,0.003262753317714443,0.001576753317714443,0.001686,0.0005255844392381476,0.00042046755139051815,0.0006307013270857772,7851.597769544221,118.38934020324449,1.0511688784762954,1.0,684,2025-09-29T05:27:54.765761,0.0,0.0,0.0,0.0,0.0,0.0,0.0,1.0,0.0,0.0,671,2025-09-29T05:27:54.818580
343,15,6,2025-09-29 05:27:54.971498,0.7838946695989415,0.8622841365588357,0.07838946695989416,0.000645403900606746,0.7838946695989415,1898003.3602348727,33864.24972667428,25.6,1.0,1.0,686,2025-09-29T05:27:54.862450,0.003248709321400867,0.001562709321400867,0.001686,0.0005209031071336224,0.0004167224857068979,0.0006250837285603468,7875.014135895986,141.80570655501012,1.0418062142672444,1.0,686,2025-09-29T05:27:54.904102,0.0,0.0,0.0,0.0,0.0,0.0,0.0,1.0,0.0,0.0,673,2025-09-29T05:27:54.957650
344,15,7,2025-09-29 05:27:55.111253,0.7838946695989415,0.8622841365588357,0.07838946695989416,0.000645403900606746,0.7838946695989415,1903647.401855985,39508.29134778666,25.6,1.0,1.0,688,2025-09-29T05:27:55.002312,0.0032365960860009663,0.0015505960860009663,0.001686,0.0005168653620003221,0.00041349228960025773,0.0006202384344003865,7898.338241672357,165.12981233138134,1.033730724000644,1.0,688,2025-09-29T05:27:55.043718,0.0,0.0,0.0,0.0,0.0,0.0,0.0,1.0,0.0,0.0,675,2025-09-29T05:27:55.097306
345,15,8,2025-09-29 05:27:55.251463,0.7838946695989415,0.8622841365588357,0.07838946695989416,0.000645403900606746,0.7838946695989415,1909291.4434770972,45152.33296889904,25.6,1.0,1.0,690,2025-09-29T05:27:55.141985,0.0032268532288688917,0.0015408532288688917,0.001686,0.0005136177429562972,0.0004108941943650378,0.0006163412915475567,7921.588171498946,188.37974215797126,1.0272354859125945,1.0,690,2025-09-29T05:27:55.183855,0.0,0.0,0.0,0.0,0.0,0.0,0.0,1.0,0.0,0.0,677,2025-09-29T05:27:55.237971
346,15,9,2025-09-29 05:27:55.390531,0.7838946695989415,0.8622841365588357,0.07838946695989416,0.000645403900606746,0.7838946695989415,1914935.4850982095,50796.37459001142,25.6,1.0,1.0,692,2025-09-29T05:27:55.282258,0.003219006407805703,0.0015330064078057028,0.001686,0.0005110021359352343,0.00040880170874818745,0.0006132025631222811,7944.778380552793,211.56995121181802,1.0220042718704685,1.0,692,2025-09-29T05:27:55.323913,0.0,0.0,0.0,0.0,0.0,0.0,0.0,1.0,0.0,0.0,679,2025-09-29T05:27:55.377381
347,15,10,2025-09-29 05:27:55.526363,0.7838946695989415,0.8622841365588357,0.07838946695989416,0.000645403900606746,0.7838946695989415,1920579.5267193217,56440.416211123804,25.6,1.0,1.0,694,2025-09-29T05:27:55.420924,0.0032126797849348545,0.0015266797849348543,0.001686,0.0005088932616449514,0.00040711460931596116,0.0006106719139739417,7967.920451820641,234.71202247966525,1.0177865232899026,1.0,694,2025-09-29T05:27:55.462251,0.0,0.0,0.0,0.0,0.0,0.0,0.0,1.0,0.0,0.0,681,2025-09-29T05:27:55.514907
348,15,11,2025-09-29 05:27:55.665293,0.7838946695989415,0.8622841365588357,0.07838946695989416,0.000645403900606746,0.7838946695989415,1926223.568340434,62084.457832236185,25.6,1.0,1.0,696,2025-09-29T05:27:55.557208,0.0032075743650474926,0.0015215743650474926,0.001686,0.0005071914550158308,0.0004057531640126647,0.000608629746018997,7991.023685659151,257.81525631817607,1.0143829100316617,1.0,696,2025-09-29T05:27:55.598958,0.0,0.0,0.0,0.0,0.0,0.0,0.0,1.0,0.0,0.0,683,2025-09-29T05:27:55.651999
349,15,12,2025-09-29 05:27:55.805380,0.7838946695989415,0.8622841365588357,0.07838946695989416,0.000645403900606746,0.7838946695989415,1931867.6099615463,67728.49945334856,25.6,1.0,1.0,698,2025-09-29T05:27:55.696250,0.0032034514931027574,0.0015174514931027574,0.001686,0.0005058171643675858,0.0004046537314940687,0.000606980597241103,8014.095561971247,280.8871326302722,1.0116343287351717,1.0,698,2025-09-29T05:27:55.738135,0.0,0.0,0.0,0.0,0.0,0.0,0.0,1.0,0.0,0.0,685,2025-09-29T05:27:55.792275
350,15,13,2025-09-29 05:27:55.944084,0.7838946695989415,0.8622841365588357,0.07838946695989416,0.000645403900606746,0.7838946695989415,1937511.6515826585,73372.54107446094,25.6,1.0,1.0,700,2025-09-29T05:27:55.835881,0.0032001201574081437,0.001514120157408144,0.001686,0.000504706719136048,0.0004037653753088384,0.0006056480629632575,8037.142104623134,303.93367528215975,1.0094134382720958,1.0,700,2025-09-29T05:27:55.877408,0.0,0.0,0.0,0.0,0.0,0.0,0.0,1.0,0.0,0.0,687,2025-09-29T05:27:55.931039
351,15,14,2025-09-29 05:27:56.082450,0.7838946695989415,0.8622841365588357,0.07838946695989416,0.000645403900606746,0.7838946695989415,1943155.6932037708,79016.58269557332,25.6,1.0,1.0,702,2025-09-29T05:27:55.974515,0.003197427137362002,0.001511427137362002,0.001686,0.000503809045787334,0.00040304723662986725,0.0006045708549448008,8060.168170168683,326.9597408277078,1.0076180915746678,1.0,702,2025-09-29T05:27:56.015930,0.0,0.0,0.0,0.0,0.0,0.0,0.0,1.0,0.0,0.0,689,2025-09-29T05:27:56.069937
352,15,15,2025-09-29 05:27:56.221168,0.7838946695989415,0.8622841365588357,0.07838946695989416,0.000645403900606746,0.7838946695989415,1948799.734824883,84660.6243166857,25.6,1.0,1.0,704,2025-09-29T05:27:56.113122,0.003195249302694978,0.0015092493026949779,0.001686,0.0005030831008983259,0.00040246648071866077,0.0006036997210779911,8083.1776775200915,349.96924817911594,1.0061662017966517,1.0,704,2025-09-29T05:27:56.154810,0.0,0.0,0.0,0.0,0.0,0.0,0.0,1.0,0.0,0.0,691,2025-09-29T05:27:56.208058
353,15,16,2025-09-29 05:27:56.361350,0.7838946695989415,0.8622841365588357,0.07838946695989416,0.000645403900606746,0.7838946695989415,1954443.7764459953,90304.66593779808,25.6,1.0,1.0,706,2025-09-29T05:27:56.251642,0.0031934875571867616,0.0015074875571867616,0.001686,0.0005024958523955872,0.0004019966819164698,0.0006029950228747047,8106.17379124816,372.96536190718547,1.0049917047911745,1.0,706,2025-09-29T05:27:56.293480,0.0,0.0,0.0,0.0,0.0,0.0,0.0,1.0,0.0,0.0,693,2025-09-29T05:27:56.347513
354,15,17,2025-09-29 05:27:56.501227,0.7838946695989415,0.8622841365588357,0.07838946695989416,0.000645403900606746,0.7838946695989415,1960087.8180671076,95948.70755891046,25.6,1.0,1.0,708,2025-09-29T05:27:56.391371,0.003192062050942284,0.001506062050942284,0.001686,0.000502020683647428,0.0004016165469179424,0.0006024248203769136,8129.159068273032,395.9506389320566,1.004041367294856,1.0,708,2025-09-29T05:27:56.433430,0.0,0.0,0.0,0.0,0.0,0.0,0.0,1.0,0.0,0.0,695,2025-09-29T05:27:56.487629
355,15,18,2025-09-29 05:27:56.639532,0.7838946695989415,0.8622841365588357,0.07838946695989416,0.000645403900606746,0.7838946695989415,1965731.8596882198,101592.74918002285,25.6,1.0,1.0,710,2025-09-29T05:27:56.531465,0.003190908379082611,0.001504908379082611,0.001686,0.0005016361263608703,0.00040130890108869624,0.0006019633516330444,8152.135575519817,418.9271461788419,1.0032722527217404,1.0,710,2025-09-29T05:27:56.572846,0.0,0.0,0.0,0.0,0.0,0.0,0.0,1.0,0.0,0.0,697,2025-09-29T05:27:56.625601
356,15,19,2025-09-29 05:27:56.779346,0.7838946695989415,0.8622841365588357,0.07838946695989416,0.000645403900606746,0.7838946695989415,1971375.901309332,107236.79080113523,25.6,1.0,1.0,712,2025-09-29T05:27:56.669758,0.003189974552729173,0.0015039745527291731,0.001686,0.0005013248509097243,0.0004010598807277795,0.0006015898210916692,8175.104984459031,441.8965551180551,1.0026497018194487,1.0,712,2025-09-29T05:27:56.711406,0.0,0.0,0.0,0.0,0.0,0.0,0.0,1.0,0.0,0.0,699,2025-09-29T05:27:56.765371
357,15,20,2025-09-29 05:27:56.917113,0.7838946695989415,0.8622841365588357,0.07838946695989416,0.000645403900606746,0.7838946695989415,1977019.9429304444,112880.83242224761,25.6,1.0,1.0,714,2025-09-29T05:27:56.809851,0.0031892185781714952,0.0015032185781714952,0.001686,0.0005010728593904984,0.00040085828751239874,0.000601287431268598,8198.068647186863,464.8602178458868,1.0021457187809966,1.0,714,2025-09-29T05:27:56.851399,0.0,0.0,0.0,0.0,0.0,0.0,0.0,1.0,0.0,0.0,701,2025-09-29T05:27:56.903807
358,15,21,2025-09-29 05:27:57.055077,0.7838946695989415,0.8622841365588357,0.07838946695989416,0.000645403900606746,0.7838946695989415,1982663.9845515566,118524.87404335999,25.6,1.0,1.0,716,2025-09-29T05:27:56.947631,0.003188606517341407,0.0015026065173414072,0.001686,0.0005008688391138024,0.000400695071291042,0.000601042606936563,8221.02765772465,487.8192283836722,1.0017376782276048,1.0,716,2025-09-29T05:27:56.989455,0.0,0.0,0.0,0.0,0.0,0.0,0.0,1.0,0.0,0.0,703,2025-09-29T05:27:57.041954
359,15,22,2025-09-29 05:27:57.193122,0.7838946695989415,0.8622841365588357,0.07838946695989416,0.000645403900606746,0.7838946695989415,1988308.026172669,124168.91566447237,25.6,1.0,1.0,718,2025-09-29T05:27:57.085653,0.0031881109307578,0.0015021109307578,0.001686,0.0005007036435859334,0.0004005629148687467,0.00060084437230312,8243.982901458285,510.77447211730885,1.0014072871718667,1.0,718,2025-09-29T05:27:57.127373,0.0,0.0,0.0,0.0,0.0,0.0,0.0,1.0,0.0,0.0,705,2025-09-29T05:27:57.181405
360,15,23,2025-09-29 05:27:57.333557,0.7838946695989415,0.8622841365588357,0.07838946695989416,0.000645403900606746,0.7838946695989415,1993952.0677937812,129812.95728558475,25.6,1.0,1.0,720,2025-09-29T05:27:57.223602,0.0031877096254470565,0.0015017096254470563,0.001686,0.0005005698751490188,0.00040045590011921503,0.0006006838501788225,8266.935095044548,533.7266657035705,1.0011397502980375,1.0,720,2025-09-29T05:27:57.265792,0.0,0.0,0.0,0.0,0.0,0.0,0.0,1.0,0.0,0.0,707,2025-09-29T05:27:57.319678
361,16,0,2025-09-29 05:27:57.471693,0.7277407363860519,0.8005148100246571,0.07277407363860519,0.0005805808965400463,0.7277407363860519,1999191.8010957607,0.0,23.2,1.0,1.0,722,2025-09-29T05:27:57.364066,0.002961678748217599,0.0012756787482175991,0.001686,0.0004252262494058664,0.00034018099952469314,0.0005102714992870396,8288.24929523758,0.0,0.8504524988117328,1.0,722,2025-09-29T05:27:57.405925,0.0,0.0,0.0,0.0,0.0,0.0,0.0,1.0,0.0,0.0,709,2025-09-29T05:27:57.457772
362,16,1,2025-09-29 05:27:57.611116,0.7277407363860519,0.8005148100246571,0.07277407363860519,0.0005805808965400463,0.7277407363860519,2004431.5343977401,5239.733301979573,23.2,1.0,1.0,724,2025-09-29T05:27:57.502545,0.0029708084540881288,0.0012848084540881288,0.001686,0.0004282694846960429,0.00034261558775683436,0.0005139233816352515,8309.620636343136,21.371341105556557,0.8565389693920857,1.0,724,2025-09-29T05:27:57.544668,0.0,0.0,0.0,0.0,0.0,0.0,0.0,1.0,0.0,0.0,711,2025-09-29T05:27:57.598728
363,16,2,2025-09-29 05:27:57.749023,0.7277407363860519,0.8005148100246571,0.07277407363860519,0.0005805808965400463,0.7277407363860519,2009671.2676997196,10479.466603959147,23.2,1.0,1.0,726,2025-09-29T05:27:57.641506,0.002984099562928232,0.0012980995629282318,0.001686,0.0004326998543094106,0.0003461598834475285,0.0005192398251712926,8331.080519516363,42.83122427878363,0.865399708618821,1.0,726,2025-09-29T05:27:57.683527,0.0,0.0,0.0,0.0,0.0,0.0,0.0,1.0,0.0,0.0,713,2025-09-29T05:27:57.736178
364,16,3,2025-09-29 05:27:57.889283,0.7277407363860519,0.8005148100246571,0.07277407363860519,0.0005805808965400463,0.7277407363860519,2014911.0010016991,15719.19990593872,23.2,1.0,1.0,728,2025-09-29T05:27:57.780851,0.0030008899008141837,0.0013148899008141837,0.001686,0.00043829663360472795,0.0003506373068837824,0.0005259559603256735,8352.655256523878,64.40596128630015,0.8765932672094559,1.0,728,2025-09-29T05:27:57.822502,0.0,0.0,0.0,0.0,0.0,0.0,0.0,1.0,0.0,0.0,715,2025-09-29T05:27:57.875340
365,16,4,2025-09-29 05:27:58.029461,0.7277407363860519,0.8005148100246571,0.07277407363860519,0.0005805808965400463,0.7277407363860519,2020150.7343036786,20958.933207918293,23.2,1.0,1.0,730,2025-09-29T05:27:57.919933,0.003020662037645105,0.0013346620376451048,0.001686,0.00044488734588170163,0.0003559098767053613,0.0005338648150580419,8374.36719126333,86.11789602575277,0.8897746917634033,1.0,730,2025-09-29T05:27:57.961545,0.0,0.0,0.0,0.0,0.0,0.0,0.0,1.0,0.0,0.0,717,2025-09-29T05:27:58.015466
366,16,5,2025-09-29 05:27:58.167363,0.7277407363860519,0.8005148100246571,0.07277407363860519,0.0005805808965400463,0.7277407363860519,2025390.467605658,26198.66650989787,23.2,1.0,1.0,732,2025-09-29T05:27:58.059831,0.0030430087777321545,0.0013570087777321545,0.001686,0.00045233625924405153,0.0003618690073952412,0.0005428035110928618,8396.235550531579,107.9862552940011,0.9046725184881029,1.0,732,2025-09-29T05:27:58.101852,0.0,0.0,0.0,0.0,0.0,0.0,0.0,1.0,0.0,0.0,719,2025-09-29T05:27:58.154308
367,16,6,2025-09-29 05:27:58.307187,0.7277407363860519,0.8005148100246571,0.07277407363860519,0.0005805808965400463,0.7277407363860519,2030630.2009076376,31438.399811877447,23.2,1.0,1.0,734,2025-09-29T05:27:58.197551,0.0030676080182177154,0.0013816080182177154,0.001686,0.00046053600607257186,0.0003684288048580575,0.0005526432072870862,8418.27709847162,130.02780323404292,0.9210720121451437,1.0,734,2025-09-29T05:27:58.239260,0.0,0.0,0.0,0.0,0.0,0.0,0.0,1.0,0.0,0.0,720,2025-09-29T05:27:58.293332
368,16,7,2025-09-29 05:27:58.447884,0.7277407363860519,0.8005148100246571,0.07277407363860519,0.0005805808965400463,0.7277407363860519,2035869.934209617,36678.133113857024,23.2,1.0,1.0,736,2025-09-29T05:27:58.337770,0.003089359903111485,0.0014033599031114852,0.001686,0.0004677866343704951,0.0003742293074963961,0.0005613439612445941,8440.483244583396,152.23394934581893,0.93557326874099,1.0,736,2025-09-29T05:27:58.379830,0.0,0.0,0.0,0.0,0.0,0.0,0.0,1.0,0.0,0.0,722,2025-09-29T05:27:58.434013
369,16,8,2025-09-29 05:27:58.586880,0.7277407363860519,0.8005148100246571,0.07277407363860519,0.0005805808965400463,0.7277407363860519,2041109.6675115966,41917.8664158366,23.2,1.0,1.0,738,2025-09-29T05:27:58.478709,0.0031072297205049313,0.0014212297205049313,0.001686,0.00047374324016831047,0.0003789945921346484,0.0005684918882019725,8462.824724351014,174.5754291134371,0.9474864803366209,1.0,738,2025-09-29T05:27:58.520554,0.0,0.0,0.0,0.0,0.0,0.0,0.0,1.0,0.0,0.0,724,2025-09-29T05:27:58.574826
370,16,9,2025-09-29 05:27:58.725726,0.7277407363860519,0.8005148100246571,0.07277407363860519,0.0005805808965400463,0.7277407363860519,2046349.400813576,47157.59971781618,23.2,1.0,1.0,740,2025-09-29T05:27:58.617481,0.003121870941928089,0.001435870941928089,0.001686,0.00047862364730936297,0.0003828989178474904,0.0005743483767712355,8485.277160651887,197.027865414309,0.9572472946187259,1.0,740,2025-09-29T05:27:58.659070,0.0,0.0,0.0,0.0,0.0,0.0,0.0,1.0,0.0,0.0,726,2025-09-29T05:27:58.712989
371,16,10,2025-09-29 05:27:58.865801,0.7277407363860519,0.8005148100246571,0.07277407363860519,0.0005805808965400463,0.7277407363860519,2051589.1341155556,52397.333019795755,23.2,1.0,1.0,742,2025-09-29T05:27:58.756091,0.003133840825956889,0.001447840825956889,0.001686,0.0004826136086522963,0.0003860908869218371,0.0005791363303827556,8507.820358200186,219.57106296260727,0.9652272173045925,1.0,742,2025-09-29T05:27:58.797664,0.0,0.0,0.0,0.0,0.0,0.0,0.0,1.0,0.0,0.0,728,2025-09-29T05:27:58.851870
372,16,11,2025-09-29 05:27:59.005676,0.7277407363860519,0.8005148100246571,0.07277407363860519,0.0005805808965400463,0.7277407363860519,2056828.867417535,57637.06632177533,23.2,1.0,1.0,744,2025-09-29T05:27:58.896741,0.0031436095407586895,0.0014576095407586895,0.001686,0.0004858698469195631,0.00038869587753565053,0.0005830438163034758,8530.437659184294,242.18836394671513,0.971739693839126,1.0,744,2025-09-29T05:27:58.938756,0.0,0.0,0.0,0.0,0.0,0.0,0.0,1.0,0.0,0.0,730,2025-09-29T05:27:58.993230
373,16,12,2025-09-29 05:27:59.141295,0.7277407363860519,0.8005148100246571,0.07277407363860519,0.0005805808965400463,0.7277407363860519,2062068.6007195145,62876.79962375491,23.2,1.0,1.0,746,2025-09-29T05:27:59.036121,0.003151570494772739,0.001465570494772739,0.001686,0.0004885234982575797,0.00039081879860606374,0.0005862281979090955,8553.11537176547,264.86607652789155,0.9770469965151592,1.0,746,2025-09-29T05:27:59.077457,0.0,0.0,0.0,0.0,0.0,0.0,0.0,1.0,0.0,0.0,732,2025-09-29T05:27:59.129076
374,16,13,2025-09-29 05:27:59.279766,0.7277407363860519,0.8005148100246571,0.07277407363860519,0.0005805808965400463,0.7277407363860519,2067308.334021494,68116.53292573449,23.2,1.0,1.0,748,2025-09-29T05:27:59.171735,0.0031580507294937587,0.0014720507294937585,0.001686,0.0004906835764979195,0.00039254686119833565,0.0005888202917975034,8575.842273681883,287.59297844430387,0.9813671529958389,1.0,748,2025-09-29T05:27:59.213691,0.0,0.0,0.0,0.0,0.0,0.0,0.0,1.0,0.0,0.0,734,2025-09-29T05:27:59.268359
375,16,14,2025-09-29 05:27:59.420688,0.7277407363860519,0.8005148100246571,0.07277407363860519,0.0005805808965400463,0.7277407363860519,2072548.0673234735,73356.26622771406,23.2,1.0,1.0,750,2025-09-29T05:27:59.311221,0.0031633207180505685,0.0014773207180505685,0.001686,0.0004924402393501895,0.00039395219148015165,0.0005909282872202274,8598.609187682865,310.3598924452868,0.984880478700379,1.0,750,2025-09-29T05:27:59.352761,0.0,0.0,0.0,0.0,0.0,0.0,0.0,1.0,0.0,0.0,736,2025-09-29T05:27:59.406826
376,16,15,2025-09-29 05:27:59.561577,0.7277407363860519,0.8005148100246571,0.07277407363860519,0.0005805808965400463,0.7277407363860519,2077787.800625453,78595.99952969364,23.2,1.0,1.0,752,2025-09-29T05:27:59.451134,0.003167603235903412,0.0014816032359034118,0.001686,0.0004938677453011373,0.00039509419624090983,0.0005926412943613647,8621.408622598394,333.1593273608154,0.9877354906022744,1.0,752,2025-09-29T05:27:59.492854,0.0,0.0,0.0,0.0,0.0,0.0,0.0,1.0,0.0,0.0,738,2025-09-29T05:27:59.547599
377,16,16,2025-09-29 05:27:59.702486,0.7277407363860519,0.8005148100246571,0.07277407363860519,0.0005805808965400463,0.7277407363860519,2083027.5339274325,83835.73283167322,23.2,1.0,1.0,754,2025-09-29T05:27:59.592248,0.0031710811740255787,0.0014850811740255787,0.001686,0.0004950270580085262,0.000396021646406821,0.0005940324696102314,8644.234472592154,355.9851773545755,0.9900541160170523,1.0,754,2025-09-29T05:27:59.634684,0.0,0.0,0.0,0.0,0.0,0.0,0.0,1.0,0.0,0.0,740,2025-09-29T05:27:59.688532
378,16,17,2025-09-29 05:27:59.841269,0.7277407363860519,0.8005148100246571,0.07277407363860519,0.0005805808965400463,0.7277407363860519,2088267.267229412,89075.4661336528,23.2,1.0,1.0,756,2025-09-29T05:27:59.732944,0.003173904287756707,0.0014879042877567069,0.001686,0.0004959680959189023,0.0003967744767351219,0.0005951617151026828,8667.08176690609,378.8324716685129,0.9919361918378047,1.0,756,2025-09-29T05:27:59.774551,0.0,0.0,0.0,0.0,0.0,0.0,0.0,1.0,0.0,0.0,742,2025-09-29T05:27:59.828839
379,16,18,2025-09-29 05:27:59.980038,0.7277407363860519,0.8005148100246571,0.07277407363860519,0.0005805808965400463,0.7277407363860519,2093507.0005313915,94315.19943563237,23.2,1.0,1.0,758,2025-09-29T05:27:59.871865,0.003176194943458072,0.0014901949434580719,0.001686,0.0004967316478193572,0.0003973853182554858,0.0005960779773832287,8689.946462746879,401.6971675092999,0.9934632956387145,1.0,758,2025-09-29T05:27:59.913929,0.0,0.0,0.0,0.0,0.0,0.0,0.0,1.0,0.0,0.0,744,2025-09-29T05:27:59.967829
380,16,19,2025-09-29 05:28:00.118850,0.7277407363860519,0.8005148100246571,0.07277407363860519,0.0005805808965400463,0.7277407363860519,2098746.733833371,99554.93273761195,23.2,1.0,1.0,760,2025-09-29T05:28:00.010582,0.003178052959429532,0.001492052959429532,0.001686,0.0004973509864765106,0.00039788078918120853,0.0005968211837718127,8712.825274609631,424.5759793720522,0.994701972953021,1.0,760,2025-09-29T05:28:00.052242,0.0,0.0,0.0,0.0,0.0,0.0,0.0,1.0,0.0,0.0,746,2025-09-29T05:28:00.105829
381,16,20,2025-09-29 05:28:00.257893,0.7277407363860519,0.8005148100246571,0.07277407363860519,0.0005805808965400463,0.7277407363860519,2103986.4671353507,104794.66603959152,23.2,1.0,1.0,762,2025-09-29T05:28:00.149291,0.003179559650434561,0.001493559650434561,0.001686,0.0004978532168115204,0.0003982825734492163,0.0005974238601738245,8735.715534105671,447.46623886809215,0.9957064336230408,1.0,762,2025-09-29T05:28:00.191129,0.0,0.0,0.0,0.0,0.0,0.0,0.0,1.0,0.0,0.0,748,2025-09-29T05:28:00.244030
382,16,21,2025-09-29 05:28:00.393633,0.7277407363860519,0.8005148100246571,0.07277407363860519,0.0005805808965400463,0.7277407363860519,2109226.20043733,110034.3993415711,23.2,1.0,1.0,764,2025-09-29T05:28:00.288359,0.0031807811853928596,0.0014947811853928598,0.001686,0.0004982603951309533,0.00039860831610476265,0.0005979124741571439,8758.61507515379,470.36577991621107,0.9965207902619065,1.0,764,2025-09-29T05:28:00.329733,0.0,0.0,0.0,0.0,0.0,0.0,0.0,1.0,0.0,0.0,750,2025-09-29T05:28:00.382155
383,16,22,2025-09-29 05:28:00.533265,0.7277407363860519,0.8005148100246571,0.07277407363860519,0.0005805808965400463,0.7277407363860519,2114465.9337393097,115274.13264355068,23.2,1.0,1.0,766,2025-09-29T05:28:00.424322,0.0031817713610281383,0.0014957713610281383,0.001686,0.0004985904536760461,0.0003988723629408369,0.0005983085444112553,8781.522140148914,493.2728449113351,0.9971809073520921,1.0,766,2025-09-29T05:28:00.465603,0.0,0.0,0.0,0.0,0.0,0.0,0.0,1.0,0.0,0.0,752,2025-09-29T05:28:00.519409
384,16,23,2025-09-29 05:28:00.674580,0.7277407363860519,0.8005148100246571,0.07277407363860519,0.0005805808965400463,0.7277407363860519,2119705.667041289,120513.86594553025,23.2,1.0,1.0,768,2025-09-29T05:28:00.563760,0.003182573884090246,0.001496573884090246,0.001686,0.0004988579613634153,0.00039908636909073225,0.0005986295536360984,8804.435303408181,516.1860081706021,0.9977159227268305,1.0,768,2025-09-29T05:28:00.605523,0.0,0.0,0.0,0.0,0.0,0.0,0.0,1.0,0.0,0.0,754,2025-09-29T05:28:00.661198
385,17,0,2025-09-29 05:28:00.813689,0.7517171004546542,0.8268888105001198,0.07517171004546543,0.000633766767377945,0.7517171004546542,2125118.0301645626,0.0,24.6,1.0,1.0,770,2025-09-29T05:28:00.706145,0.0033324860789439746,0.0016464860789439746,0.001686,0.0005488286929813249,0.00043906295438505996,0.0006585944315775898,8828.43579317544,0.0,1.0976573859626497,1.0,770,2025-09-29T05:28:00.747060,0.0,0.0,0.0,0.0,0.0,0.0,0.0,1.0,0.0,0.0,756,2025-09-29T05:28:00.800306
386,17,1,2025-09-29 05:28:00.952011,0.7517171004546542,0.8268888105001198,0.07517171004546543,0.000633766767377945,0.7517171004546542,2130530.393287836,5412.363123273511,24.6,1.0,1.0,772,2025-09-29T05:28:00.843747,0.003326060493441152,0.0016400604934411521,0.001686,0.0005466868311470507,0.0004373494649176406,0.0006560241973764608,8852.39653309769,23.96073992225011,1.0933736622941013,1.0,772,2025-09-29T05:28:00.885366,0.0,0.0,0.0,0.0,0.0,0.0,0.0,1.0,0.0,0.0,758,2025-09-29T05:28:00.938350
387,17,2,2025-09-29 05:28:01.091191,0.7517171004546542,0.8268888105001198,0.07517171004546543,0.000633766767377945,0.7517171004546542,2135942.7564111096,10824.726246547021,24.6,1.0,1.0,774,2025-09-29T05:28:00.982476,0.0033165736303053268,0.0016305736303053268,0.001686,0.000543524543435109,0.0004348196347480872,0.0006522294521221307,8876.294163906156,47.858370730715606,1.0870490868702178,1.0,774,2025-09-29T05:28:01.024339,0.0,0.0,0.0,0.0,0.0,0.0,0.0,1.0,0.0,0.0,760,2025-09-29T05:28:01.078421
388,17,3,2025-09-29 05:28:01.230413,0.7517171004546542,0.8268888105001198,0.07517171004546543,0.000633766767377945,0.7517171004546542,2141355.119534383,16237.089369820531,24.6,1.0,1.0,776,2025-09-29T05:28:01.121839,0.0033046604075849997,0.0016186604075849997,0.001686,0.0005395534691949999,0.000431642775356,0.0006474641630339999,8900.110128444145,71.67433526870529,1.0791069383899996,1.0,776,2025-09-29T05:28:01.163067,0.0,0.0,0.0,0.0,0.0,0.0,0.0,1.0,0.0,0.0,762,2025-09-29T05:28:01.216660
389,17,4,2025-09-29 05:28:01.368244,0.7517171004546542,0.8268888105001198,0.07517171004546543,0.000633766767377945,0.7517171004546542,2146767.4826576565,21649.452493094042,24.6,1.0,1.0,778,2025-09-29T05:28:01.260940,0.003290841871298252,0.001604841871298252,0.001686,0.0005349472904327507,0.00042795783234620056,0.0006419367485193008,8923.82981764871,95.39402447327058,1.0698945808655012,1.0,778,2025-09-29T05:28:01.303003,0.0,0.0,0.0,0.0,0.0,0.0,0.0,1.0,0.0,0.0,764,2025-09-29T05:28:01.355302
390,17,5,2025-09-29 05:28:01.506605,0.7517171004546542,0.8268888105001198,0.07517171004546543,0.000633766767377945,0.7517171004546542,2152179.84578093,27061.815616367556,24.6,1.0,1.0,780,2025-09-29T05:28:01.398789,0.0032755430705503187,0.0015895430705503187,0.001686,0.0005298476901834395,0.00042387815214675167,0.0006358172282201275,8947.441847955579,119.00605478014035,1.0596953803668792,1.0,780,2025-09-29T05:28:01.440736,0.0,0.0,0.0,0.0,0.0,0.0,0.0,1.0,0.0,0.0,766,2025-09-29T05:28:01.494119
391,17,6,2025-09-29 05:28:01.646766,0.7517171004546542,0.8268888105001198,0.07517171004546543,0.000633766767377945,0.7517171004546542,2157592.2089042035,32474.17873964107,24.6,1.0,1.0,782,2025-09-29T05:28:01.537588,0.003259109049238448,0.0015731090492384482,0.001686,0.0005243696830794827,0.00041949574646358624,0.0006292436196953792,8970.937457392512,142.5016642170742,1.0487393661589655,1.0,782,2025-09-29T05:28:01.579965,0.0,0.0,0.0,0.0,0.0,0.0,0.0,1.0,0.0,0.0,768,2025-09-29T05:28:01.632874
392,17,7,2025-09-29 05:28:01.787495,0.7517171004546542,0.8268888105001198,0.07517171004546543,0.000633766767377945,0.7517171004546542,2163004.572027477,37886.54186291458,24.6,1.0,1.0,784,2025-09-29T05:28:01.677599,0.003244949298702335,0.001558949298702335,0.001686,0.0005196497662341117,0.0004157198129872894,0.000623579719480934,8994.325180994492,165.88938781905406,1.0392995324682235,1.0,784,2025-09-29T05:28:01.719509,0.0,0.0,0.0,0.0,0.0,0.0,0.0,1.0,0.0,0.0,770,2025-09-29T05:28:01.773683
393,17,8,2025-09-29 05:28:01.928152,0.7517171004546542,0.8268888105001198,0.07517171004546543,0.000633766767377945,0.7517171004546542,2168416.9351507504,43298.904986188085,24.6,1.0,1.0,786,2025-09-29T05:28:01.818396,0.0032335733840921184,0.0015475733840921184,0.001686,0.0005158577946973728,0.00041268623575789823,0.0006190293536368473,9017.626270901987,189.19047772654818,1.0317155893947456,1.0,786,2025-09-29T05:28:01.860174,0.0,0.0,0.0,0.0,0.0,0.0,0.0,1.0,0.0,0.0,772,2025-09-29T05:28:01.914222
394,17,9,2025-09-29 05:28:02.067223,0.7517171004546542,0.8268888105001198,0.07517171004546543,0.000633766767377945,0.7517171004546542,2173829.298274024,48711.26810946159,24.6,1.0,1.0,788,2025-09-29T05:28:01.958782,0.0032244197733576267,0.0015384197733576267,0.001686,0.0005128065911192089,0.00041024527289536717,0.0006153679093430506,9040.857678218084,212.4218850426447,1.0256131822384178,1.0,788,2025-09-29T05:28:02.000505,0.0,0.0,0.0,0.0,0.0,0.0,0.0,1.0,0.0,0.0,774,2025-09-29T05:28:02.054082
395,17,10,2025-09-29 05:28:02.205070,0.7517171004546542,0.8268888105001198,0.07517171004546543,0.000633766767377945,0.7517171004546542,2179241.6613972974,54123.6312327351,24.6,1.0,1.0,790,2025-09-29T05:28:02.097209,0.003217045052288661,0.0015310450522886608,0.001686,0.0005103483507628869,0.0004082786806103096,0.0006124180209154643,9064.032962532814,235.5971693573746,1.0206967015257735,1.0,790,2025-09-29T05:28:02.139027,0.0,0.0,0.0,0.0,0.0,0.0,0.0,1.0,0.0,0.0,776,2025-09-29T05:28:02.193385
396,17,11,2025-09-29 05:28:02.345171,0.7517171004546542,0.8268888105001198,0.07517171004546543,0.000633766767377945,0.7517171004546542,2184654.024520571,59535.9943560086,24.6,1.0,1.0,792,2025-09-29T05:28:02.235326,0.0032110974510260112,0.001525097451026011,0.001686,0.0005083658170086703,0.0004066926536069363,0.0006100389804104044,9087.162996017476,258.7272028420361,1.0167316340173407,1.0,792,2025-09-29T05:28:02.277026,0.0,0.0,0.0,0.0,0.0,0.0,0.0,1.0,0.0,0.0,778,2025-09-29T05:28:02.331199
397,17,12,2025-09-29 05:28:02.485350,0.7517171004546542,0.8268888105001198,0.07517171004546543,0.000633766767377945,0.7517171004546542,2190066.3876438444,64948.35747928211,24.6,1.0,1.0,794,2025-09-29T05:28:02.375723,0.0032062968348953993,0.0015202968348953993,0.001686,0.0005067656116317997,0.0004054124893054398,0.0006081187339581597,9110.256512750877,281.8207195754369,1.0135312232635991,1.0,794,2025-09-29T05:28:02.417306,0.0,0.0,0.0,0.0,0.0,0.0,0.0,1.0,0.0,0.0,780,2025-09-29T05:28:02.471455
398,17,13,2025-09-29 05:28:02.624479,0.7517171004546542,0.8268888105001198,0.07517171004546543,0.000633766767377945,0.7517171004546542,2195478.750767118,70360.72060255562,24.6,1.0,1.0,796,2025-09-29T05:28:02.516055,0.003202419415239125,0.001516419415239125,0.001686,0.0005054731384130417,0.00040437851073043336,0.0006065677660956499,9133.320540118146,304.884746942705,1.010946276826083,1.0,796,2025-09-29T05:28:02.558166,0.0,0.0,0.0,0.0,0.0,0.0,0.0,1.0,0.0,0.0,781,2025-09-29T05:28:02.612293
399,17,14,2025-09-29 05:28:02.764731,0.7517171004546542,0.8268888105001198,0.07517171004546543,0.000633766767377945,0.7517171004546542,2200891.1138903913,75773.08372582913,24.6,1.0,1.0,798,2025-09-29T05:28:02.655121,0.0031992859557017353,0.001513285955701735,0.001686,0.0005044286519005783,0.0004035429215204627,0.000605314382280694,9156.360739463746,327.92494628830474,1.0088573038011566,1.0,798,2025-09-29T05:28:02.696941,0.0,0.0,0.0,0.0,0.0,0.0,0.0,1.0,0.0,0.0,783,2025-09-29T05:28:02.750835
400,17,15,2025-09-29 05:28:02.904839,0.7517171004546542,0.8268888105001198,0.07517171004546543,0.000633766767377945,0.7517171004546542,2206303.477013665,81185.44684910263,24.6,1.0,1.0,800,2025-09-29T05:28:02.795176,0.003196752600477314,0.001510752600477314,0.001686,0.0005035842001591046,0.00040286736012728374,0.0006043010401909256,9179.381676319768,350.94588314432855,1.0071684003182093,1.0,800,2025-09-29T05:28:02.836678,0.0,0.0,0.0,0.0,0.0,0.0,0.0,1.0,0.0,0.0,785,2025-09-29T05:28:02.890971
401,17,16,2025-09-29 05:28:03.043929,0.7517171004546542,0.8268888105001198,0.07517171004546543,0.000633766767377945,0.7517171004546542,2211715.8401369383,86597.80997237614,24.6,1.0,1.0,802,2025-09-29T05:28:02.935272,0.003194703691961174,0.0015087036919611738,0.001686,0.0005029012306537247,0.00040232098452297975,0.0006034814767844695,9202.387035582282,373.9512424068437,1.0058024613074494,1.0,802,2025-09-29T05:28:02.977324,0.0,0.0,0.0,0.0,0.0,0.0,0.0,1.0,0.0,0.0,787,2025-09-29T05:28:03.029913
402,17,17,2025-09-29 05:28:03.182839,0.7517171004546542,0.8268888105001198,0.07517171004546543,0.000633766767377945,0.7517171004546542,2217128.2032602117,92010.17309564965,24.6,1.0,1.0,804,2025-09-29T05:28:03.074502,0.0031930461132116516,0.0015070461132116516,0.001686,0.0005023487044038839,0.0004018789635231071,0.0006028184452846606,9225.379793387692,396.94400021225425,1.0046974088077678,1.0,804,2025-09-29T05:28:03.116295,0.0,0.0,0.0,0.0,0.0,0.0,0.0,1.0,0.0,0.0,789,2025-09-29T05:28:03.170291
403,17,18,2025-09-29 05:28:03.321626,0.7517171004546542,0.8268888105001198,0.07517171004546543,0.000633766767377945,0.7517171004546542,2222540.566383485,97422.53621892315,24.6,1.0,1.0,806,2025-09-29T05:28:03.213157,0.0031917048095073787,0.001505704809507379,0.001686,0.0005019016031691263,0.0004015212825353011,0.0006022819238029515,9248.362354755986,419.9265615805464,1.0038032063382525,1.0,806,2025-09-29T05:28:03.255038,0.0,0.0,0.0,0.0,0.0,0.0,0.0,1.0,0.0,0.0,791,2025-09-29T05:28:03.307932
404,17,19,2025-09-29 05:28:03.461403,0.7517171004546542,0.8268888105001198,0.07517171004546543,0.000633766767377945,0.7517171004546542,2227952.9295067587,102834.89934219666,24.6,1.0,1.0,808,2025-09-29T05:28:03.352458,0.003190619228663556,0.001504619228663556,0.001686,0.000501539742887852,0.0004012317943102816,0.0006018476914654223,9271.336664052025,442.90087087658685,1.0030794857757037,1.0,808,2025-09-29T05:28:03.394287,0.0,0.0,0.0,0.0,0.0,0.0,0.0,1.0,0.0,0.0,793,2025-09-29T05:28:03.448131
405,17,20,2025-09-29 05:28:03.601679,0.7517171004546542,0.8268888105001198,0.07517171004546543,0.000633766767377945,0.7517171004546542,2233365.292630032,108247.26246547016,24.6,1.0,1.0,810,2025-09-29T05:28:03.491650,0.0031897404819501915,0.0015037404819501913,0.001686,0.0005012468273167304,0.00040099746185338436,0.0006014961927800765,9294.304293786088,465.8685006106498,1.0024936546334609,1.0,810,2025-09-29T05:28:03.533383,0.0,0.0,0.0,0.0,0.0,0.0,0.0,1.0,0.0,0.0,795,2025-09-29T05:28:03.587885
406,17,21,2025-09-29 05:28:03.740212,0.7517171004546542,0.8268888105001198,0.07517171004546543,0.000633766767377945,0.7517171004546542,2238777.6557533056,113659.62558874367,24.6,1.0,1.0,812,2025-09-29T05:28:03.632319,0.0031890290733398202,0.0015030290733398202,0.001686,0.0005010096911132734,0.00040080775289061876,0.0006012116293359281,9317.26651610196,488.8307229265214,1.0020193822265469,1.0,812,2025-09-29T05:28:03.673651,0.0,0.0,0.0,0.0,0.0,0.0,0.0,1.0,0.0,0.0,797,2025-09-29T05:28:03.726347
407,17,22,2025-09-29 05:28:03.880292,0.7517171004546542,0.8268888105001198,0.07517171004546543,0.000633766767377945,0.7517171004546542,2244190.018876579,119071.98871201718,24.6,1.0,1.0,814,2025-09-29T05:28:03.770954,0.003188453079089737,0.0015024530790897369,0.001686,0.0005008176930299123,0.0004006541544239299,0.0006009812316358947,9340.224360394106,511.7885672186676,1.0016353860598244,1.0,814,2025-09-29T05:28:03.812835,0.0,0.0,0.0,0.0,0.0,0.0,0.0,1.0,0.0,0.0,799,2025-09-29T05:28:03.866994
408,17,23,2025-09-29 05:28:04.018209,0.7517171004546542,0.8268888105001198,0.07517171004546543,0.000633766767377945,0.7517171004546542,2249602.3819998526,124484.35183529068,24.6,1.0,1.0,816,2025-09-29T05:28:03.910796,0.003187986685560037,0.001501986685560037,0.001686,0.0005006622285200123,0.0004005297828160099,0.0006007946742240147,9363.178659788862,534.7428666134234,1.0013244570400244,1.0,816,2025-09-29T05:28:03.952770,0.0,0.0,0.0,0.0,0.0,0.0,0.0,1.0,0.0,0.0,801,2025-09-29T05:28:04.005027
409,18,0,2025-09-29 05:28:04.155341,0.7700168106797208,0.847018491747693,0.07700168106797209,0.0006401975512393962,0.7700168106797208,2255146.5030367463,0.0,25.2,1.0,1.0,818,2025-09-29T05:28:04.048806,0.0032500280181814714,0.0015640280181814714,0.001686,0.0005213426727271571,0.00041707413818172574,0.0006256112072725885,9386.58271151989,0.0,1.0426853454543141,1.0,818,2025-09-29T05:28:04.090375,0.0,0.0,0.0,0.0,0.0,0.0,0.0,1.0,0.0,0.0,803,2025-09-29T05:28:04.143170
410,18,1,2025-09-29 05:28:04.293297,0.7700168106797208,0.847018491747693,0.07700168106797209,0.0006401975512393962,0.7700168106797208,2260690.62407364,5544.12103689399,25.2,1.0,1.0,820,2025-09-29T05:28:04.185467,0.0032468557311358826,0.0015608557311358826,0.001686,0.0005202852437119609,0.00041622819496956874,0.000624342292454353,9409.966358929654,23.38364740976531,1.0405704874239214,1.0,820,2025-09-29T05:28:04.227224,0.0,0.0,0.0,0.0,0.0,0.0,0.0,1.0,0.0,0.0,805,2025-09-29T05:28:04.279342
411,18,2,2025-09-29 05:28:04.430637,0.7700168106797208,0.847018491747693,0.07700168106797209,0.0006401975512393962,0.7700168106797208,2266234.7451105337,11088.24207378798,25.2,1.0,1.0,822,2025-09-29T05:28:04.323893,0.003242532827746354,0.001556532827746354,0.001686,0.0005188442759154514,0.0004150754207323611,0.0006226131310985416,9433.320838921944,46.73812740205332,1.0376885518309027,1.0,822,2025-09-29T05:28:04.365956,0.0,0.0,0.0,0.0,0.0,0.0,0.0,1.0,0.0,0.0,807,2025-09-29T05:28:04.418851
412,18,3,2025-09-29 05:28:04.568783,0.7700168106797208,0.847018491747693,0.07700168106797209,0.0006401975512393962,0.7700168106797208,2271778.8661474274,16632.36311068197,25.2,1.0,1.0,824,2025-09-29T05:28:04.461219,0.0032372879099239263,0.001551287909923926,0.001686,0.000517095969974642,0.0004136767759797136,0.0006205151639695704,9456.639122512159,70.05641099226901,1.034191939949284,1.0,824,2025-09-29T05:28:04.502655,0.0,0.0,0.0,0.0,0.0,0.0,0.0,1.0,0.0,0.0,809,2025-09-29T05:28:04.557020
413,18,4,2025-09-29 05:28:04.708915,0.7700168106797208,0.847018491747693,0.07700168106797209,0.0006401975512393962,0.7700168106797208,2277322.987184321,22176.48414757596,25.2,1.0,1.0,826,2025-09-29T05:28:04.599165,0.0032313070957748985,0.0015453070957748985,0.001686,0.0005151023652582995,0.00041208189220663964,0.0006181228383099595,9479.915593543608,93.33288202371979,1.030204730516599,1.0,826,2025-09-29T05:28:04.641134,0.0,0.0,0.0,0.0,0.0,0.0,0.0,1.0,0.0,0.0,811,2025-09-29T05:28:04.695590
414,18,5,2025-09-29 05:28:04.850351,0.7700168106797208,0.847018491747693,0.07700168106797209,0.0006401975512393962,0.7700168106797208,2282867.1082212147,27720.605184469954,25.2,1.0,1.0,828,2025-09-29T05:28:04.740581,0.0032247415700436175,0.0015387415700436175,0.001686,0.0005129138566812058,0.0004103310853449647,0.000615496628017447,9503.14578415979,116.56307263990021,1.0258277133624114,1.0,828,2025-09-29T05:28:04.782405,0.0,0.0,0.0,0.0,0.0,0.0,0.0,1.0,0.0,0.0,813,2025-09-29T05:28:04.836682
415,18,6,2025-09-29 05:28:04.988615,0.7700168106797208,0.847018491747693,0.07700168106797209,0.0006401975512393962,0.7700168106797208,2288411.2292581084,33264.72622136395,25.2,1.0,1.0,830,2025-09-29T05:28:04.880333,0.003217713912292187,0.0015317139122921872,0.001686,0.0005105713040973957,0.0004084570432779166,0.0006126855649168749,9526.326157972282,139.743446452394,1.0211426081947912,1.0,830,2025-09-29T05:28:04.922058,0.0,0.0,0.0,0.0,0.0,0.0,0.0,1.0,0.0,0.0,815,2025-09-29T05:28:04.974787
416,18,7,2025-09-29 05:28:05.129019,0.7700168106797208,0.847018491747693,0.07700168106797209,0.0006401975512393962,0.7700168106797208,2293955.350295002,38808.84725825794,25.2,1.0,1.0,832,2025-09-29T05:28:05.018800,0.0032116371006131166,0.0015256371006131166,0.001686,0.0005085457002043722,0.00040683656016349783,0.0006102548402452467,9549.460296819769,162.87758529988065,1.0170914004087446,1.0,832,2025-09-29T05:28:05.060927,0.0,0.0,0.0,0.0,0.0,0.0,0.0,1.0,0.0,0.0,817,2025-09-29T05:28:05.115219
417,18,8,2025-09-29 05:28:05.266594,0.7700168106797208,0.847018491747693,0.07700168106797209,0.0006401975512393962,0.7700168106797208,2299499.471331896,44352.968295151935,25.2,1.0,1.0,834,2025-09-29T05:28:05.159517,0.0032067325604857176,0.0015207325604857176,0.001686,0.0005069108534952393,0.00040552868279619144,0.0006082930241942871,9572.557127700222,185.97441618033272,1.0138217069904782,1.0,834,2025-09-29T05:28:05.201600,0.0,0.0,0.0,0.0,0.0,0.0,0.0,1.0,0.0,0.0,819,2025-09-29T05:28:05.255156
418,18,9,2025-09-29 05:28:05.406807,0.7700168106797208,0.847018491747693,0.07700168106797209,0.0006401975512393962,0.7700168106797208,2305043.5923687895,49897.08933204593,25.2,1.0,1.0,836,2025-09-29T05:28:05.296971,0.003202771443238199,0.0015167714432381988,0.001686,0.0005055904810793996,0.0004044723848635197,0.0006067085772952795,9595.62383220281,209.04112068292028,1.0111809621587993,1.0,836,2025-09-29T05:28:05.338722,0.0,0.0,0.0,0.0,0.0,0.0,0.0,1.0,0.0,0.0,821,2025-09-29T05:28:05.392942
419,18,10,2025-09-29 05:28:05.547467,0.7700168106797208,0.847018491747693,0.07700168106797209,0.0006401975512393962,0.7700168106797208,2310587.713405683,55441.21036893992,25.2,1.0,1.0,838,2025-09-29T05:28:05.437249,0.00319957050290035,0.00151357050290035,0.001686,0.0005045235009667834,0.0004036188007734267,0.00060542820116014,9618.666195234777,232.0834837148878,1.0090470019335667,1.0,838,2025-09-29T05:28:05.479255,0.0,0.0,0.0,0.0,0.0,0.0,0.0,1.0,0.0,0.0,823,2025-09-29T05:28:05.533688
420,18,11,2025-09-29 05:28:05.685784,0.7700168106797208,0.847018491747693,0.07700168106797209,0.0006401975512393962,0.7700168106797208,2316131.834442577,60985.33140583392,25.2,1.0,1.0,840,2025-09-29T05:28:05.578033,0.0031969826937518725,0.0015109826937518725,0.001686,0.0005036608979172908,0.00040292871833383267,0.0006043930775007489,9641.688881538223,255.10617001833361,1.0073217958345817,1.0,840,2025-09-29T05:28:05.620190,0.0,0.0,0.0,0.0,0.0,0.0,0.0,1.0,0.0,0.0,825,2025-09-29T05:28:05.672741
421,18,12,2025-09-29 05:28:05.826276,0.7700168106797208,0.847018491747693,0.07700168106797209,0.0006401975512393962,0.7700168106797208,2321675.9554794705,66529.45244272791,25.2,1.0,1.0,842,2025-09-29T05:28:05.716770,0.0031948898120550333,0.0015088898120550333,0.001686,0.0005029632706850111,0.0004023706165480089,0.0006035559248220133,9664.695655797304,278.1129442774141,1.005926541370022,1.0,842,2025-09-29T05:28:05.758252,0.0,0.0,0.0,0.0,0.0,0.0,0.0,1.0,0.0,0.0,827,2025-09-29T05:28:05.812402
422,18,13,2025-09-29 05:28:05.963557,0.7700168106797208,0.847018491747693,0.07700168106797209,0.0006401975512393962,0.7700168106797208,2327220.0765163642,72073.57347962189,25.2,1.0,1.0,844,2025-09-29T05:28:05.856533,0.003193196703089268,0.001507196703089268,0.001686,0.0005023989010297559,0.0004019191208238048,0.0006028786812357071,9687.689558402868,301.1068468829777,1.0047978020595119,1.0,844,2025-09-29T05:28:05.898123,0.0,0.0,0.0,0.0,0.0,0.0,0.0,1.0,0.0,0.0,829,2025-09-29T05:28:05.950900
423,18,14,2025-09-29 05:28:06.104009,0.7700168106797208,0.847018491747693,0.07700168106797209,0.0006401975512393962,0.7700168106797208,2332764.197553258,77617.69451651587,25.2,1.0,1.0,846,2025-09-29T05:28:05.993940,0.003191826677588531,0.001505826677588531,0.001686,0.0005019422258628436,0.00040155378069027493,0.0006023306710354123,9710.673046176418,324.0903346565274,1.003884451725687,1.0,846,2025-09-29T05:28:06.035927,0.0,0.0,0.0,0.0,0.0,0.0,0.0,1.0,0.0,0.0,831,2025-09-29T05:28:06.090162
424,18,15,2025-09-29 05:28:06.244748,0.7700168106797208,0.847018491747693,0.07700168106797209,0.0006401975512393962,0.7700168106797208,2338308.3185901516,83161.81555340985,25.2,1.0,1.0,848,2025-09-29T05:28:06.135101,0.003190717869880789,0.001504717869880789,0.001686,0.0005015726232935964,0.0004012580986348771,0.0006018871479523156,9733.648105281969,347.06539376207826,1.0031452465871924,1.0,848,2025-09-29T05:28:06.176601,0.0,0.0,0.0,0.0,0.0,0.0,0.0,1.0,0.0,0.0,833,2025-09-29T05:28:06.230876
425,18,16,2025-09-29 05:28:06.382422,0.7700168106797208,0.847018491747693,0.07700168106797209,0.0006401975512393962,0.7700168106797208,2343852.4396270453,88705.93659030383,25.2,1.0,1.0,850,2025-09-29T05:28:06.275232,0.003189820334174985,0.0015038203341749847,0.001686,0.0005012734447249949,0.00040101875577999593,0.0006015281336699938,9756.616341982284,370.0336304623937,1.0025468894499896,1.0,850,2025-09-29T05:28:06.317053,0.0,0.0,0.0,0.0,0.0,0.0,0.0,1.0,0.0,0.0,835,2025-09-29T05:28:06.370578
426,18,17,2025-09-29 05:28:06.519034,0.7700168106797208,0.847018491747693,0.07700168106797209,0.0006401975512393962,0.7700168106797208,2349396.560663939,94250.0576271978,25.2,1.0,1.0,852,2025-09-29T05:28:06.412966,0.0031890937227159926,0.0015030937227159926,0.001686,0.0005010312409053309,0.00040082499272426475,0.000601237489086397,9779.579055692004,392.9963441721133,1.0020624818106618,1.0,852,2025-09-29T05:28:06.454976,0.0,0.0,0.0,0.0,0.0,0.0,0.0,1.0,0.0,0.0,837,2025-09-29T05:28:06.507134
427,18,18,2025-09-29 05:28:06.659484,0.7700168106797208,0.847018491747693,0.07700168106797209,0.0006401975512393962,0.7700168106797208,2354940.6817008327,99794.17866409179,25.2,1.0,1.0,854,2025-09-29T05:28:06.549519,0.003188505424802727,0.0015025054248027272,0.001686,0.0005008351416009091,0.0004006681132807273,0.0006010021699210909,9802.537297849993,415.9545863301028,1.0016702832018183,1.0,854,2025-09-29T05:28:06.591259,0.0,0.0,0.0,0.0,0.0,0.0,0.0,1.0,0.0,0.0,839,2025-09-29T05:28:06.645483
428,18,19,2025-09-29 05:28:06.796774,0.7700168106797208,0.847018491747693,0.07700168106797209,0.0006401975512393962,0.7700168106797208,2360484.8027377264,105338.29970098576,25.2,1.0,1.0,856,2025-09-29T05:28:06.689807,0.0031880290722853945,0.0015020290722853945,0.001686,0.0005006763574284648,0.00040054108594277186,0.0006008116289141578,9825.491919409063,438.90920788917333,1.0013527148569294,1.0,856,2025-09-29T05:28:06.731022,0.0,0.0,0.0,0.0,0.0,0.0,0.0,1.0,0.0,0.0,841,2025-09-29T05:28:06.785124
429,18,20,2025-09-29 05:28:06.933440,0.7700168106797208,0.847018491747693,0.07700168106797209,0.0006401975512393962,0.7700168106797208,2366028.92377462,110882.42073787974,25.2,1.0,1.0,858,2025-09-29T05:28:06.827031,0.003187643337455424,0.0015016433374554238,0.001686,0.0005005477791518079,0.00040043822332144633,0.0006006573349821695,9848.443609173677,461.8608976537874,1.0010955583036159,1.0,858,2025-09-29T05:28:06.868287,0.0,0.0,0.0,0.0,0.0,0.0,0.0,1.0,0.0,0.0,842,2025-09-29T05:28:06.920689
430,18,21,2025-09-29 05:28:07.071077,0.7700168106797208,0.847018491747693,0.07700168106797209,0.0006401975512393962,0.7700168106797208,2371573.0448115137,116426.54177477372,25.2,1.0,1.0,860,2025-09-29T05:28:06.963803,0.0031873309648604367,0.0015013309648604367,0.001686,0.000500443654953479,0.0004003549239627832,0.0006005323859441747,9871.392924768987,484.8102132490974,1.0008873099069577,1.0,860,2025-09-29T05:28:07.005581,0.0,0.0,0.0,0.0,0.0,0.0,0.0,1.0,0.0,0.0,844,2025-09-29T05:28:07.057165
431,18,22,2025-09-29 05:28:07.207940,0.7700168106797208,0.847018491747693,0.07700168106797209,0.0006401975512393962,0.7700168106797208,2377117.1658484074,121970.6628116677,25.2,1.0,1.0,862,2025-09-29T05:28:07.101624,0.003187077990692643,0.001501077990692643,0.001686,0.000500359330230881,0.0004002874641847048,0.0006004311962770571,9894.340317670372,507.75760615048245,1.000718660461762,1.0,862,2025-09-29T05:28:07.143062,0.0,0.0,0.0,0.0,0.0,0.0,0.0,1.0,0.0,0.0,846,2025-09-29T05:28:07.194095
432,18,23,2025-09-29 05:28:07.347694,0.7700168106797208,0.847018491747693,0.07700168106797209,0.0006401975512393962,0.7700168106797208,2382661.286885301,127514.78384856168,25.2,1.0,1.0,864,2025-09-29T05:28:07.238761,0.0031868731128641484,0.0015008731128641484,0.001686,0.0005002910376213828,0.00040023283009710627,0.0006003492451456593,9917.286153441057,530.7034419211677,1.0005820752427657,1.0,864,2025-09-29T05:28:07.280476,0.0,0.0,0.0,0.0,0.0,0.0,0.0,1.0,0.0,0.0,848,2025-09-29T05:28:07.334391
433,19,0,2025-09-29 05:28:07.485298,0.744954461525194,0.8194499076777134,0.07449544615251939,0.0006052849575666821,0.744954461525194,2388024.9590082825,0.0,24.0,1.0,1.0,866,2025-09-29T05:28:07.378608,0.003069313566328008,0.001383313566328008,0.001686,0.000461104522109336,0.00036888361768746885,0.0005533254265312032,9939.379853268065,0.0,0.9222090442186719,1.0,866,2025-09-29T05:28:07.419908,0.0,0.0,0.0,0.0,0.0,0.0,0.0,1.0,0.0,0.0,850,2025-09-29T05:28:07.473216
434,19,1,2025-09-29 05:28:07.624903,0.744954461525194,0.8194499076777134,0.07449544615251939,0.0006052849575666821,0.744954461525194,2393388.631131264,5363.672122981397,24.0,1.0,1.0,868,2025-09-29T05:28:07.516169,0.0030742521119999384,0.0013882521119999384,0.001686,0.00046275070399997946,0.0003702005631999836,0.0005553008447999753,9961.504479163048,22.124625894983197,0.925501407999959,1.0,868,2025-09-29T05:28:07.558233,0.0,0.0,0.0,0.0,0.0,0.0,0.0,1.0,0.0,0.0,852,2025-09-29T05:28:07.611042
435,19,2,2025-09-29 05:28:07.765465,0.744954461525194,0.8194499076777134,0.07449544615251939,0.0006052849575666821,0.744954461525194,2398752.3032542453,10727.344245962793,24.0,1.0,1.0,870,2025-09-29T05:28:07.655493,0.0030814120950072724,0.0013954120950072724,0.001686,0.0004651373650024242,0.00037210989200193935,0.000558164838002909,9983.676853297096,44.29700002903208,0.9302747300048483,1.0,870,2025-09-29T05:28:07.697425,0.0,0.0,0.0,0.0,0.0,0.0,0.0,1.0,0.0,0.0,854,2025-09-29T05:28:07.751488
436,19,3,2025-09-29 05:28:07.905275,0.744954461525194,0.8194499076777134,0.07449544615251939,0.0006052849575666821,0.744954461525194,2404115.9753772267,16091.016368944189,24.0,1.0,1.0,872,2025-09-29T05:28:07.796245,0.0030904058641297825,0.0014044058641297825,0.001686,0.00046813528804326085,0.0003745082304346087,0.000561762345651913,10005.91083693757,66.53098366950599,0.9362705760865214,1.0,872,2025-09-29T05:28:07.838615,0.0,0.0,0.0,0.0,0.0,0.0,0.0,1.0,0.0,0.0,856,2025-09-29T05:28:07.892930
437,19,4,2025-09-29 05:28:08.045548,0.744954461525194,0.8194499076777134,0.07449544615251939,0.0006052849575666821,0.744954461525194,2409479.647500208,21454.688491925586,24.0,1.0,1.0,874,2025-09-29T05:28:07.936272,0.0031009241342814194,0.0014149241342814194,0.001686,0.00047164137809380645,0.00037731310247504516,0.0005659696537125677,10028.217932133844,88.83807886578042,0.9432827561876128,1.0,874,2025-09-29T05:28:07.978156,0.0,0.0,0.0,0.0,0.0,0.0,0.0,1.0,0.0,0.0,858,2025-09-29T05:28:08.032378
438,19,5,2025-09-29 05:28:08.182621,0.744954461525194,0.8194499076777134,0.07449544615251939,0.0006052849575666821,0.744954461525194,2414843.3196231895,26818.360614906986,24.0,1.0,1.0,876,2025-09-29T05:28:08.075721,0.0031127190937463626,0.0014267190937463626,0.001686,0.00047557303124878754,0.0003804584249990301,0.000570687637498545,10050.607752632961,111.22789936489633,0.9511460624975748,1.0,876,2025-09-29T05:28:08.117527,0.0,0.0,0.0,0.0,0.0,0.0,0.0,1.0,0.0,0.0,860,2025-09-29T05:28:08.171177
439,19,6,2025-09-29 05:28:08.321837,0.744954461525194,0.8194499076777134,0.07449544615251939,0.0006052849575666821,0.744954461525194,2420206.991746171,32182.032737888385,24.0,1.0,1.0,878,2025-09-29T05:28:08.212524,0.0031255915193749645,0.0014395915193749647,0.001686,0.0004798638397916549,0.00038389107183332393,0.0005758366077499859,10073.08839537672,133.70854210865772,0.9597276795833097,1.0,878,2025-09-29T05:28:08.254106,0.0,0.0,0.0,0.0,0.0,0.0,0.0,1.0,0.0,0.0,862,2025-09-29T05:28:08.307925
440,19,7,2025-09-29 05:28:08.461101,0.744954461525194,0.8194499076777134,0.07449544615251939,0.0006052849575666821,0.744954461525194,2425570.6638691523,37545.70486086978,24.0,1.0,1.0,880,2025-09-29T05:28:08.352241,0.0031368788693338554,0.0014508788693338554,0.001686,0.00048362628977795176,0.0003869010318223614,0.0005803515477335421,10095.654635771303,156.2747825032401,0.9672525795559034,1.0,880,2025-09-29T05:28:08.394110,0.0,0.0,0.0,0.0,0.0,0.0,0.0,1.0,0.0,0.0,864,2025-09-29T05:28:08.447240
441,19,8,2025-09-29 05:28:08.598269,0.744954461525194,0.8194499076777134,0.07449544615251939,0.0006052849575666821,0.744954461525194,2430934.3359921337,42909.37698385118,24.0,1.0,1.0,882,2025-09-29T05:28:08.491661,0.003146086465798736,0.0014600864657987362,0.001686,0.00048669548859957875,0.00038935639087966305,0.0005840345863194945,10118.29073080925,178.9108775411882,0.9733909771991572,1.0,882,2025-09-29T05:28:08.533175,0.0,0.0,0.0,0.0,0.0,0.0,0.0,1.0,0.0,0.0,866,2025-09-29T05:28:08.586242
442,19,9,2025-09-29 05:28:08.738701,0.744954461525194,0.8194499076777134,0.07449544615251939,0.0006052849575666821,0.744954461525194,2436298.008115115,48273.04910683258,24.0,1.0,1.0,884,2025-09-29T05:28:08.628899,0.0031535874363790863,0.0014675874363790863,0.001686,0.0004891958121263621,0.00039135664970108973,0.0005870349745516345,10140.98375197315,201.60389870508655,0.9783916242527241,1.0,884,2025-09-29T05:28:08.671098,0.0,0.0,0.0,0.0,0.0,0.0,0.0,1.0,0.0,0.0,868,2025-09-29T05:28:08.724822
443,19,10,2025-09-29 05:28:08.875485,0.744954461525194,0.8194499076777134,0.07449544615251939,0.0006052849575666821,0.744954461525194,2441661.6802380965,53636.72122981398,24.0,1.0,1.0,886,2025-09-29T05:28:08.769293,0.003159691461518076,0.001473691461518076,0.001686,0.000491230487172692,0.0003929843897381536,0.0005894765846072304,10163.723110157158,224.343256889093,0.9824609743453838,1.0,886,2025-09-29T05:28:08.810904,0.0,0.0,0.0,0.0,0.0,0.0,0.0,1.0,0.0,0.0,870,2025-09-29T05:28:08.862707
444,19,11,2025-09-29 05:28:09.014918,0.744954461525194,0.8194499076777134,0.07449544615251939,0.0006052849575666821,0.744954461525194,2447025.352361078,59000.39335279538,24.0,1.0,1.0,888,2025-09-29T05:28:08.905960,0.003164654327664258,0.001478654327664258,0.001686,0.000492884775888086,0.00039430782071046876,0.0005914617310657031,10186.500150835836,247.1202975677723,0.9857695517761719,1.0,888,2025-09-29T05:28:08.947790,0.0,0.0,0.0,0.0,0.0,0.0,0.0,1.0,0.0,0.0,872,2025-09-29T05:28:09.001007
445,19,12,2025-09-29 05:28:09.155548,0.744954461525194,0.8194499076777134,0.07449544615251939,0.0006052849575666821,0.744954461525194,2452389.0244840593,64364.06547577678,24.0,1.0,1.0,890,2025-09-29T05:28:09.045830,0.003168686498213752,0.0014826864982137517,0.001686,0.0004942288327379172,0.00039538306619033383,0.0005930745992855006,10209.307812783465,269.92795951540046,0.9884576654758342,1.0,890,2025-09-29T05:28:09.087416,0.0,0.0,0.0,0.0,0.0,0.0,0.0,1.0,0.0,0.0,874,2025-09-29T05:28:09.141657
446,19,13,2025-09-29 05:28:09.295701,0.744954461525194,0.8194499076777134,0.07449544615251939,0.0006052849575666821,0.744954461525194,2457752.6966070407,69727.73759875818,24.0,1.0,1.0,892,2025-09-29T05:28:09.185868,0.003171960615147665,0.0014859606151476652,0.001686,0.0004953202050492217,0.00039625616403937735,0.000594384246059066,10232.140342740568,292.7604894725032,0.9906404100984433,1.0,892,2025-09-29T05:28:09.227665,0.0,0.0,0.0,0.0,0.0,0.0,0.0,1.0,0.0,0.0,876,2025-09-29T05:28:09.281751
447,19,14,2025-09-29 05:28:09.433761,0.744954461525194,0.8194499076777134,0.07449544615251939,0.0006052849575666821,0.744954461525194,2463116.368730022,75091.40972173958,24.0,1.0,1.0,894,2025-09-29T05:28:09.326104,0.003174617949083952,0.0014886179490839519,0.001686,0.000496205983027984,0.0003969647864223872,0.0005954471796335807,10254.993058389666,315.61320512160074,0.9924119660559677,1.0,894,2025-09-29T05:28:09.367813,0.0,0.0,0.0,0.0,0.0,0.0,0.0,1.0,0.0,0.0,878,2025-09-29T05:28:09.421103
448,19,15,2025-09-29 05:28:09.573081,0.744954461525194,0.8194499076777134,0.07449544615251939,0.0006052849575666821,0.744954461525194,2468480.0408530035,80455.08184472097,24.0,1.0,1.0,896,2025-09-29T05:28:09.464392,0.00317677387270009,0.00149077387270009,0.001686,0.0004969246242333634,0.00039753969938669074,0.000596309549080036,10277.862152455817,338.482299187752,0.9938492484667266,1.0,896,2025-09-29T05:28:09.506288,0.0,0.0,0.0,0.0,0.0,0.0,0.0,1.0,0.0,0.0,880,2025-09-29T05:28:09.560494
449,19,16,2025-09-29 05:28:09.711122,0.744954461525194,0.8194499076777134,0.07449544615251939,0.0006052849575666821,0.744954461525194,2473843.712975985,85818.75396770237,24.0,1.0,1.0,898,2025-09-29T05:28:09.603868,0.0031785224594680166,0.0014925224594680166,0.001686,0.0004975074864893388,0.0003980059891914711,0.0005970089837872065,10300.744531443535,361.36467817547106,0.9950149729786777,1.0,898,2025-09-29T05:28:09.645406,0.0,0.0,0.0,0.0,0.0,0.0,0.0,1.0,0.0,0.0,882,2025-09-29T05:28:09.697643
450,19,17,2025-09-29 05:28:09.851055,0.744954461525194,0.8194499076777134,0.07449544615251939,0.0006052849575666821,0.744954461525194,2479207.3850989663,91182.42609068377,24.0,1.0,1.0,900,2025-09-29T05:28:09.741675,0.0031799403181133525,0.0014939403181133525,0.001686,0.0004979801060377842,0.00039838408483022737,0.000597576127245341,10323.637683307683,384.2578300396186,0.9959602120755683,1.0,900,2025-09-29T05:28:09.783321,0.0,0.0,0.0,0.0,0.0,0.0,0.0,1.0,0.0,0.0,884,2025-09-29T05:28:09.837188
451,19,18,2025-09-29 05:28:09.991861,0.744954461525194,0.8194499076777134,0.07449544615251939,0.0006052849575666821,0.744954461525194,2484571.0572219477,96546.09821366517,24.0,1.0,1.0,902,2025-09-29T05:28:09.881912,0.0031810897709236554,0.0014950897709236554,0.001686,0.0004983632569745518,0.0003986906055796415,0.0005980359083694621,10346.539569142076,407.15971587401185,0.9967265139491035,1.0,902,2025-09-29T05:28:09.924290,0.0,0.0,0.0,0.0,0.0,0.0,0.0,1.0,0.0,0.0,886,2025-09-29T05:28:09.978250
452,19,19,2025-09-29 05:28:10.130625,0.744954461525194,0.8194499076777134,0.07449544615251939,0.0006052849575666821,0.744954461525194,2489934.729344929,101909.77033664657,24.0,1.0,1.0,904,2025-09-29T05:28:10.022378,0.0031820214759783003,0.0014960214759783003,0.001686,0.0004986738253261001,0.0003989390602608801,0.0005984085903913202,10369.448534706342,430.06868143827785,0.9973476506522,1.0,904,2025-09-29T05:28:10.064158,0.0,0.0,0.0,0.0,0.0,0.0,0.0,1.0,0.0,0.0,888,2025-09-29T05:28:10.118268
453,19,20,2025-09-29 05:28:10.268562,0.744954461525194,0.8194499076777134,0.07449544615251939,0.0006052849575666821,0.744954461525194,2495298.4014679105,107273.44245962797,24.0,1.0,1.0,906,2025-09-29T05:28:10.160809,0.003182776582676947,0.001496776582676947,0.001686,0.0004989255275589823,0.00039914042204718586,0.0005987106330707788,10392.36323827499,452.9833850069251,0.9978510551179645,1.0,906,2025-09-29T05:28:10.202633,0.0,0.0,0.0,0.0,0.0,0.0,0.0,1.0,0.0,0.0,890,2025-09-29T05:28:10.256519
454,19,21,2025-09-29 05:28:10.406090,0.744954461525194,0.8194499076777134,0.07449544615251939,0.0006052849575666821,0.744954461525194,2500662.073590892,112637.11458260937,24.0,1.0,1.0,908,2025-09-29T05:28:10.298998,0.0031833884984849236,0.0014973884984849236,0.001686,0.0004991294994949745,0.00039930359959597963,0.0005989553993939694,10415.282591874358,475.90273860629367,0.9982589989899487,1.0,908,2025-09-29T05:28:10.339992,0.0,0.0,0.0,0.0,0.0,0.0,0.0,1.0,0.0,0.0,892,2025-09-29T05:28:10.393787
455,19,22,2025-09-29 05:28:10.545983,0.744954461525194,0.8194499076777134,0.07449544615251939,0.0006052849575666821,0.744954461525194,2506025.7457138733,118000.78670559077,24.0,1.0,1.0,910,2025-09-29T05:28:10.436444,0.0031838843336680126,0.0014978843336680126,0.001686,0.0004992947778893375,0.00039943582231147007,0.000599153733467205,10438.20571347363,498.8258602055655,0.998589555778675,1.0,910,2025-09-29T05:28:10.478201,0.0,0.0,0.0,0.0,0.0,0.0,0.0,1.0,0.0,0.0,894,2025-09-29T05:28:10.532405
456,19,23,2025-09-29 05:28:10.685851,0.744954461525194,0.8194499076777134,0.07449544615251939,0.0006052849575666821,0.744954461525194,2511389.4178368547,123364.45882857217,24.0,1.0,1.0,912,2025-09-29T05:28:10.576636,0.003184286080521465,0.001498286080521465,0.001686,0.000499428693507155,0.00039954295480572403,0.000599314432208586,10461.13188812093,521.7520348528642,0.9988573870143097,1.0,912,2025-09-29T05:28:10.617975,0.0,0.0,0.0,0.0,0.0,0.0,0.0,1.0,0.0,0.0,896,2025-09-29T05:28:10.671929
457,20,0,2025-09-29 05:28:10.824369,0.7351671331411278,0.8086838464552406,0.07351671331411279,0.0006258605824212554,0.7351671331411278,2516682.6211954704,0.0,24.0,1.0,1.0,914,2025-09-29T05:28:10.716975,0.0031846115744592687,0.0014986115744592687,0.001686,0.000499537191486423,0.00039962975318913837,0.0005994446297837075,10484.060536372486,0.0,0.9990743829728459,1.0,914,2025-09-29T05:28:10.758003,0.0,0.0,0.0,0.0,0.0,0.0,0.0,1.0,0.0,0.0,898,2025-09-29T05:28:10.810497
458,20,1,2025-09-29 05:28:10.962478,0.7351671331411278,0.8086838464552406,0.07351671331411279,0.0006258605824212554,0.7351671331411278,2521975.824554086,5293.203358616121,24.0,1.0,1.0,916,2025-09-29T05:28:10.854756,0.0031848752763833626,0.0014988752763833624,0.001686,0.0004996250921277875,0.00039970007370223,0.0005995501105533449,10506.99118866045,22.930652287963092,0.999250184255575,1.0,916,2025-09-29T05:28:10.896715,0.0,0.0,0.0,0.0,0.0,0.0,0.0,1.0,0.0,0.0,900,2025-09-29T05:28:10.950857
459,20,2,2025-09-29 05:28:11.100344,0.7351671331411278,0.8086838464552406,0.07351671331411279,0.0006258605824212554,0.7351671331411278,2527269.027912702,10586.406717232241,24.0,1.0,1.0,918,2025-09-29T05:28:10.993082,0.0031850889089565493,0.0014990889089565493,0.001686,0.0004996963029855164,0.0003997570423884132,0.0005996355635826198,10529.923464491518,45.86292811903084,0.9993926059710327,1.0,918,2025-09-29T05:28:11.034626,0.0,0.0,0.0,0.0,0.0,0.0,0.0,1.0,0.0,0.0,902,2025-09-29T05:28:11.088934
460,20,3,2025-09-29 05:28:11.240505,0.7351671331411278,0.8086838464552406,0.07351671331411279,0.0006258605824212554,0.7351671331411278,2532562.2312713177,15879.61007584836,24.0,1.0,1.0,920,2025-09-29T05:28:11.130982,0.0031852619736610845,0.0014992619736610845,0.001686,0.0004997539912203615,0.0003998031929762892,0.0005997047894644338,10552.857055572049,68.7965191995606,0.9995079824407227,1.0,920,2025-09-29T05:28:11.172796,0.0,0.0,0.0,0.0,0.0,0.0,0.0,1.0,0.0,0.0,903,2025-09-29T05:28:11.226620
461,20,4,2025-09-29 05:28:11.380804,0.7351671331411278,0.8086838464552406,0.07351671331411279,0.0006258605824212554,0.7351671331411278,2537855.4346299334,21172.813434464482,24.0,1.0,1.0,922,2025-09-29T05:28:11.271228,0.003185402170717792,0.0014994021707177918,0.001686,0.0004998007235725974,0.0003998405788580779,0.0005997608682871168,10575.791712122458,91.7311757499702,0.9996014471451946,1.0,922,2025-09-29T05:28:11.313418,0.0,0.0,0.0,0.0,0.0,0.0,0.0,1.0,0.0,0.0,905,2025-09-29T05:28:11.366850
462,20,5,2025-09-29 05:28:11.521223,0.7351671331411278,0.8086838464552406,0.07351671331411279,0.0006258605824212554,0.7351671331411278,2543148.637988549,26466.016793080602,24.0,1.0,1.0,924,2025-09-29T05:28:11.411244,0.0031855157399439003,0.0014995157399439,0.001686,0.0004998385799813,0.00039987086398504007,0.00059980629597756,10598.727231780776,114.66669540828907,0.9996771599626,1.0,924,2025-09-29T05:28:11.453259,0.0,0.0,0.0,0.0,0.0,0.0,0.0,1.0,0.0,0.0,907,2025-09-29T05:28:11.507372
463,20,6,2025-09-29 05:28:11.660012,0.7351671331411278,0.8086838464552406,0.07351671331411279,0.0006258605824212554,0.7351671331411278,2548441.841347165,31759.22015169672,24.0,1.0,1.0,926,2025-09-29T05:28:11.551267,0.003185607737322768,0.001499607737322768,0.001686,0.000499869245774256,0.0003998953966194048,0.0005998430949291072,10621.663450607226,137.60291423473944,0.9997384915485118,1.0,926,2025-09-29T05:28:11.593033,0.0,0.0,0.0,0.0,0.0,0.0,0.0,1.0,0.0,0.0,909,2025-09-29T05:28:11.646095
464,20,7,2025-09-29 05:28:11.800383,0.7351671331411278,0.8086838464552406,0.07351671331411279,0.0006258605824212554,0.7351671331411278,2553735.0447057807,37052.423510312845,24.0,1.0,1.0,928,2025-09-29T05:28:11.690754,0.003185682259337092,0.0014996822593370922,0.001686,0.0004998940864456974,0.0003999152691565579,0.0005998729037348368,10644.600235793147,160.5396994206592,0.9997881728913945,1.0,928,2025-09-29T05:28:11.732214,0.0,0.0,0.0,0.0,0.0,0.0,0.0,1.0,0.0,0.0,911,2025-09-29T05:28:11.786515
465,20,8,2025-09-29 05:28:11.940345,0.7351671331411278,0.8086838464552406,0.07351671331411279,0.0006258605824212554,0.7351671331411278,2559028.2480643964,42345.62686892897,24.0,1.0,1.0,930,2025-09-29T05:28:11.831197,0.0031857426248834055,0.0014997426248834055,0.001686,0.0004999142082944685,0.00039993136663557484,0.0005998970499533623,10667.537479752074,183.4769433795872,0.9998284165889371,1.0,930,2025-09-29T05:28:11.873126,0.0,0.0,0.0,0.0,0.0,0.0,0.0,1.0,0.0,0.0,913,2025-09-29T05:28:11.926896
466,20,9,2025-09-29 05:28:12.079347,0.7351671331411278,0.8086838464552406,0.07351671331411279,0.0006258605824212554,0.7351671331411278,2564321.451423012,47638.8302275451,24.0,1.0,1.0,932,2025-09-29T05:28:11.970743,0.0031857915227571153,0.0014997915227571153,0.001686,0.0004999305075857051,0.00039994440606856414,0.0005999166091028461,10690.475095331467,206.41455895898048,0.9998610151714099,1.0,932,2025-09-29T05:28:12.011875,0.0,0.0,0.0,0.0,0.0,0.0,0.0,1.0,0.0,0.0,915,2025-09-29T05:28:12.065366
467,20,10,2025-09-29 05:28:12.219660,0.7351671331411278,0.8086838464552406,0.07351671331411279,0.0006258605824212554,0.7351671331411278,2569614.654781628,52932.033586161226,24.0,1.0,1.0,934,2025-09-29T05:28:12.109820,0.0031858311312035013,0.001499831131203501,0.001686,0.000499943710401167,0.00039995496832093364,0.0005999324524814004,10713.413011932838,229.35247556035193,0.9998874208023338,1.0,934,2025-09-29T05:28:12.151411,0.0,0.0,0.0,0.0,0.0,0.0,0.0,1.0,0.0,0.0,917,2025-09-29T05:28:12.205728
468,20,11,2025-09-29 05:28:12.358111,0.7351671331411278,0.8086838464552406,0.07351671331411279,0.0006258605824212554,0.7351671331411278,2574907.8581402437,58225.23694477735,24.0,1.0,1.0,936,2025-09-29T05:28:12.249808,0.003185863214811865,0.001499863214811865,0.001686,0.0004999544049372884,0.0003999635239498307,0.0005999452859247461,10736.35117236818,252.29063599569406,0.9999088098745768,1.0,936,2025-09-29T05:28:12.291288,0.0,0.0,0.0,0.0,0.0,0.0,0.0,1.0,0.0,0.0,919,2025-09-29T05:28:12.345351
469,20,12,2025-09-29 05:28:12.496678,0.7351671331411278,0.8086838464552406,0.07351671331411279,0.0006258605824212554,0.7351671331411278,2580201.0614988594,63518.44030339348,24.0,1.0,1.0,938,2025-09-29T05:28:12.389075,0.0031858892030377436,0.0014998892030377436,0.001686,0.0004999630676792479,0.0003999704541433984,0.0005999556812150975,10759.289530313086,275.2289939405996,0.9999261353584956,1.0,938,2025-09-29T05:28:12.430643,0.0,0.0,0.0,0.0,0.0,0.0,0.0,1.0,0.0,0.0,921,2025-09-29T05:28:12.484839
470,20,13,2025-09-29 05:28:12.636627,0.7351671331411278,0.8086838464552406,0.07351671331411279,0.0006258605824212554,0.7351671331411278,2585494.264857475,68811.6436620096,24.0,1.0,1.0,940,2025-09-29T05:28:12.527204,0.003185910253830797,0.0014999102538307968,0.001686,0.0004999700846102656,0.0003999760676882125,0.0005999641015323187,10782.228048243394,298.1675118709069,0.9999401692205311,1.0,940,2025-09-29T05:28:12.568762,0.0,0.0,0.0,0.0,0.0,0.0,0.0,1.0,0.0,0.0,923,2025-09-29T05:28:12.622801
471,20,14,2025-09-29 05:28:12.777702,0.7351671331411278,0.8086838464552406,0.07351671331411279,0.0006258605824212554,0.7351671331411278,2590787.468216091,74104.84702062573,24.0,1.0,1.0,942,2025-09-29T05:28:12.667150,0.003185927305189746,0.0014999273051897462,0.001686,0.000499975768396582,0.0003999806147172656,0.0005999709220758984,10805.166695763619,321.1061593911319,0.9999515367931638,1.0,942,2025-09-29T05:28:12.709475,0.0,0.0,0.0,0.0,0.0,0.0,0.0,1.0,0.0,0.0,925,2025-09-29T05:28:12.763763
472,20,15,2025-09-29 05:28:12.917421,0.7351671331411278,0.8086838464552406,0.07351671331411279,0.0006258605824212554,0.7351671331411278,2596080.6715747067,79398.05037924186,24.0,1.0,1.0,944,2025-09-29T05:28:12.808951,0.003185941116932593,0.0014999411169325928,0.001686,0.0004999803723108642,0.0003999842978486914,0.0005999764467730371,10828.105448252822,344.0449118803333,0.9999607446217283,1.0,944,2025-09-29T05:28:12.850598,0.0,0.0,0.0,0.0,0.0,0.0,0.0,1.0,0.0,0.0,927,2025-09-29T05:28:12.904583
473,20,16,2025-09-29 05:28:13.056871,0.7351671331411278,0.8086838464552406,0.07351671331411279,0.0006258605824212554,0.7351671331411278,2601373.8749333224,84691.25373785799,24.0,1.0,1.0,946,2025-09-29T05:28:12.947925,0.0031859523045375295,0.0014999523045375292,0.001686,0.0004999841015125097,0.00039998728121000784,0.0005999809218150117,10851.044285767644,366.98374939515554,0.9999682030250194,1.0,946,2025-09-29T05:28:12.989822,0.0,0.0,0.0,0.0,0.0,0.0,0.0,1.0,0.0,0.0,929,2025-09-29T05:28:13.042906
474,20,17,2025-09-29 05:28:13.197044,0.7351671331411278,0.8086838464552406,0.07351671331411279,0.0006258605824212554,0.7351671331411278,2606667.078291938,89984.45709647411,24.0,1.0,1.0,948,2025-09-29T05:28:13.087341,0.003185961366558697,0.0014999613665586972,0.001686,0.0004999871221862324,0.00039998969774898593,0.0005999845466234788,10873.983192153712,389.9226557812228,0.9999742443724648,1.0,948,2025-09-29T05:28:13.128942,0.0,0.0,0.0,0.0,0.0,0.0,0.0,1.0,0.0,0.0,931,2025-09-29T05:28:13.183170
475,20,18,2025-09-29 05:28:13.335635,0.7351671331411278,0.8086838464552406,0.07351671331411279,0.0006258605824212554,0.7351671331411278,2611960.281650554,95277.66045509024,24.0,1.0,1.0,950,2025-09-29T05:28:13.227265,0.003185968706835977,0.0014999687068359769,0.001686,0.0004999895689453256,0.0003999916551562605,0.0005999874827343907,10896.92215432581,412.86161795332123,0.9999791378906511,1.0,950,2025-09-29T05:28:13.269397,0.0,0.0,0.0,0.0,0.0,0.0,0.0,1.0,0.0,0.0,933,2025-09-29T05:28:13.323361
476,20,19,2025-09-29 05:28:13.475965,0.7351671331411278,0.8086838464552406,0.07351671331411279,0.0006258605824212554,0.7351671331411278,2617253.4850091697,100570.86381370637,24.0,1.0,1.0,952,2025-09-29T05:28:13.366322,0.0031859746524869046,0.0014999746524869046,0.001686,0.0004999915508289682,0.00039999324066317463,0.0005999898609947619,10919.861161684805,435.8006253123169,0.9999831016579364,1.0,952,2025-09-29T05:28:13.407921,0.0,0.0,0.0,0.0,0.0,0.0,0.0,1.0,0.0,0.0,935,2025-09-29T05:28:13.462094
477,20,20,2025-09-29 05:28:13.615143,0.7351671331411278,0.8086838464552406,0.07351671331411279,0.0006258605824212554,0.7351671331411278,2622546.6883677854,105864.0671723225,24.0,1.0,1.0,954,2025-09-29T05:28:13.506458,0.0031859794684814323,0.0014999794684814323,0.001686,0.0004999931561604775,0.000399994524928382,0.0005999917873925729,10942.800205645326,458.7396692728383,0.9999863123209548,1.0,954,2025-09-29T05:28:13.548043,0.0,0.0,0.0,0.0,0.0,0.0,0.0,1.0,0.0,0.0,937,2025-09-29T05:28:13.602034
478,20,21,2025-09-29 05:28:13.754330,0.7351671331411278,0.8086838464552406,0.07351671331411279,0.0006258605824212554,0.7351671331411278,2627839.891726401,111157.27053093862,24.0,1.0,1.0,956,2025-09-29T05:28:13.645717,0.0031859833694483346,0.0014999833694483346,0.001686,0.0004999944564827783,0.00039999556518622263,0.0005999933477793339,10965.739279253174,481.6787428806866,0.9999889129655564,1.0,956,2025-09-29T05:28:13.687150,0.0,0.0,0.0,0.0,0.0,0.0,0.0,1.0,0.0,0.0,939,2025-09-29T05:28:13.740685
479,20,22,2025-09-29 05:28:13.894116,0.7351671331411278,0.8086838464552406,0.07351671331411279,0.0006258605824212554,0.7351671331411278,2633133.095085017,116450.47388955475,24.0,1.0,1.0,958,2025-09-29T05:28:13.784977,0.0031859865292389626,0.0014999865292389628,0.001686,0.0004999955097463209,0.00039999640779705677,0.0005999946116955851,10988.678376875418,504.6178405029296,0.9999910194926419,1.0,958,2025-09-29T05:28:13.826922,0.0,0.0,0.0,0.0,0.0,0.0,0.0,1.0,0.0,0.0,941,2025-09-29T05:28:13.880615
480,20,23,2025-09-29 05:28:14.033478,0.7351671331411278,0.8086838464552406,0.07351671331411279,0.0006258605824212554,0.7351671331411278,2638426.2984436327,121743.67724817088,24.0,1.0,1.0,960,2025-09-29T05:28:13.924523,0.0031859890886742513,0.0014999890886742513,0.001686,0.0004999963628914171,0.0003999970903131337,0.0005999956354697005,11011.61749394936,527.5569575768715,0.9999927257828339,1.0,960,2025-09-29T05:28:13.966376,0.0,0.0,0.0,0.0,0.0,0.0,0.0,1.0,0.0,0.0,943,2025-09-29T05:28:14.021094
481,21,0,2025-09-29 05:28:14.173272,0.7158533932778574,0.7874387326056431,0.07158533932778574,0.0006063676503336191,0.7158533932778574,2643580.442875233,0.0,23.2,1.0,1.0,962,2025-09-29T05:28:14.064055,0.0031067090605848445,0.0014207090605848443,0.001686,0.00047356968686161475,0.0003788557494892918,0.0005682836242339377,11033.98194828095,0.0,0.9471393737232294,1.0,962,2025-09-29T05:28:14.106016,0.0,0.0,0.0,0.0,0.0,0.0,0.0,1.0,0.0,0.0,945,2025-09-29T05:28:14.160190
482,21,1,2025-09-29 05:28:14.314125,0.7158533932778574,0.7874387326056431,0.07158533932778574,0.0006063676503336191,0.7158533932778574,2648734.5873068334,5154.144431600573,23.2,1.0,1.0,964,2025-09-29T05:28:14.203781,0.0031101750390000707,0.0014241750390000707,0.001686,0.00047472501300002354,0.00037978001040001887,0.0005696700156000282,11056.368226902703,22.38627862175229,0.949450026000047,1.0,964,2025-09-29T05:28:14.245807,0.0,0.0,0.0,0.0,0.0,0.0,0.0,1.0,0.0,0.0,947,2025-09-29T05:28:14.300258
483,21,2,2025-09-29 05:28:14.452442,0.7158533932778574,0.7874387326056431,0.07158533932778574,0.0006063676503336191,0.7158533932778574,2653888.7317384337,10308.288863201145,23.2,1.0,1.0,966,2025-09-29T05:28:14.344642,0.003115138084736309,0.001429138084736309,0.001686,0.00047637936157876967,0.0003811034892630158,0.0005716552338945236,11078.787679410514,44.80573112956234,0.9527587231575391,1.0,966,2025-09-29T05:28:14.385923,0.0,0.0,0.0,0.0,0.0,0.0,0.0,1.0,0.0,0.0,949,2025-09-29T05:28:14.439841
484,21,3,2025-09-29 05:28:14.591844,0.7158533932778574,0.7874387326056431,0.07158533932778574,0.0006063676503336191,0.7158533932778574,2659042.876170034,15462.433294801718,23.2,1.0,1.0,968,2025-09-29T05:28:14.483069,0.003121329545103225,0.001435329545103225,0.001686,0.00047844318170107503,0.00038275454536086006,0.0005741318180412901,11101.249607190894,67.26765890994304,0.95688636340215,1.0,968,2025-09-29T05:28:14.524821,0.0,0.0,0.0,0.0,0.0,0.0,0.0,1.0,0.0,0.0,951,2025-09-29T05:28:14.578629
485,21,4,2025-09-29 05:28:14.731786,0.7158533932778574,0.7874387326056431,0.07158533932778574,0.0006063676503336191,0.7158533932778574,2664197.0206016344,20616.57772640229,23.2,1.0,1.0,970,2025-09-29T05:28:14.622695,0.003128533838237438,0.001442533838237438,0.001686,0.00048084461274581266,0.00038467569019665017,0.0005770135352949751,11123.761669514595,89.7797212336447,0.9616892254916253,1.0,970,2025-09-29T05:28:14.664102,0.0,0.0,0.0,0.0,0.0,0.0,0.0,1.0,0.0,0.0,953,2025-09-29T05:28:14.717929
486,21,5,2025-09-29 05:28:14.869228,0.7158533932778574,0.7874387326056431,0.07158533932778574,0.0006063676503336191,0.7158533932778574,2669351.1650332347,25770.722158002864,23.2,1.0,1.0,972,2025-09-29T05:28:14.761833,0.003136577464843451,0.0014505774648434508,0.001686,0.00048352582161448365,0.00038682065729158695,0.0005802309859373804,11146.33020504343,112.3482567624803,0.9670516432289672,1.0,972,2025-09-29T05:28:14.803459,0.0,0.0,0.0,0.0,0.0,0.0,0.0,1.0,0.0,0.0,955,2025-09-29T05:28:14.855337
487,21,6,2025-09-29 05:28:15.009448,0.7158533932778574,0.7874387326056431,0.07158533932778574,0.0006063676503336191,0.7158533932778574,2674505.309464835,30924.866589603436,23.2,1.0,1.0,974,2025-09-29T05:28:14.899885,0.003145320468953461,0.0014593204689534612,0.001686,0.00048644015631782043,0.00038915212505425637,0.0005837281875813845,11168.960487762222,134.97853948127224,0.9728803126356408,1.0,974,2025-09-29T05:28:14.941877,0.0,0.0,0.0,0.0,0.0,0.0,0.0,1.0,0.0,0.0,957,2025-09-29T05:28:14.996478
488,21,7,2025-09-29 05:28:15.148810,0.7158533932778574,0.7874387326056431,0.07158533932778574,0.0006063676503336191,0.7158533932778574,2679659.4538964354,36079.011021204016,23.2,1.0,1.0,976,2025-09-29T05:28:15.040326,0.003152963760340822,0.001466963760340822,0.001686,0.0004889879201136073,0.0003911903360908859,0.0005867855041363288,11191.648775094922,157.6668268139718,0.9779758402272147,1.0,976,2025-09-29T05:28:15.082453,0.0,0.0,0.0,0.0,0.0,0.0,0.0,1.0,0.0,0.0,959,2025-09-29T05:28:15.134820
489,21,8,2025-09-29 05:28:15.288482,0.7158533932778574,0.7874387326056431,0.07158533932778574,0.0006063676503336191,0.7158533932778574,2684813.598328036,41233.155452804596,23.2,1.0,1.0,978,2025-09-29T05:28:15.179369,0.0031591841622969994,0.0014731841622969992,0.001686,0.0004910613874323331,0.00039284910994586645,0.0005892736649187997,11214.384281829212,180.40233354826256,0.9821227748646659,1.0,978,2025-09-29T05:28:15.221128,0.0,0.0,0.0,0.0,0.0,0.0,0.0,1.0,0.0,0.0,961,2025-09-29T05:28:15.274950
490,21,9,2025-09-29 05:28:15.429153,0.7158533932778574,0.7874387326056431,0.07158533932778574,0.0006063676503336191,0.7158533932778574,2689967.742759636,46387.299884405176,23.2,1.0,1.0,980,2025-09-29T05:28:15.319189,0.0031642420180042208,0.0014782420180042208,0.001686,0.0004927473393347402,0.0003941978714677922,0.0005912968072016882,11237.158191604338,203.1762433233895,0.9854946786694802,1.0,980,2025-09-29T05:28:15.361113,0.0,0.0,0.0,0.0,0.0,0.0,0.0,1.0,0.0,0.0,963,2025-09-29T05:28:15.415287
491,21,10,2025-09-29 05:28:15.568131,0.7158533932778574,0.7874387326056431,0.07158533932778574,0.0006063676503336191,0.7158533932778574,2695121.8871912365,51541.444316005756,23.2,1.0,1.0,982,2025-09-29T05:28:15.459548,0.003168351607805779,0.001482351607805779,0.001686,0.0004941172026019263,0.00039529376208154106,0.0005929406431223115,11259.963310128494,225.9813618475464,0.9882344052038524,1.0,982,2025-09-29T05:28:15.501246,0.0,0.0,0.0,0.0,0.0,0.0,0.0,1.0,0.0,0.0,964,2025-09-29T05:28:15.554182
492,21,11,2025-09-29 05:28:15.708463,0.7158533932778574,0.7874387326056431,0.07158533932778574,0.0006063676503336191,0.7158533932778574,2700276.031622837,56695.588747606336,23.2,1.0,1.0,984,2025-09-29T05:28:15.598782,0.00317168874907533,0.00148568874907533,0.001686,0.00049522958302511,0.000396183666420088,0.000594275499630132,11282.793775050135,248.8118267691873,0.9904591660502198,1.0,984,2025-09-29T05:28:15.641112,0.0,0.0,0.0,0.0,0.0,0.0,0.0,1.0,0.0,0.0,966,2025-09-29T05:28:15.695239
493,21,12,2025-09-29 05:28:15.847381,0.7158533932778574,0.7874387326056431,0.07158533932778574,0.0006063676503336191,0.7158533932778574,2705430.176054437,61849.733179206916,23.2,1.0,1.0,986,2025-09-29T05:28:15.738746,0.0031743973399279103,0.0014883973399279103,0.001686,0.0004961324466426368,0.0003969059573141094,0.0005953589359711641,11305.644814823421,271.662866542475,0.9922648932852735,1.0,986,2025-09-29T05:28:15.780311,0.0,0.0,0.0,0.0,0.0,0.0,0.0,1.0,0.0,0.0,968,2025-09-29T05:28:15.833534
494,21,13,2025-09-29 05:28:15.986690,0.7158533932778574,0.7874387326056431,0.07158533932778574,0.0006063676503336191,0.7158533932778574,2710584.3204860375,67003.8776108075,23.2,1.0,1.0,988,2025-09-29T05:28:15.878082,0.0031765949179674647,0.0014905949179674647,0.001686,0.0004968649726558215,0.00039749197812465726,0.0005962379671869858,11328.512549328922,294.5306010479742,0.9937299453116427,1.0,988,2025-09-29T05:28:15.919733,0.0,0.0,0.0,0.0,0.0,0.0,0.0,1.0,0.0,0.0,970,2025-09-29T05:28:15.973818
495,21,14,2025-09-29 05:28:16.125815,0.7158533932778574,0.7874387326056431,0.07158533932778574,0.0006063676503336191,0.7158533932778574,2715738.464917638,72158.02204240808,23.2,1.0,1.0,990,2025-09-29T05:28:16.016929,0.003178377334458119,0.0014923773344581192,0.001686,0.0004974591114860397,0.0003979672891888318,0.0005969509337832476,11351.39382569195,317.41187741100106,0.9949182229720793,1.0,990,2025-09-29T05:28:16.058629,0.0,0.0,0.0,0.0,0.0,0.0,0.0,1.0,0.0,0.0,972,2025-09-29T05:28:16.112365
496,21,15,2025-09-29 05:28:16.264405,0.7158533932778574,0.7874387326056431,0.07158533932778574,0.0006063676503336191,0.7158533932778574,2720892.609349238,77312.16647400866,23.2,1.0,1.0,992,2025-09-29T05:28:16.156277,0.0031798226540976798,0.0014938226540976798,0.001686,0.0004979408846992265,0.00039835270775938125,0.0005975290616390718,11374.286083523279,340.3041352423295,0.9958817693984529,1.0,992,2025-09-29T05:28:16.198337,0.0,0.0,0.0,0.0,0.0,0.0,0.0,1.0,0.0,0.0,974,2025-09-29T05:28:16.250937
497,21,16,2025-09-29 05:28:16.403762,0.7158533932778574,0.7874387326056431,0.07158533932778574,0.0006063676503336191,0.7158533932778574,2726046.7537808386,82466.31090560924,23.2,1.0,1.0,994,2025-09-29T05:28:16.294922,0.0031809943890264425,0.0014949943890264423,0.001686,0.0004983314630088141,0.0003986651704070513,0.0005979977556105769,11397.187244595578,363.2052963146275,0.996662926017628,1.0,994,2025-09-29T05:28:16.336633,0.0,0.0,0.0,0.0,0.0,0.0,0.0,1.0,0.0,0.0,976,2025-09-29T05:28:16.390073
498,21,17,2025-09-29 05:28:16.543540,0.7158533932778574,0.7874387326056431,0.07158533932778574,0.0006063676503336191,0.7158533932778574,2731200.898212439,87620.45533720982,23.2,1.0,1.0,996,2025-09-29T05:28:16.434321,0.0031819441680267934,0.0014959441680267934,0.001686,0.0004986480560089311,0.0003989184448071449,0.0005983776672107173,11420.09562271154,386.11367443058947,0.997296112017862,1.0,996,2025-09-29T05:28:16.475970,0.0,0.0,0.0,0.0,0.0,0.0,0.0,1.0,0.0,0.0,978,2025-09-29T05:28:16.529661
499,21,18,2025-09-29 05:28:16.681035,0.7158533932778574,0.7874387326056431,0.07158533932778574,0.0006063676503336191,0.7158533932778574,2736355.0426440393,92774.5997688104,23.2,1.0,1.0,998,2025-09-29T05:28:16.574038,0.0031827139313219156,0.0014967139313219156,0.001686,0.0004989046437739718,0.00039912371501917747,0.0005986855725287662,11443.009850190367,409.02790190941585,0.9978092875479437,1.0,998,2025-09-29T05:28:16.615938,0.0,0.0,0.0,0.0,0.0,0.0,0.0,1.0,0.0,0.0,980,2025-09-29T05:28:16.669380
500,21,19,2025-09-29 05:28:16.821641,0.7158533932778574,0.7874387326056431,0.07158533932778574,0.0006063676503336191,0.7158533932778574,2741509.1870756396,97928.74420041098,23.2,1.0,1.0,1000,2025-09-29T05:28:16.711706,0.003183337729938711,0.001497337729938711,0.001686,0.0004991125766462371,0.0003992900613169897,0.0005989350919754845,11465.92881798848,431.9468697075297,0.998225153292474,1.0,1000,2025-09-29T05:28:16.753584,0.0,0.0,0.0,0.0,0.0,0.0,0.0,1.0,0.0,0.0,982,2025-09-29T05:28:16.807721
501,21,20,2025-09-29 05:28:16.960178,0.7158533932778574,0.7874387326056431,0.07158533932778574,0.0006063676503336191,0.7158533932778574,2746663.33150724,103082.88863201156,23.2,1.0,1.0,1002,2025-09-29T05:28:16.852626,0.0031838431973960457,0.0014978431973960457,0.001686,0.0004992810657986819,0.00039942485263894556,0.0005991372789584182,11488.85162697814,454.8696786971886,0.9985621315973636,1.0,1002,2025-09-29T05:28:16.894631,0.0,0.0,0.0,0.0,0.0,0.0,0.0,1.0,0.0,0.0,984,2025-09-29T05:28:16.946459
502,21,21,2025-09-29 05:28:17.100156,0.7158533932778574,0.7874387326056431,0.07158533932778574,0.0006063676503336191,0.7158533932778574,2751817.4759388403,108237.03306361214,23.2,1.0,1.0,1004,2025-09-29T05:28:16.990766,0.0031842527511173713,0.0014982527511173713,0.001686,0.0004994175837057905,0.0003995340669646324,0.0005993011004469485,11511.777548339065,477.7956000581151,0.9988351674115808,1.0,1004,2025-09-29T05:28:17.032512,0.0,0.0,0.0,0.0,0.0,0.0,0.0,1.0,0.0,0.0,986,2025-09-29T05:28:17.086207
503,21,22,2025-09-29 05:28:17.239314,0.7158533932778574,0.7874387326056431,0.07158533932778574,0.0006063676503336191,0.7158533932778574,2756971.6203704407,113391.17749521272,23.2,1.0,1.0,1006,2025-09-29T05:28:17.130242,0.0031845845717199867,0.0014985845717199867,0.001686,0.0004995281905733289,0.0003996225524586631,0.0005994338286879947,11534.705991381026,500.7240431000755,0.9990563811466576,1.0,1006,2025-09-29T05:28:17.172869,0.0,0.0,0.0,0.0,0.0,0.0,0.0,1.0,0.0,0.0,988,2025-09-29T05:28:17.225480
504,21,23,2025-09-29 05:28:17.378455,0.7158533932778574,0.7874387326056431,0.07158533932778574,0.0006063676503336191,0.7158533932778574,2762125.764802041,118545.3219268133,23.2,1.0,1.0,1008,2025-09-29T05:28:17.269810,0.003184853400278371,0.0014988534002783709,0.001686,0.0004996178000927902,0.0003996942400742322,0.0005995413601113483,11557.636477417955,523.6545291370043,0.9992356001855803,1.0,1008,2025-09-29T05:28:17.311718,0.0,0.0,0.0,0.0,0.0,0.0,0.0,1.0,0.0,0.0,990,2025-09-29T05:28:17.364719
505,22,0,2025-09-29 05:28:17.517746,0.7175334046049362,0.7892867450654298,0.07175334046049363,0.0007052895775388616,0.7175334046049362,2767292.0053151962,0.0,24.7,1.0,1.0,1010,2025-09-29T05:28:17.409099,0.003345745167892693,0.001659745167892693,0.001686,0.0005532483892975643,0.0004425987114380515,0.0006638980671570772,11581.733867930621,0.0,1.1064967785951287,1.0,1010,2025-09-29T05:28:17.450797,0.0,0.0,0.0,0.0,0.0,0.0,0.0,1.0,0.0,0.0,992,2025-09-29T05:28:17.504237
506,22,1,2025-09-29 05:28:17.657043,0.7175334046049362,0.7892867450654298,0.07175334046049363,0.0007052895775388616,0.7175334046049362,2772458.2458283515,5166.240513155541,24.7,1.0,1.0,1012,2025-09-29T05:28:17.548151,0.0033383775022077693,0.0016523775022077693,0.001686,0.0005507925007359231,0.00044063400058873855,0.0006609510008831077,11605.785065535136,24.051197604514456,1.101585001471846,1.0,1012,2025-09-29T05:28:17.589935,0.0,0.0,0.0,0.0,0.0,0.0,0.0,1.0,0.0,0.0,994,2025-09-29T05:28:17.643841
507,22,2,2025-09-29 05:28:17.795996,0.7175334046049362,0.7892867450654298,0.07175334046049363,0.0007052895775388616,0.7175334046049362,2777624.4863415067,10332.481026311081,24.7,1.0,1.0,1014,2025-09-29T05:28:17.687205,0.0033277938253107645,0.0016417938253107645,0.001686,0.0005472646084369215,0.0004378116867495372,0.0006567175301243058,11629.76551624538,48.03164831475784,1.0945292168738427,1.0,1014,2025-09-29T05:28:17.729052,0.0,0.0,0.0,0.0,0.0,0.0,0.0,1.0,0.0,0.0,996,2025-09-29T05:28:17.783453
508,22,3,2025-09-29 05:28:17.935532,0.7175334046049362,0.7892867450654298,0.07175334046049363,0.0007052895775388616,0.7175334046049362,2782790.726854662,15498.721539466624,24.7,1.0,1.0,1016,2025-09-29T05:28:17.826720,0.003314668006084852,0.0016286680060848518,0.001686,0.0005428893353616172,0.0004343114682892938,0.0006514672024339407,11653.655762533246,71.92189460262566,1.0857786707232344,1.0,1016,2025-09-29T05:28:17.868614,0.0,0.0,0.0,0.0,0.0,0.0,0.0,1.0,0.0,0.0,998,2025-09-29T05:28:17.922713
509,22,4,2025-09-29 05:28:18.072735,0.7175334046049362,0.7892867450654298,0.07175334046049363,0.0007052895775388616,0.7175334046049362,2787956.967367817,20664.962052622166,24.7,1.0,1.0,1018,2025-09-29T05:28:17.965722,0.0032995530184573396,0.0016135530184573396,0.001686,0.0005378510061524465,0.0004302808049219572,0.0006454212073829358,11677.440537051973,95.70666912135191,1.0757020123048928,1.0,1018,2025-09-29T05:28:18.007453,0.0,0.0,0.0,0.0,0.0,0.0,0.0,1.0,0.0,0.0,1000,2025-09-29T05:28:18.061207
510,22,5,2025-09-29 05:28:18.213543,0.7175334046049362,0.7892867450654298,0.07175334046049363,0.0007052895775388616,0.7175334046049362,2793123.2078809724,25831.20256577771,24.7,1.0,1.0,1020,2025-09-29T05:28:18.103372,0.003282899793604175,0.0015968997936041751,0.001686,0.0005322999312013918,0.00042583994496111344,0.0006387599174416701,11701.107994747665,119.37412681704458,1.0645998624027835,1.0,1020,2025-09-29T05:28:18.145615,0.0,0.0,0.0,0.0,0.0,0.0,0.0,1.0,0.0,0.0,1002,2025-09-29T05:28:18.199662
511,22,6,2025-09-29 05:28:18.352882,0.7175334046049362,0.7892867450654298,0.07175334046049363,0.0007052895775388616,0.7175334046049362,2798289.4483941277,30997.44307893325,24.7,1.0,1.0,1022,2025-09-29T05:28:18.244074,0.003265074159304034,0.0015790741593040341,0.001686,0.0005263580531013447,0.0004210864424810758,0.0006316296637216137,11724.649070568354,142.91520263773396,1.0527161062026893,1.0,1022,2025-09-29T05:28:18.285995,0.0,0.0,0.0,0.0,0.0,0.0,0.0,1.0,0.0,0.0,1004,2025-09-29T05:28:18.340017
512,22,7,2025-09-29 05:28:18.490152,0.7175334046049362,0.7892867450654298,0.07175334046049363,0.0007052895775388616,0.7175334046049362,2803455.688907283,36163.68359208879,24.7,1.0,1.0,1024,2025-09-29T05:28:18.383687,0.003249735824474519,0.0015637358244745192,0.001686,0.0005212452748248397,0.0004169962198598718,0.0006254943297898076,11748.073257221624,166.33938929100447,1.042490549649679,1.0,1024,2025-09-29T05:28:18.425429,0.0,0.0,0.0,0.0,0.0,0.0,0.0,1.0,0.0,0.0,1006,2025-09-29T05:28:18.478684
513,22,8,2025-09-29 05:28:18.630554,0.7175334046049362,0.7892867450654298,0.07175334046049363,0.0007052895775388616,0.7175334046049362,2808621.929420438,41329.92410524433,24.7,1.0,1.0,1026,2025-09-29T05:28:18.520523,0.00323742105695624,0.00155142105695624,0.001686,0.0005171403523187467,0.00041371228185499735,0.000620568422782496,11771.40364506107,189.66977713045117,1.034280704637493,1.0,1026,2025-09-29T05:28:18.562446,0.0,0.0,0.0,0.0,0.0,0.0,0.0,1.0,0.0,0.0,1008,2025-09-29T05:28:18.616641
514,22,9,2025-09-29 05:28:18.771381,0.7175334046049362,0.7892867450654298,0.07175334046049363,0.0007052895775388616,0.7175334046049362,2813788.1699335934,46496.164618399875,24.7,1.0,1.0,1028,2025-09-29T05:28:18.661375,0.003227517223121589,0.0015415172231215892,0.001686,0.0005138390743738631,0.00041107125949909045,0.0006166068892486357,11794.658629249518,212.92476131889947,1.0276781487477258,1.0,1028,2025-09-29T05:28:18.703142,0.0,0.0,0.0,0.0,0.0,0.0,0.0,1.0,0.0,0.0,1009,2025-09-29T05:28:18.701566
515,22,10,2025-09-29 05:28:18.909538,0.7175334046049362,0.7892867450654298,0.07175334046049363,0.0007052895775388616,0.7175334046049362,2818954.4104467486,51662.40513155542,24.7,1.0,1.0,1030,2025-09-29T05:28:18.801767,0.0032195414823127863,0.0015335414823127863,0.001686,0.0005111804941042621,0.00040894439528340974,0.0006134165929251146,11817.852910093594,236.11904216297637,1.0223609882085243,1.0,1030,2025-09-29T05:28:18.843375,0.0,0.0,0.0,0.0,0.0,0.0,0.0,1.0,0.0,0.0,1011,2025-09-29T05:28:18.897308
516,22,11,2025-09-29 05:28:19.048305,0.7175334046049362,0.7892867450654298,0.07175334046049363,0.0007052895775388616,0.7175334046049362,2824120.650959904,56828.64564471096,24.7,1.0,1.0,1032,2025-09-29T05:28:18.940424,0.003213111392317898,0.001527111392317898,0.001686,0.0005090371307726327,0.00040722970461810616,0.0006108445569271592,11840.998264989956,259.26439705933655,1.0180742615452651,1.0,1032,2025-09-29T05:28:18.982424,0.0,0.0,0.0,0.0,0.0,0.0,0.0,1.0,0.0,0.0,1013,2025-09-29T05:28:19.036051
517,22,12,2025-09-29 05:28:19.187851,0.7175334046049362,0.7892867450654298,0.07175334046049363,0.0007052895775388616,0.7175334046049362,2829286.891473059,61994.8861578665,24.7,1.0,1.0,1034,2025-09-29T05:28:19.078996,0.0032079227885553584,0.0015219227885553584,0.001686,0.0005073075961851194,0.00040584607694809554,0.0006087691154221433,11864.104149078037,282.3702811474181,1.014615192370239,1.0,1034,2025-09-29T05:28:19.120795,0.0,0.0,0.0,0.0,0.0,0.0,0.0,1.0,0.0,0.0,1015,2025-09-29T05:28:19.174007
518,22,13,2025-09-29 05:28:19.325142,0.7175334046049362,0.7892867450654298,0.07175334046049363,0.0007052895775388616,0.7175334046049362,2834453.1319862143,67161.12667102204,24.7,1.0,1.0,1036,2025-09-29T05:28:19.218358,0.0032037329453076997,0.0015177329453076997,0.001686,0.0005059109817692332,0.0004047287854153866,0.0006070931781230798,11887.178165886373,305.4442979557528,1.0118219635384664,1.0,1036,2025-09-29T05:28:19.260339,0.0,0.0,0.0,0.0,0.0,0.0,0.0,1.0,0.0,0.0,1017,2025-09-29T05:28:19.312566
519,22,14,2025-09-29 05:28:19.464807,0.7175334046049362,0.7892867450654298,0.07175334046049363,0.0007052895775388616,0.7175334046049362,2839619.3724993696,72327.36718417756,24.7,1.0,1.0,1038,2025-09-29T05:28:19.356116,0.003200347629198726,0.0015143476291987262,0.001686,0.0005047825430662421,0.0004038260344529937,0.0006057390516794905,11910.226438279198,328.49257034857754,1.009565086132484,1.0,1038,2025-09-29T05:28:19.397976,0.0,0.0,0.0,0.0,0.0,0.0,0.0,1.0,0.0,0.0,1019,2025-09-29T05:28:19.452040
520,22,15,2025-09-29 05:28:19.603260,0.7175334046049362,0.7892867450654298,0.07175334046049363,0.0007052895775388616,0.7175334046049362,2844785.613012525,77493.6076973331,24.7,1.0,1.0,1040,2025-09-29T05:28:19.495158,0.003197611059175927,0.0015116110591759271,0.001686,0.0005038703530586423,0.00040309628244691387,0.0006046444236703708,11933.253902256136,351.52003432551646,1.0077407061172845,1.0,1040,2025-09-29T05:28:19.537178,0.0,0.0,0.0,0.0,0.0,0.0,0.0,1.0,0.0,0.0,1021,2025-09-29T05:28:19.591644
521,22,16,2025-09-29 05:28:19.742332,0.7175334046049362,0.7892867450654298,0.07175334046049363,0.0007052895775388616,0.7175334046049362,2849951.85352568,82659.84821048862,24.7,1.0,1.0,1042,2025-09-29T05:28:19.633740,0.003195398062982219,0.0015093980629822192,0.001686,0.0005031326876607397,0.00040250615012859175,0.0006037592251928876,11956.264540595557,374.53067266493787,1.0062653753214792,1.0,1042,2025-09-29T05:28:19.674935,0.0,0.0,0.0,0.0,0.0,0.0,0.0,1.0,0.0,0.0,1023,2025-09-29T05:28:19.728691
522,22,17,2025-09-29 05:28:19.880244,0.7175334046049362,0.7892867450654298,0.07175334046049363,0.0007052895775388616,0.7175334046049362,2855118.0940388353,87826.08872364415,24.7,1.0,1.0,1044,2025-09-29T05:28:19.772728,0.0031936079112378063,0.0015076079112378063,0.001686,0.0005025359704126021,0.0004020287763300817,0.0006030431644951224,11979.26156928297,397.5277013523509,1.0050719408252042,1.0,1044,2025-09-29T05:28:19.814963,0.0,0.0,0.0,0.0,0.0,0.0,0.0,1.0,0.0,0.0,1024,2025-09-29T05:28:19.866893
523,22,18,2025-09-29 05:28:20.020541,0.7175334046049362,0.7892867450654298,0.07175334046049363,0.0007052895775388616,0.7175334046049362,2860284.3345519905,92992.32923679968,24.7,1.0,1.0,1046,2025-09-29T05:28:19.910957,0.0031921594447997755,0.0015061594447997755,0.001686,0.0005020531482665918,0.0004016425186132735,0.0006024637779199102,12002.24758667718,420.51371874656104,1.0041062965331835,1.0,1046,2025-09-29T05:28:19.952976,0.0,0.0,0.0,0.0,0.0,0.0,0.0,1.0,0.0,0.0,1026,2025-09-29T05:28:20.007234
524,22,19,2025-09-29 05:28:20.159080,0.7175334046049362,0.7892867450654298,0.07175334046049363,0.0007052895775388616,0.7175334046049362,2865450.5750651457,98158.5697499552,24.7,1.0,1.0,1048,2025-09-29T05:28:20.051067,0.0031909872071924352,0.0015049872071924352,0.001686,0.0005016624023974785,0.0004013299219179828,0.0006019948828769741,12025.224693132996,443.49082520237494,1.0033248047949568,1.0,1048,2025-09-29T05:28:20.092846,0.0,0.0,0.0,0.0,0.0,0.0,0.0,1.0,0.0,0.0,1028,2025-09-29T05:28:20.146459
525,22,20,2025-09-29 05:28:20.297439,0.7175334046049362,0.7892867450654298,0.07175334046049363,0.0007052895775388616,0.7175334046049362,2870616.815578301,103324.81026311073,24.7,1.0,1.0,1050,2025-09-29T05:28:20.189510,0.0031900383635598984,0.0015040383635598984,0.001686,0.0005013461211866327,0.0004010768969493062,0.0006016153454239593,12048.194587110182,466.46071917956164,1.0026922423732652,1.0,1050,2025-09-29T05:28:20.231345,0.0,0.0,0.0,0.0,0.0,0.0,0.0,1.0,0.0,0.0,1030,2025-09-29T05:28:20.285601
526,22,21,2025-09-29 05:28:20.437915,0.7175334046049362,0.7892867450654298,0.07175334046049363,0.0007052895775388616,0.7175334046049362,2875783.056091456,108491.05077626626,24.7,1.0,1.0,1052,2025-09-29T05:28:20.327967,0.003189270238755742,0.0015032702387557419,0.001686,0.0005010900795852473,0.00040087206366819786,0.0006013080955022968,12071.158642508068,489.4247745774475,1.0021801591704944,1.0,1052,2025-09-29T05:28:20.369970,0.0,0.0,0.0,0.0,0.0,0.0,0.0,1.0,0.0,0.0,1032,2025-09-29T05:28:20.424015
527,22,22,2025-09-29 05:28:20.576787,0.7175334046049362,0.7892867450654298,0.07175334046049363,0.0007052895775388616,0.7175334046049362,2880949.2966046114,113657.29128942179,24.7,1.0,1.0,1054,2025-09-29T05:28:20.468509,0.0031886483452401595,0.0015026483452401595,0.001686,0.0005008827817467198,0.00040070622539737586,0.0006010593380960638,12094.117970970421,512.3841030398011,1.0017655634934393,1.0,1054,2025-09-29T05:28:20.510817,0.0,0.0,0.0,0.0,0.0,0.0,0.0,1.0,0.0,0.0,1034,2025-09-29T05:28:20.562901
528,22,23,2025-09-29 05:28:20.717124,0.7175334046049362,0.7892867450654298,0.07175334046049363,0.0007052895775388616,0.7175334046049362,2886115.5371177667,118823.53180257732,24.7,1.0,1.0,1056,2025-09-29T05:28:20.607546,0.0031881448000917936,0.0015021448000917938,0.001686,0.0005007149333639313,0.00040057194669114503,0.0006008579200367175,12117.073472132337,535.3396042017164,1.0014298667278625,1.0,1056,2025-09-29T05:28:20.649095,0.0,0.0,0.0,0.0,0.0,0.0,0.0,1.0,0.0,0.0,1036,2025-09-29T05:28:20.703236
529,23,0,2025-09-29 05:28:20.853624,0.7192522841634235,0.7911775125797659,0.07192522841634234,0.0006277129104347273,0.7192522841634235,2891294.153563743,0.0,23.6,1.0,1.0,1058,2025-09-29T05:28:20.747839,0.003079691062610427,0.001393691062610427,0.001686,0.000464563687536809,0.0003716509500294472,0.0005574764250441708,12139.242703308564,0.0,0.9291273750736179,1.0,1058,2025-09-29T05:28:20.789130,0.0,0.0,0.0,0.0,0.0,0.0,0.0,1.0,0.0,0.0,1038,2025-09-29T05:28:20.840828
530,23,1,2025-09-29 05:28:20.992702,0.7192522841634235,0.7911775125797659,0.07192522841634234,0.0006277129104347273,0.7192522841634235,2896472.7700097193,5178.616445976649,23.6,1.0,1.0,1060,2025-09-29T05:28:20.884440,0.003084058670919031,0.001398058670919031,0.001686,0.00046601955697301027,0.00037281564557840825,0.0005592234683676123,12161.439031366494,22.196328057929733,0.9320391139460205,1.0,1060,2025-09-29T05:28:20.925990,0.0,0.0,0.0,0.0,0.0,0.0,0.0,1.0,0.0,0.0,1040,2025-09-29T05:28:20.980341
531,23,2,2025-09-29 05:28:21.133137,0.7192522841634235,0.7911775125797659,0.07192522841634234,0.0006277129104347273,0.7192522841634235,2901651.3864556956,10357.232891953297,23.6,1.0,1.0,1062,2025-09-29T05:28:21.023574,0.003090510148670715,0.001404510148670715,0.001686,0.0004681700495569049,0.00037453603964552397,0.0005618040594682859,12183.678243685807,44.435540377242305,0.9363400991138098,1.0,1062,2025-09-29T05:28:21.065212,0.0,0.0,0.0,0.0,0.0,0.0,0.0,1.0,0.0,0.0,1042,2025-09-29T05:28:21.119216
532,23,3,2025-09-29 05:28:21.271796,0.7192522841634235,0.7911775125797659,0.07192522841634234,0.0006277129104347273,0.7192522841634235,2906830.002901672,15535.849337929945,23.6,1.0,1.0,1064,2025-09-29T05:28:21.163893,0.0030986782330491205,0.0014126782330491205,0.001686,0.00047089274434970686,0.0003767141954797655,0.0005650712932196482,12205.973323433805,66.73062012524107,0.9417854886994136,1.0,1064,2025-09-29T05:28:21.205877,0.0,0.0,0.0,0.0,0.0,0.0,0.0,1.0,0.0,0.0,1044,2025-09-29T05:28:21.260211
533,23,4,2025-09-29 05:28:21.410847,0.7192522841634235,0.7911775125797659,0.07192522841634234,0.0006277129104347273,0.7192522841634235,2912008.619347648,20714.465783906595,23.6,1.0,1.0,1066,2025-09-29T05:28:21.302488,0.0031082695895492084,0.0014222695895492084,0.001686,0.0004740898631830694,0.00037927189054645557,0.0005689078358196833,12228.335016827257,89.09231351869431,0.9481797263661387,1.0,1066,2025-09-29T05:28:21.344376,0.0,0.0,0.0,0.0,0.0,0.0,0.0,1.0,0.0,0.0,1046,2025-09-29T05:28:21.398608
534,23,5,2025-09-29 05:28:21.550292,0.7192522841634235,0.7911775125797659,0.07192522841634234,0.0006277129104347273,0.7192522841634235,2917187.2357936245,25893.082229883246,23.6,1.0,1.0,1068,2025-09-29T05:28:21.441503,0.0031190489889581065,0.0014330489889581063,0.001686,0.00047768299631936875,0.000382146397055495,0.0005732195955832425,12250.77227803158,111.52957472301819,0.9553659926387374,1.0,1068,2025-09-29T05:28:21.482712,0.0,0.0,0.0,0.0,0.0,0.0,0.0,1.0,0.0,0.0,1048,2025-09-29T05:28:21.536454
535,23,6,2025-09-29 05:28:21.689287,0.7192522841634235,0.7911775125797659,0.07192522841634234,0.0006277129104347273,0.7192522841634235,2922365.852239601,31071.698675859898,23.6,1.0,1.0,1070,2025-09-29T05:28:21.580496,0.0031308271968413597,0.0014448271968413597,0.001686,0.00048160906561378657,0.0003852872524910293,0.0005779308787365439,12273.292620698228,134.04991738966643,0.963218131227573,1.0,1070,2025-09-29T05:28:21.622458,0.0,0.0,0.0,0.0,0.0,0.0,0.0,1.0,0.0,0.0,1050,2025-09-29T05:28:21.675654
536,23,7,2025-09-29 05:28:21.829817,0.7192522841634235,0.7911775125797659,0.07192522841634234,0.0006277129104347273,0.7192522841634235,2927544.468685577,36250.315121836546,23.6,1.0,1.0,1072,2025-09-29T05:28:21.720116,0.0031411515449097913,0.0014551515449097913,0.001686,0.00048505051496993047,0.0003880404119759444,0.0005820606179639165,12295.891273100091,156.64856979152844,0.9701010299398609,1.0,1072,2025-09-29T05:28:21.762050,0.0,0.0,0.0,0.0,0.0,0.0,0.0,1.0,0.0,0.0,1052,2025-09-29T05:28:21.816011
537,23,8,2025-09-29 05:28:21.971021,0.7192522841634235,0.7911775125797659,0.07192522841634234,0.0006277129104347273,0.7192522841634235,2932723.0851315535,41428.93156781319,23.6,1.0,1.0,1074,2025-09-29T05:28:21.860614,0.0031495683232044417,0.0014635683232044417,0.001686,0.00048785610773481385,0.0003902848861878511,0.0005854273292817766,12318.553790420105,179.311087111542,0.9757122154696276,1.0,1074,2025-09-29T05:28:21.902787,0.0,0.0,0.0,0.0,0.0,0.0,0.0,1.0,0.0,0.0,1054,2025-09-29T05:28:21.957072
538,23,9,2025-09-29 05:28:22.109798,0.7192522841634235,0.7911775125797659,0.07192522841634234,0.0006277129104347273,0.7192522841634235,2937901.70157753,46607.548013789834,23.6,1.0,1.0,1076,2025-09-29T05:28:22.001145,0.003156421588156255,0.001470421588156255,0.001686,0.0004901405293854183,0.0003921124235083347,0.000588168635262502,12341.268324866718,202.0256215581556,0.9802810587708366,1.0,1076,2025-09-29T05:28:22.042939,0.0,0.0,0.0,0.0,0.0,0.0,0.0,1.0,0.0,0.0,1056,2025-09-29T05:28:22.097213
539,23,10,2025-09-29 05:28:22.247159,0.7192522841634235,0.7911775125797659,0.07192522841634234,0.0006277129104347273,0.7192522841634235,2943080.318023506,51786.16445976648,23.6,1.0,1.0,1078,2025-09-29T05:28:22.139913,0.0031619962500426613,0.0014759962500426613,0.001686,0.0004919987500142204,0.0003935990000113764,0.0005903985000170645,12364.025182134865,224.7824788263015,0.9839975000284409,1.0,1078,2025-09-29T05:28:22.181292,0.0,0.0,0.0,0.0,0.0,0.0,0.0,1.0,0.0,0.0,1058,2025-09-29T05:28:22.233350
540,23,11,2025-09-29 05:28:22.387569,0.7192522841634235,0.7911775125797659,0.07192522841634234,0.0006277129104347273,0.7192522841634235,2948258.9344694824,56964.78090574312,23.6,1.0,1.0,1080,2025-09-29T05:28:22.278100,0.0031665272152148166,0.0014805272152148166,0.001686,0.0004935090717382722,0.0003948072573906178,0.0005922108860859266,12386.816445364111,247.5737420555488,0.987018143476544,1.0,1080,2025-09-29T05:28:22.320224,0.0,0.0,0.0,0.0,0.0,0.0,0.0,1.0,0.0,0.0,1060,2025-09-29T05:28:22.373642
541,23,12,2025-09-29 05:28:22.527930,0.7192522841634235,0.7911775125797659,0.07192522841634234,0.0006277129104347273,0.7192522841634235,2953437.5509154587,62143.39735171977,23.6,1.0,1.0,1082,2025-09-29T05:28:22.418304,0.003170207491022957,0.001484207491022957,0.001686,0.0004947358303409857,0.0003957886642727886,0.0005936829964091828,12409.635659360367,270.39295605180433,0.9894716606819713,1.0,1082,2025-09-29T05:28:22.459970,0.0,0.0,0.0,0.0,0.0,0.0,0.0,1.0,0.0,0.0,1062,2025-09-29T05:28:22.514048
542,23,13,2025-09-29 05:28:22.664794,0.7192522841634235,0.7911775125797659,0.07192522841634234,0.0006277129104347273,0.7192522841634235,2958616.167361435,67322.01379769642,23.6,1.0,1.0,1084,2025-09-29T05:28:22.558423,0.003173195219594716,0.0014871952195947159,0.001686,0.0004957317398649053,0.0003965853918919242,0.0005948780878378862,12432.477567381702,293.2348640731387,0.9914634797298104,1.0,1084,2025-09-29T05:28:22.600492,0.0,0.0,0.0,0.0,0.0,0.0,0.0,1.0,0.0,0.0,1064,2025-09-29T05:28:22.652476
543,23,14,2025-09-29 05:28:22.803033,0.7192522841634235,0.7911775125797659,0.07192522841634234,0.0006277129104347273,0.7192522841634235,2963794.7838074113,72500.63024367308,23.6,1.0,1.0,1086,2025-09-29T05:28:22.695766,0.003175619687984839,0.001489619687984839,0.001686,0.0004965398959949464,0.00039723191679595714,0.0005958478751939356,12455.337893006319,316.095189697755,0.9930797919898926,1.0,1086,2025-09-29T05:28:22.737416,0.0,0.0,0.0,0.0,0.0,0.0,0.0,1.0,0.0,0.0,1066,2025-09-29T05:28:22.790553
544,23,15,2025-09-29 05:28:22.939763,0.7192522841634235,0.7911775125797659,0.07192522841634234,0.0006277129104347273,0.7192522841634235,2968973.4002533876,77679.24668964974,23.6,1.0,1.0,1088,2025-09-29T05:28:22.833607,0.0031775864044165532,0.0014915864044165532,0.001686,0.0004971954681388511,0.0003977563745110809,0.0005966345617666214,12478.21316018456,338.9704568759949,0.994390936277702,1.0,1088,2025-09-29T05:28:22.874829,0.0,0.0,0.0,0.0,0.0,0.0,0.0,1.0,0.0,0.0,1068,2025-09-29T05:28:22.927549
545,23,16,2025-09-29 05:28:23.080374,0.7192522841634235,0.7911775125797659,0.07192522841634234,0.0006277129104347273,0.7192522841634235,2974152.016699364,82857.8631356264,23.6,1.0,1.0,1090,2025-09-29T05:28:22.970158,0.0031791813480180793,0.0014931813480180793,0.001686,0.0004977271160060264,0.00039818169280482116,0.0005972725392072316,12501.100545326797,361.8578420182319,0.9954542320120526,1.0,1090,2025-09-29T05:28:23.012266,0.0,0.0,0.0,0.0,0.0,0.0,0.0,1.0,0.0,0.0,1070,2025-09-29T05:28:23.066403
546,23,17,2025-09-29 05:28:23.221191,0.7192522841634235,0.7911775125797659,0.07192522841634234,0.0006277129104347273,0.7192522841634235,2979330.6331453403,88036.47958160305,23.6,1.0,1.0,1092,2025-09-29T05:28:23.111216,0.0031804745024401654,0.0014944745024401654,0.001686,0.0004981581674800552,0.00039852653398404417,0.0005977898009760662,12523.997756073417,384.75505276485194,0.9963163349601103,1.0,1092,2025-09-29T05:28:23.152877,0.0,0.0,0.0,0.0,0.0,0.0,0.0,1.0,0.0,0.0,1072,2025-09-29T05:28:23.207275
547,23,18,2025-09-29 05:28:23.361476,0.7192522841634235,0.7911775125797659,0.07192522841634234,0.0006277129104347273,0.7192522841634235,2984509.2495913166,93215.09602757971,23.6,1.0,1.0,1094,2025-09-29T05:28:23.251479,0.0031815227784367035,0.0014955227784367035,0.001686,0.0004985075928122346,0.00039880607424978766,0.0005982091113746814,12546.902932161873,407.6602288533066,0.997015185624469,1.0,1094,2025-09-29T05:28:23.293748,0.0,0.0,0.0,0.0,0.0,0.0,0.0,1.0,0.0,0.0,1074,2025-09-29T05:28:23.347531
548,23,19,2025-09-29 05:28:23.501654,0.7192522841634235,0.7911775125797659,0.07192522841634234,0.0006277129104347273,0.7192522841634235,2989687.866037293,98393.71247355637,23.6,1.0,1.0,1096,2025-09-29T05:28:23.392238,0.0031823724209793995,0.0014963724209793995,0.001686,0.0004987908069931332,0.0003990326455945066,0.0005985489683917598,12569.814564512246,430.57186120367885,0.9975816139862663,1.0,1096,2025-09-29T05:28:23.434030,0.0,0.0,0.0,0.0,0.0,0.0,0.0,1.0,0.0,0.0,1076,2025-09-29T05:28:23.487743
549,23,20,2025-09-29 05:28:23.641014,0.7192522841634235,0.7911775125797659,0.07192522841634234,0.0006277129104347273,0.7192522841634235,2994866.482483269,103572.32891953303,23.6,1.0,1.0,1098,2025-09-29T05:28:23.532066,0.0031830609852712554,0.0014970609852712554,0.001686,0.0004990203284237518,0.0003992162627390015,0.0005988243941085022,12592.731429280728,453.48872597215916,0.9980406568475035,1.0,1098,2025-09-29T05:28:23.573869,0.0,0.0,0.0,0.0,0.0,0.0,0.0,1.0,0.0,0.0,1078,2025-09-29T05:28:23.627068
550,23,21,2025-09-29 05:28:23.781938,0.7192522841634235,0.7911775125797659,0.07192522841634234,0.0006277129104347273,0.7192522841634235,3000045.0989292455,108750.94536550969,23.6,1.0,1.0,1100,2025-09-29T05:28:23.671632,0.0031836189546054234,0.0014976189546054236,0.001686,0.0004992063182018079,0.00039936505456144634,0.0005990475818421694,12615.652534176032,476.4098308674634,0.9984126364036155,1.0,1100,2025-09-29T05:28:23.713612,0.0,0.0,0.0,0.0,0.0,0.0,0.0,1.0,0.0,0.0,1080,2025-09-29T05:28:23.767964
551,23,22,2025-09-29 05:28:23.921969,0.7192522841634235,0.7911775125797659,0.07192522841634234,0.0006277129104347273,0.7192522841634235,3005223.715375222,113929.56181148635,23.6,1.0,1.0,1102,2025-09-29T05:28:23.812793,0.0031840710622080565,0.0014980710622080565,0.001686,0.0004993570207360189,0.00039948561658881515,0.0005992284248832226,12638.577074800252,499.3343714916846,0.9987140414720377,1.0,1102,2025-09-29T05:28:23.854162,0.0,0.0,0.0,0.0,0.0,0.0,0.0,1.0,0.0,0.0,1082,2025-09-29T05:28:23.908112
552,23,23,2025-09-29 05:28:24.060239,0.7192522841634235,0.7911775125797659,0.07192522841634234,0.0006277129104347273,0.7192522841634235,3010402.331821198,119108.178257463,23.6,1.0,1.0,1104,2025-09-29T05:28:23.952808,0.0031844373694140003,0.0014984373694140003,0.001686,0.0004994791231380001,0.00039958329851040006,0.0005993749477656,12661.50439916966,522.261695861093,0.9989582462759999,1.0,1104,2025-09-29T05:28:23.994662,0.0,0.0,0.0,0.0,0.0,0.0,0.0,1.0,0.0,0.0,1084,2025-09-29T05:28:24.046346
553,24,0,2025-09-29 05:28:24.201057,0.7159439204976412,0.7875383125474054,0.07159439204976413,0.0006363945959979034,0.7159439204976412,3015557.128048781,0.0,23.6,1.0,1.0,1106,2025-09-29T05:28:24.092496,0.0031847341439084713,0.0014987341439084713,0.001686,0.0004995780479694904,0.0003996624383755924,0.0005994936575633885,12684.433978900815,0.0,0.9991560959389806,1.0,1106,2025-09-29T05:28:24.133584,0.0,0.0,0.0,0.0,0.0,0.0,0.0,1.0,0.0,0.0,1085,2025-09-29T05:28:24.187203
554,24,1,2025-09-29 05:28:24.340388,0.7159439204976412,0.7875383125474054,0.07159439204976413,0.0006363945959979034,0.7159439204976412,3020711.9242763636,5154.796227583017,23.6,1.0,1.0,1108,2025-09-29T05:28:24.231809,0.0031849745743356404,0.0014989745743356404,0.001686,0.0004996581914452135,0.0003997265531561708,0.0005995898297342561,12707.365385821575,22.931406920759883,0.9993163828904267,1.0,1108,2025-09-29T05:28:24.273760,0.0,0.0,0.0,0.0,0.0,0.0,0.0,1.0,0.0,0.0,1087,2025-09-29T05:28:24.328285
555,24,2,2025-09-29 05:28:24.479717,0.7159439204976412,0.7875383125474054,0.07159439204976413,0.0006363945959979034,0.7159439204976412,3025866.7205039463,10309.592455166034,23.6,1.0,1.0,1110,2025-09-29T05:28:24.370911,0.003185169351255399,0.0014991693512553992,0.001686,0.000499723117085133,0.00039977849366810644,0.0005996677405021596,12730.298272993352,45.86429409253656,0.9994462341702661,1.0,1110,2025-09-29T05:28:24.412868,0.0,0.0,0.0,0.0,0.0,0.0,0.0,1.0,0.0,0.0,1089,2025-09-29T05:28:24.465867
556,24,3,2025-09-29 05:28:24.620408,0.7159439204976412,0.7875383125474054,0.07159439204976413,0.0006363945959979034,0.7159439204976412,3031021.516731529,15464.388682749051,23.6,1.0,1.0,1112,2025-09-29T05:28:24.510085,0.0031853271391132586,0.0014993271391132586,0.001686,0.0004997757130377529,0.00039982057043020237,0.0005997308556453034,12753.232359317695,68.7983804168791,0.9995514260755056,1.0,1112,2025-09-29T05:28:24.552077,0.0,0.0,0.0,0.0,0.0,0.0,0.0,1.0,0.0,0.0,1091,2025-09-29T05:28:24.606490
557,24,4,2025-09-29 05:28:24.759583,0.7159439204976412,0.7875383125474054,0.07159439204976413,0.0006363945959979034,0.7159439204976412,3036176.3129591118,20619.184910332067,23.6,1.0,1.0,1114,2025-09-29T05:28:24.651269,0.003185454959451953,0.001499454959451953,0.001686,0.0004998183198173177,0.00039985465585385413,0.0005997819837807812,12776.167417053544,91.73343815272894,0.9996366396346351,1.0,1114,2025-09-29T05:28:24.693043,0.0,0.0,0.0,0.0,0.0,0.0,0.0,1.0,0.0,0.0,1093,2025-09-29T05:28:24.747042
558,24,5,2025-09-29 05:28:24.899129,0.7159439204976412,0.7875383125474054,0.07159439204976413,0.0006363945959979034,0.7159439204976412,3041331.1091866945,25773.98113791508,23.6,1.0,1.0,1116,2025-09-29T05:28:24.790264,0.0031855585019142352,0.0014995585019142352,0.001686,0.0004998528339714117,0.00039988226717712944,0.000599823400765694,12799.103261696973,114.66928279615676,0.9997056679428233,1.0,1116,2025-09-29T05:28:24.832177,0.0,0.0,0.0,0.0,0.0,0.0,0.0,1.0,0.0,0.0,1095,2025-09-29T05:28:24.886590
559,24,6,2025-09-29 05:28:25.036013,0.7159439204976412,0.7875383125474054,0.07159439204976413,0.0006363945959979034,0.7159439204976412,3046485.905414277,30928.777365498096,23.6,1.0,1.0,1118,2025-09-29T05:28:24.929366,0.0031856423765499377,0.0014996423765499377,0.001686,0.0004998807921833126,0.00039990463374665013,0.0005998569506199752,12822.039743777703,137.60576487688496,0.9997615843666251,1.0,1118,2025-09-29T05:28:24.971134,0.0,0.0,0.0,0.0,0.0,0.0,0.0,1.0,0.0,0.0,1097,2025-09-29T05:28:25.023514
560,24,7,2025-09-29 05:28:25.175811,0.7159439204976412,0.7875383125474054,0.07159439204976413,0.0006363945959979034,0.7159439204976412,3051640.70164186,36083.57359308111,23.6,1.0,1.0,1120,2025-09-29T05:28:25.066490,0.00318571031844384,0.00149971031844384,0.001686,0.0004999034394812799,0.00039992275158502396,0.0005998841273775359,12844.976742210309,160.54276330949077,0.9998068789625597,1.0,1120,2025-09-29T05:28:25.108721,0.0,0.0,0.0,0.0,0.0,0.0,0.0,1.0,0.0,0.0,1099,2025-09-29T05:28:25.162058
561,24,8,2025-09-29 05:28:25.314628,0.7159439204976412,0.7875383125474054,0.07159439204976413,0.0006363945959979034,0.7159439204976412,3056795.4978694427,41238.369820664135,23.6,1.0,1.0,1122,2025-09-29T05:28:25.206251,0.00318576535363432,0.0014997653536343199,0.001686,0.0004999217845447733,0.00039993742763581863,0.000599906141453728,12867.914158906086,183.48018000526886,0.9998435690895465,1.0,1122,2025-09-29T05:28:25.248020,0.0,0.0,0.0,0.0,0.0,0.0,0.0,1.0,0.0,0.0,1101,2025-09-29T05:28:25.302116
562,24,9,2025-09-29 05:28:25.454777,0.7159439204976412,0.7875383125474054,0.07159439204976413,0.0006363945959979034,0.7159439204976412,3061950.2940970254,46393.166048247156,23.6,1.0,1.0,1124,2025-09-29T05:28:25.345244,0.0031858099336191012,0.0014998099336191013,0.001686,0.0004999366445397005,0.0003999493156317604,0.0005999239734476406,12890.851914406941,206.41793550612613,0.9998732890794009,1.0,1124,2025-09-29T05:28:25.386833,0.0,0.0,0.0,0.0,0.0,0.0,0.0,1.0,0.0,0.0,1103,2025-09-29T05:28:25.440899
563,24,10,2025-09-29 05:28:25.594347,0.7159439204976412,0.7875383125474054,0.07159439204976413,0.0006363945959979034,0.7159439204976412,3067105.090324608,51547.96227583018,23.6,1.0,1.0,1126,2025-09-29T05:28:25.485656,0.003185846044378155,0.0014998460443781548,0.001686,0.000499948681459385,0.000399958945167508,0.0005999384177512619,12913.789944347727,229.35596544691168,0.9998973629187698,1.0,1126,2025-09-29T05:28:25.527544,0.0,0.0,0.0,0.0,0.0,0.0,0.0,1.0,0.0,0.0,1105,2025-09-29T05:28:25.581960
564,24,11,2025-09-29 05:28:25.734502,0.7159439204976412,0.7875383125474054,0.07159439204976413,0.0006363945959979034,0.7159439204976412,3072259.886552191,56702.7585034132,23.6,1.0,1.0,1128,2025-09-29T05:28:25.625182,0.0031858752947303264,0.0014998752947303262,0.001686,0.0004999584315767754,0.00039996674526142036,0.0005999501178921304,12936.728196589982,252.29421768916615,0.9999168631535507,1.0,1128,2025-09-29T05:28:25.666946,0.0,0.0,0.0,0.0,0.0,0.0,0.0,1.0,0.0,0.0,1107,2025-09-29T05:28:25.721333
565,24,12,2025-09-29 05:28:25.873901,0.7159439204976412,0.7875383125474054,0.07159439204976413,0.0006363945959979034,0.7159439204976412,3077414.6827797736,61857.55473099622,23.6,1.0,1.0,1130,2025-09-29T05:28:25.764859,0.003185898987933751,0.0014998989879337508,0.001686,0.0004999663293112503,0.00039997306344900026,0.0005999595951735003,12959.66662889979,275.2326499989743,0.9999326586225004,1.0,1130,2025-09-29T05:28:25.806255,0.0,0.0,0.0,0.0,0.0,0.0,0.0,1.0,0.0,0.0,1109,2025-09-29T05:28:25.860041
566,24,13,2025-09-29 05:28:26.013905,0.7159439204976412,0.7875383125474054,0.07159439204976413,0.0006363945959979034,0.7159439204976412,3082569.4790073563,67012.35095857923,23.6,1.0,1.0,1132,2025-09-29T05:28:25.904183,0.003185918179702888,0.0014999181797028878,0.001686,0.0004999727265676293,0.00039997818125410347,0.0005999672718811551,12982.605207066523,298.17122816570804,0.9999454531352585,1.0,1132,2025-09-29T05:28:25.946143,0.0,0.0,0.0,0.0,0.0,0.0,0.0,1.0,0.0,0.0,1111,2025-09-29T05:28:25.999972
567,24,14,2025-09-29 05:28:26.154042,0.7159439204976412,0.7875383125474054,0.07159439204976413,0.0006363945959979034,0.7159439204976412,3087724.275234939,72167.14718616226,23.6,1.0,1.0,1134,2025-09-29T05:28:26.044224,0.0031859337252159005,0.0014999337252159005,0.001686,0.0004999779084053002,0.00039998232672424017,0.0005999734900863602,13005.543903378813,321.10992447799964,0.9999558168106003,1.0,1134,2025-09-29T05:28:26.086400,0.0,0.0,0.0,0.0,0.0,0.0,0.0,1.0,0.0,0.0,1113,2025-09-29T05:28:26.140593
568,24,15,2025-09-29 05:28:26.291848,0.7159439204976412,0.7875383125474054,0.07159439204976413,0.0006363945959979034,0.7159439204976412,3092879.071462522,77321.94341374528,23.6,1.0,1.0,1136,2025-09-29T05:28:26.184734,0.003185946317199548,0.0014999463171995481,0.001686,0.0004999821057331827,0.00039998568458654614,0.0005999785268798192,13028.482695389957,344.04871648914315,0.9999642114663653,1.0,1136,2025-09-29T05:28:26.226138,0.0,0.0,0.0,0.0,0.0,0.0,0.0,1.0,0.0,0.0,1115,2025-09-29T05:28:26.280189
569,24,16,2025-09-29 05:28:26.430463,0.7159439204976412,0.7875383125474054,0.07159439204976413,0.0006363945959979034,0.7159439204976412,3098033.8676901045,82476.7396413283,23.6,1.0,1.0,1138,2025-09-29T05:28:26.322221,0.003185956516783793,0.0014999565167837933,0.001686,0.0004999855055945978,0.0003999884044756782,0.0005999826067135173,13051.421564917795,366.98758601698006,0.9999710111891954,1.0,1138,2025-09-29T05:28:26.364055,0.0,0.0,0.0,0.0,0.0,0.0,0.0,1.0,0.0,0.0,1117,2025-09-29T05:28:26.416592
570,24,17,2025-09-29 05:28:26.567487,0.7159439204976412,0.7875383125474054,0.07159439204976413,0.0006363945959979034,0.7159439204976412,3103188.6639176873,87631.53586891132,23.6,1.0,1.0,1140,2025-09-29T05:28:26.460718,0.0031859647784978737,0.0014999647784978737,0.001686,0.0004999882594992912,0.00039999060759943303,0.0005999859113991494,13074.360497234564,389.92651833374765,0.9999765189985825,1.0,1140,2025-09-29T05:28:26.502446,0.0,0.0,0.0,0.0,0.0,0.0,0.0,1.0,0.0,0.0,1119,2025-09-29T05:28:26.555261
571,24,18,2025-09-29 05:28:26.707987,0.7159439204976412,0.7875383125474054,0.07159439204976413,0.0006363945959979034,0.7159439204976412,3108343.46014527,92786.33209649434,23.6,1.0,1.0,1142,2025-09-29T05:28:26.597647,0.0031859714705196364,0.0014999714705196364,0.001686,0.0004999904901732122,0.00039999239213856977,0.0005999885882078546,13097.299480410633,412.8655015098175,0.9999809803464242,1.0,1142,2025-09-29T05:28:26.639796,0.0,0.0,0.0,0.0,0.0,0.0,0.0,1.0,0.0,0.0,1121,2025-09-29T05:28:26.694262
572,24,19,2025-09-29 05:28:26.846988,0.7159439204976412,0.7875383125474054,0.07159439204976413,0.0006363945959979034,0.7159439204976412,3113498.2563728527,97941.12832407736,23.6,1.0,1.0,1144,2025-09-29T05:28:26.738976,0.0031859768910791502,0.0014999768910791502,0.001686,0.0004999922970263834,0.00039999383762110677,0.00059999075643166,13120.238504782914,435.8045258820981,0.9999845940527667,1.0,1144,2025-09-29T05:28:26.780460,0.0,0.0,0.0,0.0,0.0,0.0,0.0,1.0,0.0,0.0,1123,2025-09-29T05:28:26.833065
573,24,20,2025-09-29 05:28:26.984310,0.7159439204976412,0.7875383125474054,0.07159439204976413,0.0006363945959979034,0.7159439204976412,3118653.0526004354,103095.92455166038,23.6,1.0,1.0,1146,2025-09-29T05:28:26.877357,0.0031859812817467163,0.0014999812817467163,0.001686,0.0004999937605822388,0.00039999500846579105,0.0005999925126986865,13143.17756252424,458.7435836234251,0.9999875211644775,1.0,1146,2025-09-29T05:28:26.918975,0.0,0.0,0.0,0.0,0.0,0.0,0.0,1.0,0.0,0.0,1125,2025-09-29T05:28:26.971422
574,24,21,2025-09-29 05:28:27.122952,0.7159439204976412,0.7875383125474054,0.07159439204976413,0.0006363945959979034,0.7159439204976412,3123807.848828018,108250.7207792434,23.6,1.0,1.0,1148,2025-09-29T05:28:27.014470,0.003185984838196866,0.0014999848381968659,0.001686,0.0004999949460656219,0.00039999595685249757,0.0005999939352787463,13166.116647294572,481.6826683937553,0.9999898921312438,1.0,1148,2025-09-29T05:28:27.056312,0.0,0.0,0.0,0.0,0.0,0.0,0.0,1.0,0.0,0.0,1127,2025-09-29T05:28:27.109519
575,24,22,2025-09-29 05:28:27.262783,0.7159439204976412,0.7875383125474054,0.07159439204976413,0.0006363945959979034,0.7159439204976412,3128962.645055601,113405.51700682643,23.6,1.0,1.0,1150,2025-09-29T05:28:27.153541,0.0031859877189276686,0.0014999877189276684,0.001686,0.0004999959063092228,0.00039999672504737827,0.0005999950875710673,13189.055753958444,504.62177505762793,0.9999918126184454,1.0,1150,2025-09-29T05:28:27.195278,0.0,0.0,0.0,0.0,0.0,0.0,0.0,1.0,0.0,0.0,1129,2025-09-29T05:28:27.248870
576,24,23,2025-09-29 05:28:27.403548,0.7159439204976412,0.7875383125474054,0.07159439204976413,0.0006363945959979034,0.7159439204976412,3134117.4412831836,118560.31323440945,23.6,1.0,1.0,1152,2025-09-29T05:28:27.293497,0.0031859900523236737,0.0014999900523236737,0.001686,0.0004999966841078913,0.000399997347286313,0.0005999960209294695,13211.994878356118,527.5608994553025,0.9999933682157824,1.0,1152,2025-09-29T05:28:27.335276,0.0,0.0,0.0,0.0,0.0,0.0,0.0,1.0,0.0,0.0,1131,2025-09-29T05:28:27.389674
577,25,0,2025-09-29 05:28:27.541996,0.7276888994047538,0.8004577893452293,0.07276888994047538,0.0006500472552390067,0.7276888994047538,3139356.8013588977,0.0,24.2,1.0,1.0,1154,2025-09-29T05:28:27.434794,0.003248343729105584,0.0015623437291055842,0.001686,0.0005207812430351947,0.0004166249944281558,0.0006249374916422336,13235.386125286936,0.0,1.0415624860703894,1.0,1154,2025-09-29T05:28:27.476629,0.0,0.0,0.0,0.0,0.0,0.0,0.0,1.0,0.0,0.0,1133,2025-09-29T05:28:27.528061
578,25,1,2025-09-29 05:28:27.680044,0.7276888994047538,0.8004577893452293,0.07276888994047538,0.0006500472552390067,0.7276888994047538,3144596.161434612,5239.360075714228,24.2,1.0,1.0,1156,2025-09-29T05:28:27.572780,0.003245494084766508,0.0015594940847665079,0.001686,0.0005198313615888359,0.00041586508927106874,0.000623797633906603,13258.759418355454,23.37329306851818,1.0396627231776718,1.0,1156,2025-09-29T05:28:27.614587,0.0,0.0,0.0,0.0,0.0,0.0,0.0,1.0,0.0,0.0,1135,2025-09-29T05:28:27.668417
579,25,2,2025-09-29 05:28:27.816904,0.7276888994047538,0.8004577893452293,0.07276888994047538,0.0006500472552390067,0.7276888994047538,3149835.521510326,10478.720151428455,24.2,1.0,1.0,1158,2025-09-29T05:28:27.710975,0.0032414328576574484,0.0015554328576574486,0.001686,0.0005184776192191495,0.00041478209537531966,0.0006221731430629794,13282.105532275198,46.71940698826297,1.036955238438299,1.0,1158,2025-09-29T05:28:27.752780,0.0,0.0,0.0,0.0,0.0,0.0,0.0,1.0,0.0,0.0,1137,2025-09-29T05:28:27.805428
580,25,3,2025-09-29 05:28:27.955658,0.7276888994047538,0.8004577893452293,0.07276888994047538,0.0006500472552390067,0.7276888994047538,3155074.88158604,15718.080227142682,24.2,1.0,1.0,1160,2025-09-29T05:28:27.847528,0.0032363998767676377,0.0015503998767676375,0.001686,0.0005167999589225458,0.0004134399671380367,0.000620159950707055,13305.417060686512,70.030935399576,1.0335999178450914,1.0,1160,2025-09-29T05:28:27.889527,0.0,0.0,0.0,0.0,0.0,0.0,0.0,1.0,0.0,0.0,1139,2025-09-29T05:28:27.943034
581,25,4,2025-09-29 05:28:28.095669,0.7276888994047538,0.8004577893452293,0.07276888994047538,0.0006500472552390067,0.7276888994047538,3160314.241661754,20957.44030285691,24.2,1.0,1.0,1162,2025-09-29T05:28:27.986261,0.0032305905231482515,0.0015445905231482515,0.001686,0.0005148635077160839,0.0004118908061728671,0.0006178362092593006,13328.688080141561,93.30195485462448,1.0297270154321676,1.0,1162,2025-09-29T05:28:28.027559,0.0,0.0,0.0,0.0,0.0,0.0,0.0,1.0,0.0,0.0,1141,2025-09-29T05:28:28.081789
582,25,5,2025-09-29 05:28:28.232005,0.7276888994047538,0.8004577893452293,0.07276888994047538,0.0006500472552390067,0.7276888994047538,3165553.601737468,26196.800378571137,24.2,1.0,1.0,1164,2025-09-29T05:28:28.125940,0.00322416358678996,0.0015381635867899599,0.001686,0.0005127211955966533,0.00041017695647732264,0.000615265434715984,13351.913873103678,116.52774781674051,1.0254423911933066,1.0,1164,2025-09-29T05:28:28.167844,0.0,0.0,0.0,0.0,0.0,0.0,0.0,1.0,0.0,0.0,1143,2025-09-29T05:28:28.219060
583,25,6,2025-09-29 05:28:28.372374,0.7276888994047538,0.8004577893452293,0.07276888994047538,0.0006500472552390067,0.7276888994047538,3170792.961813182,31436.160454285364,24.2,1.0,1.0,1166,2025-09-29T05:28:28.262837,0.0032172478674090755,0.0015312478674090757,0.001686,0.0005104159558030252,0.0004083327646424202,0.0006124991469636302,13375.090700667968,139.70457538103062,1.0208319116060502,1.0,1166,2025-09-29T05:28:28.304900,0.0,0.0,0.0,0.0,0.0,0.0,0.0,1.0,0.0,0.0,1145,2025-09-29T05:28:28.358398
584,25,7,2025-09-29 05:28:28.509498,0.7276888994047538,0.8004577893452293,0.07276888994047538,0.0006500472552390067,0.7276888994047538,3176032.321888896,36675.520529999594,24.2,1.0,1.0,1168,2025-09-29T05:28:28.403070,0.0032112610910401307,0.0015252610910401307,0.001686,0.0005084203636800435,0.00040673629094403486,0.0006101044364160523,13398.221979028565,162.83585374162675,1.016840727360087,1.0,1168,2025-09-29T05:28:28.444897,0.0,0.0,0.0,0.0,0.0,0.0,0.0,1.0,0.0,0.0,1146,2025-09-29T05:28:28.497571
585,25,8,2025-09-29 05:28:28.648594,0.7276888994047538,0.8004577893452293,0.07276888994047538,0.0006500472552390067,0.7276888994047538,3181271.6819646102,41914.88060571382,24.2,1.0,1.0,1170,2025-09-29T05:28:28.540055,0.0032064289647315905,0.0015204289647315903,0.001686,0.0005068096549105301,0.0004054477239284241,0.0006081715858926361,13421.31650074115,185.93037545421245,1.0136193098210602,1.0,1170,2025-09-29T05:28:28.581813,0.0,0.0,0.0,0.0,0.0,0.0,0.0,1.0,0.0,0.0,1148,2025-09-29T05:28:28.634708
586,25,9,2025-09-29 05:28:28.787975,0.7276888994047538,0.8004577893452293,0.07276888994047538,0.0006500472552390067,0.7276888994047538,3186511.0420403243,47154.24068142805,24.2,1.0,1.0,1172,2025-09-29T05:28:28.678995,0.0032025261665642396,0.0015165261665642396,0.001686,0.0005055087221880798,0.0004044069777504639,0.0006066104666256958,13444.381339937,208.99521465006052,1.0110174443761595,1.0,1172,2025-09-29T05:28:28.720645,0.0,0.0,0.0,0.0,0.0,0.0,0.0,1.0,0.0,0.0,1150,2025-09-29T05:28:28.775034
587,25,10,2025-09-29 05:28:28.928745,0.7276888994047538,0.8004577893452293,0.07276888994047538,0.0006500472552390067,0.7276888994047538,3191750.4021160384,52393.600757142274,24.2,1.0,1.0,1174,2025-09-29T05:28:28.818815,0.003199372245023318,0.0015133722450233178,0.001686,0.0005044574150077725,0.00040356593200621807,0.0006053488980093271,13467.422195420892,232.03607013395367,1.008914830015545,1.0,1174,2025-09-29T05:28:28.860517,0.0,0.0,0.0,0.0,0.0,0.0,0.0,1.0,0.0,0.0,1152,2025-09-29T05:28:28.914790
588,25,11,2025-09-29 05:28:29.067891,0.7276888994047538,0.8004577893452293,0.07276888994047538,0.0006500472552390067,0.7276888994047538,3196989.7621917524,57632.9608328565,24.2,1.0,1.0,1176,2025-09-29T05:28:28.958935,0.0031968223774413874,0.0015108223774413874,0.001686,0.0005036074591471292,0.00040288596731770333,0.000604328950976555,13490.44366280416,255.05753751722244,1.0072149182942582,1.0,1176,2025-09-29T05:28:29.000601,0.0,0.0,0.0,0.0,0.0,0.0,0.0,1.0,0.0,0.0,1154,2025-09-29T05:28:29.054020
589,25,12,2025-09-29 05:28:29.208433,0.7276888994047538,0.8004577893452293,0.07276888994047538,0.0006500472552390067,0.7276888994047538,3202229.1222674665,62872.32090857073,24.2,1.0,1.0,1178,2025-09-29T05:28:29.098594,0.0031947601344019245,0.0015087601344019245,0.001686,0.0005029200448006415,0.0004023360358405132,0.0006035040537607697,13513.449451174878,278.06332588794066,1.0058400896012827,1.0,1178,2025-09-29T05:28:29.140727,0.0,0.0,0.0,0.0,0.0,0.0,0.0,1.0,0.0,0.0,1156,2025-09-29T05:28:29.194555
590,25,13,2025-09-29 05:28:29.347031,0.7276888994047538,0.8004577893452293,0.07276888994047538,0.0006500472552390067,0.7276888994047538,3207468.4823431806,68111.68098428496,24.2,1.0,1.0,1180,2025-09-29T05:28:29.238787,0.003193091781196604,0.0015070917811966038,0.001686,0.0005023639270655346,0.0004018911416524277,0.0006028367124786416,13536.442556152426,301.05643086548884,1.0047278541310691,1.0,1180,2025-09-29T05:28:29.280679,0.0,0.0,0.0,0.0,0.0,0.0,0.0,1.0,0.0,0.0,1158,2025-09-29T05:28:29.333207
591,25,14,2025-09-29 05:28:29.486764,0.7276888994047538,0.8004577893452293,0.07276888994047538,0.0006500472552390067,0.7276888994047538,3212707.8424188946,73351.0410599992,24.2,1.0,1.0,1182,2025-09-29T05:28:29.378010,0.0031917417675459453,0.0015057417675459453,0.001686,0.0005019139225153151,0.00040153113801225213,0.0006022967070183781,13559.425398464378,324.03927317744103,1.00382784503063,1.0,1182,2025-09-29T05:28:29.419826,0.0,0.0,0.0,0.0,0.0,0.0,0.0,1.0,0.0,0.0,1160,2025-09-29T05:28:29.473035
592,25,15,2025-09-29 05:28:29.624112,0.7276888994047538,0.8004577893452293,0.07276888994047538,0.0006500472552390067,0.7276888994047538,3217947.2024946087,78590.40113571344,24.2,1.0,1.0,1184,2025-09-29T05:28:29.517245,0.003190649143021818,0.0015046491430218182,0.001686,0.0005015497143406061,0.0004012397714724849,0.0006018596572087273,13582.39993515056,347.0138098636232,1.003099428681212,1.0,1184,2025-09-29T05:28:29.558488,0.0,0.0,0.0,0.0,0.0,0.0,0.0,1.0,0.0,0.0,1162,2025-09-29T05:28:29.610236
593,25,16,2025-09-29 05:28:29.763804,0.7276888994047538,0.8004577893452293,0.07276888994047538,0.0006500472552390067,0.7276888994047538,3223186.562570323,83829.76121142769,24.2,1.0,1.0,1186,2025-09-29T05:28:29.654434,0.0031897646983831663,0.0015037646983831663,0.001686,0.0005012548994610555,0.0004010039195688444,0.0006015058793532665,13605.36774895641,369.9816236694726,1.0025097989221108,1.0,1186,2025-09-29T05:28:29.695782,0.0,0.0,0.0,0.0,0.0,0.0,0.0,1.0,0.0,0.0,1164,2025-09-29T05:28:29.749939
594,25,17,2025-09-29 05:28:29.904052,0.7276888994047538,0.8004577893452293,0.07276888994047538,0.0006500472552390067,0.7276888994047538,3228425.922646037,89069.12128714193,24.2,1.0,1.0,1188,2025-09-29T05:28:29.794438,0.0031890486793406756,0.0015030486793406754,0.001686,0.0005010162264468918,0.0004008129811575135,0.0006012194717362701,13628.330120295526,392.9439950085882,1.0020324528937836,1.0,1188,2025-09-29T05:28:29.836591,0.0,0.0,0.0,0.0,0.0,0.0,0.0,1.0,0.0,0.0,1166,2025-09-29T05:28:29.890198
595,25,18,2025-09-29 05:28:30.042767,0.7276888994047538,0.8004577893452293,0.07276888994047538,0.0006500472552390067,0.7276888994047538,3233665.282721751,94308.48136285617,24.2,1.0,1.0,1190,2025-09-29T05:28:29.935070,0.0031884689538448576,0.0015024689538448576,0.001686,0.0005008229846149526,0.00040065838769196206,0.000600987581537943,13651.288085247377,415.9019599604406,1.001645969229905,1.0,1190,2025-09-29T05:28:29.977059,0.0,0.0,0.0,0.0,0.0,0.0,0.0,1.0,0.0,0.0,1168,2025-09-29T05:28:30.031336
596,25,19,2025-09-29 05:28:30.181988,0.7276888994047538,0.8004577893452293,0.07276888994047538,0.0006500472552390067,0.7276888994047538,3238904.642797465,99547.84143857041,24.2,1.0,1.0,1192,2025-09-29T05:28:30.073335,0.003187999540107213,0.0015019995401072128,0.001686,0.000500666513369071,0.0004005332106952568,0.0006007998160428851,13674.242482344278,438.85635705734165,1.001333026738142,1.0,1192,2025-09-29T05:28:30.114444,0.0,0.0,0.0,0.0,0.0,0.0,0.0,1.0,0.0,0.0,1170,2025-09-29T05:28:30.168144
597,25,20,2025-09-29 05:28:30.321625,0.7276888994047538,0.8004577893452293,0.07276888994047538,0.0006500472552390067,0.7276888994047538,3244144.002873179,104787.20151428465,24.2,1.0,1.0,1194,2025-09-29T05:28:30.212563,0.0031876194224895755,0.0015016194224895755,0.001686,0.0005005398074965252,0.00040043184599722017,0.0006006477689958302,13697.193990343596,461.80786505666106,1.0010796149930503,1.0,1194,2025-09-29T05:28:30.254171,0.0,0.0,0.0,0.0,0.0,0.0,0.0,1.0,0.0,0.0,1172,2025-09-29T05:28:30.307704
598,25,21,2025-09-29 05:28:30.459104,0.7276888994047538,0.8004577893452293,0.07276888994047538,0.0006500472552390067,0.7276888994047538,3249383.362948893,110026.56158999889,24.2,1.0,1.0,1196,2025-09-29T05:28:30.352252,0.003187311597738389,0.0015013115977383891,0.001686,0.0005004371992461296,0.00040034975939690374,0.0006005246390953556,13720.1431587412,484.7570334542644,1.0008743984922592,1.0,1196,2025-09-29T05:28:30.393285,0.0,0.0,0.0,0.0,0.0,0.0,0.0,1.0,0.0,0.0,1174,2025-09-29T05:28:30.445179
599,25,22,2025-09-29 05:28:30.598856,0.7276888994047538,0.8004577893452293,0.07276888994047538,0.0006500472552390067,0.7276888994047538,3254622.723024607,115265.92166571313,24.2,1.0,1.0,1198,2025-09-29T05:28:30.490086,0.003187062305947883,0.001501062305947883,0.001686,0.0005003541019826277,0.0004002832815861022,0.0006004249223791532,13743.090432433553,507.7043071466175,1.0007082039652553,1.0,1198,2025-09-29T05:28:30.531839,0.0,0.0,0.0,0.0,0.0,0.0,0.0,1.0,0.0,0.0,1176,2025-09-29T05:28:30.586341
600,25,23,2025-09-29 05:28:30.737811,0.7276888994047538,0.8004577893452293,0.07276888994047538,0.0006500472552390067,0.7276888994047538,3259862.0831003212,120505.28174142737,24.2,1.0,1.0,1200,2025-09-29T05:28:30.629134,0.0031868604099423033,0.0015008604099423033,0.001686,0.0005002868033141011,0.00040022944265128086,0.0006003441639769213,13766.03617165877,530.6500463718353,1.0005736066282018,1.0,1200,2025-09-29T05:28:30.670779,0.0,0.0,0.0,0.0,0.0,0.0,0.0,1.0,0.0,0.0,1178,2025-09-29T05:28:30.723984
601,26,0,2025-09-29 05:28:30.875998,0.6474059942770979,0.7121465937048077,0.0647405994277098,0.0006294845686088051,0.6474059942770979,3264523.4062591163,0.0,21.5,1.0,1.0,1202,2025-09-29T05:28:30.767843,0.0029353913724284304,0.0012493913724284304,0.001686,0.00041646379080947677,0.0003331710326475814,0.0004997565489713721,13787.159811647032,0.0,0.8329275816189534,1.0,1202,2025-09-29T05:28:30.809289,0.0,0.0,0.0,0.0,0.0,0.0,0.0,1.0,0.0,0.0,1180,2025-09-29T05:28:30.863273
602,26,1,2025-09-29 05:28:31.016027,0.6474059942770979,0.7121465937048077,0.0647405994277098,0.0006294845686088051,0.6474059942770979,3269184.7294179113,4661.323158795105,21.5,1.0,1.0,1204,2025-09-29T05:28:30.906553,0.0029455923814185056,0.0012595923814185056,0.001686,0.0004198641271395019,0.0003358913017116015,0.0005038369525674023,13808.347467181082,21.187655534050872,0.8397282542790037,1.0,1204,2025-09-29T05:28:30.948255,0.0,0.0,0.0,0.0,0.0,0.0,0.0,1.0,0.0,0.0,1182,2025-09-29T05:28:31.002103
603,26,2,2025-09-29 05:28:31.153513,0.6474059942770979,0.7121465937048077,0.0647405994277098,0.0006294845686088051,0.6474059942770979,3273846.0525767063,9322.64631759021,21.5,1.0,1.0,1206,2025-09-29T05:28:31.046630,0.0029603733424293666,0.0012743733424293666,0.001686,0.0004247911141431222,0.0003398328913144978,0.0005097493369717466,13829.633663543404,42.47385189637254,0.8495822282862444,1.0,1206,2025-09-29T05:28:31.087650,0.0,0.0,0.0,0.0,0.0,0.0,0.0,1.0,0.0,0.0,1184,2025-09-29T05:28:31.140144
604,26,3,2025-09-29 05:28:31.292168,0.6474059942770979,0.7121465937048077,0.0647405994277098,0.0006294845686088051,0.6474059942770979,3278507.3757355013,13983.969476385315,21.5,1.0,1.0,1208,2025-09-29T05:28:31.184055,0.0029790245987268292,0.0012930245987268292,0.001686,0.0004310081995756097,0.0003448065596604878,0.0005172098394907316,13851.04746229406,63.88765064702763,0.8620163991512193,1.0,1208,2025-09-29T05:28:31.225138,0.0,0.0,0.0,0.0,0.0,0.0,0.0,1.0,0.0,0.0,1186,2025-09-29T05:28:31.279627
605,26,4,2025-09-29 05:28:31.432797,0.6474059942770979,0.7121465937048077,0.0647405994277098,0.0006294845686088051,0.6474059942770979,3283168.6988942963,18645.29263518042,21.5,1.0,1.0,1210,2025-09-29T05:28:31.322944,0.003000994980338058,0.001314994980338058,0.001686,0.000438331660112686,0.0003506653280901488,0.0005259979921352232,13872.613691678902,85.45388003187064,0.876663320225372,1.0,1210,2025-09-29T05:28:31.364776,0.0,0.0,0.0,0.0,0.0,0.0,0.0,1.0,0.0,0.0,1188,2025-09-29T05:28:31.418905
606,26,5,2025-09-29 05:28:31.572316,0.6474059942770979,0.7121465937048077,0.0647405994277098,0.0006294845686088051,0.6474059942770979,3287830.0220530913,23306.61579397552,21.5,1.0,1.0,1212,2025-09-29T05:28:31.463582,0.003025853250815657,0.001339853250815657,0.001686,0.00044661775027188564,0.00035729420021750856,0.0005359413003262627,13894.353873754499,107.1940621074685,0.8932355005437713,1.0,1212,2025-09-29T05:28:31.505828,0.0,0.0,0.0,0.0,0.0,0.0,0.0,1.0,0.0,0.0,1190,2025-09-29T05:28:31.560344
607,26,6,2025-09-29 05:28:31.711955,0.6474059942770979,0.7121465937048077,0.0647405994277098,0.0006294845686088051,0.6474059942770979,3292491.3452118863,27967.938952770623,21.5,1.0,1.0,1214,2025-09-29T05:28:31.602752,0.0030532602785977017,0.0013672602785977015,0.001686,0.0004557534261992338,0.00036460274095938706,0.0005469041114390806,13916.28693367667,129.12712202963894,0.9115068523984675,1.0,1214,2025-09-29T05:28:31.644581,0.0,0.0,0.0,0.0,0.0,0.0,0.0,1.0,0.0,0.0,1192,2025-09-29T05:28:31.698544
608,26,7,2025-09-29 05:28:31.851473,0.6474059942770979,0.7121465937048077,0.0647405994277098,0.0006294845686088051,0.6474059942770979,3297152.6683706813,32629.262111565724,21.5,1.0,1.0,1216,2025-09-29T05:28:31.742261,0.003077543569538334,0.0013915435695383339,0.001686,0.00046384785651277794,0.00037107828521022236,0.0005566174278153335,13938.403646105742,151.2438344587105,0.9276957130255558,1.0,1216,2025-09-29T05:28:31.783628,0.0,0.0,0.0,0.0,0.0,0.0,0.0,1.0,0.0,0.0,1194,2025-09-29T05:28:31.837598
609,26,8,2025-09-29 05:28:31.991812,0.6474059942770979,0.7121465937048077,0.0647405994277098,0.0006294845686088051,0.6474059942770979,3301813.9915294764,37290.585270360825,21.5,1.0,1.0,1218,2025-09-29T05:28:31.882076,0.003097528834576067,0.0014115288345760671,0.001686,0.0004705096115253557,0.0003764076892202846,0.0005646115338304268,13960.671645674804,173.51183402777275,0.9410192230507113,1.0,1218,2025-09-29T05:28:31.923730,0.0,0.0,0.0,0.0,0.0,0.0,0.0,1.0,0.0,0.0,1196,2025-09-29T05:28:31.977947
610,26,9,2025-09-29 05:28:32.130440,0.6474059942770979,0.7121465937048077,0.0647405994277098,0.0006294845686088051,0.6474059942770979,3306475.3146882714,41951.90842915593,21.5,1.0,1.0,1220,2025-09-29T05:28:32.022638,0.0031139271139569054,0.0014279271139569056,0.001686,0.00047597570465230185,0.0003807805637218415,0.0005711708455827622,13983.063872508146,195.90406086111392,0.9519514093046035,1.0,1220,2025-09-29T05:28:32.064509,0.0,0.0,0.0,0.0,0.0,0.0,0.0,1.0,0.0,0.0,1198,2025-09-29T05:28:32.117659
611,26,10,2025-09-29 05:28:32.270604,0.6474059942770979,0.7121465937048077,0.0647405994277098,0.0006294845686088051,0.6474059942770979,3311136.6378470664,46613.23158795103,21.5,1.0,1.0,1222,2025-09-29T05:28:32.161231,0.0031273492676872437,0.0014413492676872434,0.001686,0.00048044975589574783,0.0003843598047165983,0.0005765397070748974,14005.557842574239,218.39803092720686,0.9608995117914956,1.0,1222,2025-09-29T05:28:32.202890,0.0,0.0,0.0,0.0,0.0,0.0,0.0,1.0,0.0,0.0,1200,2025-09-29T05:28:32.256740
612,26,11,2025-09-29 05:28:32.408234,0.6474059942770979,0.7121465937048077,0.0647405994277098,0.0006294845686088051,0.6474059942770979,3315797.9610058614,51274.55474674613,21.5,1.0,1.0,1224,2025-09-29T05:28:32.301512,0.0031383136424477545,0.0014523136424477545,0.001686,0.0004841045474825848,0.0003872836379860678,0.0005809254569791017,14028.134966365908,240.97515471887496,0.9682090949651694,1.0,1224,2025-09-29T05:28:32.342620,0.0,0.0,0.0,0.0,0.0,0.0,0.0,1.0,0.0,0.0,1202,2025-09-29T05:28:32.394298
613,26,12,2025-09-29 05:28:32.545719,0.6474059942770979,0.7121465937048077,0.0647405994277098,0.0006294845686088051,0.6474059942770979,3320459.2841646564,55935.87790554123,21.5,1.0,1.0,1226,2025-09-29T05:28:32.438728,0.0031472558975534745,0.0014612558975534745,0.001686,0.0004870852991844915,0.0003896682393475932,0.0005845023590213897,14050.77993529634,263.6201236493065,0.9741705983689829,1.0,1226,2025-09-29T05:28:32.480926,0.0,0.0,0.0,0.0,0.0,0.0,0.0,1.0,0.0,0.0,1204,2025-09-29T05:28:32.533007
614,26,13,2025-09-29 05:28:32.683361,0.6474059942770979,0.7121465937048077,0.0647405994277098,0.0006294845686088051,0.6474059942770979,3325120.6073234514,60597.20106433633,21.5,1.0,1.0,1228,2025-09-29T05:28:32.576323,0.0031545394699779446,0.0014685394699779446,0.001686,0.0004895131566593149,0.0003916105253274519,0.0005874157879911778,14073.480182820384,286.3203711733519,0.9790263133186297,1.0,1228,2025-09-29T05:28:32.617907,0.0,0.0,0.0,0.0,0.0,0.0,0.0,1.0,0.0,0.0,1206,2025-09-29T05:28:32.670968
615,26,14,2025-09-29 05:28:32.823906,0.6474059942770979,0.7121465937048077,0.0647405994277098,0.0006294845686088051,0.6474059942770979,3329781.9304822464,65258.52422313143,21.5,1.0,1.0,1230,2025-09-29T05:28:32.713825,0.0031604657683983175,0.0014744657683983175,0.001686,0.0004914885894661058,0.0003931908715728847,0.0005897863073593269,14096.225419743503,309.0656080964714,0.9829771789322116,1.0,1230,2025-09-29T05:28:32.755746,0.0,0.0,0.0,0.0,0.0,0.0,0.0,1.0,0.0,0.0,1207,2025-09-29T05:28:32.810039
616,26,15,2025-09-29 05:28:32.959367,0.6474059942770979,0.7121465937048077,0.0647405994277098,0.0006294845686088051,0.6474059942770979,3334443.2536410415,69919.84738192653,21.5,1.0,1.0,1232,2025-09-29T05:28:32.854198,0.0031652835969792764,0.0014792835969792764,0.001686,0.0004930945323264255,0.0003944756258611404,0.0005917134387917105,14119.00723892308,331.8474272760497,0.9861890646528508,1.0,1232,2025-09-29T05:28:32.895063,0.0,0.0,0.0,0.0,0.0,0.0,0.0,1.0,0.0,0.0,1209,2025-09-29T05:28:32.947369
617,26,16,2025-09-29 05:28:33.096951,0.6474059942770979,0.7121465937048077,0.0647405994277098,0.0006294845686088051,0.6474059942770979,3339104.5767998365,74581.17054072164,21.5,1.0,1.0,1234,2025-09-29T05:28:32.989697,0.0031691975756320107,0.0014831975756320107,0.001686,0.0004943991918773369,0.00039551935350186953,0.0005932790302528042,14141.818782462842,354.65897081581267,0.9887983837546738,1.0,1234,2025-09-29T05:28:33.030948,0.0,0.0,0.0,0.0,0.0,0.0,0.0,1.0,0.0,0.0,1211,2025-09-29T05:28:33.083119
618,26,17,2025-09-29 05:28:33.237051,0.6474059942770979,0.7121465937048077,0.0647405994277098,0.0006294845686088051,0.6474059942770979,3343765.8999586315,79242.49369951674,21.5,1.0,1.0,1236,2025-09-29T05:28:33.127592,0.0031723754884204498,0.0014863754884204498,0.001686,0.00049545849614015,0.00039636679691212,0.00059455019536818,14164.654463749512,377.49465210248087,0.9909169922802998,1.0,1236,2025-09-29T05:28:33.168924,0.0,0.0,0.0,0.0,0.0,0.0,0.0,1.0,0.0,0.0,1213,2025-09-29T05:28:33.223214
619,26,18,2025-09-29 05:28:33.374547,0.6474059942770979,0.7121465937048077,0.0647405994277098,0.0006294845686088051,0.6474059942770979,3348427.2231174265,83903.81685831184,21.5,1.0,1.0,1238,2025-09-29T05:28:33.267685,0.00317495458845813,0.0014889545884581303,0.001686,0.0004963181961527101,0.0003970545569221681,0.0005955818353832521,14187.509736735605,400.34992508857437,0.9926363923054201,1.0,1238,2025-09-29T05:28:33.309462,0.0,0.0,0.0,0.0,0.0,0.0,0.0,1.0,0.0,0.0,1215,2025-09-29T05:28:33.361028
620,26,19,2025-09-29 05:28:33.514458,0.6474059942770979,0.7121465937048077,0.0647405994277098,0.0006294845686088051,0.6474059942770979,3353088.5462762215,88565.14001710694,21.5,1.0,1.0,1240,2025-09-29T05:28:33.404772,0.0031770469396388817,0.0014910469396388817,0.001686,0.0004970156465462939,0.00039761251723703514,0.0005964187758555527,14210.380905373077,423.2210937260446,0.9940312930925876,1.0,1240,2025-09-29T05:28:33.446730,0.0,0.0,0.0,0.0,0.0,0.0,0.0,1.0,0.0,0.0,1217,2025-09-29T05:28:33.500525
621,26,20,2025-09-29 05:28:33.652547,0.6474059942770979,0.7121465937048077,0.0647405994277098,0.0006294845686088051,0.6474059942770979,3357749.8694350165,93226.46317590204,21.5,1.0,1.0,1242,2025-09-29T05:28:33.545168,0.003178743899270908,0.001492743899270908,0.001686,0.0004975812997569693,0.00039806503980557547,0.0005970975597083632,14233.26496681889,446.1051551718569,0.9951625995139385,1.0,1242,2025-09-29T05:28:33.586798,0.0,0.0,0.0,0.0,0.0,0.0,0.0,1.0,0.0,0.0,1219,2025-09-29T05:28:33.638672
622,26,21,2025-09-29 05:28:33.791390,0.6474059942770979,0.7121465937048077,0.0647405994277098,0.0006294845686088051,0.6474059942770979,3362411.1925938115,97887.78633469714,21.5,1.0,1.0,1244,2025-09-29T05:28:33.683105,0.0031801198522167125,0.0014941198522167125,0.001686,0.0004980399507389042,0.0003984319605911234,0.0005976479408866851,14256.159482824087,468.99967117705546,0.9960799014778082,1.0,1244,2025-09-29T05:28:33.724893,0.0,0.0,0.0,0.0,0.0,0.0,0.0,1.0,0.0,0.0,1221,2025-09-29T05:28:33.777587
623,26,22,2025-09-29 05:28:33.930013,0.6474059942770979,0.7121465937048077,0.0647405994277098,0.0006294845686088051,0.6474059942770979,3367072.5157526066,102549.10949349224,21.5,1.0,1.0,1246,2025-09-29T05:28:33.821675,0.0031812353037755843,0.0014952353037755843,0.001686,0.0004984117679251947,0.0003987294143401558,0.0005980941215102336,14279.06247449926,491.90266285222833,0.9968235358503893,1.0,1246,2025-09-29T05:28:33.863773,0.0,0.0,0.0,0.0,0.0,0.0,0.0,1.0,0.0,0.0,1223,2025-09-29T05:28:33.917641
624,26,23,2025-09-29 05:28:34.070128,0.6474059942770979,0.7121465937048077,0.0647405994277098,0.0006294845686088051,0.6474059942770979,3371733.8389114016,107210.43265228735,21.5,1.0,1.0,1248,2025-09-29T05:28:33.960666,0.003182139429958701,0.001496139429958701,0.001686,0.0004987131433195671,0.00039897051465565366,0.0005984557719834804,14301.972336376632,514.8125247296005,0.9974262866391339,1.0,1248,2025-09-29T05:28:34.002513,0.0,0.0,0.0,0.0,0.0,0.0,0.0,1.0,0.0,0.0,1225,2025-09-29T05:28:34.056319
625,27,0,2025-09-29 05:28:34.209577,0.7193553212007082,0.7912908533207791,0.07193553212007082,0.0007109588966314903,0.7193553212007082,3376913.1972240466,0.0,24.8,1.0,1.0,1250,2025-09-29T05:28:34.101449,0.0035586941696758656,0.0018726941696758656,0.001686,0.0006242313898919552,0.0004993851119135642,0.0007490776678703463,14327.614326933184,0.0,1.2484627797839105,1.0,1250,2025-09-29T05:28:34.143153,0.0,0.0,0.0,0.0,0.0,0.0,0.0,1.0,0.0,0.0,1227,2025-09-29T05:28:34.196982
626,27,1,2025-09-29 05:28:34.349582,0.7193553212007082,0.7912908533207791,0.07193553212007082,0.0007109588966314903,0.7193553212007082,3382092.5555366916,5179.358312645099,24.8,1.0,1.0,1252,2025-09-29T05:28:34.240008,0.00354070973511392,0.0018547097351139202,0.001686,0.0006182365783713067,0.0004945892626970454,0.000741883894045568,14353.143797775314,25.52947084213008,1.236473156742613,1.0,1252,2025-09-29T05:28:34.281483,0.0,0.0,0.0,0.0,0.0,0.0,0.0,1.0,0.0,0.0,1229,2025-09-29T05:28:34.335610
627,27,2,2025-09-29 05:28:34.489902,0.7193553212007082,0.7912908533207791,0.07193553212007082,0.0007109588966314903,0.7193553212007082,3387271.9138493366,10358.716625290199,24.8,1.0,1.0,1254,2025-09-29T05:28:34.379992,0.0035148788951877286,0.0018288788951877286,0.001686,0.0006096262983959095,0.00048770103871672763,0.0007315515580750913,14378.500513515197,50.88618658201394,1.2192525967918186,1.0,1254,2025-09-29T05:28:34.421707,0.0,0.0,0.0,0.0,0.0,0.0,0.0,1.0,0.0,0.0,1231,2025-09-29T05:28:34.475986
628,27,3,2025-09-29 05:28:34.628210,0.7193553212007082,0.7912908533207791,0.07193553212007082,0.0007109588966314903,0.7193553212007082,3392451.2721619816,15538.074937935296,24.8,1.0,1.0,1256,2025-09-29T05:28:34.520451,0.003483028095043047,0.001797028095043047,0.001686,0.000599009365014349,0.00047920749201147924,0.0007188112380172188,14403.637990700763,76.02366376757931,1.1980187300286977,1.0,1256,2025-09-29T05:28:34.562282,0.0,0.0,0.0,0.0,0.0,0.0,0.0,1.0,0.0,0.0,1233,2025-09-29T05:28:34.615496
629,27,4,2025-09-29 05:28:34.767043,0.7193553212007082,0.7912908533207791,0.07193553212007082,0.0007109588966314903,0.7193553212007082,3397630.6304746266,20717.433250580394,24.8,1.0,1.0,1258,2025-09-29T05:28:34.659072,0.0034466706815147884,0.0017606706815147884,0.001686,0.0005868902271715961,0.00046951218173727687,0.0007042682726059152,14428.521191068376,100.90686413519161,1.173780454343192,1.0,1258,2025-09-29T05:28:34.700841,0.0,0.0,0.0,0.0,0.0,0.0,0.0,1.0,0.0,0.0,1235,2025-09-29T05:28:34.753177
630,27,5,2025-09-29 05:28:34.909439,0.7193553212007082,0.7912908533207791,0.07193553212007082,0.0007109588966314903,0.7193553212007082,3402809.9887872715,25896.79156322549,24.8,1.0,1.0,1260,2025-09-29T05:28:34.801329,0.00340704255452263,0.00172104255452263,0.001686,0.0005736808515075433,0.0004589446812060347,0.0006884170218090519,14453.124457030051,125.51013009686686,1.1473617030150867,1.0,1260,2025-09-29T05:28:34.843130,0.0,0.0,0.0,0.0,0.0,0.0,0.0,1.0,0.0,0.0,1237,2025-09-29T05:28:34.897028
631,27,6,2025-09-29 05:28:35.048929,0.7193553212007082,0.7912908533207791,0.07193553212007082,0.0007109588966314903,0.7193553212007082,3407989.3470999165,31076.14987587059,24.8,1.0,1.0,1262,2025-09-29T05:28:34.939601,0.003365140961246185,0.001679140961246185,0.001686,0.0005597136537487283,0.0004477709229989827,0.0006716563844984739,14477.429723274545,149.81539634135945,1.1194273074974566,1.0,1262,2025-09-29T05:28:34.981434,0.0,0.0,0.0,0.0,0.0,0.0,0.0,1.0,0.0,0.0,1239,2025-09-29T05:28:35.035081
632,27,7,2025-09-29 05:28:35.186235,0.7193553212007082,0.7912908533207791,0.07193553212007082,0.0007109588966314903,0.7193553212007082,3413168.7054125615,36255.50818851569,24.8,1.0,1.0,1264,2025-09-29T05:28:35.079847,0.0033295311343607046,0.0016435311343607046,0.001686,0.0005478437114535683,0.0004382749691628546,0.0006574124537442819,14501.462729099105,173.84840216591977,1.0956874229071363,1.0,1264,2025-09-29T05:28:35.121380,0.0,0.0,0.0,0.0,0.0,0.0,0.0,1.0,0.0,0.0,1241,2025-09-29T05:28:35.174244
633,27,8,2025-09-29 05:28:35.325497,0.7193553212007082,0.7912908533207791,0.07193553212007082,0.0007109588966314903,0.7193553212007082,3418348.0637252065,41434.86650116079,24.8,1.0,1.0,1266,2025-09-29T05:28:35.216870,0.0033012415102151595,0.0016152415102151595,0.001686,0.0005384138367383865,0.0004307310693907093,0.0006460966040860638,14525.279688842418,197.6653619092341,1.076827673476773,1.0,1266,2025-09-29T05:28:35.259017,0.0,0.0,0.0,0.0,0.0,0.0,0.0,1.0,0.0,0.0,1243,2025-09-29T05:28:35.313106
634,27,9,2025-09-29 05:28:35.464050,0.7193553212007082,0.7912908533207791,0.07193553212007082,0.0007109588966314903,0.7193553212007082,3423527.4220378515,46614.224813805886,24.8,1.0,1.0,1268,2025-09-29T05:28:35.356033,0.0032786842579548615,0.0015926842579548615,0.001686,0.0005308947526516205,0.0004247158021212964,0.0006370737031819446,14548.9245392074,221.31021227421755,1.0617895053032407,1.0,1268,2025-09-29T05:28:35.398282,0.0,0.0,0.0,0.0,0.0,0.0,0.0,1.0,0.0,0.0,1245,2025-09-29T05:28:35.450857
635,27,10,2025-09-29 05:28:35.603167,0.7193553212007082,0.7912908533207791,0.07193553212007082,0.0007109588966314903,0.7193553212007082,3428706.7803504965,51793.58312645098,24.8,1.0,1.0,1270,2025-09-29T05:28:35.494268,0.003260644012430618,0.0015746440124306182,0.001686,0.0005248813374768728,0.00041990506998149823,0.0006298576049722473,14572.431847250464,244.8175203172808,1.0497626749537454,1.0,1270,2025-09-29T05:28:35.536147,0.0,0.0,0.0,0.0,0.0,0.0,0.0,1.0,0.0,0.0,1247,2025-09-29T05:28:35.590559
636,27,11,2025-09-29 05:28:35.742285,0.7193553212007082,0.7912908533207791,0.07193553212007082,0.0007109588966314903,0.7193553212007082,3433886.1386631415,56972.94143909608,24.8,1.0,1.0,1272,2025-09-29T05:28:35.633240,0.003246181313438406,0.0015601813134384062,0.001686,0.0005200604378128021,0.0004160483502502417,0.0006240725253753625,14595.8289555338,268.21462860061706,1.040120875625604,1.0,1272,2025-09-29T05:28:35.674799,0.0,0.0,0.0,0.0,0.0,0.0,0.0,1.0,0.0,0.0,1249,2025-09-29T05:28:35.728399
637,27,12,2025-09-29 05:28:35.880659,0.7193553212007082,0.7912908533207791,0.07193553212007082,0.0007109588966314903,0.7193553212007082,3439065.4969757865,62152.29975174118,24.8,1.0,1.0,1274,2025-09-29T05:28:35.772775,0.003234563959599735,0.0015485639595997352,0.001686,0.000516187986533245,0.0004129503892265961,0.000619425583839894,14619.137587726509,291.5232607933266,1.03237597306649,1.0,1274,2025-09-29T05:28:35.814378,0.0,0.0,0.0,0.0,0.0,0.0,0.0,1.0,0.0,0.0,1251,2025-09-29T05:28:35.866797
638,27,13,2025-09-29 05:28:36.020748,0.7193553212007082,0.7912908533207791,0.07193553212007082,0.0007109588966314903,0.7193553212007082,3444244.8552884315,67331.65806438628,24.8,1.0,1.0,1276,2025-09-29T05:28:35.910882,0.003225217345181849,0.001539217345181849,0.001686,0.0005130724483939497,0.0004104579587151598,0.0006156869380727397,14642.37506565815,314.7607387249675,1.0261448967878992,1.0,1276,2025-09-29T05:28:35.952596,0.0,0.0,0.0,0.0,0.0,0.0,0.0,1.0,0.0,0.0,1253,2025-09-29T05:28:36.006822
639,27,14,2025-09-29 05:28:36.159417,0.7193553212007082,0.7912908533207791,0.07193553212007082,0.0007109588966314903,0.7193553212007082,3449424.2136010765,72511.0163770314,24.8,1.0,1.0,1278,2025-09-29T05:28:36.051023,0.003217687956918792,0.001531687956918792,0.001686,0.000510562652306264,0.0004084501218450112,0.0006126751827675167,14665.555241968272,337.940915035088,1.0211253046125277,1.0,1278,2025-09-29T05:28:36.093093,0.0,0.0,0.0,0.0,0.0,0.0,0.0,1.0,0.0,0.0,1255,2025-09-29T05:28:36.147302
640,27,15,2025-09-29 05:28:36.297519,0.7193553212007082,0.7912908533207791,0.07193553212007082,0.0007109588966314903,0.7193553212007082,3454603.5719137215,77690.37468967651,24.8,1.0,1.0,1280,2025-09-29T05:28:36.189648,0.003211616160135478,0.0015256161601354778,0.001686,0.0005085387200451592,0.0004068309760361274,0.0006102464640541911,14688.68922151032,361.07489457713643,1.0170774400903184,1.0,1280,2025-09-29T05:28:36.231121,0.0,0.0,0.0,0.0,0.0,0.0,0.0,1.0,0.0,0.0,1257,2025-09-29T05:28:36.285336
641,27,16,2025-09-29 05:28:36.437884,0.7193553212007082,0.7912908533207791,0.07193553212007082,0.0007109588966314903,0.7193553212007082,3459782.9302263665,82869.73300232162,24.8,1.0,1.0,1282,2025-09-29T05:28:36.328142,0.003206715653204669,0.001520715653204669,0.001686,0.0005069052177348897,0.00040552417418791175,0.0006082862612818675,14711.78592379225,384.17159685906574,1.0138104354697792,1.0,1282,2025-09-29T05:28:36.370110,0.0,0.0,0.0,0.0,0.0,0.0,0.0,1.0,0.0,0.0,1259,2025-09-29T05:28:36.424054
642,27,17,2025-09-29 05:28:36.577034,0.7193553212007082,0.7912908533207791,0.07193553212007082,0.0007109588966314903,0.7193553212007082,3464962.2885390115,88049.09131496673,24.8,1.0,1.0,1284,2025-09-29T05:28:36.468084,0.0032027577839978086,0.0015167577839978086,0.001686,0.0005055859279992696,0.00040446874239941566,0.0006067031135991235,14734.852524417094,407.2381974839115,1.011171855998539,1.0,1284,2025-09-29T05:28:36.510000,0.0,0.0,0.0,0.0,0.0,0.0,0.0,1.0,0.0,0.0,1261,2025-09-29T05:28:36.563177
643,27,18,2025-09-29 05:28:36.717704,0.7193553212007082,0.7912908533207791,0.07193553212007082,0.0007109588966314903,0.7193553212007082,3470141.6468516565,93228.44962761184,24.8,1.0,1.0,1286,2025-09-29T05:28:36.607681,0.003199559462255227,0.001513559462255227,0.001686,0.0005045198207517423,0.0004036158566013939,0.0006054237849020908,14757.894803495961,430.2804765627783,1.0090396415034846,1.0,1286,2025-09-29T05:28:36.649568,0.0,0.0,0.0,0.0,0.0,0.0,0.0,1.0,0.0,0.0,1263,2025-09-29T05:28:36.703843
644,27,19,2025-09-29 05:28:36.856310,0.7193553212007082,0.7912908533207791,0.07193553212007082,0.0007109588966314903,0.7193553212007082,3475321.0051643015,98407.80794025696,24.8,1.0,1.0,1288,2025-09-29T05:28:36.748226,0.0031969737661131916,0.0015109737661131916,0.001686,0.0005036579220377306,0.0004029263376301845,0.0006043895064452767,14780.917421920407,453.3030949872243,1.007315844075461,1.0,1288,2025-09-29T05:28:36.790140,0.0,0.0,0.0,0.0,0.0,0.0,0.0,1.0,0.0,0.0,1265,2025-09-29T05:28:36.842344
645,27,20,2025-09-29 05:28:36.996635,0.7193553212007082,0.7912908533207791,0.07193553212007082,0.0007109588966314903,0.7193553212007082,3480500.3634769465,103587.16625290207,24.8,1.0,1.0,1290,2025-09-29T05:28:36.886953,0.003194882590679937,0.0015088825906799368,0.001686,0.000502960863559979,0.00040236869084798316,0.0006035530362719747,14803.924141278072,476.3098143448904,1.0059217271199579,1.0,1290,2025-09-29T05:28:36.928530,0.0,0.0,0.0,0.0,0.0,0.0,0.0,1.0,0.0,0.0,1267,2025-09-29T05:28:36.982698
646,27,21,2025-09-29 05:28:37.133953,0.7193553212007082,0.7912908533207791,0.07193553212007082,0.0007109588966314903,0.7193553212007082,3485679.7217895915,108766.52456554718,24.8,1.0,1.0,1292,2025-09-29T05:28:37.027142,0.0031931908603362352,0.0015071908603362352,0.001686,0.0005023969534454117,0.0004019175627563294,0.000602876344134494,14826.917999466285,499.3036725331037,1.0047939068908234,1.0,1292,2025-09-29T05:28:37.068671,0.0,0.0,0.0,0.0,0.0,0.0,0.0,1.0,0.0,0.0,1268,2025-09-29T05:28:37.122031
647,27,22,2025-09-29 05:28:37.271858,0.7193553212007082,0.7912908533207791,0.07193553212007082,0.0007109588966314903,0.7193553212007082,3490859.0801022365,113945.8828781923,24.8,1.0,1.0,1294,2025-09-29T05:28:37.163801,0.003191821949258743,0.0015058219492587426,0.001686,0.0005019406497529142,0.0004015525198023314,0.000602328779703497,14849.901451296382,522.2871243632012,1.0038812995058284,1.0,1294,2025-09-29T05:28:37.205786,0.0,0.0,0.0,0.0,0.0,0.0,0.0,1.0,0.0,0.0,1270,2025-09-29T05:28:37.257917
648,27,23,2025-09-29 05:28:37.410455,0.7193553212007082,0.7912908533207791,0.07193553212007082,0.0007109588966314903,0.7193553212007082,3496038.4384148815,119125.2411908374,24.8,1.0,1.0,1296,2025-09-29T05:28:37.302945,0.0031907140427526806,0.0015047140427526808,0.001686,0.0005015713475842269,0.0004012570780673816,0.0006018856171010723,14872.87648131042,545.2621543772383,1.0031426951684537,1.0,1296,2025-09-29T05:28:37.344642,0.0,0.0,0.0,0.0,0.0,0.0,0.0,1.0,0.0,0.0,1272,2025-09-29T05:28:37.397395
649,28,0,2025-09-29 05:28:37.550578,0.7147534775869572,0.786228825345653,0.07147534775869573,0.0006982673846357081,0.7147534775869572,3501184.6634535077,0.0,24.5,1.0,1.0,1298,2025-09-29T05:28:37.441384,0.003159503687304837,0.0014735036873048369,0.001686,0.0004911678957682789,0.00039293431661462314,0.0005894014749219347,14895.624908862259,0.0,0.9823357915365577,1.0,1298,2025-09-29T05:28:37.483049,0.0,0.0,0.0,0.0,0.0,0.0,0.0,1.0,0.0,0.0,1274,2025-09-29T05:28:37.537240
650,28,1,2025-09-29 05:28:37.688763,0.7147534775869572,0.786228825345653,0.07147534775869573,0.0006982673846357081,0.7147534775869572,3506330.888492134,5146.225038626092,24.5,1.0,1.0,1300,2025-09-29T05:28:37.581085,0.003160138046406922,0.001474138046406922,0.001686,0.0004913793488023074,0.0003931034790418459,0.0005896552185627688,14918.376406161457,22.751497299197815,0.9827586976046148,1.0,1300,2025-09-29T05:28:37.622280,0.0,0.0,0.0,0.0,0.0,0.0,0.0,1.0,0.0,0.0,1276,2025-09-29T05:28:37.676516
651,28,2,2025-09-29 05:28:37.826401,0.7147534775869572,0.786228825345653,0.07147534775869573,0.0006982673846357081,0.7147534775869572,3511477.11353076,10292.450077252184,24.5,1.0,1.0,1302,2025-09-29T05:28:37.719082,0.0031614846353028854,0.0014754846353028854,0.001686,0.0004918282117676284,0.00039346256941410275,0.000590193854121154,14941.136383648274,45.51147478601638,0.9836564235352567,1.0,1302,2025-09-29T05:28:37.760665,0.0,0.0,0.0,0.0,0.0,0.0,0.0,1.0,0.0,0.0,1278,2025-09-29T05:28:37.812523
652,28,3,2025-09-29 05:28:37.964739,0.7147534775869572,0.786228825345653,0.07147534775869573,0.0006982673846357081,0.7147534775869572,3516623.3385693864,15438.675115878277,24.5,1.0,1.0,1304,2025-09-29T05:28:37.856474,0.003163409918158794,0.001477409918158794,0.001686,0.0004924699727195981,0.00039397597817567844,0.0005909639672635177,14963.909235306663,68.28432644440308,0.984939945439196,1.0,1304,2025-09-29T05:28:37.898333,0.0,0.0,0.0,0.0,0.0,0.0,0.0,1.0,0.0,0.0,1280,2025-09-29T05:28:37.950811
653,28,4,2025-09-29 05:28:38.103767,0.7147534775869572,0.786228825345653,0.07147534775869573,0.0006982673846357081,0.7147534775869572,3521769.5636080126,20584.90015450437,24.5,1.0,1.0,1306,2025-09-29T05:28:37.995377,0.0031658062350313296,0.0014798062350313294,0.001686,0.0004932687450104431,0.0003946149960083545,0.0005919224940125318,14986.69853598188,91.07362711962017,0.9865374900208862,1.0,1306,2025-09-29T05:28:38.037261,0.0,0.0,0.0,0.0,0.0,0.0,0.0,1.0,0.0,0.0,1282,2025-09-29T05:28:38.091474
654,28,5,2025-09-29 05:28:38.242446,0.7147534775869572,0.786228825345653,0.07147534775869573,0.0006982673846357081,0.7147534775869572,3526915.788646639,25731.12519313046,24.5,1.0,1.0,1308,2025-09-29T05:28:38.134300,0.0031685866658232725,0.0014825866658232725,0.001686,0.0004941955552744242,0.0003953564442195394,0.000593034666329309,15009.507199412867,113.88229055060712,0.9883911105488484,1.0,1308,2025-09-29T05:28:38.176375,0.0,0.0,0.0,0.0,0.0,0.0,0.0,1.0,0.0,0.0,1284,2025-09-29T05:28:38.228580
655,28,6,2025-09-29 05:28:38.383379,0.7147534775869572,0.786228825345653,0.07147534775869573,0.0006982673846357081,0.7147534775869572,3532062.013685265,30877.350231756554,24.5,1.0,1.0,1310,2025-09-29T05:28:38.273225,0.003171680955120385,0.0014856809551203852,0.001686,0.0004952269850401284,0.0003961815880321028,0.0005942723820481541,15032.337605133649,136.71269627138977,0.9904539700802567,1.0,1310,2025-09-29T05:28:38.315118,0.0,0.0,0.0,0.0,0.0,0.0,0.0,1.0,0.0,0.0,1286,2025-09-29T05:28:38.369469
656,28,7,2025-09-29 05:28:38.521913,0.7147534775869572,0.786228825345653,0.07147534775869573,0.0006982673846357081,0.7147534775869572,3537208.2387238913,36023.575270382644,24.5,1.0,1.0,1312,2025-09-29T05:28:38.413719,0.0031743910153116993,0.0014883910153116993,0.001686,0.0004961303384372331,0.00039690427074978653,0.0005953564061246797,15055.188596861677,159.56368799941825,0.9922606768744662,1.0,1312,2025-09-29T05:28:38.455835,0.0,0.0,0.0,0.0,0.0,0.0,0.0,1.0,0.0,0.0,1288,2025-09-29T05:28:38.509817
657,28,8,2025-09-29 05:28:38.661864,0.7147534775869572,0.786228825345653,0.07147534775869573,0.0006982673846357081,0.7147534775869572,3542354.4637625176,41169.80030900873,24.5,1.0,1.0,1314,2025-09-29T05:28:38.554326,0.0031765897874623823,0.0014905897874623823,0.001686,0.0004968632624874608,0.0003974906099899686,0.0005962359149849529,15078.05629238968,182.43138352741988,0.9937265249749213,1.0,1314,2025-09-29T05:28:38.596325,0.0,0.0,0.0,0.0,0.0,0.0,0.0,1.0,0.0,0.0,1290,2025-09-29T05:28:38.648776
658,28,9,2025-09-29 05:28:38.800432,0.7147534775869572,0.786228825345653,0.07147534775869573,0.0006982673846357081,0.7147534775869572,3547500.688801144,46316.025347634815,24.5,1.0,1.0,1316,2025-09-29T05:28:38.692331,0.0031783731737783484,0.0014923731737783484,0.001686,0.0004974577245927828,0.00039796617967422627,0.0005969492695113393,15100.93753714096,205.31262827870154,0.9949154491855654,1.0,1316,2025-09-29T05:28:38.734106,0.0,0.0,0.0,0.0,0.0,0.0,0.0,1.0,0.0,0.0,1292,2025-09-29T05:28:38.787216
659,28,10,2025-09-29 05:28:38.941197,0.7147534775869572,0.786228825345653,0.07147534775869573,0.0006982673846357081,0.7147534775869572,3552646.91383977,51462.2503862609,24.5,1.0,1.0,1318,2025-09-29T05:28:38.830839,0.0031798192806822886,0.0014938192806822888,0.001686,0.0004979397602274296,0.0003983518081819437,0.0005975277122729155,15123.82976934052,228.20486047826049,0.9958795204548592,1.0,1318,2025-09-29T05:28:38.872746,0.0,0.0,0.0,0.0,0.0,0.0,0.0,1.0,0.0,0.0,1294,2025-09-29T05:28:38.927310
660,28,11,2025-09-29 05:28:39.081360,0.7147534775869572,0.786228825345653,0.07147534775869573,0.0006982673846357081,0.7147534775869572,3557793.1388783962,56608.47542488699,24.5,1.0,1.0,1320,2025-09-29T05:28:38.971798,0.0031809916544160784,0.0014949916544160784,0.001686,0.0004983305514720261,0.0003986644411776209,0.0005979966617664313,15146.730909633843,251.10600077158267,0.996661102944052,1.0,1320,2025-09-29T05:28:39.013970,0.0,0.0,0.0,0.0,0.0,0.0,0.0,1.0,0.0,0.0,1296,2025-09-29T05:28:39.068489
661,28,12,2025-09-29 05:28:39.221568,0.7147534775869572,0.786228825345653,0.07147534775869573,0.0006982673846357081,0.7147534775869572,3562939.3639170225,61754.70046351307,24.5,1.0,1.0,1322,2025-09-29T05:28:39.112175,0.003181941951584788,0.0014959419515847882,0.001686,0.0004986473171949294,0.0003989178537559435,0.0005983767806339152,15169.639270907513,274.0143620452529,0.9972946343898587,1.0,1322,2025-09-29T05:28:39.153470,0.0,0.0,0.0,0.0,0.0,0.0,0.0,1.0,0.0,0.0,1298,2025-09-29T05:28:39.207710
662,28,13,2025-09-29 05:28:39.360794,0.7147534775869572,0.786228825345653,0.07147534775869573,0.0006982673846357081,0.7147534775869572,3568085.5889556487,66900.92550213916,24.5,1.0,1.0,1324,2025-09-29T05:28:39.252452,0.003182712135079828,0.0014967121350798278,0.001686,0.0004989040450266093,0.00039912323602128746,0.0005986848540319312,15192.55348473665,296.92857587439045,0.9978080900532185,1.0,1324,2025-09-29T05:28:39.294477,0.0,0.0,0.0,0.0,0.0,0.0,0.0,1.0,0.0,0.0,1300,2025-09-29T05:28:39.346826
663,28,14,2025-09-29 05:28:39.498348,0.7147534775869572,0.786228825345653,0.07147534775869573,0.0006982673846357081,0.7147534775869572,3573231.813994275,72047.15054076524,24.5,1.0,1.0,1326,2025-09-29T05:28:39.390802,0.003183336274376059,0.001497336274376059,0.001686,0.0004991120914586863,0.0003992896731669491,0.0005989345097504236,15215.472441473637,319.84753261137746,0.9982241829173726,1.0,1326,2025-09-29T05:28:39.432880,0.0,0.0,0.0,0.0,0.0,0.0,0.0,1.0,0.0,0.0,1302,2025-09-29T05:28:39.484827
664,28,15,2025-09-29 05:28:39.637902,0.7147534775869572,0.786228825345653,0.07147534775869573,0.0006982673846357081,0.7147534775869572,3578378.039032901,77193.37557939133,24.5,1.0,1.0,1328,2025-09-29T05:28:39.528969,0.0031838420179921825,0.0014978420179921825,0.001686,0.0004992806726640608,0.00039942453813124866,0.0005991368071968729,15238.395241500582,342.7703326383214,0.9985613453281216,1.0,1328,2025-09-29T05:28:39.571087,0.0,0.0,0.0,0.0,0.0,0.0,0.0,1.0,0.0,0.0,1304,2025-09-29T05:28:39.625226
665,28,16,2025-09-29 05:28:39.773838,0.7147534775869572,0.786228825345653,0.07147534775869573,0.0006982673846357081,0.7147534775869572,3583524.2640715274,82339.60061801742,24.5,1.0,1.0,1330,2025-09-29T05:28:39.668199,0.0031842517955389597,0.0014982517955389597,0.001686,0.0004994172651796532,0.0003995338121437226,0.0005993007182155839,15261.321155599608,365.69624673734705,0.9988345303593062,1.0,1330,2025-09-29T05:28:39.709714,0.0,0.0,0.0,0.0,0.0,0.0,0.0,1.0,0.0,0.0,1306,2025-09-29T05:28:39.762246
666,28,17,2025-09-29 05:28:39.912694,0.7147534775869572,0.786228825345653,0.07147534775869573,0.0006982673846357081,0.7147534775869572,3588670.4891101536,87485.8256566435,24.5,1.0,1.0,1332,2025-09-29T05:28:39.804133,0.0031845837975300025,0.0014985837975300027,0.001686,0.0004995279325100009,0.00039962234600800076,0.000599433519012001,15284.24959275805,388.6246838957885,0.9990558650200018,1.0,1332,2025-09-29T05:28:39.845901,0.0,0.0,0.0,0.0,0.0,0.0,0.0,1.0,0.0,0.0,1308,2025-09-29T05:28:39.898753
667,28,18,2025-09-29 05:28:40.051431,0.7147534775869572,0.786228825345653,0.07147534775869573,0.0006982673846357081,0.7147534775869572,3593816.71414878,92632.05069526959,24.5,1.0,1.0,1334,2025-09-29T05:28:39.943181,0.0031848527730719595,0.0014988527730719595,0.001686,0.0004996175910239865,0.00039969407281918924,0.0005995411092287838,15307.180074028423,411.55516516616177,0.999235182047973,1.0,1334,2025-09-29T05:28:39.984596,0.0,0.0,0.0,0.0,0.0,0.0,0.0,1.0,0.0,0.0,1310,2025-09-29T05:28:40.037534
668,28,19,2025-09-29 05:28:40.190175,0.7147534775869572,0.786228825345653,0.07147534775869573,0.0006982673846357081,0.7147534775869572,3598962.939187406,97778.27573389567,24.5,1.0,1.0,1336,2025-09-29T05:28:40.081673,0.0031850706786503455,0.0014990706786503455,0.001686,0.0004996902262167819,0.0003997521809734255,0.0005996282714601382,15330.112211314135,434.48730245187426,0.9993804524335637,1.0,1336,2025-09-29T05:28:40.123962,0.0,0.0,0.0,0.0,0.0,0.0,0.0,1.0,0.0,0.0,1312,2025-09-29T05:28:40.178391
669,28,20,2025-09-29 05:28:40.329306,0.7147534775869572,0.786228825345653,0.07147534775869573,0.0006982673846357081,0.7147534775869572,3604109.1642260323,102924.50077252176,24.5,1.0,1.0,1338,2025-09-29T05:28:40.220960,0.00318524720539125,0.00149924720539125,0.001686,0.00049974906846375,0.00039979925477100003,0.0005996988821565,15353.045690159077,457.42078129681573,0.9994981369274999,1.0,1338,2025-09-29T05:28:40.262428,0.0,0.0,0.0,0.0,0.0,0.0,0.0,1.0,0.0,0.0,1314,2025-09-29T05:28:40.316861
670,28,21,2025-09-29 05:28:40.469788,0.7147534775869572,0.786228825345653,0.07147534775869573,0.0006982673846357081,0.7147534775869572,3609255.3892646586,108070.72581114784,24.5,1.0,1.0,1340,2025-09-29T05:28:40.360043,0.003185390207289428,0.001499390207289428,0.001686,0.0004997967357631426,0.0003998373886105141,0.0005997560829157712,15375.980255789571,480.35534692731045,0.999593471526285,1.0,1340,2025-09-29T05:28:40.401811,0.0,0.0,0.0,0.0,0.0,0.0,0.0,1.0,0.0,0.0,1316,2025-09-29T05:28:40.455820
671,28,22,2025-09-29 05:28:40.609216,0.7147534775869572,0.786228825345653,0.07147534775869573,0.0006982673846357081,0.7147534775869572,3614401.614303285,113216.95084977393,24.5,1.0,1.0,1342,2025-09-29T05:28:40.500497,0.003185506048825601,0.001499506048825601,0.001686,0.0004998353496085337,0.0003998682796868269,0.0005998024195302404,15398.915701796795,503.29079293453486,0.9996706992170672,1.0,1342,2025-09-29T05:28:40.542319,0.0,0.0,0.0,0.0,0.0,0.0,0.0,1.0,0.0,0.0,1318,2025-09-29T05:28:40.595293
672,28,23,2025-09-29 05:28:40.747221,0.7147534775869572,0.786228825345653,0.07147534775869573,0.0006982673846357081,0.7147534775869572,3619547.839341911,118363.17588840002,24.5,1.0,1.0,1344,2025-09-29T05:28:40.639847,0.0031855998870305297,0.0014995998870305297,0.001686,0.0004998666290101766,0.0003998933032081413,0.0005998399548122118,15421.851860961948,526.2269520996858,0.999733258020353,1.0,1344,2025-09-29T05:28:40.681544,0.0,0.0,0.0,0.0,0.0,0.0,0.0,1.0,0.0,0.0,1320,2025-09-29T05:28:40.735762
673,29,0,2025-09-29 05:28:40.886457,0.723292671822364,0.7956219390046004,0.07232926718223641,0.0006776464096671826,0.723292671822364,3624755.5465790317,0.0,24.4,1.0,1.0,1346,2025-09-29T05:28:40.777479,0.0031755307343530326,0.0014895307343530326,0.001686,0.0004965102447843442,0.00039720819582747535,0.000595812293741213,15444.71504910527,0.0,0.9930204895686883,1.0,1346,2025-09-29T05:28:40.819307,0.0,0.0,0.0,0.0,0.0,0.0,0.0,1.0,0.0,0.0,1322,2025-09-29T05:28:40.872603
674,29,1,2025-09-29 05:28:41.025383,0.723292671822364,0.7956219390046004,0.07232926718223641,0.0006776464096671826,0.723292671822364,3629963.2538161525,5207.707237121021,24.4,1.0,1.0,1348,2025-09-29T05:28:40.916835,0.003176045451978393,0.0014900454519783928,0.001686,0.0004966818173261309,0.00039734545386090476,0.0005960181807913571,15467.581558795146,22.86650968987334,0.9933636346522617,1.0,1348,2025-09-29T05:28:40.958600,0.0,0.0,0.0,0.0,0.0,0.0,0.0,1.0,0.0,0.0,1324,2025-09-29T05:28:41.011528
675,29,2,2025-09-29 05:28:41.165506,0.723292671822364,0.7956219390046004,0.07232926718223641,0.0006776464096671826,0.723292671822364,3635170.961053273,10415.414474242041,24.4,1.0,1.0,1350,2025-09-29T05:28:41.055951,0.0031767429455552246,0.0014907429455552246,0.001686,0.0004969143151850749,0.0003975314521480599,0.0005962971782220898,15490.45277863369,45.73772952841664,0.9938286303701498,1.0,1350,2025-09-29T05:28:41.097776,0.0,0.0,0.0,0.0,0.0,0.0,0.0,1.0,0.0,0.0,1326,2025-09-29T05:28:41.152064
676,29,3,2025-09-29 05:28:41.302875,0.723292671822364,0.7956219390046004,0.07232926718223641,0.0006776464096671826,0.723292671822364,3640378.668290394,15623.121711363061,24.4,1.0,1.0,1352,2025-09-29T05:28:41.195689,0.003177588755720418,0.001491588755720418,0.001686,0.0004971962519068061,0.00039775700152544486,0.0005966355022881672,15513.329835245047,68.61478613977448,0.994392503813612,1.0,1352,2025-09-29T05:28:41.236395,0.0,0.0,0.0,0.0,0.0,0.0,0.0,1.0,0.0,0.0,1328,2025-09-29T05:28:41.289731
677,29,4,2025-09-29 05:28:41.441304,0.723292671822364,0.7956219390046004,0.07232926718223641,0.0006776464096671826,0.723292671822364,3645586.3755275146,20830.828948484083,24.4,1.0,1.0,1354,2025-09-29T05:28:41.333236,0.0031785549965329153,0.0014925549965329153,0.001686,0.0004975183321776384,0.0003980146657421108,0.0005970219986131661,15536.213643273517,91.49859416824492,0.9950366643552768,1.0,1354,2025-09-29T05:28:41.375104,0.0,0.0,0.0,0.0,0.0,0.0,0.0,1.0,0.0,0.0,1329,2025-09-29T05:28:41.429192
678,29,5,2025-09-29 05:28:41.579154,0.723292671822364,0.7956219390046004,0.07232926718223641,0.0006776464096671826,0.723292671822364,3650794.0827646353,26038.536185605106,24.4,1.0,1.0,1356,2025-09-29T05:28:41.471703,0.003179619093393037,0.001493619093393037,0.001686,0.0004978730311310124,0.00039829842490480996,0.0005974476373572148,15559.104945774074,114.38989666880032,0.9957460622620246,1.0,1356,2025-09-29T05:28:41.513601,0.0,0.0,0.0,0.0,0.0,0.0,0.0,1.0,0.0,0.0,1331,2025-09-29T05:28:41.565275
679,29,6,2025-09-29 05:28:41.717662,0.723292671822364,0.7956219390046004,0.07232926718223641,0.0006776464096671826,0.723292671822364,3656001.790001756,31246.24342272613,24.4,1.0,1.0,1358,2025-09-29T05:28:41.609563,0.0031807627660783316,0.0014947627660783316,0.001686,0.0004982542553594438,0.00039860340428755507,0.0005979051064313325,15582.004346863978,137.2892977587055,0.9965085107188876,1.0,1358,2025-09-29T05:28:41.651763,0.0,0.0,0.0,0.0,0.0,0.0,0.0,1.0,0.0,0.0,1333,2025-09-29T05:28:41.703820
680,29,7,2025-09-29 05:28:41.854620,0.723292671822364,0.7956219390046004,0.07232926718223641,0.0006776464096671826,0.723292671822364,3661209.4972388768,36453.95065984715,24.4,1.0,1.0,1360,2025-09-29T05:28:41.748075,0.0031817564314827957,0.0014957564314827957,0.001686,0.0004985854771609318,0.0003988683817287455,0.0005983025725931182,15604.91129841332,160.19624930804716,0.9971709543218636,1.0,1360,2025-09-29T05:28:41.790066,0.0,0.0,0.0,0.0,0.0,0.0,0.0,1.0,0.0,0.0,1335,2025-09-29T05:28:41.841780
681,29,8,2025-09-29 05:28:41.995389,0.723292671822364,0.7956219390046004,0.07232926718223641,0.0006776464096671826,0.723292671822364,3666417.2044759975,41661.65789696817,24.4,1.0,1.0,1362,2025-09-29T05:28:41.885661,0.0031825617846588505,0.0014965617846588505,0.001686,0.0004988539282196168,0.00039908314257569344,0.0005986247138635401,15627.824369729226,183.10932062395247,0.9977078564392333,1.0,1362,2025-09-29T05:28:41.927107,0.0,0.0,0.0,0.0,0.0,0.0,0.0,1.0,0.0,0.0,1337,2025-09-29T05:28:41.981496
682,29,9,2025-09-29 05:28:42.134439,0.723292671822364,0.7956219390046004,0.07232926718223641,0.0006776464096671826,0.723292671822364,3671624.911713118,46869.365134089196,24.4,1.0,1.0,1364,2025-09-29T05:28:42.026000,0.003183214438587637,0.0014972144385876369,0.001686,0.0004990714795292123,0.00039925718362336985,0.0005988857754350547,15650.742400612658,206.02735150738528,0.9981429590584244,1.0,1364,2025-09-29T05:28:42.068036,0.0,0.0,0.0,0.0,0.0,0.0,0.0,1.0,0.0,0.0,1339,2025-09-29T05:28:42.120526
683,29,10,2025-09-29 05:28:42.275142,0.723292671822364,0.7956219390046004,0.07232926718223641,0.0006776464096671826,0.723292671822364,3676832.618950239,52077.07237121022,24.4,1.0,1.0,1366,2025-09-29T05:28:42.165512,0.0031837432969076926,0.0014977432969076926,0.001686,0.0004992477656358975,0.00039939821250871806,0.0005990973187630771,15673.664450423968,228.9494013186957,0.9984955312717951,1.0,1366,2025-09-29T05:28:42.206975,0.0,0.0,0.0,0.0,0.0,0.0,0.0,1.0,0.0,0.0,1341,2025-09-29T05:28:42.261190
684,29,11,2025-09-29 05:28:42.414705,0.723292671822364,0.7956219390046004,0.07232926718223641,0.0006776464096671826,0.723292671822364,3682040.3261873596,57284.77960833124,24.4,1.0,1.0,1368,2025-09-29T05:28:42.305436,0.003184171809083228,0.0014981718090832281,0.001686,0.0004993906030277427,0.0003995124824221942,0.0005992687236332912,15696.589756668332,251.87470756306004,0.9987812060554851,1.0,1368,2025-09-29T05:28:42.347156,0.0,0.0,0.0,0.0,0.0,0.0,0.0,1.0,0.0,0.0,1343,2025-09-29T05:28:42.400778
685,29,12,2025-09-29 05:28:42.553888,0.723292671822364,0.7956219390046004,0.07232926718223641,0.0006776464096671826,0.723292671822364,3687248.0334244804,62492.486845452266,24.4,1.0,1.0,1370,2025-09-29T05:28:42.445645,0.003184518993815399,0.0014985189938153988,0.001686,0.0004995063312717995,0.00039960506501743965,0.0005994075975261595,15719.517701346369,274.8026522410973,0.999012662543599,1.0,1370,2025-09-29T05:28:42.487695,0.0,0.0,0.0,0.0,0.0,0.0,0.0,1.0,0.0,0.0,1345,2025-09-29T05:28:42.540768
686,29,13,2025-09-29 05:28:42.692937,0.723292671822364,0.7956219390046004,0.07232926718223641,0.0006776464096671826,0.723292671822364,3692455.740661601,67700.19408257329,24.4,1.0,1.0,1372,2025-09-29T05:28:42.584480,0.0031848002724260225,0.0014988002724260225,0.001686,0.0004996000908086742,0.0003996800726469394,0.000599520108970409,15742.447783630094,297.7327345248221,0.9992001816173481,1.0,1372,2025-09-29T05:28:42.625923,0.0,0.0,0.0,0.0,0.0,0.0,0.0,1.0,0.0,0.0,1347,2025-09-29T05:28:42.679054
687,29,14,2025-09-29 05:28:42.831601,0.723292671822364,0.7956219390046004,0.07232926718223641,0.0006776464096671826,0.723292671822364,3697663.447898722,72907.9013196943,24.4,1.0,1.0,1374,2025-09-29T05:28:42.723396,0.0031850281468031793,0.0014990281468031793,0.001686,0.0004996760489343931,0.0003997408391475145,0.0005996112587212717,15765.379597685751,320.6645485804788,0.9993520978687859,1.0,1374,2025-09-29T05:28:42.765252,0.0,0.0,0.0,0.0,0.0,0.0,0.0,1.0,0.0,0.0,1349,2025-09-29T05:28:42.818071
688,29,15,2025-09-29 05:28:42.971877,0.723292671822364,0.7956219390046004,0.07232926718223641,0.0006776464096671826,0.723292671822364,3702871.1551358425,78115.6085568153,24.4,1.0,1.0,1376,2025-09-29T05:28:42.862176,0.003185212750445338,0.001499212750445338,0.001686,0.0004997375834817794,0.0003997900667854235,0.0005996851001781352,15788.312814680967,343.5977655756942,0.9994751669635586,1.0,1376,2025-09-29T05:28:42.904300,0.0,0.0,0.0,0.0,0.0,0.0,0.0,1.0,0.0,0.0,1351,2025-09-29T05:28:42.958561
689,29,16,2025-09-29 05:28:43.109508,0.723292671822364,0.7956219390046004,0.07232926718223641,0.0006776464096671826,0.723292671822364,3708078.862372963,83323.31579393632,24.4,1.0,1.0,1378,2025-09-29T05:28:43.002602,0.0031853622960603197,0.0014993622960603197,0.001686,0.0004997874320201066,0.00039982994561608526,0.0005997449184241278,15811.247168191281,366.5321190860071,0.9995748640402129,1.0,1378,2025-09-29T05:28:43.044195,0.0,0.0,0.0,0.0,0.0,0.0,0.0,1.0,0.0,0.0,1353,2025-09-29T05:28:43.095608
690,29,17,2025-09-29 05:28:43.249280,0.723292671822364,0.7956219390046004,0.07232926718223641,0.0006776464096671826,0.723292671822364,3713286.569610084,88531.02303105732,24.4,1.0,1.0,1380,2025-09-29T05:28:43.140187,0.003185483438943358,0.001499483438943358,0.001686,0.0004998278129811194,0.0003998622503848955,0.0005997933755773433,15834.182442366786,389.4673932615118,0.9996556259622386,1.0,1380,2025-09-29T05:28:43.181922,0.0,0.0,0.0,0.0,0.0,0.0,0.0,1.0,0.0,0.0,1355,2025-09-29T05:28:43.235408
691,29,18,2025-09-29 05:28:43.386854,0.723292671822364,0.7956219390046004,0.07232926718223641,0.0006776464096671826,0.723292671822364,3718494.2768472047,93738.73026817833,24.4,1.0,1.0,1382,2025-09-29T05:28:43.279896,0.0031855815718535973,0.0014995815718535973,0.001686,0.0004998605239511991,0.00039988841916095935,0.0005998326287414389,15857.118462338814,412.40341323353937,0.9997210479023982,1.0,1382,2025-09-29T05:28:43.321709,0.0,0.0,0.0,0.0,0.0,0.0,0.0,1.0,0.0,0.0,1357,2025-09-29T05:28:43.373927
692,29,19,2025-09-29 05:28:43.526008,0.723292671822364,0.7956219390046004,0.07232926718223641,0.0006776464096671826,0.723292671822364,3723701.9840843254,98946.43750529934,24.4,1.0,1.0,1384,2025-09-29T05:28:43.417384,0.003185661064218708,0.0014996610642187078,0.001686,0.0004998870214062359,0.00039990961712498875,0.0005998644256874831,15880.055086443896,435.3400373386216,0.9997740428124717,1.0,1384,2025-09-29T05:28:43.458859,0.0,0.0,0.0,0.0,0.0,0.0,0.0,1.0,0.0,0.0,1359,2025-09-29T05:28:43.512082
693,29,20,2025-09-29 05:28:43.666167,0.723292671822364,0.7956219390046004,0.07232926718223641,0.0006776464096671826,0.723292671822364,3728909.691321446,104154.14474242035,24.4,1.0,1.0,1386,2025-09-29T05:28:43.556368,0.003185725456123411,0.001499725456123411,0.001686,0.0004999084853744704,0.0003999267882995763,0.0005998901824493645,15902.9921999216,458.2771508163267,0.9998169707489406,1.0,1386,2025-09-29T05:28:43.598068,0.0,0.0,0.0,0.0,0.0,0.0,0.0,1.0,0.0,0.0,1361,2025-09-29T05:28:43.652271
694,29,21,2025-09-29 05:28:43.805196,0.723292671822364,0.7956219390046004,0.07232926718223641,0.0006776464096671826,0.723292671822364,3734117.398558567,109361.85197954136,24.4,1.0,1.0,1388,2025-09-29T05:28:43.696541,0.0031857776155929784,0.0014997776155929784,0.001686,0.0004999258718643261,0.0003999406974914609,0.0005999110462371913,15925.929709807433,481.2146607021603,0.9998517437286519,1.0,1388,2025-09-29T05:28:43.737822,0.0,0.0,0.0,0.0,0.0,0.0,0.0,1.0,0.0,0.0,1363,2025-09-29T05:28:43.791979
695,29,22,2025-09-29 05:28:43.945671,0.723292671822364,0.7956219390046004,0.07232926718223641,0.0006776464096671826,0.723292671822364,3739325.1057956875,114569.55921666237,24.4,1.0,1.0,1390,2025-09-29T05:28:43.835836,0.0031858198660931303,0.0014998198660931303,0.001686,0.0004999399553643768,0.00039995196429150147,0.0005999279464372521,15948.867540794548,504.15249168927545,0.9998799107287536,1.0,1390,2025-09-29T05:28:43.877664,0.0,0.0,0.0,0.0,0.0,0.0,0.0,1.0,0.0,0.0,1365,2025-09-29T05:28:43.931731
696,29,23,2025-09-29 05:28:44.084398,0.723292671822364,0.7956219390046004,0.07232926718223641,0.0006776464096671826,0.723292671822364,3744532.8130328082,119777.26645378338,24.4,1.0,1.0,1392,2025-09-29T05:28:43.976580,0.0031858540898707624,0.0014998540898707624,0.001686,0.0004999513632902541,0.0003999610906322033,0.0005999416359483049,15971.80563188072,527.0905827754474,0.9999027265805082,1.0,1392,2025-09-29T05:28:44.018482,0.0,0.0,0.0,0.0,0.0,0.0,0.0,1.0,0.0,0.0,1367,2025-09-29T05:28:44.072846
697,30,0,2025-09-29 05:28:44.221804,0.6714615356189532,0.7386076891808485,0.06714615356189532,0.0006493636892729932,0.6714615356189532,3749367.336089265,0.0,22.5,1.0,1.0,1394,2025-09-29T05:28:44.115196,0.0030043967008230163,0.0013183967008230163,0.001686,0.0004394655669410054,0.00035157245355280434,0.0005273586803292065,15993.42877115054,0.0,0.8789311338820107,1.0,1394,2025-09-29T05:28:44.156899,0.0,0.0,0.0,0.0,0.0,0.0,0.0,1.0,0.0,0.0,1369,2025-09-29T05:28:44.210047
698,30,1,2025-09-29 05:28:44.361352,0.6714615356189532,0.7386076891808485,0.06714615356189532,0.0006493636892729932,0.6714615356189532,3754201.859145722,4834.523056456463,22.5,1.0,1.0,1396,2025-09-29T05:28:44.252126,0.0030120647366830644,0.0013260647366830644,0.001686,0.0004420215788943548,0.00035361726311548385,0.0005304258946732258,16015.100184796827,21.671413646286425,0.8840431577887095,1.0,1396,2025-09-29T05:28:44.293653,0.0,0.0,0.0,0.0,0.0,0.0,0.0,1.0,0.0,0.0,1371,2025-09-29T05:28:44.347618
699,30,2,2025-09-29 05:28:44.502080,0.6714615356189532,0.7386076891808485,0.06714615356189532,0.0006493636892729932,0.6714615356189532,3759036.3822021787,9669.046112912925,22.5,1.0,1.0,1398,2025-09-29T05:28:44.392074,0.0030230795978852913,0.0013370795978852915,0.001686,0.0004456931992950972,0.0003565545594360778,0.0005348318391541166,16036.845160498564,43.416389348023586,0.8913863985901942,1.0,1398,2025-09-29T05:28:44.434004,0.0,0.0,0.0,0.0,0.0,0.0,0.0,1.0,0.0,0.0,1373,2025-09-29T05:28:44.488165
700,30,3,2025-09-29 05:28:44.642717,0.6714615356189532,0.7386076891808485,0.06714615356189532,0.0006493636892729932,0.6714615356189532,3763870.9052586355,14503.569169369388,22.5,1.0,1.0,1400,2025-09-29T05:28:44.532631,0.0030368890169931335,0.0013508890169931338,0.001686,0.00045029633899771124,0.000360237071198169,0.0005403556067972535,16058.68475353496,65.25598238442038,0.9005926779954223,1.0,1400,2025-09-29T05:28:44.574314,0.0,0.0,0.0,0.0,0.0,0.0,0.0,1.0,0.0,0.0,1375,2025-09-29T05:28:44.628701
701,30,4,2025-09-29 05:28:44.782104,0.6714615356189532,0.7386076891808485,0.06714615356189532,0.0006493636892729932,0.6714615356189532,3768705.4283150923,19338.09222582585,22.5,1.0,1.0,1402,2025-09-29T05:28:44.673139,0.003053057168438159,0.001367057168438159,0.001686,0.00045568572281271956,0.0003645485782501757,0.0005468228673752635,16080.636685543415,87.20791439287491,0.911371445625439,1.0,1402,2025-09-29T05:28:44.715316,0.0,0.0,0.0,0.0,0.0,0.0,0.0,1.0,0.0,0.0,1377,2025-09-29T05:28:44.768853
702,30,5,2025-09-29 05:28:44.922274,0.6714615356189532,0.7386076891808485,0.06714615356189532,0.0006493636892729932,0.6714615356189532,3773539.951371549,24172.615282282313,22.5,1.0,1.0,1404,2025-09-29T05:28:44.812819,0.003071238029457148,0.001385238029457148,0.001686,0.00046174600981904935,0.0003693968078552395,0.0005540952117828592,16102.716035393107,109.28726424256638,0.9234920196380986,1.0,1404,2025-09-29T05:28:44.854733,0.0,0.0,0.0,0.0,0.0,0.0,0.0,1.0,0.0,0.0,1379,2025-09-29T05:28:44.908305
703,30,6,2025-09-29 05:28:45.061560,0.6714615356189532,0.7386076891808485,0.06714615356189532,0.0006493636892729932,0.6714615356189532,3778374.474428006,29007.138338738776,22.5,1.0,1.0,1406,2025-09-29T05:28:44.952949,0.003091155609127334,0.001405155609127334,0.001686,0.00046838520304244466,0.00037470816243395574,0.0005620622436509335,16124.935776423854,131.50700527331406,0.9367704060848892,1.0,1406,2025-09-29T05:28:44.994998,0.0,0.0,0.0,0.0,0.0,0.0,0.0,1.0,0.0,0.0,1381,2025-09-29T05:28:45.047641
704,30,7,2025-09-29 05:28:45.200570,0.6714615356189532,0.7386076891808485,0.06714615356189532,0.0006493636892729932,0.6714615356189532,3783208.997484463,33841.66139519524,22.5,1.0,1.0,1408,2025-09-29T05:28:45.092602,0.003108702584699063,0.0014227025846990631,0.001686,0.0004742341948996877,0.0003793873559197502,0.0005690810338796253,16147.288415090849,153.85964394030802,0.9484683897993753,1.0,1408,2025-09-29T05:28:45.134506,0.0,0.0,0.0,0.0,0.0,0.0,0.0,1.0,0.0,0.0,1383,2025-09-29T05:28:45.188214
705,30,8,2025-09-29 05:28:45.340188,0.6714615356189532,0.7386076891808485,0.06714615356189532,0.0006493636892729932,0.6714615356189532,3788043.5205409196,38676.1844516517,22.5,1.0,1.0,1410,2025-09-29T05:28:45.230732,0.0031230761335605344,0.0014370761335605344,0.001686,0.00047902537785351145,0.00038322030228280917,0.0005748304534242137,16169.74998772447,176.3212165739295,0.9580507557070228,1.0,1410,2025-09-29T05:28:45.272419,0.0,0.0,0.0,0.0,0.0,0.0,0.0,1.0,0.0,0.0,1385,2025-09-29T05:28:45.326689
706,30,9,2025-09-29 05:28:45.480184,0.6714615356189532,0.7386076891808485,0.06714615356189532,0.0006493636892729932,0.6714615356189532,3792878.0435973764,43510.70750810817,22.5,1.0,1.0,1412,2025-09-29T05:28:45.370737,0.0031348250906780145,0.0014488250906780145,0.001686,0.0004829416968926715,0.00038635335751413725,0.0005795300362712058,16192.300650380976,198.87187923043453,0.965883393785343,1.0,1412,2025-09-29T05:28:45.412797,0.0,0.0,0.0,0.0,0.0,0.0,0.0,1.0,0.0,0.0,1387,2025-09-29T05:28:45.466438
707,30,10,2025-09-29 05:28:45.618352,0.6714615356189532,0.7386076891808485,0.06714615356189532,0.0006493636892729932,0.6714615356189532,3797712.5666538333,48345.23056456464,22.5,1.0,1.0,1414,2025-09-29T05:28:45.511025,0.0031444121225094063,0.0014584121225094063,0.001686,0.00048613737416980217,0.00038890989933584175,0.0005833648490037625,16214.924040874816,221.49526972427375,0.9722747483396043,1.0,1414,2025-09-29T05:28:45.553012,0.0,0.0,0.0,0.0,0.0,0.0,0.0,1.0,0.0,0.0,1389,2025-09-29T05:28:45.606482
708,30,11,2025-09-29 05:28:45.758004,0.6714615356189532,0.7386076891808485,0.06714615356189532,0.0006493636892729932,0.6714615356189532,3802547.08971029,53179.75362102111,22.5,1.0,1.0,1416,2025-09-29T05:28:45.649306,0.0031522241023783973,0.0014662241023783973,0.001686,0.0004887413674594657,0.0003909930939675726,0.0005864896409513589,16237.606714201705,244.17794305116507,0.9774827349189313,1.0,1416,2025-09-29T05:28:45.691004,0.0,0.0,0.0,0.0,0.0,0.0,0.0,1.0,0.0,0.0,1390,2025-09-29T05:28:45.744990
709,30,12,2025-09-29 05:28:45.895976,0.6714615356189532,0.7386076891808485,0.06714615356189532,0.0006493636892729932,0.6714615356189532,3807381.612766747,58014.27667747758,22.5,1.0,1.0,1418,2025-09-29T05:28:45.788460,0.0031585824700464636,0.0014725824700464636,0.001686,0.0004908608233488212,0.00039268865867905697,0.0005890329880185854,16260.337652948525,266.90888179798355,0.9817216466976424,1.0,1418,2025-09-29T05:28:45.830258,0.0,0.0,0.0,0.0,0.0,0.0,0.0,1.0,0.0,0.0,1392,2025-09-29T05:28:45.883862
710,30,13,2025-09-29 05:28:46.034746,0.6714615356189532,0.7386076891808485,0.06714615356189532,0.0006493636892729932,0.6714615356189532,3812216.1358232037,62848.79973393405,22.5,1.0,1.0,1420,2025-09-29T05:28:45.926439,0.0031637529550220876,0.0014777529550220876,0.001686,0.0004925843183406958,0.00039406745467255666,0.000591101182008835,16283.107849054297,289.6790779037571,0.9851686366813915,1.0,1420,2025-09-29T05:28:45.968551,0.0,0.0,0.0,0.0,0.0,0.0,0.0,1.0,0.0,0.0,1394,2025-09-29T05:28:46.022329
711,30,14,2025-09-29 05:28:46.174698,0.6714615356189532,0.7386076891808485,0.06714615356189532,0.0006493636892729932,0.6714615356189532,3817050.6588796605,67683.32279039052,22.5,1.0,1.0,1422,2025-09-29T05:28:46.065038,0.0031679543530106742,0.0014819543530106745,0.001686,0.0004939847843368915,0.00039518782746951323,0.0005927817412042697,16305.909950553889,312.4811794033497,0.9879695686737829,1.0,1422,2025-09-29T05:28:46.106795,0.0,0.0,0.0,0.0,0.0,0.0,0.0,1.0,0.0,0.0,1396,2025-09-29T05:28:46.160691
712,30,15,2025-09-29 05:28:46.314991,0.6714615356189532,0.7386076891808485,0.06714615356189532,0.0006493636892729932,0.6714615356189532,3821885.1819361174,72517.84584684699,22.5,1.0,1.0,1424,2025-09-29T05:28:46.204922,0.0031713662400813924,0.0014853662400813922,0.001686,0.0004951220800271307,0.0003960976640217046,0.0005941464960325569,16328.737965796108,335.3091946455704,0.9902441600542615,1.0,1424,2025-09-29T05:28:46.246643,0.0,0.0,0.0,0.0,0.0,0.0,0.0,1.0,0.0,0.0,1398,2025-09-29T05:28:46.301062
713,30,16,2025-09-29 05:28:46.455229,0.6714615356189532,0.7386076891808485,0.06714615356189532,0.0006493636892729932,0.6714615356189532,3826719.704992574,77352.36890330346,22.5,1.0,1.0,1426,2025-09-29T05:28:46.345842,0.0031741356259871656,0.0014881356259871656,0.001686,0.0004960452086623886,0.0003968361669299109,0.0005952542503948662,16351.5870174565,358.1582463059616,0.9920904173247771,1.0,1426,2025-09-29T05:28:46.387464,0.0,0.0,0.0,0.0,0.0,0.0,0.0,1.0,0.0,0.0,1400,2025-09-29T05:28:46.441612
714,30,17,2025-09-29 05:28:46.595091,0.6714615356189532,0.7386076891808485,0.06714615356189532,0.0006493636892729932,0.6714615356189532,3831554.228049031,82186.89195975993,22.5,1.0,1.0,1428,2025-09-29T05:28:46.485657,0.0031763826131339166,0.0014903826131339166,0.001686,0.0004967942043779722,0.00039743536350237774,0.0005961530452535666,16374.453139045263,381.02436789472426,0.9935884087559442,1.0,1428,2025-09-29T05:28:46.526975,0.0,0.0,0.0,0.0,0.0,0.0,0.0,1.0,0.0,0.0,1402,2025-09-29T05:28:46.581180
715,30,18,2025-09-29 05:28:46.734547,0.6714615356189532,0.7386076891808485,0.06714615356189532,0.0006493636892729932,0.6714615356189532,3836388.751105488,87021.4150162164,22.5,1.0,1.0,1430,2025-09-29T05:28:46.625820,0.003178205159579401,0.0014922051595794008,0.001686,0.0004974017198598002,0.0003979213758878402,0.0005968820638317603,16397.333107273374,403.9043361228344,0.9948034397196003,1.0,1430,2025-09-29T05:28:46.667552,0.0,0.0,0.0,0.0,0.0,0.0,0.0,1.0,0.0,0.0,1404,2025-09-29T05:28:46.720597
716,30,19,2025-09-29 05:28:46.872197,0.6714615356189532,0.7386076891808485,0.06714615356189532,0.0006493636892729932,0.6714615356189532,3841223.2741619446,91855.93807267287,22.5,1.0,1.0,1432,2025-09-29T05:28:46.765058,0.003179683055851711,0.0014936830558517108,0.001686,0.0004978943519505703,0.0003983154815604562,0.0005974732223406843,16420.224304416908,426.7955332663703,0.9957887039011406,1.0,1432,2025-09-29T05:28:46.806940,0.0,0.0,0.0,0.0,0.0,0.0,0.0,1.0,0.0,0.0,1406,2025-09-29T05:28:46.859064
717,30,20,2025-09-29 05:28:47.008456,0.6714615356189532,0.7386076891808485,0.06714615356189532,0.0006493636892729932,0.6714615356189532,3846057.7972184015,96690.46112912934,22.5,1.0,1.0,1434,2025-09-29T05:28:46.902981,0.003180881224748312,0.0014948812247483117,0.001686,0.0004982937415827706,0.0003986349932662165,0.0005979524898993247,16443.124605610687,449.69583446014576,0.996587483165541,1.0,1434,2025-09-29T05:28:46.945041,0.0,0.0,0.0,0.0,0.0,0.0,0.0,1.0,0.0,0.0,1408,2025-09-29T05:28:46.996980
718,30,21,2025-09-29 05:28:47.146880,0.6714615356189532,0.7386076891808485,0.06714615356189532,0.0006493636892729932,0.6714615356189532,3850892.3202748583,101524.98418558581,22.5,1.0,1.0,1436,2025-09-29T05:28:47.038783,0.0031818524460678127,0.0014958524460678125,0.001686,0.0004986174820226042,0.00039889398561808334,0.000598340978427125,16466.032286751368,472.60351560082637,0.9972349640452082,1.0,1436,2025-09-29T05:28:47.080722,0.0,0.0,0.0,0.0,0.0,0.0,0.0,1.0,0.0,0.0,1410,2025-09-29T05:28:47.134664
719,30,22,2025-09-29 05:28:47.287337,0.6714615356189532,0.7386076891808485,0.06714615356189532,0.0006493636892729932,0.6714615356189532,3855726.843331315,106359.50724204228,22.5,1.0,1.0,1438,2025-09-29T05:28:47.177732,0.00318263959787252,0.00149663959787252,0.001686,0.0004988798659575067,0.00039910389276600537,0.000598655839149008,16488.945949369245,495.51717821870284,0.9977597319150133,1.0,1438,2025-09-29T05:28:47.219200,0.0,0.0,0.0,0.0,0.0,0.0,0.0,1.0,0.0,0.0,1412,2025-09-29T05:28:47.273430
720,30,23,2025-09-29 05:28:47.427466,0.6714615356189532,0.7386076891808485,0.06714615356189532,0.0006493636892729932,0.6714615356189532,3860561.366387772,111194.03029849875,22.5,1.0,1.0,1440,2025-09-29T05:28:47.317726,0.003183277494466208,0.001497277494466208,0.001686,0.0004990924981554027,0.00039927399852432216,0.0005989109977864832,16511.86445942586,518.4356882753166,0.9981849963108053,1.0,1440,2025-09-29T05:28:47.359219,0.0,0.0,0.0,0.0,0.0,0.0,0.0,1.0,0.0,0.0,1414,2025-09-29T05:28:47.413512
