step,day,hour,timestamp,cultivar_name,lettuce_type,genetic_coefficients,cultivar_profile,trait_expressions,environmental_modifiers,adaptation_index,performance_index,phenotype_expression,genetic_variance,heritability,cumulative_genetic_response,daily_genetic_response,step_count,last_update
1,1,0,2025-10-06 15:29:04.331546,Boston Bibb,butterhead,{},"{'cultivar_name': 'Boston Bibb', 'lettuce_type': 'butterhead', 'maturity_days': 60}","{'growth_rate': 0.5, 'leaf_size': 0.5, 'yield_potential': 0.5, 'disease_resistance': 0.5, 'heat_tolerance': 0.5, 'cold_tolerance': 0.5, 'bolting_tolerance': 0.5, 'chlorophyll_content': 0.5, 'root_development': 0.5, 'plant_architecture': 0.5, <GeneticTrait.GROWTH_RATE: 'growth_rate'>: 0.7}",{},0.0000,0.0000,"{'growth_rate': 0.5, 'leaf_size': 0.5, 'yield_potential': 0.5, 'disease_resistance': 0.5, 'heat_tolerance': 0.5, 'cold_tolerance': 0.5, 'bolting_tolerance': 0.5, 'chlorophyll_content': 0.5, 'root_development': 0.5, 'plant_architecture': 0.5, <GeneticTrait.GROWTH_RATE: 'growth_rate'>: 0.7}",{},{},2520.0000,0.0000,2,2025-10-06T15:29:04.181297
2,1,1,2025-10-06 15:29:04.493389,Boston Bibb,butterhead,{},"{'cultivar_name': 'Boston Bibb', 'lettuce_type': 'butterhead', 'maturity_days': 60}","{'growth_rate': 0.5, 'leaf_size': 0.5, 'yield_potential': 0.5, 'disease_resistance': 0.5, 'heat_tolerance': 0.5, 'cold_tolerance': 0.5, 'bolting_tolerance': 0.5, 'chlorophyll_content': 0.5, 'root_development': 0.5, 'plant_architecture': 0.5, <GeneticTrait.GROWTH_RATE: 'growth_rate'>: 0.7}",{},0.0000,0.0000,"{'growth_rate': 0.5, 'leaf_size': 0.5, 'yield_potential': 0.5, 'disease_resistance': 0.5, 'heat_tolerance': 0.5, 'cold_tolerance': 0.5, 'bolting_tolerance': 0.5, 'chlorophyll_content': 0.5, 'root_development': 0.5, 'plant_architecture': 0.5, <GeneticTrait.GROWTH_RATE: 'growth_rate'>: 0.7}",{},{},7560.0000,5040.0000,4,2025-10-06T15:29:04.345636
3,1,2,2025-10-06 15:29:04.658152,Boston Bibb,butterhead,{},"{'cultivar_name': 'Boston Bibb', 'lettuce_type': 'butterhead', 'maturity_days': 60}","{'growth_rate': 0.5, 'leaf_size': 0.5, 'yield_potential': 0.5, 'disease_resistance': 0.5, 'heat_tolerance': 0.5, 'cold_tolerance': 0.5, 'bolting_tolerance': 0.5, 'chlorophyll_content': 0.5, 'root_development': 0.5, 'plant_architecture': 0.5, <GeneticTrait.GROWTH_RATE: 'growth_rate'>: 0.7}",{},0.0000,0.0000,"{'growth_rate': 0.5, 'leaf_size': 0.5, 'yield_potential': 0.5, 'disease_resistance': 0.5, 'heat_tolerance': 0.5, 'cold_tolerance': 0.5, 'bolting_tolerance': 0.5, 'chlorophyll_content': 0.5, 'root_development': 0.5, 'plant_architecture': 0.5, <GeneticTrait.GROWTH_RATE: 'growth_rate'>: 0.7}",{},{},12600.0000,10080.0000,6,2025-10-06T15:29:04.506168
4,1,3,2025-10-06 15:29:04.819325,Boston Bibb,butterhead,{},"{'cultivar_name': 'Boston Bibb', 'lettuce_type': 'butterhead', 'maturity_days': 60}","{'growth_rate': 0.5, 'leaf_size': 0.5, 'yield_potential': 0.5, 'disease_resistance': 0.5, 'heat_tolerance': 0.5, 'cold_tolerance': 0.5, 'bolting_tolerance': 0.5, 'chlorophyll_content': 0.5, 'root_development': 0.5, 'plant_architecture': 0.5, <GeneticTrait.GROWTH_RATE: 'growth_rate'>: 0.7}",{},0.0000,0.0000,"{'growth_rate': 0.5, 'leaf_size': 0.5, 'yield_potential': 0.5, 'disease_resistance': 0.5, 'heat_tolerance': 0.5, 'cold_tolerance': 0.5, 'bolting_tolerance': 0.5, 'chlorophyll_content': 0.5, 'root_development': 0.5, 'plant_architecture': 0.5, <GeneticTrait.GROWTH_RATE: 'growth_rate'>: 0.7}",{},{},17640.0000,15120.0000,8,2025-10-06T15:29:04.671262
5,1,4,2025-10-06 15:29:04.982219,Boston Bibb,butterhead,{},"{'cultivar_name': 'Boston Bibb', 'lettuce_type': 'butterhead', 'maturity_days': 60}","{'growth_rate': 0.5, 'leaf_size': 0.5, 'yield_potential': 0.5, 'disease_resistance': 0.5, 'heat_tolerance': 0.5, 'cold_tolerance': 0.5, 'bolting_tolerance': 0.5, 'chlorophyll_content': 0.5, 'root_development': 0.5, 'plant_architecture': 0.5, <GeneticTrait.GROWTH_RATE: 'growth_rate'>: 0.7}",{},0.0000,0.0000,"{'growth_rate': 0.5, 'leaf_size': 0.5, 'yield_potential': 0.5, 'disease_resistance': 0.5, 'heat_tolerance': 0.5, 'cold_tolerance': 0.5, 'bolting_tolerance': 0.5, 'chlorophyll_content': 0.5, 'root_development': 0.5, 'plant_architecture': 0.5, <GeneticTrait.GROWTH_RATE: 'growth_rate'>: 0.7}",{},{},22680.0000,20160.0000,10,2025-10-06T15:29:04.833502
6,1,5,2025-10-06 15:29:05.143368,Boston Bibb,butterhead,{},"{'cultivar_name': 'Boston Bibb', 'lettuce_type': 'butterhead', 'maturity_days': 60}","{'growth_rate': 0.5, 'leaf_size': 0.5, 'yield_potential': 0.5, 'disease_resistance': 0.5, 'heat_tolerance': 0.5, 'cold_tolerance': 0.5, 'bolting_tolerance': 0.5, 'chlorophyll_content': 0.5, 'root_development': 0.5, 'plant_architecture': 0.5, <GeneticTrait.GROWTH_RATE: 'growth_rate'>: 0.7}",{},0.0000,0.0000,"{'growth_rate': 0.5, 'leaf_size': 0.5, 'yield_potential': 0.5, 'disease_resistance': 0.5, 'heat_tolerance': 0.5, 'cold_tolerance': 0.5, 'bolting_tolerance': 0.5, 'chlorophyll_content': 0.5, 'root_development': 0.5, 'plant_architecture': 0.5, <GeneticTrait.GROWTH_RATE: 'growth_rate'>: 0.7}",{},{},27720.0000,25200.0000,12,2025-10-06T15:29:04.996306
7,1,6,2025-10-06 15:29:05.302654,Boston Bibb,butterhead,{},"{'cultivar_name': 'Boston Bibb', 'lettuce_type': 'butterhead', 'maturity_days': 60}","{'growth_rate': 0.5, 'leaf_size': 0.5, 'yield_potential': 0.5, 'disease_resistance': 0.5, 'heat_tolerance': 0.5, 'cold_tolerance': 0.5, 'bolting_tolerance': 0.5, 'chlorophyll_content': 0.5, 'root_development': 0.5, 'plant_architecture': 0.5, <GeneticTrait.GROWTH_RATE: 'growth_rate'>: 0.7}",{},0.0000,0.0000,"{'growth_rate': 0.5, 'leaf_size': 0.5, 'yield_potential': 0.5, 'disease_resistance': 0.5, 'heat_tolerance': 0.5, 'cold_tolerance': 0.5, 'bolting_tolerance': 0.5, 'chlorophyll_content': 0.5, 'root_development': 0.5, 'plant_architecture': 0.5, <GeneticTrait.GROWTH_RATE: 'growth_rate'>: 0.7}",{},{},32760.0000,30240.0000,14,2025-10-06T15:29:05.155372
8,1,7,2025-10-06 15:29:05.465424,Boston Bibb,butterhead,{},"{'cultivar_name': 'Boston Bibb', 'lettuce_type': 'butterhead', 'maturity_days': 60}","{'growth_rate': 0.5, 'leaf_size': 0.5, 'yield_potential': 0.5, 'disease_resistance': 0.5, 'heat_tolerance': 0.5, 'cold_tolerance': 0.5, 'bolting_tolerance': 0.5, 'chlorophyll_content': 0.5, 'root_development': 0.5, 'plant_architecture': 0.5, <GeneticTrait.GROWTH_RATE: 'growth_rate'>: 0.7}",{},0.0000,0.0000,"{'growth_rate': 0.5, 'leaf_size': 0.5, 'yield_potential': 0.5, 'disease_resistance': 0.5, 'heat_tolerance': 0.5, 'cold_tolerance': 0.5, 'bolting_tolerance': 0.5, 'chlorophyll_content': 0.5, 'root_development': 0.5, 'plant_architecture': 0.5, <GeneticTrait.GROWTH_RATE: 'growth_rate'>: 0.7}",{},{},37800.0000,35280.0000,16,2025-10-06T15:29:05.315424
9,1,8,2025-10-06 15:29:05.634754,Boston Bibb,butterhead,{},"{'cultivar_name': 'Boston Bibb', 'lettuce_type': 'butterhead', 'maturity_days': 60}","{'growth_rate': 0.5, 'leaf_size': 0.5, 'yield_potential': 0.5, 'disease_resistance': 0.5, 'heat_tolerance': 0.5, 'cold_tolerance': 0.5, 'bolting_tolerance': 0.5, 'chlorophyll_content': 0.5, 'root_development': 0.5, 'plant_architecture': 0.5, <GeneticTrait.GROWTH_RATE: 'growth_rate'>: 0.7}",{},0.0000,0.0000,"{'growth_rate': 0.5, 'leaf_size': 0.5, 'yield_potential': 0.5, 'disease_resistance': 0.5, 'heat_tolerance': 0.5, 'cold_tolerance': 0.5, 'bolting_tolerance': 0.5, 'chlorophyll_content': 0.5, 'root_development': 0.5, 'plant_architecture': 0.5, <GeneticTrait.GROWTH_RATE: 'growth_rate'>: 0.7}",{},{},42840.0000,40320.0000,18,2025-10-06T15:29:05.479004
10,1,9,2025-10-06 15:29:05.794959,Boston Bibb,butterhead,{},"{'cultivar_name': 'Boston Bibb', 'lettuce_type': 'butterhead', 'maturity_days': 60}","{'growth_rate': 0.5, 'leaf_size': 0.5, 'yield_potential': 0.5, 'disease_resistance': 0.5, 'heat_tolerance': 0.5, 'cold_tolerance': 0.5, 'bolting_tolerance': 0.5, 'chlorophyll_content': 0.5, 'root_development': 0.5, 'plant_architecture': 0.5, <GeneticTrait.GROWTH_RATE: 'growth_rate'>: 0.7}",{},0.0000,0.0000,"{'growth_rate': 0.5, 'leaf_size': 0.5, 'yield_potential': 0.5, 'disease_resistance': 0.5, 'heat_tolerance': 0.5, 'cold_tolerance': 0.5, 'bolting_tolerance': 0.5, 'chlorophyll_content': 0.5, 'root_development': 0.5, 'plant_architecture': 0.5, <GeneticTrait.GROWTH_RATE: 'growth_rate'>: 0.7}",{},{},47880.0000,45360.0000,20,2025-10-06T15:29:05.646448
11,1,10,2025-10-06 15:29:05.953899,Boston Bibb,butterhead,{},"{'cultivar_name': 'Boston Bibb', 'lettuce_type': 'butterhead', 'maturity_days': 60}","{'growth_rate': 0.5, 'leaf_size': 0.5, 'yield_potential': 0.5, 'disease_resistance': 0.5, 'heat_tolerance': 0.5, 'cold_tolerance': 0.5, 'bolting_tolerance': 0.5, 'chlorophyll_content': 0.5, 'root_development': 0.5, 'plant_architecture': 0.5, <GeneticTrait.GROWTH_RATE: 'growth_rate'>: 0.7}",{},0.0000,0.0000,"{'growth_rate': 0.5, 'leaf_size': 0.5, 'yield_potential': 0.5, 'disease_resistance': 0.5, 'heat_tolerance': 0.5, 'cold_tolerance': 0.5, 'bolting_tolerance': 0.5, 'chlorophyll_content': 0.5, 'root_development': 0.5, 'plant_architecture': 0.5, <GeneticTrait.GROWTH_RATE: 'growth_rate'>: 0.7}",{},{},52920.0000,50400.0000,22,2025-10-06T15:29:05.807292
12,1,11,2025-10-06 15:29:06.114018,Boston Bibb,butterhead,{},"{'cultivar_name': 'Boston Bibb', 'lettuce_type': 'butterhead', 'maturity_days': 60}","{'growth_rate': 0.5, 'leaf_size': 0.5, 'yield_potential': 0.5, 'disease_resistance': 0.5, 'heat_tolerance': 0.5, 'cold_tolerance': 0.5, 'bolting_tolerance': 0.5, 'chlorophyll_content': 0.5, 'root_development': 0.5, 'plant_architecture': 0.5, <GeneticTrait.GROWTH_RATE: 'growth_rate'>: 0.7}",{},0.0000,0.0000,"{'growth_rate': 0.5, 'leaf_size': 0.5, 'yield_potential': 0.5, 'disease_resistance': 0.5, 'heat_tolerance': 0.5, 'cold_tolerance': 0.5, 'bolting_tolerance': 0.5, 'chlorophyll_content': 0.5, 'root_development': 0.5, 'plant_architecture': 0.5, <GeneticTrait.GROWTH_RATE: 'growth_rate'>: 0.7}",{},{},57960.0000,55440.0000,24,2025-10-06T15:29:05.966262
13,1,12,2025-10-06 15:29:06.276981,Boston Bibb,butterhead,{},"{'cultivar_name': 'Boston Bibb', 'lettuce_type': 'butterhead', 'maturity_days': 60}","{'growth_rate': 0.5, 'leaf_size': 0.5, 'yield_potential': 0.5, 'disease_resistance': 0.5, 'heat_tolerance': 0.5, 'cold_tolerance': 0.5, 'bolting_tolerance': 0.5, 'chlorophyll_content': 0.5, 'root_development': 0.5, 'plant_architecture': 0.5, <GeneticTrait.GROWTH_RATE: 'growth_rate'>: 0.7}",{},0.0000,0.0000,"{'growth_rate': 0.5, 'leaf_size': 0.5, 'yield_potential': 0.5, 'disease_resistance': 0.5, 'heat_tolerance': 0.5, 'cold_tolerance': 0.5, 'bolting_tolerance': 0.5, 'chlorophyll_content': 0.5, 'root_development': 0.5, 'plant_architecture': 0.5, <GeneticTrait.GROWTH_RATE: 'growth_rate'>: 0.7}",{},{},63000.0000,60480.0000,26,2025-10-06T15:29:06.126799
14,1,13,2025-10-06 15:29:06.437989,Boston Bibb,butterhead,{},"{'cultivar_name': 'Boston Bibb', 'lettuce_type': 'butterhead', 'maturity_days': 60}","{'growth_rate': 0.5, 'leaf_size': 0.5, 'yield_potential': 0.5, 'disease_resistance': 0.5, 'heat_tolerance': 0.5, 'cold_tolerance': 0.5, 'bolting_tolerance': 0.5, 'chlorophyll_content': 0.5, 'root_development': 0.5, 'plant_architecture': 0.5, <GeneticTrait.GROWTH_RATE: 'growth_rate'>: 0.7}",{},0.0000,0.0000,"{'growth_rate': 0.5, 'leaf_size': 0.5, 'yield_potential': 0.5, 'disease_resistance': 0.5, 'heat_tolerance': 0.5, 'cold_tolerance': 0.5, 'bolting_tolerance': 0.5, 'chlorophyll_content': 0.5, 'root_development': 0.5, 'plant_architecture': 0.5, <GeneticTrait.GROWTH_RATE: 'growth_rate'>: 0.7}",{},{},68040.0000,65520.0000,28,2025-10-06T15:29:06.291831
15,1,14,2025-10-06 15:29:06.602427,Boston Bibb,butterhead,{},"{'cultivar_name': 'Boston Bibb', 'lettuce_type': 'butterhead', 'maturity_days': 60}","{'growth_rate': 0.5, 'leaf_size': 0.5, 'yield_potential': 0.5, 'disease_resistance': 0.5, 'heat_tolerance': 0.5, 'cold_tolerance': 0.5, 'bolting_tolerance': 0.5, 'chlorophyll_content': 0.5, 'root_development': 0.5, 'plant_architecture': 0.5, <GeneticTrait.GROWTH_RATE: 'growth_rate'>: 0.7}",{},0.0000,0.0000,"{'growth_rate': 0.5, 'leaf_size': 0.5, 'yield_potential': 0.5, 'disease_resistance': 0.5, 'heat_tolerance': 0.5, 'cold_tolerance': 0.5, 'bolting_tolerance': 0.5, 'chlorophyll_content': 0.5, 'root_development': 0.5, 'plant_architecture': 0.5, <GeneticTrait.GROWTH_RATE: 'growth_rate'>: 0.7}",{},{},73080.0000,70560.0000,30,2025-10-06T15:29:06.452126
16,1,15,2025-10-06 15:29:06.766936,Boston Bibb,butterhead,{},"{'cultivar_name': 'Boston Bibb', 'lettuce_type': 'butterhead', 'maturity_days': 60}","{'growth_rate': 0.5, 'leaf_size': 0.5, 'yield_potential': 0.5, 'disease_resistance': 0.5, 'heat_tolerance': 0.5, 'cold_tolerance': 0.5, 'bolting_tolerance': 0.5, 'chlorophyll_content': 0.5, 'root_development': 0.5, 'plant_architecture': 0.5, <GeneticTrait.GROWTH_RATE: 'growth_rate'>: 0.7}",{},0.0000,0.0000,"{'growth_rate': 0.5, 'leaf_size': 0.5, 'yield_potential': 0.5, 'disease_resistance': 0.5, 'heat_tolerance': 0.5, 'cold_tolerance': 0.5, 'bolting_tolerance': 0.5, 'chlorophyll_content': 0.5, 'root_development': 0.5, 'plant_architecture': 0.5, <GeneticTrait.GROWTH_RATE: 'growth_rate'>: 0.7}",{},{},78120.0000,75600.0000,32,2025-10-06T15:29:06.616476
17,1,16,2025-10-06 15:29:06.928479,Boston Bibb,butterhead,{},"{'cultivar_name': 'Boston Bibb', 'lettuce_type': 'butterhead', 'maturity_days': 60}","{'growth_rate': 0.5, 'leaf_size': 0.5, 'yield_potential': 0.5, 'disease_resistance': 0.5, 'heat_tolerance': 0.5, 'cold_tolerance': 0.5, 'bolting_tolerance': 0.5, 'chlorophyll_content': 0.5, 'root_development': 0.5, 'plant_architecture': 0.5, <GeneticTrait.GROWTH_RATE: 'growth_rate'>: 0.7}",{},0.0000,0.0000,"{'growth_rate': 0.5, 'leaf_size': 0.5, 'yield_potential': 0.5, 'disease_resistance': 0.5, 'heat_tolerance': 0.5, 'cold_tolerance': 0.5, 'bolting_tolerance': 0.5, 'chlorophyll_content': 0.5, 'root_development': 0.5, 'plant_architecture': 0.5, <GeneticTrait.GROWTH_RATE: 'growth_rate'>: 0.7}",{},{},83160.0000,80640.0000,34,2025-10-06T15:29:06.780031
18,1,17,2025-10-06 15:29:07.088688,Boston Bibb,butterhead,{},"{'cultivar_name': 'Boston Bibb', 'lettuce_type': 'butterhead', 'maturity_days': 60}","{'growth_rate': 0.5, 'leaf_size': 0.5, 'yield_potential': 0.5, 'disease_resistance': 0.5, 'heat_tolerance': 0.5, 'cold_tolerance': 0.5, 'bolting_tolerance': 0.5, 'chlorophyll_content': 0.5, 'root_development': 0.5, 'plant_architecture': 0.5, <GeneticTrait.GROWTH_RATE: 'growth_rate'>: 0.7}",{},0.0000,0.0000,"{'growth_rate': 0.5, 'leaf_size': 0.5, 'yield_potential': 0.5, 'disease_resistance': 0.5, 'heat_tolerance': 0.5, 'cold_tolerance': 0.5, 'bolting_tolerance': 0.5, 'chlorophyll_content': 0.5, 'root_development': 0.5, 'plant_architecture': 0.5, <GeneticTrait.GROWTH_RATE: 'growth_rate'>: 0.7}",{},{},88200.0000,85680.0000,36,2025-10-06T15:29:06.942900
19,1,18,2025-10-06 15:29:07.249155,Boston Bibb,butterhead,{},"{'cultivar_name': 'Boston Bibb', 'lettuce_type': 'butterhead', 'maturity_days': 60}","{'growth_rate': 0.5, 'leaf_size': 0.5, 'yield_potential': 0.5, 'disease_resistance': 0.5, 'heat_tolerance': 0.5, 'cold_tolerance': 0.5, 'bolting_tolerance': 0.5, 'chlorophyll_content': 0.5, 'root_development': 0.5, 'plant_architecture': 0.5, <GeneticTrait.GROWTH_RATE: 'growth_rate'>: 0.7}",{},0.0000,0.0000,"{'growth_rate': 0.5, 'leaf_size': 0.5, 'yield_potential': 0.5, 'disease_resistance': 0.5, 'heat_tolerance': 0.5, 'cold_tolerance': 0.5, 'bolting_tolerance': 0.5, 'chlorophyll_content': 0.5, 'root_development': 0.5, 'plant_architecture': 0.5, <GeneticTrait.GROWTH_RATE: 'growth_rate'>: 0.7}",{},{},93240.0000,90720.0000,38,2025-10-06T15:29:07.100819
20,1,19,2025-10-06 15:29:07.412481,Boston Bibb,butterhead,{},"{'cultivar_name': 'Boston Bibb', 'lettuce_type': 'butterhead', 'maturity_days': 60}","{'growth_rate': 0.5, 'leaf_size': 0.5, 'yield_potential': 0.5, 'disease_resistance': 0.5, 'heat_tolerance': 0.5, 'cold_tolerance': 0.5, 'bolting_tolerance': 0.5, 'chlorophyll_content': 0.5, 'root_development': 0.5, 'plant_architecture': 0.5, <GeneticTrait.GROWTH_RATE: 'growth_rate'>: 0.7}",{},0.0000,0.0000,"{'growth_rate': 0.5, 'leaf_size': 0.5, 'yield_potential': 0.5, 'disease_resistance': 0.5, 'heat_tolerance': 0.5, 'cold_tolerance': 0.5, 'bolting_tolerance': 0.5, 'chlorophyll_content': 0.5, 'root_development': 0.5, 'plant_architecture': 0.5, <GeneticTrait.GROWTH_RATE: 'growth_rate'>: 0.7}",{},{},98280.0000,95760.0000,40,2025-10-06T15:29:07.263327
21,1,20,2025-10-06 15:29:07.573677,Boston Bibb,butterhead,{},"{'cultivar_name': 'Boston Bibb', 'lettuce_type': 'butterhead', 'maturity_days': 60}","{'growth_rate': 0.5, 'leaf_size': 0.5, 'yield_potential': 0.5, 'disease_resistance': 0.5, 'heat_tolerance': 0.5, 'cold_tolerance': 0.5, 'bolting_tolerance': 0.5, 'chlorophyll_content': 0.5, 'root_development': 0.5, 'plant_architecture': 0.5, <GeneticTrait.GROWTH_RATE: 'growth_rate'>: 0.7}",{},0.0000,0.0000,"{'growth_rate': 0.5, 'leaf_size': 0.5, 'yield_potential': 0.5, 'disease_resistance': 0.5, 'heat_tolerance': 0.5, 'cold_tolerance': 0.5, 'bolting_tolerance': 0.5, 'chlorophyll_content': 0.5, 'root_development': 0.5, 'plant_architecture': 0.5, <GeneticTrait.GROWTH_RATE: 'growth_rate'>: 0.7}",{},{},103320.0000,100800.0000,42,2025-10-06T15:29:07.425778
22,1,21,2025-10-06 15:29:07.738245,Boston Bibb,butterhead,{},"{'cultivar_name': 'Boston Bibb', 'lettuce_type': 'butterhead', 'maturity_days': 60}","{'growth_rate': 0.5, 'leaf_size': 0.5, 'yield_potential': 0.5, 'disease_resistance': 0.5, 'heat_tolerance': 0.5, 'cold_tolerance': 0.5, 'bolting_tolerance': 0.5, 'chlorophyll_content': 0.5, 'root_development': 0.5, 'plant_architecture': 0.5, <GeneticTrait.GROWTH_RATE: 'growth_rate'>: 0.7}",{},0.0000,0.0000,"{'growth_rate': 0.5, 'leaf_size': 0.5, 'yield_potential': 0.5, 'disease_resistance': 0.5, 'heat_tolerance': 0.5, 'cold_tolerance': 0.5, 'bolting_tolerance': 0.5, 'chlorophyll_content': 0.5, 'root_development': 0.5, 'plant_architecture': 0.5, <GeneticTrait.GROWTH_RATE: 'growth_rate'>: 0.7}",{},{},108360.0000,105840.0000,44,2025-10-06T15:29:07.587257
23,1,22,2025-10-06 15:29:07.900744,Boston Bibb,butterhead,{},"{'cultivar_name': 'Boston Bibb', 'lettuce_type': 'butterhead', 'maturity_days': 60}","{'growth_rate': 0.5, 'leaf_size': 0.5, 'yield_potential': 0.5, 'disease_resistance': 0.5, 'heat_tolerance': 0.5, 'cold_tolerance': 0.5, 'bolting_tolerance': 0.5, 'chlorophyll_content': 0.5, 'root_development': 0.5, 'plant_architecture': 0.5, <GeneticTrait.GROWTH_RATE: 'growth_rate'>: 0.7}",{},0.0000,0.0000,"{'growth_rate': 0.5, 'leaf_size': 0.5, 'yield_potential': 0.5, 'disease_resistance': 0.5, 'heat_tolerance': 0.5, 'cold_tolerance': 0.5, 'bolting_tolerance': 0.5, 'chlorophyll_content': 0.5, 'root_development': 0.5, 'plant_architecture': 0.5, <GeneticTrait.GROWTH_RATE: 'growth_rate'>: 0.7}",{},{},113400.0000,110880.0000,46,2025-10-06T15:29:07.752413
24,1,23,2025-10-06 15:29:08.057811,Boston Bibb,butterhead,{},"{'cultivar_name': 'Boston Bibb', 'lettuce_type': 'butterhead', 'maturity_days': 60}","{'growth_rate': 0.5, 'leaf_size': 0.5, 'yield_potential': 0.5, 'disease_resistance': 0.5, 'heat_tolerance': 0.5, 'cold_tolerance': 0.5, 'bolting_tolerance': 0.5, 'chlorophyll_content': 0.5, 'root_development': 0.5, 'plant_architecture': 0.5, <GeneticTrait.GROWTH_RATE: 'growth_rate'>: 0.7}",{},0.0000,0.0000,"{'growth_rate': 0.5, 'leaf_size': 0.5, 'yield_potential': 0.5, 'disease_resistance': 0.5, 'heat_tolerance': 0.5, 'cold_tolerance': 0.5, 'bolting_tolerance': 0.5, 'chlorophyll_content': 0.5, 'root_development': 0.5, 'plant_architecture': 0.5, <GeneticTrait.GROWTH_RATE: 'growth_rate'>: 0.7}",{},{},118440.0000,115920.0000,48,2025-10-06T15:29:07.914504
25,2,0,2025-10-06 15:29:08.217455,Boston Bibb,butterhead,{},"{'cultivar_name': 'Boston Bibb', 'lettuce_type': 'butterhead', 'maturity_days': 60}","{'growth_rate': 0.5, 'leaf_size': 0.5, 'yield_potential': 0.5, 'disease_resistance': 0.5, 'heat_tolerance': 0.5, 'cold_tolerance': 0.5, 'bolting_tolerance': 0.5, 'chlorophyll_content': 0.5, 'root_development': 0.5, 'plant_architecture': 0.5, <GeneticTrait.GROWTH_RATE: 'growth_rate'>: 0.7}",{},0.0000,0.0000,"{'growth_rate': 0.5, 'leaf_size': 0.5, 'yield_potential': 0.5, 'disease_resistance': 0.5, 'heat_tolerance': 0.5, 'cold_tolerance': 0.5, 'bolting_tolerance': 0.5, 'chlorophyll_content': 0.5, 'root_development': 0.5, 'plant_architecture': 0.5, <GeneticTrait.GROWTH_RATE: 'growth_rate'>: 0.7}",{},{},123480.0000,0.0000,50,2025-10-06T15:29:08.070582
26,2,1,2025-10-06 15:29:08.377829,Boston Bibb,butterhead,{},"{'cultivar_name': 'Boston Bibb', 'lettuce_type': 'butterhead', 'maturity_days': 60}","{'growth_rate': 0.5, 'leaf_size': 0.5, 'yield_potential': 0.5, 'disease_resistance': 0.5, 'heat_tolerance': 0.5, 'cold_tolerance': 0.5, 'bolting_tolerance': 0.5, 'chlorophyll_content': 0.5, 'root_development': 0.5, 'plant_architecture': 0.5, <GeneticTrait.GROWTH_RATE: 'growth_rate'>: 0.7}",{},0.0000,0.0000,"{'growth_rate': 0.5, 'leaf_size': 0.5, 'yield_potential': 0.5, 'disease_resistance': 0.5, 'heat_tolerance': 0.5, 'cold_tolerance': 0.5, 'bolting_tolerance': 0.5, 'chlorophyll_content': 0.5, 'root_development': 0.5, 'plant_architecture': 0.5, <GeneticTrait.GROWTH_RATE: 'growth_rate'>: 0.7}",{},{},128520.0000,5040.0000,52,2025-10-06T15:29:08.231654
27,2,2,2025-10-06 15:29:08.538311,Boston Bibb,butterhead,{},"{'cultivar_name': 'Boston Bibb', 'lettuce_type': 'butterhead', 'maturity_days': 60}","{'growth_rate': 0.5, 'leaf_size': 0.5, 'yield_potential': 0.5, 'disease_resistance': 0.5, 'heat_tolerance': 0.5, 'cold_tolerance': 0.5, 'bolting_tolerance': 0.5, 'chlorophyll_content': 0.5, 'root_development': 0.5, 'plant_architecture': 0.5, <GeneticTrait.GROWTH_RATE: 'growth_rate'>: 0.7}",{},0.0000,0.0000,"{'growth_rate': 0.5, 'leaf_size': 0.5, 'yield_potential': 0.5, 'disease_resistance': 0.5, 'heat_tolerance': 0.5, 'cold_tolerance': 0.5, 'bolting_tolerance': 0.5, 'chlorophyll_content': 0.5, 'root_development': 0.5, 'plant_architecture': 0.5, <GeneticTrait.GROWTH_RATE: 'growth_rate'>: 0.7}",{},{},133560.0000,10080.0000,54,2025-10-06T15:29:08.391920
28,2,3,2025-10-06 15:29:08.695617,Boston Bibb,butterhead,{},"{'cultivar_name': 'Boston Bibb', 'lettuce_type': 'butterhead', 'maturity_days': 60}","{'growth_rate': 0.5, 'leaf_size': 0.5, 'yield_potential': 0.5, 'disease_resistance': 0.5, 'heat_tolerance': 0.5, 'cold_tolerance': 0.5, 'bolting_tolerance': 0.5, 'chlorophyll_content': 0.5, 'root_development': 0.5, 'plant_architecture': 0.5, <GeneticTrait.GROWTH_RATE: 'growth_rate'>: 0.7}",{},0.0000,0.0000,"{'growth_rate': 0.5, 'leaf_size': 0.5, 'yield_potential': 0.5, 'disease_resistance': 0.5, 'heat_tolerance': 0.5, 'cold_tolerance': 0.5, 'bolting_tolerance': 0.5, 'chlorophyll_content': 0.5, 'root_development': 0.5, 'plant_architecture': 0.5, <GeneticTrait.GROWTH_RATE: 'growth_rate'>: 0.7}",{},{},138600.0000,15120.0000,56,2025-10-06T15:29:08.551909
29,2,4,2025-10-06 15:29:08.858092,Boston Bibb,butterhead,{},"{'cultivar_name': 'Boston Bibb', 'lettuce_type': 'butterhead', 'maturity_days': 60}","{'growth_rate': 0.5, 'leaf_size': 0.5, 'yield_potential': 0.5, 'disease_resistance': 0.5, 'heat_tolerance': 0.5, 'cold_tolerance': 0.5, 'bolting_tolerance': 0.5, 'chlorophyll_content': 0.5, 'root_development': 0.5, 'plant_architecture': 0.5, <GeneticTrait.GROWTH_RATE: 'growth_rate'>: 0.7}",{},0.0000,0.0000,"{'growth_rate': 0.5, 'leaf_size': 0.5, 'yield_potential': 0.5, 'disease_resistance': 0.5, 'heat_tolerance': 0.5, 'cold_tolerance': 0.5, 'bolting_tolerance': 0.5, 'chlorophyll_content': 0.5, 'root_development': 0.5, 'plant_architecture': 0.5, <GeneticTrait.GROWTH_RATE: 'growth_rate'>: 0.7}",{},{},143640.0000,20160.0000,58,2025-10-06T15:29:08.708767
30,2,5,2025-10-06 15:29:09.021674,Boston Bibb,butterhead,{},"{'cultivar_name': 'Boston Bibb', 'lettuce_type': 'butterhead', 'maturity_days': 60}","{'growth_rate': 0.5, 'leaf_size': 0.5, 'yield_potential': 0.5, 'disease_resistance': 0.5, 'heat_tolerance': 0.5, 'cold_tolerance': 0.5, 'bolting_tolerance': 0.5, 'chlorophyll_content': 0.5, 'root_development': 0.5, 'plant_architecture': 0.5, <GeneticTrait.GROWTH_RATE: 'growth_rate'>: 0.7}",{},0.0000,0.0000,"{'growth_rate': 0.5, 'leaf_size': 0.5, 'yield_potential': 0.5, 'disease_resistance': 0.5, 'heat_tolerance': 0.5, 'cold_tolerance': 0.5, 'bolting_tolerance': 0.5, 'chlorophyll_content': 0.5, 'root_development': 0.5, 'plant_architecture': 0.5, <GeneticTrait.GROWTH_RATE: 'growth_rate'>: 0.7}",{},{},148680.0000,25200.0000,60,2025-10-06T15:29:08.871558
31,2,6,2025-10-06 15:29:09.181454,Boston Bibb,butterhead,{},"{'cultivar_name': 'Boston Bibb', 'lettuce_type': 'butterhead', 'maturity_days': 60}","{'growth_rate': 0.5, 'leaf_size': 0.5, 'yield_potential': 0.5, 'disease_resistance': 0.5, 'heat_tolerance': 0.5, 'cold_tolerance': 0.5, 'bolting_tolerance': 0.5, 'chlorophyll_content': 0.5, 'root_development': 0.5, 'plant_architecture': 0.5, <GeneticTrait.GROWTH_RATE: 'growth_rate'>: 0.7}",{},0.0000,0.0000,"{'growth_rate': 0.5, 'leaf_size': 0.5, 'yield_potential': 0.5, 'disease_resistance': 0.5, 'heat_tolerance': 0.5, 'cold_tolerance': 0.5, 'bolting_tolerance': 0.5, 'chlorophyll_content': 0.5, 'root_development': 0.5, 'plant_architecture': 0.5, <GeneticTrait.GROWTH_RATE: 'growth_rate'>: 0.7}",{},{},153720.0000,30240.0000,62,2025-10-06T15:29:09.035659
32,2,7,2025-10-06 15:29:09.345532,Boston Bibb,butterhead,{},"{'cultivar_name': 'Boston Bibb', 'lettuce_type': 'butterhead', 'maturity_days': 60}","{'growth_rate': 0.5, 'leaf_size': 0.5, 'yield_potential': 0.5, 'disease_resistance': 0.5, 'heat_tolerance': 0.5, 'cold_tolerance': 0.5, 'bolting_tolerance': 0.5, 'chlorophyll_content': 0.5, 'root_development': 0.5, 'plant_architecture': 0.5, <GeneticTrait.GROWTH_RATE: 'growth_rate'>: 0.7}",{},0.0000,0.0000,"{'growth_rate': 0.5, 'leaf_size': 0.5, 'yield_potential': 0.5, 'disease_resistance': 0.5, 'heat_tolerance': 0.5, 'cold_tolerance': 0.5, 'bolting_tolerance': 0.5, 'chlorophyll_content': 0.5, 'root_development': 0.5, 'plant_architecture': 0.5, <GeneticTrait.GROWTH_RATE: 'growth_rate'>: 0.7}",{},{},158760.0000,35280.0000,64,2025-10-06T15:29:09.195263
33,2,8,2025-10-06 15:29:09.509270,Boston Bibb,butterhead,{},"{'cultivar_name': 'Boston Bibb', 'lettuce_type': 'butterhead', 'maturity_days': 60}","{'growth_rate': 0.5, 'leaf_size': 0.5, 'yield_potential': 0.5, 'disease_resistance': 0.5, 'heat_tolerance': 0.5, 'cold_tolerance': 0.5, 'bolting_tolerance': 0.5, 'chlorophyll_content': 0.5, 'root_development': 0.5, 'plant_architecture': 0.5, <GeneticTrait.GROWTH_RATE: 'growth_rate'>: 0.7}",{},0.0000,0.0000,"{'growth_rate': 0.5, 'leaf_size': 0.5, 'yield_potential': 0.5, 'disease_resistance': 0.5, 'heat_tolerance': 0.5, 'cold_tolerance': 0.5, 'bolting_tolerance': 0.5, 'chlorophyll_content': 0.5, 'root_development': 0.5, 'plant_architecture': 0.5, <GeneticTrait.GROWTH_RATE: 'growth_rate'>: 0.7}",{},{},163800.0000,40320.0000,66,2025-10-06T15:29:09.359489
34,2,9,2025-10-06 15:29:09.671538,Boston Bibb,butterhead,{},"{'cultivar_name': 'Boston Bibb', 'lettuce_type': 'butterhead', 'maturity_days': 60}","{'growth_rate': 0.5, 'leaf_size': 0.5, 'yield_potential': 0.5, 'disease_resistance': 0.5, 'heat_tolerance': 0.5, 'cold_tolerance': 0.5, 'bolting_tolerance': 0.5, 'chlorophyll_content': 0.5, 'root_development': 0.5, 'plant_architecture': 0.5, <GeneticTrait.GROWTH_RATE: 'growth_rate'>: 0.7}",{},0.0000,0.0000,"{'growth_rate': 0.5, 'leaf_size': 0.5, 'yield_potential': 0.5, 'disease_resistance': 0.5, 'heat_tolerance': 0.5, 'cold_tolerance': 0.5, 'bolting_tolerance': 0.5, 'chlorophyll_content': 0.5, 'root_development': 0.5, 'plant_architecture': 0.5, <GeneticTrait.GROWTH_RATE: 'growth_rate'>: 0.7}",{},{},168840.0000,45360.0000,68,2025-10-06T15:29:09.522180
35,2,10,2025-10-06 15:29:09.829831,Boston Bibb,butterhead,{},"{'cultivar_name': 'Boston Bibb', 'lettuce_type': 'butterhead', 'maturity_days': 60}","{'growth_rate': 0.5, 'leaf_size': 0.5, 'yield_potential': 0.5, 'disease_resistance': 0.5, 'heat_tolerance': 0.5, 'cold_tolerance': 0.5, 'bolting_tolerance': 0.5, 'chlorophyll_content': 0.5, 'root_development': 0.5, 'plant_architecture': 0.5, <GeneticTrait.GROWTH_RATE: 'growth_rate'>: 0.7}",{},0.0000,0.0000,"{'growth_rate': 0.5, 'leaf_size': 0.5, 'yield_potential': 0.5, 'disease_resistance': 0.5, 'heat_tolerance': 0.5, 'cold_tolerance': 0.5, 'bolting_tolerance': 0.5, 'chlorophyll_content': 0.5, 'root_development': 0.5, 'plant_architecture': 0.5, <GeneticTrait.GROWTH_RATE: 'growth_rate'>: 0.7}",{},{},173880.0000,50400.0000,70,2025-10-06T15:29:09.685561
36,2,11,2025-10-06 15:29:09.990883,Boston Bibb,butterhead,{},"{'cultivar_name': 'Boston Bibb', 'lettuce_type': 'butterhead', 'maturity_days': 60}","{'growth_rate': 0.5, 'leaf_size': 0.5, 'yield_potential': 0.5, 'disease_resistance': 0.5, 'heat_tolerance': 0.5, 'cold_tolerance': 0.5, 'bolting_tolerance': 0.5, 'chlorophyll_content': 0.5, 'root_development': 0.5, 'plant_architecture': 0.5, <GeneticTrait.GROWTH_RATE: 'growth_rate'>: 0.7}",{},0.0000,0.0000,"{'growth_rate': 0.5, 'leaf_size': 0.5, 'yield_potential': 0.5, 'disease_resistance': 0.5, 'heat_tolerance': 0.5, 'cold_tolerance': 0.5, 'bolting_tolerance': 0.5, 'chlorophyll_content': 0.5, 'root_development': 0.5, 'plant_architecture': 0.5, <GeneticTrait.GROWTH_RATE: 'growth_rate'>: 0.7}",{},{},178920.0000,55440.0000,72,2025-10-06T15:29:09.842354
37,2,12,2025-10-06 15:29:10.149784,Boston Bibb,butterhead,{},"{'cultivar_name': 'Boston Bibb', 'lettuce_type': 'butterhead', 'maturity_days': 60}","{'growth_rate': 0.5, 'leaf_size': 0.5, 'yield_potential': 0.5, 'disease_resistance': 0.5, 'heat_tolerance': 0.5, 'cold_tolerance': 0.5, 'bolting_tolerance': 0.5, 'chlorophyll_content': 0.5, 'root_development': 0.5, 'plant_architecture': 0.5, <GeneticTrait.GROWTH_RATE: 'growth_rate'>: 0.7}",{},0.0000,0.0000,"{'growth_rate': 0.5, 'leaf_size': 0.5, 'yield_potential': 0.5, 'disease_resistance': 0.5, 'heat_tolerance': 0.5, 'cold_tolerance': 0.5, 'bolting_tolerance': 0.5, 'chlorophyll_content': 0.5, 'root_development': 0.5, 'plant_architecture': 0.5, <GeneticTrait.GROWTH_RATE: 'growth_rate'>: 0.7}",{},{},183960.0000,60480.0000,74,2025-10-06T15:29:10.002915
38,2,13,2025-10-06 15:29:10.312932,Boston Bibb,butterhead,{},"{'cultivar_name': 'Boston Bibb', 'lettuce_type': 'butterhead', 'maturity_days': 60}","{'growth_rate': 0.5, 'leaf_size': 0.5, 'yield_potential': 0.5, 'disease_resistance': 0.5, 'heat_tolerance': 0.5, 'cold_tolerance': 0.5, 'bolting_tolerance': 0.5, 'chlorophyll_content': 0.5, 'root_development': 0.5, 'plant_architecture': 0.5, <GeneticTrait.GROWTH_RATE: 'growth_rate'>: 0.7}",{},0.0000,0.0000,"{'growth_rate': 0.5, 'leaf_size': 0.5, 'yield_potential': 0.5, 'disease_resistance': 0.5, 'heat_tolerance': 0.5, 'cold_tolerance': 0.5, 'bolting_tolerance': 0.5, 'chlorophyll_content': 0.5, 'root_development': 0.5, 'plant_architecture': 0.5, <GeneticTrait.GROWTH_RATE: 'growth_rate'>: 0.7}",{},{},189000.0000,65520.0000,76,2025-10-06T15:29:10.163954
39,2,14,2025-10-06 15:29:10.474148,Boston Bibb,butterhead,{},"{'cultivar_name': 'Boston Bibb', 'lettuce_type': 'butterhead', 'maturity_days': 60}","{'growth_rate': 0.5, 'leaf_size': 0.5, 'yield_potential': 0.5, 'disease_resistance': 0.5, 'heat_tolerance': 0.5, 'cold_tolerance': 0.5, 'bolting_tolerance': 0.5, 'chlorophyll_content': 0.5, 'root_development': 0.5, 'plant_architecture': 0.5, <GeneticTrait.GROWTH_RATE: 'growth_rate'>: 0.7}",{},0.0000,0.0000,"{'growth_rate': 0.5, 'leaf_size': 0.5, 'yield_potential': 0.5, 'disease_resistance': 0.5, 'heat_tolerance': 0.5, 'cold_tolerance': 0.5, 'bolting_tolerance': 0.5, 'chlorophyll_content': 0.5, 'root_development': 0.5, 'plant_architecture': 0.5, <GeneticTrait.GROWTH_RATE: 'growth_rate'>: 0.7}",{},{},194040.0000,70560.0000,78,2025-10-06T15:29:10.325492
40,2,15,2025-10-06 15:29:10.635262,Boston Bibb,butterhead,{},"{'cultivar_name': 'Boston Bibb', 'lettuce_type': 'butterhead', 'maturity_days': 60}","{'growth_rate': 0.5, 'leaf_size': 0.5, 'yield_potential': 0.5, 'disease_resistance': 0.5, 'heat_tolerance': 0.5, 'cold_tolerance': 0.5, 'bolting_tolerance': 0.5, 'chlorophyll_content': 0.5, 'root_development': 0.5, 'plant_architecture': 0.5, <GeneticTrait.GROWTH_RATE: 'growth_rate'>: 0.7}",{},0.0000,0.0000,"{'growth_rate': 0.5, 'leaf_size': 0.5, 'yield_potential': 0.5, 'disease_resistance': 0.5, 'heat_tolerance': 0.5, 'cold_tolerance': 0.5, 'bolting_tolerance': 0.5, 'chlorophyll_content': 0.5, 'root_development': 0.5, 'plant_architecture': 0.5, <GeneticTrait.GROWTH_RATE: 'growth_rate'>: 0.7}",{},{},199080.0000,75600.0000,80,2025-10-06T15:29:10.488351
41,2,16,2025-10-06 15:29:10.794838,Boston Bibb,butterhead,{},"{'cultivar_name': 'Boston Bibb', 'lettuce_type': 'butterhead', 'maturity_days': 60}","{'growth_rate': 0.5, 'leaf_size': 0.5, 'yield_potential': 0.5, 'disease_resistance': 0.5, 'heat_tolerance': 0.5, 'cold_tolerance': 0.5, 'bolting_tolerance': 0.5, 'chlorophyll_content': 0.5, 'root_development': 0.5, 'plant_architecture': 0.5, <GeneticTrait.GROWTH_RATE: 'growth_rate'>: 0.7}",{},0.0000,0.0000,"{'growth_rate': 0.5, 'leaf_size': 0.5, 'yield_potential': 0.5, 'disease_resistance': 0.5, 'heat_tolerance': 0.5, 'cold_tolerance': 0.5, 'bolting_tolerance': 0.5, 'chlorophyll_content': 0.5, 'root_development': 0.5, 'plant_architecture': 0.5, <GeneticTrait.GROWTH_RATE: 'growth_rate'>: 0.7}",{},{},204120.0000,80640.0000,82,2025-10-06T15:29:10.647910
42,2,17,2025-10-06 15:29:10.954934,Boston Bibb,butterhead,{},"{'cultivar_name': 'Boston Bibb', 'lettuce_type': 'butterhead', 'maturity_days': 60}","{'growth_rate': 0.5, 'leaf_size': 0.5, 'yield_potential': 0.5, 'disease_resistance': 0.5, 'heat_tolerance': 0.5, 'cold_tolerance': 0.5, 'bolting_tolerance': 0.5, 'chlorophyll_content': 0.5, 'root_development': 0.5, 'plant_architecture': 0.5, <GeneticTrait.GROWTH_RATE: 'growth_rate'>: 0.7}",{},0.0000,0.0000,"{'growth_rate': 0.5, 'leaf_size': 0.5, 'yield_potential': 0.5, 'disease_resistance': 0.5, 'heat_tolerance': 0.5, 'cold_tolerance': 0.5, 'bolting_tolerance': 0.5, 'chlorophyll_content': 0.5, 'root_development': 0.5, 'plant_architecture': 0.5, <GeneticTrait.GROWTH_RATE: 'growth_rate'>: 0.7}",{},{},209160.0000,85680.0000,84,2025-10-06T15:29:10.808785
43,2,18,2025-10-06 15:29:11.119313,Boston Bibb,butterhead,{},"{'cultivar_name': 'Boston Bibb', 'lettuce_type': 'butterhead', 'maturity_days': 60}","{'growth_rate': 0.5, 'leaf_size': 0.5, 'yield_potential': 0.5, 'disease_resistance': 0.5, 'heat_tolerance': 0.5, 'cold_tolerance': 0.5, 'bolting_tolerance': 0.5, 'chlorophyll_content': 0.5, 'root_development': 0.5, 'plant_architecture': 0.5, <GeneticTrait.GROWTH_RATE: 'growth_rate'>: 0.7}",{},0.0000,0.0000,"{'growth_rate': 0.5, 'leaf_size': 0.5, 'yield_potential': 0.5, 'disease_resistance': 0.5, 'heat_tolerance': 0.5, 'cold_tolerance': 0.5, 'bolting_tolerance': 0.5, 'chlorophyll_content': 0.5, 'root_development': 0.5, 'plant_architecture': 0.5, <GeneticTrait.GROWTH_RATE: 'growth_rate'>: 0.7}",{},{},214200.0000,90720.0000,86,2025-10-06T15:29:10.967646
44,2,19,2025-10-06 15:29:11.280260,Boston Bibb,butterhead,{},"{'cultivar_name': 'Boston Bibb', 'lettuce_type': 'butterhead', 'maturity_days': 60}","{'growth_rate': 0.5, 'leaf_size': 0.5, 'yield_potential': 0.5, 'disease_resistance': 0.5, 'heat_tolerance': 0.5, 'cold_tolerance': 0.5, 'bolting_tolerance': 0.5, 'chlorophyll_content': 0.5, 'root_development': 0.5, 'plant_architecture': 0.5, <GeneticTrait.GROWTH_RATE: 'growth_rate'>: 0.7}",{},0.0000,0.0000,"{'growth_rate': 0.5, 'leaf_size': 0.5, 'yield_potential': 0.5, 'disease_resistance': 0.5, 'heat_tolerance': 0.5, 'cold_tolerance': 0.5, 'bolting_tolerance': 0.5, 'chlorophyll_content': 0.5, 'root_development': 0.5, 'plant_architecture': 0.5, <GeneticTrait.GROWTH_RATE: 'growth_rate'>: 0.7}",{},{},219240.0000,95760.0000,88,2025-10-06T15:29:11.133268
45,2,20,2025-10-06 15:29:11.441434,Boston Bibb,butterhead,{},"{'cultivar_name': 'Boston Bibb', 'lettuce_type': 'butterhead', 'maturity_days': 60}","{'growth_rate': 0.5, 'leaf_size': 0.5, 'yield_potential': 0.5, 'disease_resistance': 0.5, 'heat_tolerance': 0.5, 'cold_tolerance': 0.5, 'bolting_tolerance': 0.5, 'chlorophyll_content': 0.5, 'root_development': 0.5, 'plant_architecture': 0.5, <GeneticTrait.GROWTH_RATE: 'growth_rate'>: 0.7}",{},0.0000,0.0000,"{'growth_rate': 0.5, 'leaf_size': 0.5, 'yield_potential': 0.5, 'disease_resistance': 0.5, 'heat_tolerance': 0.5, 'cold_tolerance': 0.5, 'bolting_tolerance': 0.5, 'chlorophyll_content': 0.5, 'root_development': 0.5, 'plant_architecture': 0.5, <GeneticTrait.GROWTH_RATE: 'growth_rate'>: 0.7}",{},{},224280.0000,100800.0000,90,2025-10-06T15:29:11.293201
46,2,21,2025-10-06 15:29:11.596613,Boston Bibb,butterhead,{},"{'cultivar_name': 'Boston Bibb', 'lettuce_type': 'butterhead', 'maturity_days': 60}","{'growth_rate': 0.5, 'leaf_size': 0.5, 'yield_potential': 0.5, 'disease_resistance': 0.5, 'heat_tolerance': 0.5, 'cold_tolerance': 0.5, 'bolting_tolerance': 0.5, 'chlorophyll_content': 0.5, 'root_development': 0.5, 'plant_architecture': 0.5, <GeneticTrait.GROWTH_RATE: 'growth_rate'>: 0.7}",{},0.0000,0.0000,"{'growth_rate': 0.5, 'leaf_size': 0.5, 'yield_potential': 0.5, 'disease_resistance': 0.5, 'heat_tolerance': 0.5, 'cold_tolerance': 0.5, 'bolting_tolerance': 0.5, 'chlorophyll_content': 0.5, 'root_development': 0.5, 'plant_architecture': 0.5, <GeneticTrait.GROWTH_RATE: 'growth_rate'>: 0.7}",{},{},229320.0000,105840.0000,92,2025-10-06T15:29:11.454882
47,2,22,2025-10-06 15:29:11.758306,Boston Bibb,butterhead,{},"{'cultivar_name': 'Boston Bibb', 'lettuce_type': 'butterhead', 'maturity_days': 60}","{'growth_rate': 0.5, 'leaf_size': 0.5, 'yield_potential': 0.5, 'disease_resistance': 0.5, 'heat_tolerance': 0.5, 'cold_tolerance': 0.5, 'bolting_tolerance': 0.5, 'chlorophyll_content': 0.5, 'root_development': 0.5, 'plant_architecture': 0.5, <GeneticTrait.GROWTH_RATE: 'growth_rate'>: 0.7}",{},0.0000,0.0000,"{'growth_rate': 0.5, 'leaf_size': 0.5, 'yield_potential': 0.5, 'disease_resistance': 0.5, 'heat_tolerance': 0.5, 'cold_tolerance': 0.5, 'bolting_tolerance': 0.5, 'chlorophyll_content': 0.5, 'root_development': 0.5, 'plant_architecture': 0.5, <GeneticTrait.GROWTH_RATE: 'growth_rate'>: 0.7}",{},{},234360.0000,110880.0000,94,2025-10-06T15:29:11.610720
48,2,23,2025-10-06 15:29:11.917621,Boston Bibb,butterhead,{},"{'cultivar_name': 'Boston Bibb', 'lettuce_type': 'butterhead', 'maturity_days': 60}","{'growth_rate': 0.5, 'leaf_size': 0.5, 'yield_potential': 0.5, 'disease_resistance': 0.5, 'heat_tolerance': 0.5, 'cold_tolerance': 0.5, 'bolting_tolerance': 0.5, 'chlorophyll_content': 0.5, 'root_development': 0.5, 'plant_architecture': 0.5, <GeneticTrait.GROWTH_RATE: 'growth_rate'>: 0.7}",{},0.0000,0.0000,"{'growth_rate': 0.5, 'leaf_size': 0.5, 'yield_potential': 0.5, 'disease_resistance': 0.5, 'heat_tolerance': 0.5, 'cold_tolerance': 0.5, 'bolting_tolerance': 0.5, 'chlorophyll_content': 0.5, 'root_development': 0.5, 'plant_architecture': 0.5, <GeneticTrait.GROWTH_RATE: 'growth_rate'>: 0.7}",{},{},239400.0000,115920.0000,96,2025-10-06T15:29:11.771487
49,3,0,2025-10-06 15:29:12.083842,Boston Bibb,butterhead,{},"{'cultivar_name': 'Boston Bibb', 'lettuce_type': 'butterhead', 'maturity_days': 60}","{'growth_rate': 0.5, 'leaf_size': 0.5, 'yield_potential': 0.5, 'disease_resistance': 0.5, 'heat_tolerance': 0.5, 'cold_tolerance': 0.5, 'bolting_tolerance': 0.5, 'chlorophyll_content': 0.5, 'root_development': 0.5, 'plant_architecture': 0.5, <GeneticTrait.GROWTH_RATE: 'growth_rate'>: 0.7}",{},0.0000,0.0000,"{'growth_rate': 0.5, 'leaf_size': 0.5, 'yield_potential': 0.5, 'disease_resistance': 0.5, 'heat_tolerance': 0.5, 'cold_tolerance': 0.5, 'bolting_tolerance': 0.5, 'chlorophyll_content': 0.5, 'root_development': 0.5, 'plant_architecture': 0.5, <GeneticTrait.GROWTH_RATE: 'growth_rate'>: 0.7}",{},{},244440.0000,0.0000,98,2025-10-06T15:29:11.932453
50,3,1,2025-10-06 15:29:12.243838,Boston Bibb,butterhead,{},"{'cultivar_name': 'Boston Bibb', 'lettuce_type': 'butterhead', 'maturity_days': 60}","{'growth_rate': 0.5, 'leaf_size': 0.5, 'yield_potential': 0.5, 'disease_resistance': 0.5, 'heat_tolerance': 0.5, 'cold_tolerance': 0.5, 'bolting_tolerance': 0.5, 'chlorophyll_content': 0.5, 'root_development': 0.5, 'plant_architecture': 0.5, <GeneticTrait.GROWTH_RATE: 'growth_rate'>: 0.7}",{},0.0000,0.0000,"{'growth_rate': 0.5, 'leaf_size': 0.5, 'yield_potential': 0.5, 'disease_resistance': 0.5, 'heat_tolerance': 0.5, 'cold_tolerance': 0.5, 'bolting_tolerance': 0.5, 'chlorophyll_content': 0.5, 'root_development': 0.5, 'plant_architecture': 0.5, <GeneticTrait.GROWTH_RATE: 'growth_rate'>: 0.7}",{},{},249480.0000,5040.0000,100,2025-10-06T15:29:12.097941
51,3,2,2025-10-06 15:29:12.401026,Boston Bibb,butterhead,{},"{'cultivar_name': 'Boston Bibb', 'lettuce_type': 'butterhead', 'maturity_days': 60}","{'growth_rate': 0.5, 'leaf_size': 0.5, 'yield_potential': 0.5, 'disease_resistance': 0.5, 'heat_tolerance': 0.5, 'cold_tolerance': 0.5, 'bolting_tolerance': 0.5, 'chlorophyll_content': 0.5, 'root_development': 0.5, 'plant_architecture': 0.5, <GeneticTrait.GROWTH_RATE: 'growth_rate'>: 0.7}",{},0.0000,0.0000,"{'growth_rate': 0.5, 'leaf_size': 0.5, 'yield_potential': 0.5, 'disease_resistance': 0.5, 'heat_tolerance': 0.5, 'cold_tolerance': 0.5, 'bolting_tolerance': 0.5, 'chlorophyll_content': 0.5, 'root_development': 0.5, 'plant_architecture': 0.5, <GeneticTrait.GROWTH_RATE: 'growth_rate'>: 0.7}",{},{},254520.0000,10080.0000,102,2025-10-06T15:29:12.257926
52,3,3,2025-10-06 15:29:12.557891,Boston Bibb,butterhead,{},"{'cultivar_name': 'Boston Bibb', 'lettuce_type': 'butterhead', 'maturity_days': 60}","{'growth_rate': 0.5, 'leaf_size': 0.5, 'yield_potential': 0.5, 'disease_resistance': 0.5, 'heat_tolerance': 0.5, 'cold_tolerance': 0.5, 'bolting_tolerance': 0.5, 'chlorophyll_content': 0.5, 'root_development': 0.5, 'plant_architecture': 0.5, <GeneticTrait.GROWTH_RATE: 'growth_rate'>: 0.7}",{},0.0000,0.0000,"{'growth_rate': 0.5, 'leaf_size': 0.5, 'yield_potential': 0.5, 'disease_resistance': 0.5, 'heat_tolerance': 0.5, 'cold_tolerance': 0.5, 'bolting_tolerance': 0.5, 'chlorophyll_content': 0.5, 'root_development': 0.5, 'plant_architecture': 0.5, <GeneticTrait.GROWTH_RATE: 'growth_rate'>: 0.7}",{},{},259560.0000,15120.0000,104,2025-10-06T15:29:12.412741
53,3,4,2025-10-06 15:29:12.724781,Boston Bibb,butterhead,{},"{'cultivar_name': 'Boston Bibb', 'lettuce_type': 'butterhead', 'maturity_days': 60}","{'growth_rate': 0.5, 'leaf_size': 0.5, 'yield_potential': 0.5, 'disease_resistance': 0.5, 'heat_tolerance': 0.5, 'cold_tolerance': 0.5, 'bolting_tolerance': 0.5, 'chlorophyll_content': 0.5, 'root_development': 0.5, 'plant_architecture': 0.5, <GeneticTrait.GROWTH_RATE: 'growth_rate'>: 0.7}",{},0.0000,0.0000,"{'growth_rate': 0.5, 'leaf_size': 0.5, 'yield_potential': 0.5, 'disease_resistance': 0.5, 'heat_tolerance': 0.5, 'cold_tolerance': 0.5, 'bolting_tolerance': 0.5, 'chlorophyll_content': 0.5, 'root_development': 0.5, 'plant_architecture': 0.5, <GeneticTrait.GROWTH_RATE: 'growth_rate'>: 0.7}",{},{},264600.0000,20160.0000,106,2025-10-06T15:29:12.571490
54,3,5,2025-10-06 15:29:12.886567,Boston Bibb,butterhead,{},"{'cultivar_name': 'Boston Bibb', 'lettuce_type': 'butterhead', 'maturity_days': 60}","{'growth_rate': 0.5, 'leaf_size': 0.5, 'yield_potential': 0.5, 'disease_resistance': 0.5, 'heat_tolerance': 0.5, 'cold_tolerance': 0.5, 'bolting_tolerance': 0.5, 'chlorophyll_content': 0.5, 'root_development': 0.5, 'plant_architecture': 0.5, <GeneticTrait.GROWTH_RATE: 'growth_rate'>: 0.7}",{},0.0000,0.0000,"{'growth_rate': 0.5, 'leaf_size': 0.5, 'yield_potential': 0.5, 'disease_resistance': 0.5, 'heat_tolerance': 0.5, 'cold_tolerance': 0.5, 'bolting_tolerance': 0.5, 'chlorophyll_content': 0.5, 'root_development': 0.5, 'plant_architecture': 0.5, <GeneticTrait.GROWTH_RATE: 'growth_rate'>: 0.7}",{},{},269640.0000,25200.0000,108,2025-10-06T15:29:12.738178
55,3,6,2025-10-06 15:29:13.049248,Boston Bibb,butterhead,{},"{'cultivar_name': 'Boston Bibb', 'lettuce_type': 'butterhead', 'maturity_days': 60}","{'growth_rate': 0.5, 'leaf_size': 0.5, 'yield_potential': 0.5, 'disease_resistance': 0.5, 'heat_tolerance': 0.5, 'cold_tolerance': 0.5, 'bolting_tolerance': 0.5, 'chlorophyll_content': 0.5, 'root_development': 0.5, 'plant_architecture': 0.5, <GeneticTrait.GROWTH_RATE: 'growth_rate'>: 0.7}",{},0.0000,0.0000,"{'growth_rate': 0.5, 'leaf_size': 0.5, 'yield_potential': 0.5, 'disease_resistance': 0.5, 'heat_tolerance': 0.5, 'cold_tolerance': 0.5, 'bolting_tolerance': 0.5, 'chlorophyll_content': 0.5, 'root_development': 0.5, 'plant_architecture': 0.5, <GeneticTrait.GROWTH_RATE: 'growth_rate'>: 0.7}",{},{},274680.0000,30240.0000,110,2025-10-06T15:29:12.900210
56,3,7,2025-10-06 15:29:13.214095,Boston Bibb,butterhead,{},"{'cultivar_name': 'Boston Bibb', 'lettuce_type': 'butterhead', 'maturity_days': 60}","{'growth_rate': 0.5, 'leaf_size': 0.5, 'yield_potential': 0.5, 'disease_resistance': 0.5, 'heat_tolerance': 0.5, 'cold_tolerance': 0.5, 'bolting_tolerance': 0.5, 'chlorophyll_content': 0.5, 'root_development': 0.5, 'plant_architecture': 0.5, <GeneticTrait.GROWTH_RATE: 'growth_rate'>: 0.7}",{},0.0000,0.0000,"{'growth_rate': 0.5, 'leaf_size': 0.5, 'yield_potential': 0.5, 'disease_resistance': 0.5, 'heat_tolerance': 0.5, 'cold_tolerance': 0.5, 'bolting_tolerance': 0.5, 'chlorophyll_content': 0.5, 'root_development': 0.5, 'plant_architecture': 0.5, <GeneticTrait.GROWTH_RATE: 'growth_rate'>: 0.7}",{},{},279720.0000,35280.0000,112,2025-10-06T15:29:13.063156
57,3,8,2025-10-06 15:29:13.379675,Boston Bibb,butterhead,{},"{'cultivar_name': 'Boston Bibb', 'lettuce_type': 'butterhead', 'maturity_days': 60}","{'growth_rate': 0.5, 'leaf_size': 0.5, 'yield_potential': 0.5, 'disease_resistance': 0.5, 'heat_tolerance': 0.5, 'cold_tolerance': 0.5, 'bolting_tolerance': 0.5, 'chlorophyll_content': 0.5, 'root_development': 0.5, 'plant_architecture': 0.5, <GeneticTrait.GROWTH_RATE: 'growth_rate'>: 0.7}",{},0.0000,0.0000,"{'growth_rate': 0.5, 'leaf_size': 0.5, 'yield_potential': 0.5, 'disease_resistance': 0.5, 'heat_tolerance': 0.5, 'cold_tolerance': 0.5, 'bolting_tolerance': 0.5, 'chlorophyll_content': 0.5, 'root_development': 0.5, 'plant_architecture': 0.5, <GeneticTrait.GROWTH_RATE: 'growth_rate'>: 0.7}",{},{},284760.0000,40320.0000,114,2025-10-06T15:29:13.228101
58,3,9,2025-10-06 15:29:13.540749,Boston Bibb,butterhead,{},"{'cultivar_name': 'Boston Bibb', 'lettuce_type': 'butterhead', 'maturity_days': 60}","{'growth_rate': 0.5, 'leaf_size': 0.5, 'yield_potential': 0.5, 'disease_resistance': 0.5, 'heat_tolerance': 0.5, 'cold_tolerance': 0.5, 'bolting_tolerance': 0.5, 'chlorophyll_content': 0.5, 'root_development': 0.5, 'plant_architecture': 0.5, <GeneticTrait.GROWTH_RATE: 'growth_rate'>: 0.7}",{},0.0000,0.0000,"{'growth_rate': 0.5, 'leaf_size': 0.5, 'yield_potential': 0.5, 'disease_resistance': 0.5, 'heat_tolerance': 0.5, 'cold_tolerance': 0.5, 'bolting_tolerance': 0.5, 'chlorophyll_content': 0.5, 'root_development': 0.5, 'plant_architecture': 0.5, <GeneticTrait.GROWTH_RATE: 'growth_rate'>: 0.7}",{},{},289800.0000,45360.0000,116,2025-10-06T15:29:13.393617
59,3,10,2025-10-06 15:29:13.699573,Boston Bibb,butterhead,{},"{'cultivar_name': 'Boston Bibb', 'lettuce_type': 'butterhead', 'maturity_days': 60}","{'growth_rate': 0.5, 'leaf_size': 0.5, 'yield_potential': 0.5, 'disease_resistance': 0.5, 'heat_tolerance': 0.5, 'cold_tolerance': 0.5, 'bolting_tolerance': 0.5, 'chlorophyll_content': 0.5, 'root_development': 0.5, 'plant_architecture': 0.5, <GeneticTrait.GROWTH_RATE: 'growth_rate'>: 0.7}",{},0.0000,0.0000,"{'growth_rate': 0.5, 'leaf_size': 0.5, 'yield_potential': 0.5, 'disease_resistance': 0.5, 'heat_tolerance': 0.5, 'cold_tolerance': 0.5, 'bolting_tolerance': 0.5, 'chlorophyll_content': 0.5, 'root_development': 0.5, 'plant_architecture': 0.5, <GeneticTrait.GROWTH_RATE: 'growth_rate'>: 0.7}",{},{},294840.0000,50400.0000,118,2025-10-06T15:29:13.554735
60,3,11,2025-10-06 15:29:13.863415,Boston Bibb,butterhead,{},"{'cultivar_name': 'Boston Bibb', 'lettuce_type': 'butterhead', 'maturity_days': 60}","{'growth_rate': 0.5, 'leaf_size': 0.5, 'yield_potential': 0.5, 'disease_resistance': 0.5, 'heat_tolerance': 0.5, 'cold_tolerance': 0.5, 'bolting_tolerance': 0.5, 'chlorophyll_content': 0.5, 'root_development': 0.5, 'plant_architecture': 0.5, <GeneticTrait.GROWTH_RATE: 'growth_rate'>: 0.7}",{},0.0000,0.0000,"{'growth_rate': 0.5, 'leaf_size': 0.5, 'yield_potential': 0.5, 'disease_resistance': 0.5, 'heat_tolerance': 0.5, 'cold_tolerance': 0.5, 'bolting_tolerance': 0.5, 'chlorophyll_content': 0.5, 'root_development': 0.5, 'plant_architecture': 0.5, <GeneticTrait.GROWTH_RATE: 'growth_rate'>: 0.7}",{},{},299880.0000,55440.0000,120,2025-10-06T15:29:13.713548
61,3,12,2025-10-06 15:29:14.027058,Boston Bibb,butterhead,{},"{'cultivar_name': 'Boston Bibb', 'lettuce_type': 'butterhead', 'maturity_days': 60}","{'growth_rate': 0.5, 'leaf_size': 0.5, 'yield_potential': 0.5, 'disease_resistance': 0.5, 'heat_tolerance': 0.5, 'cold_tolerance': 0.5, 'bolting_tolerance': 0.5, 'chlorophyll_content': 0.5, 'root_development': 0.5, 'plant_architecture': 0.5, <GeneticTrait.GROWTH_RATE: 'growth_rate'>: 0.7}",{},0.0000,0.0000,"{'growth_rate': 0.5, 'leaf_size': 0.5, 'yield_potential': 0.5, 'disease_resistance': 0.5, 'heat_tolerance': 0.5, 'cold_tolerance': 0.5, 'bolting_tolerance': 0.5, 'chlorophyll_content': 0.5, 'root_development': 0.5, 'plant_architecture': 0.5, <GeneticTrait.GROWTH_RATE: 'growth_rate'>: 0.7}",{},{},304920.0000,60480.0000,122,2025-10-06T15:29:13.875664
62,3,13,2025-10-06 15:29:14.183828,Boston Bibb,butterhead,{},"{'cultivar_name': 'Boston Bibb', 'lettuce_type': 'butterhead', 'maturity_days': 60}","{'growth_rate': 0.5, 'leaf_size': 0.5, 'yield_potential': 0.5, 'disease_resistance': 0.5, 'heat_tolerance': 0.5, 'cold_tolerance': 0.5, 'bolting_tolerance': 0.5, 'chlorophyll_content': 0.5, 'root_development': 0.5, 'plant_architecture': 0.5, <GeneticTrait.GROWTH_RATE: 'growth_rate'>: 0.7}",{},0.0000,0.0000,"{'growth_rate': 0.5, 'leaf_size': 0.5, 'yield_potential': 0.5, 'disease_resistance': 0.5, 'heat_tolerance': 0.5, 'cold_tolerance': 0.5, 'bolting_tolerance': 0.5, 'chlorophyll_content': 0.5, 'root_development': 0.5, 'plant_architecture': 0.5, <GeneticTrait.GROWTH_RATE: 'growth_rate'>: 0.7}",{},{},309960.0000,65520.0000,124,2025-10-06T15:29:14.039556
63,3,14,2025-10-06 15:29:14.347179,Boston Bibb,butterhead,{},"{'cultivar_name': 'Boston Bibb', 'lettuce_type': 'butterhead', 'maturity_days': 60}","{'growth_rate': 0.5, 'leaf_size': 0.5, 'yield_potential': 0.5, 'disease_resistance': 0.5, 'heat_tolerance': 0.5, 'cold_tolerance': 0.5, 'bolting_tolerance': 0.5, 'chlorophyll_content': 0.5, 'root_development': 0.5, 'plant_architecture': 0.5, <GeneticTrait.GROWTH_RATE: 'growth_rate'>: 0.7}",{},0.0000,0.0000,"{'growth_rate': 0.5, 'leaf_size': 0.5, 'yield_potential': 0.5, 'disease_resistance': 0.5, 'heat_tolerance': 0.5, 'cold_tolerance': 0.5, 'bolting_tolerance': 0.5, 'chlorophyll_content': 0.5, 'root_development': 0.5, 'plant_architecture': 0.5, <GeneticTrait.GROWTH_RATE: 'growth_rate'>: 0.7}",{},{},315000.0000,70560.0000,126,2025-10-06T15:29:14.196463
64,3,15,2025-10-06 15:29:14.503073,Boston Bibb,butterhead,{},"{'cultivar_name': 'Boston Bibb', 'lettuce_type': 'butterhead', 'maturity_days': 60}","{'growth_rate': 0.5, 'leaf_size': 0.5, 'yield_potential': 0.5, 'disease_resistance': 0.5, 'heat_tolerance': 0.5, 'cold_tolerance': 0.5, 'bolting_tolerance': 0.5, 'chlorophyll_content': 0.5, 'root_development': 0.5, 'plant_architecture': 0.5, <GeneticTrait.GROWTH_RATE: 'growth_rate'>: 0.7}",{},0.0000,0.0000,"{'growth_rate': 0.5, 'leaf_size': 0.5, 'yield_potential': 0.5, 'disease_resistance': 0.5, 'heat_tolerance': 0.5, 'cold_tolerance': 0.5, 'bolting_tolerance': 0.5, 'chlorophyll_content': 0.5, 'root_development': 0.5, 'plant_architecture': 0.5, <GeneticTrait.GROWTH_RATE: 'growth_rate'>: 0.7}",{},{},320040.0000,75600.0000,128,2025-10-06T15:29:14.359430
65,3,16,2025-10-06 15:29:14.663611,Boston Bibb,butterhead,{},"{'cultivar_name': 'Boston Bibb', 'lettuce_type': 'butterhead', 'maturity_days': 60}","{'growth_rate': 0.5, 'leaf_size': 0.5, 'yield_potential': 0.5, 'disease_resistance': 0.5, 'heat_tolerance': 0.5, 'cold_tolerance': 0.5, 'bolting_tolerance': 0.5, 'chlorophyll_content': 0.5, 'root_development': 0.5, 'plant_architecture': 0.5, <GeneticTrait.GROWTH_RATE: 'growth_rate'>: 0.7}",{},0.0000,0.0000,"{'growth_rate': 0.5, 'leaf_size': 0.5, 'yield_potential': 0.5, 'disease_resistance': 0.5, 'heat_tolerance': 0.5, 'cold_tolerance': 0.5, 'bolting_tolerance': 0.5, 'chlorophyll_content': 0.5, 'root_development': 0.5, 'plant_architecture': 0.5, <GeneticTrait.GROWTH_RATE: 'growth_rate'>: 0.7}",{},{},325080.0000,80640.0000,130,2025-10-06T15:29:14.517136
66,3,17,2025-10-06 15:29:14.829065,Boston Bibb,butterhead,{},"{'cultivar_name': 'Boston Bibb', 'lettuce_type': 'butterhead', 'maturity_days': 60}","{'growth_rate': 0.5, 'leaf_size': 0.5, 'yield_potential': 0.5, 'disease_resistance': 0.5, 'heat_tolerance': 0.5, 'cold_tolerance': 0.5, 'bolting_tolerance': 0.5, 'chlorophyll_content': 0.5, 'root_development': 0.5, 'plant_architecture': 0.5, <GeneticTrait.GROWTH_RATE: 'growth_rate'>: 0.7}",{},0.0000,0.0000,"{'growth_rate': 0.5, 'leaf_size': 0.5, 'yield_potential': 0.5, 'disease_resistance': 0.5, 'heat_tolerance': 0.5, 'cold_tolerance': 0.5, 'bolting_tolerance': 0.5, 'chlorophyll_content': 0.5, 'root_development': 0.5, 'plant_architecture': 0.5, <GeneticTrait.GROWTH_RATE: 'growth_rate'>: 0.7}",{},{},330120.0000,85680.0000,132,2025-10-06T15:29:14.677807
67,3,18,2025-10-06 15:29:14.990077,Boston Bibb,butterhead,{},"{'cultivar_name': 'Boston Bibb', 'lettuce_type': 'butterhead', 'maturity_days': 60}","{'growth_rate': 0.5, 'leaf_size': 0.5, 'yield_potential': 0.5, 'disease_resistance': 0.5, 'heat_tolerance': 0.5, 'cold_tolerance': 0.5, 'bolting_tolerance': 0.5, 'chlorophyll_content': 0.5, 'root_development': 0.5, 'plant_architecture': 0.5, <GeneticTrait.GROWTH_RATE: 'growth_rate'>: 0.7}",{},0.0000,0.0000,"{'growth_rate': 0.5, 'leaf_size': 0.5, 'yield_potential': 0.5, 'disease_resistance': 0.5, 'heat_tolerance': 0.5, 'cold_tolerance': 0.5, 'bolting_tolerance': 0.5, 'chlorophyll_content': 0.5, 'root_development': 0.5, 'plant_architecture': 0.5, <GeneticTrait.GROWTH_RATE: 'growth_rate'>: 0.7}",{},{},335160.0000,90720.0000,134,2025-10-06T15:29:14.842195
68,3,19,2025-10-06 15:29:15.153580,Boston Bibb,butterhead,{},"{'cultivar_name': 'Boston Bibb', 'lettuce_type': 'butterhead', 'maturity_days': 60}","{'growth_rate': 0.5, 'leaf_size': 0.5, 'yield_potential': 0.5, 'disease_resistance': 0.5, 'heat_tolerance': 0.5, 'cold_tolerance': 0.5, 'bolting_tolerance': 0.5, 'chlorophyll_content': 0.5, 'root_development': 0.5, 'plant_architecture': 0.5, <GeneticTrait.GROWTH_RATE: 'growth_rate'>: 0.7}",{},0.0000,0.0000,"{'growth_rate': 0.5, 'leaf_size': 0.5, 'yield_potential': 0.5, 'disease_resistance': 0.5, 'heat_tolerance': 0.5, 'cold_tolerance': 0.5, 'bolting_tolerance': 0.5, 'chlorophyll_content': 0.5, 'root_development': 0.5, 'plant_architecture': 0.5, <GeneticTrait.GROWTH_RATE: 'growth_rate'>: 0.7}",{},{},340200.0000,95760.0000,136,2025-10-06T15:29:15.003956
69,3,20,2025-10-06 15:29:15.316906,Boston Bibb,butterhead,{},"{'cultivar_name': 'Boston Bibb', 'lettuce_type': 'butterhead', 'maturity_days': 60}","{'growth_rate': 0.5, 'leaf_size': 0.5, 'yield_potential': 0.5, 'disease_resistance': 0.5, 'heat_tolerance': 0.5, 'cold_tolerance': 0.5, 'bolting_tolerance': 0.5, 'chlorophyll_content': 0.5, 'root_development': 0.5, 'plant_architecture': 0.5, <GeneticTrait.GROWTH_RATE: 'growth_rate'>: 0.7}",{},0.0000,0.0000,"{'growth_rate': 0.5, 'leaf_size': 0.5, 'yield_potential': 0.5, 'disease_resistance': 0.5, 'heat_tolerance': 0.5, 'cold_tolerance': 0.5, 'bolting_tolerance': 0.5, 'chlorophyll_content': 0.5, 'root_development': 0.5, 'plant_architecture': 0.5, <GeneticTrait.GROWTH_RATE: 'growth_rate'>: 0.7}",{},{},345240.0000,100800.0000,138,2025-10-06T15:29:15.167722
70,3,21,2025-10-06 15:29:15.477177,Boston Bibb,butterhead,{},"{'cultivar_name': 'Boston Bibb', 'lettuce_type': 'butterhead', 'maturity_days': 60}","{'growth_rate': 0.5, 'leaf_size': 0.5, 'yield_potential': 0.5, 'disease_resistance': 0.5, 'heat_tolerance': 0.5, 'cold_tolerance': 0.5, 'bolting_tolerance': 0.5, 'chlorophyll_content': 0.5, 'root_development': 0.5, 'plant_architecture': 0.5, <GeneticTrait.GROWTH_RATE: 'growth_rate'>: 0.7}",{},0.0000,0.0000,"{'growth_rate': 0.5, 'leaf_size': 0.5, 'yield_potential': 0.5, 'disease_resistance': 0.5, 'heat_tolerance': 0.5, 'cold_tolerance': 0.5, 'bolting_tolerance': 0.5, 'chlorophyll_content': 0.5, 'root_development': 0.5, 'plant_architecture': 0.5, <GeneticTrait.GROWTH_RATE: 'growth_rate'>: 0.7}",{},{},350280.0000,105840.0000,140,2025-10-06T15:29:15.330060
71,3,22,2025-10-06 15:29:15.640974,Boston Bibb,butterhead,{},"{'cultivar_name': 'Boston Bibb', 'lettuce_type': 'butterhead', 'maturity_days': 60}","{'growth_rate': 0.5, 'leaf_size': 0.5, 'yield_potential': 0.5, 'disease_resistance': 0.5, 'heat_tolerance': 0.5, 'cold_tolerance': 0.5, 'bolting_tolerance': 0.5, 'chlorophyll_content': 0.5, 'root_development': 0.5, 'plant_architecture': 0.5, <GeneticTrait.GROWTH_RATE: 'growth_rate'>: 0.7}",{},0.0000,0.0000,"{'growth_rate': 0.5, 'leaf_size': 0.5, 'yield_potential': 0.5, 'disease_resistance': 0.5, 'heat_tolerance': 0.5, 'cold_tolerance': 0.5, 'bolting_tolerance': 0.5, 'chlorophyll_content': 0.5, 'root_development': 0.5, 'plant_architecture': 0.5, <GeneticTrait.GROWTH_RATE: 'growth_rate'>: 0.7}",{},{},355320.0000,110880.0000,142,2025-10-06T15:29:15.491407
72,3,23,2025-10-06 15:29:15.798071,Boston Bibb,butterhead,{},"{'cultivar_name': 'Boston Bibb', 'lettuce_type': 'butterhead', 'maturity_days': 60}","{'growth_rate': 0.5, 'leaf_size': 0.5, 'yield_potential': 0.5, 'disease_resistance': 0.5, 'heat_tolerance': 0.5, 'cold_tolerance': 0.5, 'bolting_tolerance': 0.5, 'chlorophyll_content': 0.5, 'root_development': 0.5, 'plant_architecture': 0.5, <GeneticTrait.GROWTH_RATE: 'growth_rate'>: 0.7}",{},0.0000,0.0000,"{'growth_rate': 0.5, 'leaf_size': 0.5, 'yield_potential': 0.5, 'disease_resistance': 0.5, 'heat_tolerance': 0.5, 'cold_tolerance': 0.5, 'bolting_tolerance': 0.5, 'chlorophyll_content': 0.5, 'root_development': 0.5, 'plant_architecture': 0.5, <GeneticTrait.GROWTH_RATE: 'growth_rate'>: 0.7}",{},{},360360.0000,115920.0000,144,2025-10-06T15:29:15.654922
73,4,0,2025-10-06 15:29:15.958947,Boston Bibb,butterhead,{},"{'cultivar_name': 'Boston Bibb', 'lettuce_type': 'butterhead', 'maturity_days': 60}","{'growth_rate': 0.5, 'leaf_size': 0.5, 'yield_potential': 0.5, 'disease_resistance': 0.5, 'heat_tolerance': 0.5, 'cold_tolerance': 0.5, 'bolting_tolerance': 0.5, 'chlorophyll_content': 0.5, 'root_development': 0.5, 'plant_architecture': 0.5, <GeneticTrait.GROWTH_RATE: 'growth_rate'>: 0.7}",{},0.0000,0.0000,"{'growth_rate': 0.5, 'leaf_size': 0.5, 'yield_potential': 0.5, 'disease_resistance': 0.5, 'heat_tolerance': 0.5, 'cold_tolerance': 0.5, 'bolting_tolerance': 0.5, 'chlorophyll_content': 0.5, 'root_development': 0.5, 'plant_architecture': 0.5, <GeneticTrait.GROWTH_RATE: 'growth_rate'>: 0.7}",{},{},365400.0000,0.0000,146,2025-10-06T15:29:15.810196
74,4,1,2025-10-06 15:29:16.122912,Boston Bibb,butterhead,{},"{'cultivar_name': 'Boston Bibb', 'lettuce_type': 'butterhead', 'maturity_days': 60}","{'growth_rate': 0.5, 'leaf_size': 0.5, 'yield_potential': 0.5, 'disease_resistance': 0.5, 'heat_tolerance': 0.5, 'cold_tolerance': 0.5, 'bolting_tolerance': 0.5, 'chlorophyll_content': 0.5, 'root_development': 0.5, 'plant_architecture': 0.5, <GeneticTrait.GROWTH_RATE: 'growth_rate'>: 0.7}",{},0.0000,0.0000,"{'growth_rate': 0.5, 'leaf_size': 0.5, 'yield_potential': 0.5, 'disease_resistance': 0.5, 'heat_tolerance': 0.5, 'cold_tolerance': 0.5, 'bolting_tolerance': 0.5, 'chlorophyll_content': 0.5, 'root_development': 0.5, 'plant_architecture': 0.5, <GeneticTrait.GROWTH_RATE: 'growth_rate'>: 0.7}",{},{},370440.0000,5040.0000,148,2025-10-06T15:29:15.973061
75,4,2,2025-10-06 15:29:16.279347,Boston Bibb,butterhead,{},"{'cultivar_name': 'Boston Bibb', 'lettuce_type': 'butterhead', 'maturity_days': 60}","{'growth_rate': 0.5, 'leaf_size': 0.5, 'yield_potential': 0.5, 'disease_resistance': 0.5, 'heat_tolerance': 0.5, 'cold_tolerance': 0.5, 'bolting_tolerance': 0.5, 'chlorophyll_content': 0.5, 'root_development': 0.5, 'plant_architecture': 0.5, <GeneticTrait.GROWTH_RATE: 'growth_rate'>: 0.7}",{},0.0000,0.0000,"{'growth_rate': 0.5, 'leaf_size': 0.5, 'yield_potential': 0.5, 'disease_resistance': 0.5, 'heat_tolerance': 0.5, 'cold_tolerance': 0.5, 'bolting_tolerance': 0.5, 'chlorophyll_content': 0.5, 'root_development': 0.5, 'plant_architecture': 0.5, <GeneticTrait.GROWTH_RATE: 'growth_rate'>: 0.7}",{},{},375480.0000,10080.0000,150,2025-10-06T15:29:16.136593
76,4,3,2025-10-06 15:29:16.439205,Boston Bibb,butterhead,{},"{'cultivar_name': 'Boston Bibb', 'lettuce_type': 'butterhead', 'maturity_days': 60}","{'growth_rate': 0.5, 'leaf_size': 0.5, 'yield_potential': 0.5, 'disease_resistance': 0.5, 'heat_tolerance': 0.5, 'cold_tolerance': 0.5, 'bolting_tolerance': 0.5, 'chlorophyll_content': 0.5, 'root_development': 0.5, 'plant_architecture': 0.5, <GeneticTrait.GROWTH_RATE: 'growth_rate'>: 0.7}",{},0.0000,0.0000,"{'growth_rate': 0.5, 'leaf_size': 0.5, 'yield_potential': 0.5, 'disease_resistance': 0.5, 'heat_tolerance': 0.5, 'cold_tolerance': 0.5, 'bolting_tolerance': 0.5, 'chlorophyll_content': 0.5, 'root_development': 0.5, 'plant_architecture': 0.5, <GeneticTrait.GROWTH_RATE: 'growth_rate'>: 0.7}",{},{},380520.0000,15120.0000,152,2025-10-06T15:29:16.293476
77,4,4,2025-10-06 15:29:16.596505,Boston Bibb,butterhead,{},"{'cultivar_name': 'Boston Bibb', 'lettuce_type': 'butterhead', 'maturity_days': 60}","{'growth_rate': 0.5, 'leaf_size': 0.5, 'yield_potential': 0.5, 'disease_resistance': 0.5, 'heat_tolerance': 0.5, 'cold_tolerance': 0.5, 'bolting_tolerance': 0.5, 'chlorophyll_content': 0.5, 'root_development': 0.5, 'plant_architecture': 0.5, <GeneticTrait.GROWTH_RATE: 'growth_rate'>: 0.7}",{},0.0000,0.0000,"{'growth_rate': 0.5, 'leaf_size': 0.5, 'yield_potential': 0.5, 'disease_resistance': 0.5, 'heat_tolerance': 0.5, 'cold_tolerance': 0.5, 'bolting_tolerance': 0.5, 'chlorophyll_content': 0.5, 'root_development': 0.5, 'plant_architecture': 0.5, <GeneticTrait.GROWTH_RATE: 'growth_rate'>: 0.7}",{},{},385560.0000,20160.0000,154,2025-10-06T15:29:16.453369
78,4,5,2025-10-06 15:29:16.759000,Boston Bibb,butterhead,{},"{'cultivar_name': 'Boston Bibb', 'lettuce_type': 'butterhead', 'maturity_days': 60}","{'growth_rate': 0.5, 'leaf_size': 0.5, 'yield_potential': 0.5, 'disease_resistance': 0.5, 'heat_tolerance': 0.5, 'cold_tolerance': 0.5, 'bolting_tolerance': 0.5, 'chlorophyll_content': 0.5, 'root_development': 0.5, 'plant_architecture': 0.5, <GeneticTrait.GROWTH_RATE: 'growth_rate'>: 0.7}",{},0.0000,0.0000,"{'growth_rate': 0.5, 'leaf_size': 0.5, 'yield_potential': 0.5, 'disease_resistance': 0.5, 'heat_tolerance': 0.5, 'cold_tolerance': 0.5, 'bolting_tolerance': 0.5, 'chlorophyll_content': 0.5, 'root_development': 0.5, 'plant_architecture': 0.5, <GeneticTrait.GROWTH_RATE: 'growth_rate'>: 0.7}",{},{},390600.0000,25200.0000,156,2025-10-06T15:29:16.610581
79,4,6,2025-10-06 15:29:16.918562,Boston Bibb,butterhead,{},"{'cultivar_name': 'Boston Bibb', 'lettuce_type': 'butterhead', 'maturity_days': 60}","{'growth_rate': 0.5, 'leaf_size': 0.5, 'yield_potential': 0.5, 'disease_resistance': 0.5, 'heat_tolerance': 0.5, 'cold_tolerance': 0.5, 'bolting_tolerance': 0.5, 'chlorophyll_content': 0.5, 'root_development': 0.5, 'plant_architecture': 0.5, <GeneticTrait.GROWTH_RATE: 'growth_rate'>: 0.7}",{},0.0000,0.0000,"{'growth_rate': 0.5, 'leaf_size': 0.5, 'yield_potential': 0.5, 'disease_resistance': 0.5, 'heat_tolerance': 0.5, 'cold_tolerance': 0.5, 'bolting_tolerance': 0.5, 'chlorophyll_content': 0.5, 'root_development': 0.5, 'plant_architecture': 0.5, <GeneticTrait.GROWTH_RATE: 'growth_rate'>: 0.7}",{},{},395640.0000,30240.0000,158,2025-10-06T15:29:16.773054
80,4,7,2025-10-06 15:29:17.074769,Boston Bibb,butterhead,{},"{'cultivar_name': 'Boston Bibb', 'lettuce_type': 'butterhead', 'maturity_days': 60}","{'growth_rate': 0.5, 'leaf_size': 0.5, 'yield_potential': 0.5, 'disease_resistance': 0.5, 'heat_tolerance': 0.5, 'cold_tolerance': 0.5, 'bolting_tolerance': 0.5, 'chlorophyll_content': 0.5, 'root_development': 0.5, 'plant_architecture': 0.5, <GeneticTrait.GROWTH_RATE: 'growth_rate'>: 0.7}",{},0.0000,0.0000,"{'growth_rate': 0.5, 'leaf_size': 0.5, 'yield_potential': 0.5, 'disease_resistance': 0.5, 'heat_tolerance': 0.5, 'cold_tolerance': 0.5, 'bolting_tolerance': 0.5, 'chlorophyll_content': 0.5, 'root_development': 0.5, 'plant_architecture': 0.5, <GeneticTrait.GROWTH_RATE: 'growth_rate'>: 0.7}",{},{},400680.0000,35280.0000,160,2025-10-06T15:29:16.932640
81,4,8,2025-10-06 15:29:17.237641,Boston Bibb,butterhead,{},"{'cultivar_name': 'Boston Bibb', 'lettuce_type': 'butterhead', 'maturity_days': 60}","{'growth_rate': 0.5, 'leaf_size': 0.5, 'yield_potential': 0.5, 'disease_resistance': 0.5, 'heat_tolerance': 0.5, 'cold_tolerance': 0.5, 'bolting_tolerance': 0.5, 'chlorophyll_content': 0.5, 'root_development': 0.5, 'plant_architecture': 0.5, <GeneticTrait.GROWTH_RATE: 'growth_rate'>: 0.7}",{},0.0000,0.0000,"{'growth_rate': 0.5, 'leaf_size': 0.5, 'yield_potential': 0.5, 'disease_resistance': 0.5, 'heat_tolerance': 0.5, 'cold_tolerance': 0.5, 'bolting_tolerance': 0.5, 'chlorophyll_content': 0.5, 'root_development': 0.5, 'plant_architecture': 0.5, <GeneticTrait.GROWTH_RATE: 'growth_rate'>: 0.7}",{},{},405720.0000,40320.0000,162,2025-10-06T15:29:17.088929
82,4,9,2025-10-06 15:29:17.396763,Boston Bibb,butterhead,{},"{'cultivar_name': 'Boston Bibb', 'lettuce_type': 'butterhead', 'maturity_days': 60}","{'growth_rate': 0.5, 'leaf_size': 0.5, 'yield_potential': 0.5, 'disease_resistance': 0.5, 'heat_tolerance': 0.5, 'cold_tolerance': 0.5, 'bolting_tolerance': 0.5, 'chlorophyll_content': 0.5, 'root_development': 0.5, 'plant_architecture': 0.5, <GeneticTrait.GROWTH_RATE: 'growth_rate'>: 0.7}",{},0.0000,0.0000,"{'growth_rate': 0.5, 'leaf_size': 0.5, 'yield_potential': 0.5, 'disease_resistance': 0.5, 'heat_tolerance': 0.5, 'cold_tolerance': 0.5, 'bolting_tolerance': 0.5, 'chlorophyll_content': 0.5, 'root_development': 0.5, 'plant_architecture': 0.5, <GeneticTrait.GROWTH_RATE: 'growth_rate'>: 0.7}",{},{},410760.0000,45360.0000,164,2025-10-06T15:29:17.250624
83,4,10,2025-10-06 15:29:17.549123,Boston Bibb,butterhead,{},"{'cultivar_name': 'Boston Bibb', 'lettuce_type': 'butterhead', 'maturity_days': 60}","{'growth_rate': 0.5, 'leaf_size': 0.5, 'yield_potential': 0.5, 'disease_resistance': 0.5, 'heat_tolerance': 0.5, 'cold_tolerance': 0.5, 'bolting_tolerance': 0.5, 'chlorophyll_content': 0.5, 'root_development': 0.5, 'plant_architecture': 0.5, <GeneticTrait.GROWTH_RATE: 'growth_rate'>: 0.7}",{},0.0000,0.0000,"{'growth_rate': 0.5, 'leaf_size': 0.5, 'yield_potential': 0.5, 'disease_resistance': 0.5, 'heat_tolerance': 0.5, 'cold_tolerance': 0.5, 'bolting_tolerance': 0.5, 'chlorophyll_content': 0.5, 'root_development': 0.5, 'plant_architecture': 0.5, <GeneticTrait.GROWTH_RATE: 'growth_rate'>: 0.7}",{},{},415800.0000,50400.0000,166,2025-10-06T15:29:17.408935
84,4,11,2025-10-06 15:29:17.709356,Boston Bibb,butterhead,{},"{'cultivar_name': 'Boston Bibb', 'lettuce_type': 'butterhead', 'maturity_days': 60}","{'growth_rate': 0.5, 'leaf_size': 0.5, 'yield_potential': 0.5, 'disease_resistance': 0.5, 'heat_tolerance': 0.5, 'cold_tolerance': 0.5, 'bolting_tolerance': 0.5, 'chlorophyll_content': 0.5, 'root_development': 0.5, 'plant_architecture': 0.5, <GeneticTrait.GROWTH_RATE: 'growth_rate'>: 0.7}",{},0.0000,0.0000,"{'growth_rate': 0.5, 'leaf_size': 0.5, 'yield_potential': 0.5, 'disease_resistance': 0.5, 'heat_tolerance': 0.5, 'cold_tolerance': 0.5, 'bolting_tolerance': 0.5, 'chlorophyll_content': 0.5, 'root_development': 0.5, 'plant_architecture': 0.5, <GeneticTrait.GROWTH_RATE: 'growth_rate'>: 0.7}",{},{},420840.0000,55440.0000,168,2025-10-06T15:29:17.563289
85,4,12,2025-10-06 15:29:17.869653,Boston Bibb,butterhead,{},"{'cultivar_name': 'Boston Bibb', 'lettuce_type': 'butterhead', 'maturity_days': 60}","{'growth_rate': 0.5, 'leaf_size': 0.5, 'yield_potential': 0.5, 'disease_resistance': 0.5, 'heat_tolerance': 0.5, 'cold_tolerance': 0.5, 'bolting_tolerance': 0.5, 'chlorophyll_content': 0.5, 'root_development': 0.5, 'plant_architecture': 0.5, <GeneticTrait.GROWTH_RATE: 'growth_rate'>: 0.7}",{},0.0000,0.0000,"{'growth_rate': 0.5, 'leaf_size': 0.5, 'yield_potential': 0.5, 'disease_resistance': 0.5, 'heat_tolerance': 0.5, 'cold_tolerance': 0.5, 'bolting_tolerance': 0.5, 'chlorophyll_content': 0.5, 'root_development': 0.5, 'plant_architecture': 0.5, <GeneticTrait.GROWTH_RATE: 'growth_rate'>: 0.7}",{},{},425880.0000,60480.0000,170,2025-10-06T15:29:17.723412
86,4,13,2025-10-06 15:29:18.033866,Boston Bibb,butterhead,{},"{'cultivar_name': 'Boston Bibb', 'lettuce_type': 'butterhead', 'maturity_days': 60}","{'growth_rate': 0.5, 'leaf_size': 0.5, 'yield_potential': 0.5, 'disease_resistance': 0.5, 'heat_tolerance': 0.5, 'cold_tolerance': 0.5, 'bolting_tolerance': 0.5, 'chlorophyll_content': 0.5, 'root_development': 0.5, 'plant_architecture': 0.5, <GeneticTrait.GROWTH_RATE: 'growth_rate'>: 0.7}",{},0.0000,0.0000,"{'growth_rate': 0.5, 'leaf_size': 0.5, 'yield_potential': 0.5, 'disease_resistance': 0.5, 'heat_tolerance': 0.5, 'cold_tolerance': 0.5, 'bolting_tolerance': 0.5, 'chlorophyll_content': 0.5, 'root_development': 0.5, 'plant_architecture': 0.5, <GeneticTrait.GROWTH_RATE: 'growth_rate'>: 0.7}",{},{},430920.0000,65520.0000,172,2025-10-06T15:29:17.882260
87,4,14,2025-10-06 15:29:18.195130,Boston Bibb,butterhead,{},"{'cultivar_name': 'Boston Bibb', 'lettuce_type': 'butterhead', 'maturity_days': 60}","{'growth_rate': 0.5, 'leaf_size': 0.5, 'yield_potential': 0.5, 'disease_resistance': 0.5, 'heat_tolerance': 0.5, 'cold_tolerance': 0.5, 'bolting_tolerance': 0.5, 'chlorophyll_content': 0.5, 'root_development': 0.5, 'plant_architecture': 0.5, <GeneticTrait.GROWTH_RATE: 'growth_rate'>: 0.7}",{},0.0000,0.0000,"{'growth_rate': 0.5, 'leaf_size': 0.5, 'yield_potential': 0.5, 'disease_resistance': 0.5, 'heat_tolerance': 0.5, 'cold_tolerance': 0.5, 'bolting_tolerance': 0.5, 'chlorophyll_content': 0.5, 'root_development': 0.5, 'plant_architecture': 0.5, <GeneticTrait.GROWTH_RATE: 'growth_rate'>: 0.7}",{},{},435960.0000,70560.0000,174,2025-10-06T15:29:18.047820
88,4,15,2025-10-06 15:29:18.356294,Boston Bibb,butterhead,{},"{'cultivar_name': 'Boston Bibb', 'lettuce_type': 'butterhead', 'maturity_days': 60}","{'growth_rate': 0.5, 'leaf_size': 0.5, 'yield_potential': 0.5, 'disease_resistance': 0.5, 'heat_tolerance': 0.5, 'cold_tolerance': 0.5, 'bolting_tolerance': 0.5, 'chlorophyll_content': 0.5, 'root_development': 0.5, 'plant_architecture': 0.5, <GeneticTrait.GROWTH_RATE: 'growth_rate'>: 0.7}",{},0.0000,0.0000,"{'growth_rate': 0.5, 'leaf_size': 0.5, 'yield_potential': 0.5, 'disease_resistance': 0.5, 'heat_tolerance': 0.5, 'cold_tolerance': 0.5, 'bolting_tolerance': 0.5, 'chlorophyll_content': 0.5, 'root_development': 0.5, 'plant_architecture': 0.5, <GeneticTrait.GROWTH_RATE: 'growth_rate'>: 0.7}",{},{},441000.0000,75600.0000,176,2025-10-06T15:29:18.209206
89,4,16,2025-10-06 15:29:18.515173,Boston Bibb,butterhead,{},"{'cultivar_name': 'Boston Bibb', 'lettuce_type': 'butterhead', 'maturity_days': 60}","{'growth_rate': 0.5, 'leaf_size': 0.5, 'yield_potential': 0.5, 'disease_resistance': 0.5, 'heat_tolerance': 0.5, 'cold_tolerance': 0.5, 'bolting_tolerance': 0.5, 'chlorophyll_content': 0.5, 'root_development': 0.5, 'plant_architecture': 0.5, <GeneticTrait.GROWTH_RATE: 'growth_rate'>: 0.7}",{},0.0000,0.0000,"{'growth_rate': 0.5, 'leaf_size': 0.5, 'yield_potential': 0.5, 'disease_resistance': 0.5, 'heat_tolerance': 0.5, 'cold_tolerance': 0.5, 'bolting_tolerance': 0.5, 'chlorophyll_content': 0.5, 'root_development': 0.5, 'plant_architecture': 0.5, <GeneticTrait.GROWTH_RATE: 'growth_rate'>: 0.7}",{},{},446040.0000,80640.0000,178,2025-10-06T15:29:18.370259
90,4,17,2025-10-06 15:29:18.676063,Boston Bibb,butterhead,{},"{'cultivar_name': 'Boston Bibb', 'lettuce_type': 'butterhead', 'maturity_days': 60}","{'growth_rate': 0.5, 'leaf_size': 0.5, 'yield_potential': 0.5, 'disease_resistance': 0.5, 'heat_tolerance': 0.5, 'cold_tolerance': 0.5, 'bolting_tolerance': 0.5, 'chlorophyll_content': 0.5, 'root_development': 0.5, 'plant_architecture': 0.5, <GeneticTrait.GROWTH_RATE: 'growth_rate'>: 0.7}",{},0.0000,0.0000,"{'growth_rate': 0.5, 'leaf_size': 0.5, 'yield_potential': 0.5, 'disease_resistance': 0.5, 'heat_tolerance': 0.5, 'cold_tolerance': 0.5, 'bolting_tolerance': 0.5, 'chlorophyll_content': 0.5, 'root_development': 0.5, 'plant_architecture': 0.5, <GeneticTrait.GROWTH_RATE: 'growth_rate'>: 0.7}",{},{},451080.0000,85680.0000,180,2025-10-06T15:29:18.529124
91,4,18,2025-10-06 15:29:18.839446,Boston Bibb,butterhead,{},"{'cultivar_name': 'Boston Bibb', 'lettuce_type': 'butterhead', 'maturity_days': 60}","{'growth_rate': 0.5, 'leaf_size': 0.5, 'yield_potential': 0.5, 'disease_resistance': 0.5, 'heat_tolerance': 0.5, 'cold_tolerance': 0.5, 'bolting_tolerance': 0.5, 'chlorophyll_content': 0.5, 'root_development': 0.5, 'plant_architecture': 0.5, <GeneticTrait.GROWTH_RATE: 'growth_rate'>: 0.7}",{},0.0000,0.0000,"{'growth_rate': 0.5, 'leaf_size': 0.5, 'yield_potential': 0.5, 'disease_resistance': 0.5, 'heat_tolerance': 0.5, 'cold_tolerance': 0.5, 'bolting_tolerance': 0.5, 'chlorophyll_content': 0.5, 'root_development': 0.5, 'plant_architecture': 0.5, <GeneticTrait.GROWTH_RATE: 'growth_rate'>: 0.7}",{},{},456120.0000,90720.0000,182,2025-10-06T15:29:18.689287
92,4,19,2025-10-06 15:29:19.000165,Boston Bibb,butterhead,{},"{'cultivar_name': 'Boston Bibb', 'lettuce_type': 'butterhead', 'maturity_days': 60}","{'growth_rate': 0.5, 'leaf_size': 0.5, 'yield_potential': 0.5, 'disease_resistance': 0.5, 'heat_tolerance': 0.5, 'cold_tolerance': 0.5, 'bolting_tolerance': 0.5, 'chlorophyll_content': 0.5, 'root_development': 0.5, 'plant_architecture': 0.5, <GeneticTrait.GROWTH_RATE: 'growth_rate'>: 0.7}",{},0.0000,0.0000,"{'growth_rate': 0.5, 'leaf_size': 0.5, 'yield_potential': 0.5, 'disease_resistance': 0.5, 'heat_tolerance': 0.5, 'cold_tolerance': 0.5, 'bolting_tolerance': 0.5, 'chlorophyll_content': 0.5, 'root_development': 0.5, 'plant_architecture': 0.5, <GeneticTrait.GROWTH_RATE: 'growth_rate'>: 0.7}",{},{},461160.0000,95760.0000,184,2025-10-06T15:29:18.853530
93,4,20,2025-10-06 15:29:19.157200,Boston Bibb,butterhead,{},"{'cultivar_name': 'Boston Bibb', 'lettuce_type': 'butterhead', 'maturity_days': 60}","{'growth_rate': 0.5, 'leaf_size': 0.5, 'yield_potential': 0.5, 'disease_resistance': 0.5, 'heat_tolerance': 0.5, 'cold_tolerance': 0.5, 'bolting_tolerance': 0.5, 'chlorophyll_content': 0.5, 'root_development': 0.5, 'plant_architecture': 0.5, <GeneticTrait.GROWTH_RATE: 'growth_rate'>: 0.7}",{},0.0000,0.0000,"{'growth_rate': 0.5, 'leaf_size': 0.5, 'yield_potential': 0.5, 'disease_resistance': 0.5, 'heat_tolerance': 0.5, 'cold_tolerance': 0.5, 'bolting_tolerance': 0.5, 'chlorophyll_content': 0.5, 'root_development': 0.5, 'plant_architecture': 0.5, <GeneticTrait.GROWTH_RATE: 'growth_rate'>: 0.7}",{},{},466200.0000,100800.0000,186,2025-10-06T15:29:19.013337
94,4,21,2025-10-06 15:29:19.317571,Boston Bibb,butterhead,{},"{'cultivar_name': 'Boston Bibb', 'lettuce_type': 'butterhead', 'maturity_days': 60}","{'growth_rate': 0.5, 'leaf_size': 0.5, 'yield_potential': 0.5, 'disease_resistance': 0.5, 'heat_tolerance': 0.5, 'cold_tolerance': 0.5, 'bolting_tolerance': 0.5, 'chlorophyll_content': 0.5, 'root_development': 0.5, 'plant_architecture': 0.5, <GeneticTrait.GROWTH_RATE: 'growth_rate'>: 0.7}",{},0.0000,0.0000,"{'growth_rate': 0.5, 'leaf_size': 0.5, 'yield_potential': 0.5, 'disease_resistance': 0.5, 'heat_tolerance': 0.5, 'cold_tolerance': 0.5, 'bolting_tolerance': 0.5, 'chlorophyll_content': 0.5, 'root_development': 0.5, 'plant_architecture': 0.5, <GeneticTrait.GROWTH_RATE: 'growth_rate'>: 0.7}",{},{},471240.0000,105840.0000,188,2025-10-06T15:29:19.170528
95,4,22,2025-10-06 15:29:19.479946,Boston Bibb,butterhead,{},"{'cultivar_name': 'Boston Bibb', 'lettuce_type': 'butterhead', 'maturity_days': 60}","{'growth_rate': 0.5, 'leaf_size': 0.5, 'yield_potential': 0.5, 'disease_resistance': 0.5, 'heat_tolerance': 0.5, 'cold_tolerance': 0.5, 'bolting_tolerance': 0.5, 'chlorophyll_content': 0.5, 'root_development': 0.5, 'plant_architecture': 0.5, <GeneticTrait.GROWTH_RATE: 'growth_rate'>: 0.7}",{},0.0000,0.0000,"{'growth_rate': 0.5, 'leaf_size': 0.5, 'yield_potential': 0.5, 'disease_resistance': 0.5, 'heat_tolerance': 0.5, 'cold_tolerance': 0.5, 'bolting_tolerance': 0.5, 'chlorophyll_content': 0.5, 'root_development': 0.5, 'plant_architecture': 0.5, <GeneticTrait.GROWTH_RATE: 'growth_rate'>: 0.7}",{},{},476280.0000,110880.0000,190,2025-10-06T15:29:19.331760
96,4,23,2025-10-06 15:29:19.634595,Boston Bibb,butterhead,{},"{'cultivar_name': 'Boston Bibb', 'lettuce_type': 'butterhead', 'maturity_days': 60}","{'growth_rate': 0.5, 'leaf_size': 0.5, 'yield_potential': 0.5, 'disease_resistance': 0.5, 'heat_tolerance': 0.5, 'cold_tolerance': 0.5, 'bolting_tolerance': 0.5, 'chlorophyll_content': 0.5, 'root_development': 0.5, 'plant_architecture': 0.5, <GeneticTrait.GROWTH_RATE: 'growth_rate'>: 0.7}",{},0.0000,0.0000,"{'growth_rate': 0.5, 'leaf_size': 0.5, 'yield_potential': 0.5, 'disease_resistance': 0.5, 'heat_tolerance': 0.5, 'cold_tolerance': 0.5, 'bolting_tolerance': 0.5, 'chlorophyll_content': 0.5, 'root_development': 0.5, 'plant_architecture': 0.5, <GeneticTrait.GROWTH_RATE: 'growth_rate'>: 0.7}",{},{},481320.0000,115920.0000,192,2025-10-06T15:29:19.494116
97,5,0,2025-10-06 15:29:19.796420,Boston Bibb,butterhead,{},"{'cultivar_name': 'Boston Bibb', 'lettuce_type': 'butterhead', 'maturity_days': 60}","{'growth_rate': 0.5, 'leaf_size': 0.5, 'yield_potential': 0.5, 'disease_resistance': 0.5, 'heat_tolerance': 0.5, 'cold_tolerance': 0.5, 'bolting_tolerance': 0.5, 'chlorophyll_content': 0.5, 'root_development': 0.5, 'plant_architecture': 0.5, <GeneticTrait.GROWTH_RATE: 'growth_rate'>: 0.7}",{},0.0000,0.0000,"{'growth_rate': 0.5, 'leaf_size': 0.5, 'yield_potential': 0.5, 'disease_resistance': 0.5, 'heat_tolerance': 0.5, 'cold_tolerance': 0.5, 'bolting_tolerance': 0.5, 'chlorophyll_content': 0.5, 'root_development': 0.5, 'plant_architecture': 0.5, <GeneticTrait.GROWTH_RATE: 'growth_rate'>: 0.7}",{},{},486360.0000,0.0000,194,2025-10-06T15:29:19.648140
98,5,1,2025-10-06 15:29:19.959726,Boston Bibb,butterhead,{},"{'cultivar_name': 'Boston Bibb', 'lettuce_type': 'butterhead', 'maturity_days': 60}","{'growth_rate': 0.5, 'leaf_size': 0.5, 'yield_potential': 0.5, 'disease_resistance': 0.5, 'heat_tolerance': 0.5, 'cold_tolerance': 0.5, 'bolting_tolerance': 0.5, 'chlorophyll_content': 0.5, 'root_development': 0.5, 'plant_architecture': 0.5, <GeneticTrait.GROWTH_RATE: 'growth_rate'>: 0.7}",{},0.0000,0.0000,"{'growth_rate': 0.5, 'leaf_size': 0.5, 'yield_potential': 0.5, 'disease_resistance': 0.5, 'heat_tolerance': 0.5, 'cold_tolerance': 0.5, 'bolting_tolerance': 0.5, 'chlorophyll_content': 0.5, 'root_development': 0.5, 'plant_architecture': 0.5, <GeneticTrait.GROWTH_RATE: 'growth_rate'>: 0.7}",{},{},491400.0000,5040.0000,196,2025-10-06T15:29:19.810086
99,5,2,2025-10-06 15:29:20.119263,Boston Bibb,butterhead,{},"{'cultivar_name': 'Boston Bibb', 'lettuce_type': 'butterhead', 'maturity_days': 60}","{'growth_rate': 0.5, 'leaf_size': 0.5, 'yield_potential': 0.5, 'disease_resistance': 0.5, 'heat_tolerance': 0.5, 'cold_tolerance': 0.5, 'bolting_tolerance': 0.5, 'chlorophyll_content': 0.5, 'root_development': 0.5, 'plant_architecture': 0.5, <GeneticTrait.GROWTH_RATE: 'growth_rate'>: 0.7}",{},0.0000,0.0000,"{'growth_rate': 0.5, 'leaf_size': 0.5, 'yield_potential': 0.5, 'disease_resistance': 0.5, 'heat_tolerance': 0.5, 'cold_tolerance': 0.5, 'bolting_tolerance': 0.5, 'chlorophyll_content': 0.5, 'root_development': 0.5, 'plant_architecture': 0.5, <GeneticTrait.GROWTH_RATE: 'growth_rate'>: 0.7}",{},{},496440.0000,10080.0000,198,2025-10-06T15:29:19.971439
100,5,3,2025-10-06 15:29:20.279723,Boston Bibb,butterhead,{},"{'cultivar_name': 'Boston Bibb', 'lettuce_type': 'butterhead', 'maturity_days': 60}","{'growth_rate': 0.5, 'leaf_size': 0.5, 'yield_potential': 0.5, 'disease_resistance': 0.5, 'heat_tolerance': 0.5, 'cold_tolerance': 0.5, 'bolting_tolerance': 0.5, 'chlorophyll_content': 0.5, 'root_development': 0.5, 'plant_architecture': 0.5, <GeneticTrait.GROWTH_RATE: 'growth_rate'>: 0.7}",{},0.0000,0.0000,"{'growth_rate': 0.5, 'leaf_size': 0.5, 'yield_potential': 0.5, 'disease_resistance': 0.5, 'heat_tolerance': 0.5, 'cold_tolerance': 0.5, 'bolting_tolerance': 0.5, 'chlorophyll_content': 0.5, 'root_development': 0.5, 'plant_architecture': 0.5, <GeneticTrait.GROWTH_RATE: 'growth_rate'>: 0.7}",{},{},501480.0000,15120.0000,200,2025-10-06T15:29:20.133464
101,5,4,2025-10-06 15:29:20.433682,Boston Bibb,butterhead,{},"{'cultivar_name': 'Boston Bibb', 'lettuce_type': 'butterhead', 'maturity_days': 60}","{'growth_rate': 0.5, 'leaf_size': 0.5, 'yield_potential': 0.5, 'disease_resistance': 0.5, 'heat_tolerance': 0.5, 'cold_tolerance': 0.5, 'bolting_tolerance': 0.5, 'chlorophyll_content': 0.5, 'root_development': 0.5, 'plant_architecture': 0.5, <GeneticTrait.GROWTH_RATE: 'growth_rate'>: 0.7}",{},0.0000,0.0000,"{'growth_rate': 0.5, 'leaf_size': 0.5, 'yield_potential': 0.5, 'disease_resistance': 0.5, 'heat_tolerance': 0.5, 'cold_tolerance': 0.5, 'bolting_tolerance': 0.5, 'chlorophyll_content': 0.5, 'root_development': 0.5, 'plant_architecture': 0.5, <GeneticTrait.GROWTH_RATE: 'growth_rate'>: 0.7}",{},{},506520.0000,20160.0000,202,2025-10-06T15:29:20.291834
102,5,5,2025-10-06 15:29:20.593005,Boston Bibb,butterhead,{},"{'cultivar_name': 'Boston Bibb', 'lettuce_type': 'butterhead', 'maturity_days': 60}","{'growth_rate': 0.5, 'leaf_size': 0.5, 'yield_potential': 0.5, 'disease_resistance': 0.5, 'heat_tolerance': 0.5, 'cold_tolerance': 0.5, 'bolting_tolerance': 0.5, 'chlorophyll_content': 0.5, 'root_development': 0.5, 'plant_architecture': 0.5, <GeneticTrait.GROWTH_RATE: 'growth_rate'>: 0.7}",{},0.0000,0.0000,"{'growth_rate': 0.5, 'leaf_size': 0.5, 'yield_potential': 0.5, 'disease_resistance': 0.5, 'heat_tolerance': 0.5, 'cold_tolerance': 0.5, 'bolting_tolerance': 0.5, 'chlorophyll_content': 0.5, 'root_development': 0.5, 'plant_architecture': 0.5, <GeneticTrait.GROWTH_RATE: 'growth_rate'>: 0.7}",{},{},511560.0000,25200.0000,204,2025-10-06T15:29:20.445945
103,5,6,2025-10-06 15:29:20.750047,Boston Bibb,butterhead,{},"{'cultivar_name': 'Boston Bibb', 'lettuce_type': 'butterhead', 'maturity_days': 60}","{'growth_rate': 0.5, 'leaf_size': 0.5, 'yield_potential': 0.5, 'disease_resistance': 0.5, 'heat_tolerance': 0.5, 'cold_tolerance': 0.5, 'bolting_tolerance': 0.5, 'chlorophyll_content': 0.5, 'root_development': 0.5, 'plant_architecture': 0.5, <GeneticTrait.GROWTH_RATE: 'growth_rate'>: 0.7}",{},0.0000,0.0000,"{'growth_rate': 0.5, 'leaf_size': 0.5, 'yield_potential': 0.5, 'disease_resistance': 0.5, 'heat_tolerance': 0.5, 'cold_tolerance': 0.5, 'bolting_tolerance': 0.5, 'chlorophyll_content': 0.5, 'root_development': 0.5, 'plant_architecture': 0.5, <GeneticTrait.GROWTH_RATE: 'growth_rate'>: 0.7}",{},{},516600.0000,30240.0000,206,2025-10-06T15:29:20.605377
104,5,7,2025-10-06 15:29:20.910522,Boston Bibb,butterhead,{},"{'cultivar_name': 'Boston Bibb', 'lettuce_type': 'butterhead', 'maturity_days': 60}","{'growth_rate': 0.5, 'leaf_size': 0.5, 'yield_potential': 0.5, 'disease_resistance': 0.5, 'heat_tolerance': 0.5, 'cold_tolerance': 0.5, 'bolting_tolerance': 0.5, 'chlorophyll_content': 0.5, 'root_development': 0.5, 'plant_architecture': 0.5, <GeneticTrait.GROWTH_RATE: 'growth_rate'>: 0.7}",{},0.0000,0.0000,"{'growth_rate': 0.5, 'leaf_size': 0.5, 'yield_potential': 0.5, 'disease_resistance': 0.5, 'heat_tolerance': 0.5, 'cold_tolerance': 0.5, 'bolting_tolerance': 0.5, 'chlorophyll_content': 0.5, 'root_development': 0.5, 'plant_architecture': 0.5, <GeneticTrait.GROWTH_RATE: 'growth_rate'>: 0.7}",{},{},521640.0000,35280.0000,208,2025-10-06T15:29:20.763822
105,5,8,2025-10-06 15:29:21.070602,Boston Bibb,butterhead,{},"{'cultivar_name': 'Boston Bibb', 'lettuce_type': 'butterhead', 'maturity_days': 60}","{'growth_rate': 0.5, 'leaf_size': 0.5, 'yield_potential': 0.5, 'disease_resistance': 0.5, 'heat_tolerance': 0.5, 'cold_tolerance': 0.5, 'bolting_tolerance': 0.5, 'chlorophyll_content': 0.5, 'root_development': 0.5, 'plant_architecture': 0.5, <GeneticTrait.GROWTH_RATE: 'growth_rate'>: 0.7}",{},0.0000,0.0000,"{'growth_rate': 0.5, 'leaf_size': 0.5, 'yield_potential': 0.5, 'disease_resistance': 0.5, 'heat_tolerance': 0.5, 'cold_tolerance': 0.5, 'bolting_tolerance': 0.5, 'chlorophyll_content': 0.5, 'root_development': 0.5, 'plant_architecture': 0.5, <GeneticTrait.GROWTH_RATE: 'growth_rate'>: 0.7}",{},{},526680.0000,40320.0000,210,2025-10-06T15:29:20.924664
106,5,9,2025-10-06 15:29:21.232573,Boston Bibb,butterhead,{},"{'cultivar_name': 'Boston Bibb', 'lettuce_type': 'butterhead', 'maturity_days': 60}","{'growth_rate': 0.5, 'leaf_size': 0.5, 'yield_potential': 0.5, 'disease_resistance': 0.5, 'heat_tolerance': 0.5, 'cold_tolerance': 0.5, 'bolting_tolerance': 0.5, 'chlorophyll_content': 0.5, 'root_development': 0.5, 'plant_architecture': 0.5, <GeneticTrait.GROWTH_RATE: 'growth_rate'>: 0.7}",{},0.0000,0.0000,"{'growth_rate': 0.5, 'leaf_size': 0.5, 'yield_potential': 0.5, 'disease_resistance': 0.5, 'heat_tolerance': 0.5, 'cold_tolerance': 0.5, 'bolting_tolerance': 0.5, 'chlorophyll_content': 0.5, 'root_development': 0.5, 'plant_architecture': 0.5, <GeneticTrait.GROWTH_RATE: 'growth_rate'>: 0.7}",{},{},531720.0000,45360.0000,212,2025-10-06T15:29:21.084265
107,5,10,2025-10-06 15:29:21.392139,Boston Bibb,butterhead,{},"{'cultivar_name': 'Boston Bibb', 'lettuce_type': 'butterhead', 'maturity_days': 60}","{'growth_rate': 0.5, 'leaf_size': 0.5, 'yield_potential': 0.5, 'disease_resistance': 0.5, 'heat_tolerance': 0.5, 'cold_tolerance': 0.5, 'bolting_tolerance': 0.5, 'chlorophyll_content': 0.5, 'root_development': 0.5, 'plant_architecture': 0.5, <GeneticTrait.GROWTH_RATE: 'growth_rate'>: 0.7}",{},0.0000,0.0000,"{'growth_rate': 0.5, 'leaf_size': 0.5, 'yield_potential': 0.5, 'disease_resistance': 0.5, 'heat_tolerance': 0.5, 'cold_tolerance': 0.5, 'bolting_tolerance': 0.5, 'chlorophyll_content': 0.5, 'root_development': 0.5, 'plant_architecture': 0.5, <GeneticTrait.GROWTH_RATE: 'growth_rate'>: 0.7}",{},{},536760.0000,50400.0000,214,2025-10-06T15:29:21.246494
108,5,11,2025-10-06 15:29:21.548565,Boston Bibb,butterhead,{},"{'cultivar_name': 'Boston Bibb', 'lettuce_type': 'butterhead', 'maturity_days': 60}","{'growth_rate': 0.5, 'leaf_size': 0.5, 'yield_potential': 0.5, 'disease_resistance': 0.5, 'heat_tolerance': 0.5, 'cold_tolerance': 0.5, 'bolting_tolerance': 0.5, 'chlorophyll_content': 0.5, 'root_development': 0.5, 'plant_architecture': 0.5, <GeneticTrait.GROWTH_RATE: 'growth_rate'>: 0.7}",{},0.0000,0.0000,"{'growth_rate': 0.5, 'leaf_size': 0.5, 'yield_potential': 0.5, 'disease_resistance': 0.5, 'heat_tolerance': 0.5, 'cold_tolerance': 0.5, 'bolting_tolerance': 0.5, 'chlorophyll_content': 0.5, 'root_development': 0.5, 'plant_architecture': 0.5, <GeneticTrait.GROWTH_RATE: 'growth_rate'>: 0.7}",{},{},541800.0000,55440.0000,216,2025-10-06T15:29:21.404753
109,5,12,2025-10-06 15:29:21.709990,Boston Bibb,butterhead,{},"{'cultivar_name': 'Boston Bibb', 'lettuce_type': 'butterhead', 'maturity_days': 60}","{'growth_rate': 0.5, 'leaf_size': 0.5, 'yield_potential': 0.5, 'disease_resistance': 0.5, 'heat_tolerance': 0.5, 'cold_tolerance': 0.5, 'bolting_tolerance': 0.5, 'chlorophyll_content': 0.5, 'root_development': 0.5, 'plant_architecture': 0.5, <GeneticTrait.GROWTH_RATE: 'growth_rate'>: 0.7}",{},0.0000,0.0000,"{'growth_rate': 0.5, 'leaf_size': 0.5, 'yield_potential': 0.5, 'disease_resistance': 0.5, 'heat_tolerance': 0.5, 'cold_tolerance': 0.5, 'bolting_tolerance': 0.5, 'chlorophyll_content': 0.5, 'root_development': 0.5, 'plant_architecture': 0.5, <GeneticTrait.GROWTH_RATE: 'growth_rate'>: 0.7}",{},{},546840.0000,60480.0000,218,2025-10-06T15:29:21.562703
110,5,13,2025-10-06 15:29:21.871346,Boston Bibb,butterhead,{},"{'cultivar_name': 'Boston Bibb', 'lettuce_type': 'butterhead', 'maturity_days': 60}","{'growth_rate': 0.5, 'leaf_size': 0.5, 'yield_potential': 0.5, 'disease_resistance': 0.5, 'heat_tolerance': 0.5, 'cold_tolerance': 0.5, 'bolting_tolerance': 0.5, 'chlorophyll_content': 0.5, 'root_development': 0.5, 'plant_architecture': 0.5, <GeneticTrait.GROWTH_RATE: 'growth_rate'>: 0.7}",{},0.0000,0.0000,"{'growth_rate': 0.5, 'leaf_size': 0.5, 'yield_potential': 0.5, 'disease_resistance': 0.5, 'heat_tolerance': 0.5, 'cold_tolerance': 0.5, 'bolting_tolerance': 0.5, 'chlorophyll_content': 0.5, 'root_development': 0.5, 'plant_architecture': 0.5, <GeneticTrait.GROWTH_RATE: 'growth_rate'>: 0.7}",{},{},551880.0000,65520.0000,220,2025-10-06T15:29:21.723945
111,5,14,2025-10-06 15:29:22.034930,Boston Bibb,butterhead,{},"{'cultivar_name': 'Boston Bibb', 'lettuce_type': 'butterhead', 'maturity_days': 60}","{'growth_rate': 0.5, 'leaf_size': 0.5, 'yield_potential': 0.5, 'disease_resistance': 0.5, 'heat_tolerance': 0.5, 'cold_tolerance': 0.5, 'bolting_tolerance': 0.5, 'chlorophyll_content': 0.5, 'root_development': 0.5, 'plant_architecture': 0.5, <GeneticTrait.GROWTH_RATE: 'growth_rate'>: 0.7}",{},0.0000,0.0000,"{'growth_rate': 0.5, 'leaf_size': 0.5, 'yield_potential': 0.5, 'disease_resistance': 0.5, 'heat_tolerance': 0.5, 'cold_tolerance': 0.5, 'bolting_tolerance': 0.5, 'chlorophyll_content': 0.5, 'root_development': 0.5, 'plant_architecture': 0.5, <GeneticTrait.GROWTH_RATE: 'growth_rate'>: 0.7}",{},{},556920.0000,70560.0000,222,2025-10-06T15:29:21.884898
112,5,15,2025-10-06 15:29:22.196277,Boston Bibb,butterhead,{},"{'cultivar_name': 'Boston Bibb', 'lettuce_type': 'butterhead', 'maturity_days': 60}","{'growth_rate': 0.5, 'leaf_size': 0.5, 'yield_potential': 0.5, 'disease_resistance': 0.5, 'heat_tolerance': 0.5, 'cold_tolerance': 0.5, 'bolting_tolerance': 0.5, 'chlorophyll_content': 0.5, 'root_development': 0.5, 'plant_architecture': 0.5, <GeneticTrait.GROWTH_RATE: 'growth_rate'>: 0.7}",{},0.0000,0.0000,"{'growth_rate': 0.5, 'leaf_size': 0.5, 'yield_potential': 0.5, 'disease_resistance': 0.5, 'heat_tolerance': 0.5, 'cold_tolerance': 0.5, 'bolting_tolerance': 0.5, 'chlorophyll_content': 0.5, 'root_development': 0.5, 'plant_architecture': 0.5, <GeneticTrait.GROWTH_RATE: 'growth_rate'>: 0.7}",{},{},561960.0000,75600.0000,224,2025-10-06T15:29:22.049138
113,5,16,2025-10-06 15:29:22.355015,Boston Bibb,butterhead,{},"{'cultivar_name': 'Boston Bibb', 'lettuce_type': 'butterhead', 'maturity_days': 60}","{'growth_rate': 0.5, 'leaf_size': 0.5, 'yield_potential': 0.5, 'disease_resistance': 0.5, 'heat_tolerance': 0.5, 'cold_tolerance': 0.5, 'bolting_tolerance': 0.5, 'chlorophyll_content': 0.5, 'root_development': 0.5, 'plant_architecture': 0.5, <GeneticTrait.GROWTH_RATE: 'growth_rate'>: 0.7}",{},0.0000,0.0000,"{'growth_rate': 0.5, 'leaf_size': 0.5, 'yield_potential': 0.5, 'disease_resistance': 0.5, 'heat_tolerance': 0.5, 'cold_tolerance': 0.5, 'bolting_tolerance': 0.5, 'chlorophyll_content': 0.5, 'root_development': 0.5, 'plant_architecture': 0.5, <GeneticTrait.GROWTH_RATE: 'growth_rate'>: 0.7}",{},{},567000.0000,80640.0000,226,2025-10-06T15:29:22.210707
114,5,17,2025-10-06 15:29:22.521280,Boston Bibb,butterhead,{},"{'cultivar_name': 'Boston Bibb', 'lettuce_type': 'butterhead', 'maturity_days': 60}","{'growth_rate': 0.5, 'leaf_size': 0.5, 'yield_potential': 0.5, 'disease_resistance': 0.5, 'heat_tolerance': 0.5, 'cold_tolerance': 0.5, 'bolting_tolerance': 0.5, 'chlorophyll_content': 0.5, 'root_development': 0.5, 'plant_architecture': 0.5, <GeneticTrait.GROWTH_RATE: 'growth_rate'>: 0.7}",{},0.0000,0.0000,"{'growth_rate': 0.5, 'leaf_size': 0.5, 'yield_potential': 0.5, 'disease_resistance': 0.5, 'heat_tolerance': 0.5, 'cold_tolerance': 0.5, 'bolting_tolerance': 0.5, 'chlorophyll_content': 0.5, 'root_development': 0.5, 'plant_architecture': 0.5, <GeneticTrait.GROWTH_RATE: 'growth_rate'>: 0.7}",{},{},572040.0000,85680.0000,228,2025-10-06T15:29:22.369013
115,5,18,2025-10-06 15:29:22.680834,Boston Bibb,butterhead,{},"{'cultivar_name': 'Boston Bibb', 'lettuce_type': 'butterhead', 'maturity_days': 60}","{'growth_rate': 0.5, 'leaf_size': 0.5, 'yield_potential': 0.5, 'disease_resistance': 0.5, 'heat_tolerance': 0.5, 'cold_tolerance': 0.5, 'bolting_tolerance': 0.5, 'chlorophyll_content': 0.5, 'root_development': 0.5, 'plant_architecture': 0.5, <GeneticTrait.GROWTH_RATE: 'growth_rate'>: 0.7}",{},0.0000,0.0000,"{'growth_rate': 0.5, 'leaf_size': 0.5, 'yield_potential': 0.5, 'disease_resistance': 0.5, 'heat_tolerance': 0.5, 'cold_tolerance': 0.5, 'bolting_tolerance': 0.5, 'chlorophyll_content': 0.5, 'root_development': 0.5, 'plant_architecture': 0.5, <GeneticTrait.GROWTH_RATE: 'growth_rate'>: 0.7}",{},{},577080.0000,90720.0000,230,2025-10-06T15:29:22.535276
116,5,19,2025-10-06 15:29:22.837917,Boston Bibb,butterhead,{},"{'cultivar_name': 'Boston Bibb', 'lettuce_type': 'butterhead', 'maturity_days': 60}","{'growth_rate': 0.5, 'leaf_size': 0.5, 'yield_potential': 0.5, 'disease_resistance': 0.5, 'heat_tolerance': 0.5, 'cold_tolerance': 0.5, 'bolting_tolerance': 0.5, 'chlorophyll_content': 0.5, 'root_development': 0.5, 'plant_architecture': 0.5, <GeneticTrait.GROWTH_RATE: 'growth_rate'>: 0.7}",{},0.0000,0.0000,"{'growth_rate': 0.5, 'leaf_size': 0.5, 'yield_potential': 0.5, 'disease_resistance': 0.5, 'heat_tolerance': 0.5, 'cold_tolerance': 0.5, 'bolting_tolerance': 0.5, 'chlorophyll_content': 0.5, 'root_development': 0.5, 'plant_architecture': 0.5, <GeneticTrait.GROWTH_RATE: 'growth_rate'>: 0.7}",{},{},582120.0000,95760.0000,232,2025-10-06T15:29:22.694597
117,5,20,2025-10-06 15:29:22.998288,Boston Bibb,butterhead,{},"{'cultivar_name': 'Boston Bibb', 'lettuce_type': 'butterhead', 'maturity_days': 60}","{'growth_rate': 0.5, 'leaf_size': 0.5, 'yield_potential': 0.5, 'disease_resistance': 0.5, 'heat_tolerance': 0.5, 'cold_tolerance': 0.5, 'bolting_tolerance': 0.5, 'chlorophyll_content': 0.5, 'root_development': 0.5, 'plant_architecture': 0.5, <GeneticTrait.GROWTH_RATE: 'growth_rate'>: 0.7}",{},0.0000,0.0000,"{'growth_rate': 0.5, 'leaf_size': 0.5, 'yield_potential': 0.5, 'disease_resistance': 0.5, 'heat_tolerance': 0.5, 'cold_tolerance': 0.5, 'bolting_tolerance': 0.5, 'chlorophyll_content': 0.5, 'root_development': 0.5, 'plant_architecture': 0.5, <GeneticTrait.GROWTH_RATE: 'growth_rate'>: 0.7}",{},{},587160.0000,100800.0000,234,2025-10-06T15:29:22.850507
118,5,21,2025-10-06 15:29:23.161996,Boston Bibb,butterhead,{},"{'cultivar_name': 'Boston Bibb', 'lettuce_type': 'butterhead', 'maturity_days': 60}","{'growth_rate': 0.5, 'leaf_size': 0.5, 'yield_potential': 0.5, 'disease_resistance': 0.5, 'heat_tolerance': 0.5, 'cold_tolerance': 0.5, 'bolting_tolerance': 0.5, 'chlorophyll_content': 0.5, 'root_development': 0.5, 'plant_architecture': 0.5, <GeneticTrait.GROWTH_RATE: 'growth_rate'>: 0.7}",{},0.0000,0.0000,"{'growth_rate': 0.5, 'leaf_size': 0.5, 'yield_potential': 0.5, 'disease_resistance': 0.5, 'heat_tolerance': 0.5, 'cold_tolerance': 0.5, 'bolting_tolerance': 0.5, 'chlorophyll_content': 0.5, 'root_development': 0.5, 'plant_architecture': 0.5, <GeneticTrait.GROWTH_RATE: 'growth_rate'>: 0.7}",{},{},592200.0000,105840.0000,236,2025-10-06T15:29:23.012403
119,5,22,2025-10-06 15:29:23.314891,Boston Bibb,butterhead,{},"{'cultivar_name': 'Boston Bibb', 'lettuce_type': 'butterhead', 'maturity_days': 60}","{'growth_rate': 0.5, 'leaf_size': 0.5, 'yield_potential': 0.5, 'disease_resistance': 0.5, 'heat_tolerance': 0.5, 'cold_tolerance': 0.5, 'bolting_tolerance': 0.5, 'chlorophyll_content': 0.5, 'root_development': 0.5, 'plant_architecture': 0.5, <GeneticTrait.GROWTH_RATE: 'growth_rate'>: 0.7}",{},0.0000,0.0000,"{'growth_rate': 0.5, 'leaf_size': 0.5, 'yield_potential': 0.5, 'disease_resistance': 0.5, 'heat_tolerance': 0.5, 'cold_tolerance': 0.5, 'bolting_tolerance': 0.5, 'chlorophyll_content': 0.5, 'root_development': 0.5, 'plant_architecture': 0.5, <GeneticTrait.GROWTH_RATE: 'growth_rate'>: 0.7}",{},{},597240.0000,110880.0000,238,2025-10-06T15:29:23.175186
120,5,23,2025-10-06 15:29:23.475507,Boston Bibb,butterhead,{},"{'cultivar_name': 'Boston Bibb', 'lettuce_type': 'butterhead', 'maturity_days': 60}","{'growth_rate': 0.5, 'leaf_size': 0.5, 'yield_potential': 0.5, 'disease_resistance': 0.5, 'heat_tolerance': 0.5, 'cold_tolerance': 0.5, 'bolting_tolerance': 0.5, 'chlorophyll_content': 0.5, 'root_development': 0.5, 'plant_architecture': 0.5, <GeneticTrait.GROWTH_RATE: 'growth_rate'>: 0.7}",{},0.0000,0.0000,"{'growth_rate': 0.5, 'leaf_size': 0.5, 'yield_potential': 0.5, 'disease_resistance': 0.5, 'heat_tolerance': 0.5, 'cold_tolerance': 0.5, 'bolting_tolerance': 0.5, 'chlorophyll_content': 0.5, 'root_development': 0.5, 'plant_architecture': 0.5, <GeneticTrait.GROWTH_RATE: 'growth_rate'>: 0.7}",{},{},602280.0000,115920.0000,240,2025-10-06T15:29:23.328846
121,6,0,2025-10-06 15:29:23.631765,Boston Bibb,butterhead,{},"{'cultivar_name': 'Boston Bibb', 'lettuce_type': 'butterhead', 'maturity_days': 60}","{'growth_rate': 0.5, 'leaf_size': 0.5, 'yield_potential': 0.5, 'disease_resistance': 0.5, 'heat_tolerance': 0.5, 'cold_tolerance': 0.5, 'bolting_tolerance': 0.5, 'chlorophyll_content': 0.5, 'root_development': 0.5, 'plant_architecture': 0.5, <GeneticTrait.GROWTH_RATE: 'growth_rate'>: 0.7}",{},0.0000,0.0000,"{'growth_rate': 0.5, 'leaf_size': 0.5, 'yield_potential': 0.5, 'disease_resistance': 0.5, 'heat_tolerance': 0.5, 'cold_tolerance': 0.5, 'bolting_tolerance': 0.5, 'chlorophyll_content': 0.5, 'root_development': 0.5, 'plant_architecture': 0.5, <GeneticTrait.GROWTH_RATE: 'growth_rate'>: 0.7}",{},{},607320.0000,0.0000,242,2025-10-06T15:29:23.487425
122,6,1,2025-10-06 15:29:23.791312,Boston Bibb,butterhead,{},"{'cultivar_name': 'Boston Bibb', 'lettuce_type': 'butterhead', 'maturity_days': 60}","{'growth_rate': 0.5, 'leaf_size': 0.5, 'yield_potential': 0.5, 'disease_resistance': 0.5, 'heat_tolerance': 0.5, 'cold_tolerance': 0.5, 'bolting_tolerance': 0.5, 'chlorophyll_content': 0.5, 'root_development': 0.5, 'plant_architecture': 0.5, <GeneticTrait.GROWTH_RATE: 'growth_rate'>: 0.7}",{},0.0000,0.0000,"{'growth_rate': 0.5, 'leaf_size': 0.5, 'yield_potential': 0.5, 'disease_resistance': 0.5, 'heat_tolerance': 0.5, 'cold_tolerance': 0.5, 'bolting_tolerance': 0.5, 'chlorophyll_content': 0.5, 'root_development': 0.5, 'plant_architecture': 0.5, <GeneticTrait.GROWTH_RATE: 'growth_rate'>: 0.7}",{},{},612360.0000,5040.0000,244,2025-10-06T15:29:23.644799
123,6,2,2025-10-06 15:29:23.949284,Boston Bibb,butterhead,{},"{'cultivar_name': 'Boston Bibb', 'lettuce_type': 'butterhead', 'maturity_days': 60}","{'growth_rate': 0.5, 'leaf_size': 0.5, 'yield_potential': 0.5, 'disease_resistance': 0.5, 'heat_tolerance': 0.5, 'cold_tolerance': 0.5, 'bolting_tolerance': 0.5, 'chlorophyll_content': 0.5, 'root_development': 0.5, 'plant_architecture': 0.5, <GeneticTrait.GROWTH_RATE: 'growth_rate'>: 0.7}",{},0.0000,0.0000,"{'growth_rate': 0.5, 'leaf_size': 0.5, 'yield_potential': 0.5, 'disease_resistance': 0.5, 'heat_tolerance': 0.5, 'cold_tolerance': 0.5, 'bolting_tolerance': 0.5, 'chlorophyll_content': 0.5, 'root_development': 0.5, 'plant_architecture': 0.5, <GeneticTrait.GROWTH_RATE: 'growth_rate'>: 0.7}",{},{},617400.0000,10080.0000,246,2025-10-06T15:29:23.803058
124,6,3,2025-10-06 15:29:24.108224,Boston Bibb,butterhead,{},"{'cultivar_name': 'Boston Bibb', 'lettuce_type': 'butterhead', 'maturity_days': 60}","{'growth_rate': 0.5, 'leaf_size': 0.5, 'yield_potential': 0.5, 'disease_resistance': 0.5, 'heat_tolerance': 0.5, 'cold_tolerance': 0.5, 'bolting_tolerance': 0.5, 'chlorophyll_content': 0.5, 'root_development': 0.5, 'plant_architecture': 0.5, <GeneticTrait.GROWTH_RATE: 'growth_rate'>: 0.7}",{},0.0000,0.0000,"{'growth_rate': 0.5, 'leaf_size': 0.5, 'yield_potential': 0.5, 'disease_resistance': 0.5, 'heat_tolerance': 0.5, 'cold_tolerance': 0.5, 'bolting_tolerance': 0.5, 'chlorophyll_content': 0.5, 'root_development': 0.5, 'plant_architecture': 0.5, <GeneticTrait.GROWTH_RATE: 'growth_rate'>: 0.7}",{},{},622440.0000,15120.0000,248,2025-10-06T15:29:23.963349
125,6,4,2025-10-06 15:29:24.269787,Boston Bibb,butterhead,{},"{'cultivar_name': 'Boston Bibb', 'lettuce_type': 'butterhead', 'maturity_days': 60}","{'growth_rate': 0.5, 'leaf_size': 0.5, 'yield_potential': 0.5, 'disease_resistance': 0.5, 'heat_tolerance': 0.5, 'cold_tolerance': 0.5, 'bolting_tolerance': 0.5, 'chlorophyll_content': 0.5, 'root_development': 0.5, 'plant_architecture': 0.5, <GeneticTrait.GROWTH_RATE: 'growth_rate'>: 0.7}",{},0.0000,0.0000,"{'growth_rate': 0.5, 'leaf_size': 0.5, 'yield_potential': 0.5, 'disease_resistance': 0.5, 'heat_tolerance': 0.5, 'cold_tolerance': 0.5, 'bolting_tolerance': 0.5, 'chlorophyll_content': 0.5, 'root_development': 0.5, 'plant_architecture': 0.5, <GeneticTrait.GROWTH_RATE: 'growth_rate'>: 0.7}",{},{},627480.0000,20160.0000,250,2025-10-06T15:29:24.122348
126,6,5,2025-10-06 15:29:24.428821,Boston Bibb,butterhead,{},"{'cultivar_name': 'Boston Bibb', 'lettuce_type': 'butterhead', 'maturity_days': 60}","{'growth_rate': 0.5, 'leaf_size': 0.5, 'yield_potential': 0.5, 'disease_resistance': 0.5, 'heat_tolerance': 0.5, 'cold_tolerance': 0.5, 'bolting_tolerance': 0.5, 'chlorophyll_content': 0.5, 'root_development': 0.5, 'plant_architecture': 0.5, <GeneticTrait.GROWTH_RATE: 'growth_rate'>: 0.7}",{},0.0000,0.0000,"{'growth_rate': 0.5, 'leaf_size': 0.5, 'yield_potential': 0.5, 'disease_resistance': 0.5, 'heat_tolerance': 0.5, 'cold_tolerance': 0.5, 'bolting_tolerance': 0.5, 'chlorophyll_content': 0.5, 'root_development': 0.5, 'plant_architecture': 0.5, <GeneticTrait.GROWTH_RATE: 'growth_rate'>: 0.7}",{},{},632520.0000,25200.0000,252,2025-10-06T15:29:24.283808
127,6,6,2025-10-06 15:29:24.585632,Boston Bibb,butterhead,{},"{'cultivar_name': 'Boston Bibb', 'lettuce_type': 'butterhead', 'maturity_days': 60}","{'growth_rate': 0.5, 'leaf_size': 0.5, 'yield_potential': 0.5, 'disease_resistance': 0.5, 'heat_tolerance': 0.5, 'cold_tolerance': 0.5, 'bolting_tolerance': 0.5, 'chlorophyll_content': 0.5, 'root_development': 0.5, 'plant_architecture': 0.5, <GeneticTrait.GROWTH_RATE: 'growth_rate'>: 0.7}",{},0.0000,0.0000,"{'growth_rate': 0.5, 'leaf_size': 0.5, 'yield_potential': 0.5, 'disease_resistance': 0.5, 'heat_tolerance': 0.5, 'cold_tolerance': 0.5, 'bolting_tolerance': 0.5, 'chlorophyll_content': 0.5, 'root_development': 0.5, 'plant_architecture': 0.5, <GeneticTrait.GROWTH_RATE: 'growth_rate'>: 0.7}",{},{},637560.0000,30240.0000,254,2025-10-06T15:29:24.442824
128,6,7,2025-10-06 15:29:24.745479,Boston Bibb,butterhead,{},"{'cultivar_name': 'Boston Bibb', 'lettuce_type': 'butterhead', 'maturity_days': 60}","{'growth_rate': 0.5, 'leaf_size': 0.5, 'yield_potential': 0.5, 'disease_resistance': 0.5, 'heat_tolerance': 0.5, 'cold_tolerance': 0.5, 'bolting_tolerance': 0.5, 'chlorophyll_content': 0.5, 'root_development': 0.5, 'plant_architecture': 0.5, <GeneticTrait.GROWTH_RATE: 'growth_rate'>: 0.7}",{},0.0000,0.0000,"{'growth_rate': 0.5, 'leaf_size': 0.5, 'yield_potential': 0.5, 'disease_resistance': 0.5, 'heat_tolerance': 0.5, 'cold_tolerance': 0.5, 'bolting_tolerance': 0.5, 'chlorophyll_content': 0.5, 'root_development': 0.5, 'plant_architecture': 0.5, <GeneticTrait.GROWTH_RATE: 'growth_rate'>: 0.7}",{},{},642600.0000,35280.0000,256,2025-10-06T15:29:24.599729
129,6,8,2025-10-06 15:29:24.899845,Boston Bibb,butterhead,{},"{'cultivar_name': 'Boston Bibb', 'lettuce_type': 'butterhead', 'maturity_days': 60}","{'growth_rate': 0.5, 'leaf_size': 0.5, 'yield_potential': 0.5, 'disease_resistance': 0.5, 'heat_tolerance': 0.5, 'cold_tolerance': 0.5, 'bolting_tolerance': 0.5, 'chlorophyll_content': 0.5, 'root_development': 0.5, 'plant_architecture': 0.5, <GeneticTrait.GROWTH_RATE: 'growth_rate'>: 0.7}",{},0.0000,0.0000,"{'growth_rate': 0.5, 'leaf_size': 0.5, 'yield_potential': 0.5, 'disease_resistance': 0.5, 'heat_tolerance': 0.5, 'cold_tolerance': 0.5, 'bolting_tolerance': 0.5, 'chlorophyll_content': 0.5, 'root_development': 0.5, 'plant_architecture': 0.5, <GeneticTrait.GROWTH_RATE: 'growth_rate'>: 0.7}",{},{},647640.0000,40320.0000,258,2025-10-06T15:29:24.759099
130,6,9,2025-10-06 15:29:25.061940,Boston Bibb,butterhead,{},"{'cultivar_name': 'Boston Bibb', 'lettuce_type': 'butterhead', 'maturity_days': 60}","{'growth_rate': 0.5, 'leaf_size': 0.5, 'yield_potential': 0.5, 'disease_resistance': 0.5, 'heat_tolerance': 0.5, 'cold_tolerance': 0.5, 'bolting_tolerance': 0.5, 'chlorophyll_content': 0.5, 'root_development': 0.5, 'plant_architecture': 0.5, <GeneticTrait.GROWTH_RATE: 'growth_rate'>: 0.7}",{},0.0000,0.0000,"{'growth_rate': 0.5, 'leaf_size': 0.5, 'yield_potential': 0.5, 'disease_resistance': 0.5, 'heat_tolerance': 0.5, 'cold_tolerance': 0.5, 'bolting_tolerance': 0.5, 'chlorophyll_content': 0.5, 'root_development': 0.5, 'plant_architecture': 0.5, <GeneticTrait.GROWTH_RATE: 'growth_rate'>: 0.7}",{},{},652680.0000,45360.0000,260,2025-10-06T15:29:24.914027
131,6,10,2025-10-06 15:29:25.222541,Boston Bibb,butterhead,{},"{'cultivar_name': 'Boston Bibb', 'lettuce_type': 'butterhead', 'maturity_days': 60}","{'growth_rate': 0.5, 'leaf_size': 0.5, 'yield_potential': 0.5, 'disease_resistance': 0.5, 'heat_tolerance': 0.5, 'cold_tolerance': 0.5, 'bolting_tolerance': 0.5, 'chlorophyll_content': 0.5, 'root_development': 0.5, 'plant_architecture': 0.5, <GeneticTrait.GROWTH_RATE: 'growth_rate'>: 0.7}",{},0.0000,0.0000,"{'growth_rate': 0.5, 'leaf_size': 0.5, 'yield_potential': 0.5, 'disease_resistance': 0.5, 'heat_tolerance': 0.5, 'cold_tolerance': 0.5, 'bolting_tolerance': 0.5, 'chlorophyll_content': 0.5, 'root_development': 0.5, 'plant_architecture': 0.5, <GeneticTrait.GROWTH_RATE: 'growth_rate'>: 0.7}",{},{},657720.0000,50400.0000,262,2025-10-06T15:29:25.075517
132,6,11,2025-10-06 15:29:25.386811,Boston Bibb,butterhead,{},"{'cultivar_name': 'Boston Bibb', 'lettuce_type': 'butterhead', 'maturity_days': 60}","{'growth_rate': 0.5, 'leaf_size': 0.5, 'yield_potential': 0.5, 'disease_resistance': 0.5, 'heat_tolerance': 0.5, 'cold_tolerance': 0.5, 'bolting_tolerance': 0.5, 'chlorophyll_content': 0.5, 'root_development': 0.5, 'plant_architecture': 0.5, <GeneticTrait.GROWTH_RATE: 'growth_rate'>: 0.7}",{},0.0000,0.0000,"{'growth_rate': 0.5, 'leaf_size': 0.5, 'yield_potential': 0.5, 'disease_resistance': 0.5, 'heat_tolerance': 0.5, 'cold_tolerance': 0.5, 'bolting_tolerance': 0.5, 'chlorophyll_content': 0.5, 'root_development': 0.5, 'plant_architecture': 0.5, <GeneticTrait.GROWTH_RATE: 'growth_rate'>: 0.7}",{},{},662760.0000,55440.0000,264,2025-10-06T15:29:25.236578
133,6,12,2025-10-06 15:29:25.549342,Boston Bibb,butterhead,{},"{'cultivar_name': 'Boston Bibb', 'lettuce_type': 'butterhead', 'maturity_days': 60}","{'growth_rate': 0.5, 'leaf_size': 0.5, 'yield_potential': 0.5, 'disease_resistance': 0.5, 'heat_tolerance': 0.5, 'cold_tolerance': 0.5, 'bolting_tolerance': 0.5, 'chlorophyll_content': 0.5, 'root_development': 0.5, 'plant_architecture': 0.5, <GeneticTrait.GROWTH_RATE: 'growth_rate'>: 0.7}",{},0.0000,0.0000,"{'growth_rate': 0.5, 'leaf_size': 0.5, 'yield_potential': 0.5, 'disease_resistance': 0.5, 'heat_tolerance': 0.5, 'cold_tolerance': 0.5, 'bolting_tolerance': 0.5, 'chlorophyll_content': 0.5, 'root_development': 0.5, 'plant_architecture': 0.5, <GeneticTrait.GROWTH_RATE: 'growth_rate'>: 0.7}",{},{},667800.0000,60480.0000,266,2025-10-06T15:29:25.400510
134,6,13,2025-10-06 15:29:25.707241,Boston Bibb,butterhead,{},"{'cultivar_name': 'Boston Bibb', 'lettuce_type': 'butterhead', 'maturity_days': 60}","{'growth_rate': 0.5, 'leaf_size': 0.5, 'yield_potential': 0.5, 'disease_resistance': 0.5, 'heat_tolerance': 0.5, 'cold_tolerance': 0.5, 'bolting_tolerance': 0.5, 'chlorophyll_content': 0.5, 'root_development': 0.5, 'plant_architecture': 0.5, <GeneticTrait.GROWTH_RATE: 'growth_rate'>: 0.7}",{},0.0000,0.0000,"{'growth_rate': 0.5, 'leaf_size': 0.5, 'yield_potential': 0.5, 'disease_resistance': 0.5, 'heat_tolerance': 0.5, 'cold_tolerance': 0.5, 'bolting_tolerance': 0.5, 'chlorophyll_content': 0.5, 'root_development': 0.5, 'plant_architecture': 0.5, <GeneticTrait.GROWTH_RATE: 'growth_rate'>: 0.7}",{},{},672840.0000,65520.0000,268,2025-10-06T15:29:25.563088
135,6,14,2025-10-06 15:29:25.867317,Boston Bibb,butterhead,{},"{'cultivar_name': 'Boston Bibb', 'lettuce_type': 'butterhead', 'maturity_days': 60}","{'growth_rate': 0.5, 'leaf_size': 0.5, 'yield_potential': 0.5, 'disease_resistance': 0.5, 'heat_tolerance': 0.5, 'cold_tolerance': 0.5, 'bolting_tolerance': 0.5, 'chlorophyll_content': 0.5, 'root_development': 0.5, 'plant_architecture': 0.5, <GeneticTrait.GROWTH_RATE: 'growth_rate'>: 0.7}",{},0.0000,0.0000,"{'growth_rate': 0.5, 'leaf_size': 0.5, 'yield_potential': 0.5, 'disease_resistance': 0.5, 'heat_tolerance': 0.5, 'cold_tolerance': 0.5, 'bolting_tolerance': 0.5, 'chlorophyll_content': 0.5, 'root_development': 0.5, 'plant_architecture': 0.5, <GeneticTrait.GROWTH_RATE: 'growth_rate'>: 0.7}",{},{},677880.0000,70560.0000,270,2025-10-06T15:29:25.720107
136,6,15,2025-10-06 15:29:26.026395,Boston Bibb,butterhead,{},"{'cultivar_name': 'Boston Bibb', 'lettuce_type': 'butterhead', 'maturity_days': 60}","{'growth_rate': 0.5, 'leaf_size': 0.5, 'yield_potential': 0.5, 'disease_resistance': 0.5, 'heat_tolerance': 0.5, 'cold_tolerance': 0.5, 'bolting_tolerance': 0.5, 'chlorophyll_content': 0.5, 'root_development': 0.5, 'plant_architecture': 0.5, <GeneticTrait.GROWTH_RATE: 'growth_rate'>: 0.7}",{},0.0000,0.0000,"{'growth_rate': 0.5, 'leaf_size': 0.5, 'yield_potential': 0.5, 'disease_resistance': 0.5, 'heat_tolerance': 0.5, 'cold_tolerance': 0.5, 'bolting_tolerance': 0.5, 'chlorophyll_content': 0.5, 'root_development': 0.5, 'plant_architecture': 0.5, <GeneticTrait.GROWTH_RATE: 'growth_rate'>: 0.7}",{},{},682920.0000,75600.0000,272,2025-10-06T15:29:25.881237
137,6,16,2025-10-06 15:29:26.183752,Boston Bibb,butterhead,{},"{'cultivar_name': 'Boston Bibb', 'lettuce_type': 'butterhead', 'maturity_days': 60}","{'growth_rate': 0.5, 'leaf_size': 0.5, 'yield_potential': 0.5, 'disease_resistance': 0.5, 'heat_tolerance': 0.5, 'cold_tolerance': 0.5, 'bolting_tolerance': 0.5, 'chlorophyll_content': 0.5, 'root_development': 0.5, 'plant_architecture': 0.5, <GeneticTrait.GROWTH_RATE: 'growth_rate'>: 0.7}",{},0.0000,0.0000,"{'growth_rate': 0.5, 'leaf_size': 0.5, 'yield_potential': 0.5, 'disease_resistance': 0.5, 'heat_tolerance': 0.5, 'cold_tolerance': 0.5, 'bolting_tolerance': 0.5, 'chlorophyll_content': 0.5, 'root_development': 0.5, 'plant_architecture': 0.5, <GeneticTrait.GROWTH_RATE: 'growth_rate'>: 0.7}",{},{},687960.0000,80640.0000,274,2025-10-06T15:29:26.040575
138,6,17,2025-10-06 15:29:26.344978,Boston Bibb,butterhead,{},"{'cultivar_name': 'Boston Bibb', 'lettuce_type': 'butterhead', 'maturity_days': 60}","{'growth_rate': 0.5, 'leaf_size': 0.5, 'yield_potential': 0.5, 'disease_resistance': 0.5, 'heat_tolerance': 0.5, 'cold_tolerance': 0.5, 'bolting_tolerance': 0.5, 'chlorophyll_content': 0.5, 'root_development': 0.5, 'plant_architecture': 0.5, <GeneticTrait.GROWTH_RATE: 'growth_rate'>: 0.7}",{},0.0000,0.0000,"{'growth_rate': 0.5, 'leaf_size': 0.5, 'yield_potential': 0.5, 'disease_resistance': 0.5, 'heat_tolerance': 0.5, 'cold_tolerance': 0.5, 'bolting_tolerance': 0.5, 'chlorophyll_content': 0.5, 'root_development': 0.5, 'plant_architecture': 0.5, <GeneticTrait.GROWTH_RATE: 'growth_rate'>: 0.7}",{},{},693000.0000,85680.0000,276,2025-10-06T15:29:26.197943
139,6,18,2025-10-06 15:29:26.506283,Boston Bibb,butterhead,{},"{'cultivar_name': 'Boston Bibb', 'lettuce_type': 'butterhead', 'maturity_days': 60}","{'growth_rate': 0.5, 'leaf_size': 0.5, 'yield_potential': 0.5, 'disease_resistance': 0.5, 'heat_tolerance': 0.5, 'cold_tolerance': 0.5, 'bolting_tolerance': 0.5, 'chlorophyll_content': 0.5, 'root_development': 0.5, 'plant_architecture': 0.5, <GeneticTrait.GROWTH_RATE: 'growth_rate'>: 0.7}",{},0.0000,0.0000,"{'growth_rate': 0.5, 'leaf_size': 0.5, 'yield_potential': 0.5, 'disease_resistance': 0.5, 'heat_tolerance': 0.5, 'cold_tolerance': 0.5, 'bolting_tolerance': 0.5, 'chlorophyll_content': 0.5, 'root_development': 0.5, 'plant_architecture': 0.5, <GeneticTrait.GROWTH_RATE: 'growth_rate'>: 0.7}",{},{},698040.0000,90720.0000,278,2025-10-06T15:29:26.358993
140,6,19,2025-10-06 15:29:26.664559,Boston Bibb,butterhead,{},"{'cultivar_name': 'Boston Bibb', 'lettuce_type': 'butterhead', 'maturity_days': 60}","{'growth_rate': 0.5, 'leaf_size': 0.5, 'yield_potential': 0.5, 'disease_resistance': 0.5, 'heat_tolerance': 0.5, 'cold_tolerance': 0.5, 'bolting_tolerance': 0.5, 'chlorophyll_content': 0.5, 'root_development': 0.5, 'plant_architecture': 0.5, <GeneticTrait.GROWTH_RATE: 'growth_rate'>: 0.7}",{},0.0000,0.0000,"{'growth_rate': 0.5, 'leaf_size': 0.5, 'yield_potential': 0.5, 'disease_resistance': 0.5, 'heat_tolerance': 0.5, 'cold_tolerance': 0.5, 'bolting_tolerance': 0.5, 'chlorophyll_content': 0.5, 'root_development': 0.5, 'plant_architecture': 0.5, <GeneticTrait.GROWTH_RATE: 'growth_rate'>: 0.7}",{},{},703080.0000,95760.0000,280,2025-10-06T15:29:26.519848
141,6,20,2025-10-06 15:29:26.825394,Boston Bibb,butterhead,{},"{'cultivar_name': 'Boston Bibb', 'lettuce_type': 'butterhead', 'maturity_days': 60}","{'growth_rate': 0.5, 'leaf_size': 0.5, 'yield_potential': 0.5, 'disease_resistance': 0.5, 'heat_tolerance': 0.5, 'cold_tolerance': 0.5, 'bolting_tolerance': 0.5, 'chlorophyll_content': 0.5, 'root_development': 0.5, 'plant_architecture': 0.5, <GeneticTrait.GROWTH_RATE: 'growth_rate'>: 0.7}",{},0.0000,0.0000,"{'growth_rate': 0.5, 'leaf_size': 0.5, 'yield_potential': 0.5, 'disease_resistance': 0.5, 'heat_tolerance': 0.5, 'cold_tolerance': 0.5, 'bolting_tolerance': 0.5, 'chlorophyll_content': 0.5, 'root_development': 0.5, 'plant_architecture': 0.5, <GeneticTrait.GROWTH_RATE: 'growth_rate'>: 0.7}",{},{},708120.0000,100800.0000,282,2025-10-06T15:29:26.678729
142,6,21,2025-10-06 15:29:26.985296,Boston Bibb,butterhead,{},"{'cultivar_name': 'Boston Bibb', 'lettuce_type': 'butterhead', 'maturity_days': 60}","{'growth_rate': 0.5, 'leaf_size': 0.5, 'yield_potential': 0.5, 'disease_resistance': 0.5, 'heat_tolerance': 0.5, 'cold_tolerance': 0.5, 'bolting_tolerance': 0.5, 'chlorophyll_content': 0.5, 'root_development': 0.5, 'plant_architecture': 0.5, <GeneticTrait.GROWTH_RATE: 'growth_rate'>: 0.7}",{},0.0000,0.0000,"{'growth_rate': 0.5, 'leaf_size': 0.5, 'yield_potential': 0.5, 'disease_resistance': 0.5, 'heat_tolerance': 0.5, 'cold_tolerance': 0.5, 'bolting_tolerance': 0.5, 'chlorophyll_content': 0.5, 'root_development': 0.5, 'plant_architecture': 0.5, <GeneticTrait.GROWTH_RATE: 'growth_rate'>: 0.7}",{},{},713160.0000,105840.0000,284,2025-10-06T15:29:26.837990
143,6,22,2025-10-06 15:29:27.147688,Boston Bibb,butterhead,{},"{'cultivar_name': 'Boston Bibb', 'lettuce_type': 'butterhead', 'maturity_days': 60}","{'growth_rate': 0.5, 'leaf_size': 0.5, 'yield_potential': 0.5, 'disease_resistance': 0.5, 'heat_tolerance': 0.5, 'cold_tolerance': 0.5, 'bolting_tolerance': 0.5, 'chlorophyll_content': 0.5, 'root_development': 0.5, 'plant_architecture': 0.5, <GeneticTrait.GROWTH_RATE: 'growth_rate'>: 0.7}",{},0.0000,0.0000,"{'growth_rate': 0.5, 'leaf_size': 0.5, 'yield_potential': 0.5, 'disease_resistance': 0.5, 'heat_tolerance': 0.5, 'cold_tolerance': 0.5, 'bolting_tolerance': 0.5, 'chlorophyll_content': 0.5, 'root_development': 0.5, 'plant_architecture': 0.5, <GeneticTrait.GROWTH_RATE: 'growth_rate'>: 0.7}",{},{},718200.0000,110880.0000,286,2025-10-06T15:29:26.999297
144,6,23,2025-10-06 15:29:27.309288,Boston Bibb,butterhead,{},"{'cultivar_name': 'Boston Bibb', 'lettuce_type': 'butterhead', 'maturity_days': 60}","{'growth_rate': 0.5, 'leaf_size': 0.5, 'yield_potential': 0.5, 'disease_resistance': 0.5, 'heat_tolerance': 0.5, 'cold_tolerance': 0.5, 'bolting_tolerance': 0.5, 'chlorophyll_content': 0.5, 'root_development': 0.5, 'plant_architecture': 0.5, <GeneticTrait.GROWTH_RATE: 'growth_rate'>: 0.7}",{},0.0000,0.0000,"{'growth_rate': 0.5, 'leaf_size': 0.5, 'yield_potential': 0.5, 'disease_resistance': 0.5, 'heat_tolerance': 0.5, 'cold_tolerance': 0.5, 'bolting_tolerance': 0.5, 'chlorophyll_content': 0.5, 'root_development': 0.5, 'plant_architecture': 0.5, <GeneticTrait.GROWTH_RATE: 'growth_rate'>: 0.7}",{},{},723240.0000,115920.0000,288,2025-10-06T15:29:27.159848
145,7,0,2025-10-06 15:29:27.472942,Boston Bibb,butterhead,{},"{'cultivar_name': 'Boston Bibb', 'lettuce_type': 'butterhead', 'maturity_days': 60}","{'growth_rate': 0.5, 'leaf_size': 0.5, 'yield_potential': 0.5, 'disease_resistance': 0.5, 'heat_tolerance': 0.5, 'cold_tolerance': 0.5, 'bolting_tolerance': 0.5, 'chlorophyll_content': 0.5, 'root_development': 0.5, 'plant_architecture': 0.5, <GeneticTrait.GROWTH_RATE: 'growth_rate'>: 0.7}",{},0.0000,0.0000,"{'growth_rate': 0.5, 'leaf_size': 0.5, 'yield_potential': 0.5, 'disease_resistance': 0.5, 'heat_tolerance': 0.5, 'cold_tolerance': 0.5, 'bolting_tolerance': 0.5, 'chlorophyll_content': 0.5, 'root_development': 0.5, 'plant_architecture': 0.5, <GeneticTrait.GROWTH_RATE: 'growth_rate'>: 0.7}",{},{},728280.0000,0.0000,290,2025-10-06T15:29:27.324090
146,7,1,2025-10-06 15:29:27.632089,Boston Bibb,butterhead,{},"{'cultivar_name': 'Boston Bibb', 'lettuce_type': 'butterhead', 'maturity_days': 60}","{'growth_rate': 0.5, 'leaf_size': 0.5, 'yield_potential': 0.5, 'disease_resistance': 0.5, 'heat_tolerance': 0.5, 'cold_tolerance': 0.5, 'bolting_tolerance': 0.5, 'chlorophyll_content': 0.5, 'root_development': 0.5, 'plant_architecture': 0.5, <GeneticTrait.GROWTH_RATE: 'growth_rate'>: 0.7}",{},0.0000,0.0000,"{'growth_rate': 0.5, 'leaf_size': 0.5, 'yield_potential': 0.5, 'disease_resistance': 0.5, 'heat_tolerance': 0.5, 'cold_tolerance': 0.5, 'bolting_tolerance': 0.5, 'chlorophyll_content': 0.5, 'root_development': 0.5, 'plant_architecture': 0.5, <GeneticTrait.GROWTH_RATE: 'growth_rate'>: 0.7}",{},{},733320.0000,5040.0000,292,2025-10-06T15:29:27.487130
147,7,2,2025-10-06 15:29:27.796011,Boston Bibb,butterhead,{},"{'cultivar_name': 'Boston Bibb', 'lettuce_type': 'butterhead', 'maturity_days': 60}","{'growth_rate': 0.5, 'leaf_size': 0.5, 'yield_potential': 0.5, 'disease_resistance': 0.5, 'heat_tolerance': 0.5, 'cold_tolerance': 0.5, 'bolting_tolerance': 0.5, 'chlorophyll_content': 0.5, 'root_development': 0.5, 'plant_architecture': 0.5, <GeneticTrait.GROWTH_RATE: 'growth_rate'>: 0.7}",{},0.0000,0.0000,"{'growth_rate': 0.5, 'leaf_size': 0.5, 'yield_potential': 0.5, 'disease_resistance': 0.5, 'heat_tolerance': 0.5, 'cold_tolerance': 0.5, 'bolting_tolerance': 0.5, 'chlorophyll_content': 0.5, 'root_development': 0.5, 'plant_architecture': 0.5, <GeneticTrait.GROWTH_RATE: 'growth_rate'>: 0.7}",{},{},738360.0000,10080.0000,294,2025-10-06T15:29:27.645590
148,7,3,2025-10-06 15:29:27.953933,Boston Bibb,butterhead,{},"{'cultivar_name': 'Boston Bibb', 'lettuce_type': 'butterhead', 'maturity_days': 60}","{'growth_rate': 0.5, 'leaf_size': 0.5, 'yield_potential': 0.5, 'disease_resistance': 0.5, 'heat_tolerance': 0.5, 'cold_tolerance': 0.5, 'bolting_tolerance': 0.5, 'chlorophyll_content': 0.5, 'root_development': 0.5, 'plant_architecture': 0.5, <GeneticTrait.GROWTH_RATE: 'growth_rate'>: 0.7}",{},0.0000,0.0000,"{'growth_rate': 0.5, 'leaf_size': 0.5, 'yield_potential': 0.5, 'disease_resistance': 0.5, 'heat_tolerance': 0.5, 'cold_tolerance': 0.5, 'bolting_tolerance': 0.5, 'chlorophyll_content': 0.5, 'root_development': 0.5, 'plant_architecture': 0.5, <GeneticTrait.GROWTH_RATE: 'growth_rate'>: 0.7}",{},{},743400.0000,15120.0000,296,2025-10-06T15:29:27.808942
149,7,4,2025-10-06 15:29:28.107463,Boston Bibb,butterhead,{},"{'cultivar_name': 'Boston Bibb', 'lettuce_type': 'butterhead', 'maturity_days': 60}","{'growth_rate': 0.5, 'leaf_size': 0.5, 'yield_potential': 0.5, 'disease_resistance': 0.5, 'heat_tolerance': 0.5, 'cold_tolerance': 0.5, 'bolting_tolerance': 0.5, 'chlorophyll_content': 0.5, 'root_development': 0.5, 'plant_architecture': 0.5, <GeneticTrait.GROWTH_RATE: 'growth_rate'>: 0.7}",{},0.0000,0.0000,"{'growth_rate': 0.5, 'leaf_size': 0.5, 'yield_potential': 0.5, 'disease_resistance': 0.5, 'heat_tolerance': 0.5, 'cold_tolerance': 0.5, 'bolting_tolerance': 0.5, 'chlorophyll_content': 0.5, 'root_development': 0.5, 'plant_architecture': 0.5, <GeneticTrait.GROWTH_RATE: 'growth_rate'>: 0.7}",{},{},748440.0000,20160.0000,298,2025-10-06T15:29:27.966338
150,7,5,2025-10-06 15:29:28.267243,Boston Bibb,butterhead,{},"{'cultivar_name': 'Boston Bibb', 'lettuce_type': 'butterhead', 'maturity_days': 60}","{'growth_rate': 0.5, 'leaf_size': 0.5, 'yield_potential': 0.5, 'disease_resistance': 0.5, 'heat_tolerance': 0.5, 'cold_tolerance': 0.5, 'bolting_tolerance': 0.5, 'chlorophyll_content': 0.5, 'root_development': 0.5, 'plant_architecture': 0.5, <GeneticTrait.GROWTH_RATE: 'growth_rate'>: 0.7}",{},0.0000,0.0000,"{'growth_rate': 0.5, 'leaf_size': 0.5, 'yield_potential': 0.5, 'disease_resistance': 0.5, 'heat_tolerance': 0.5, 'cold_tolerance': 0.5, 'bolting_tolerance': 0.5, 'chlorophyll_content': 0.5, 'root_development': 0.5, 'plant_architecture': 0.5, <GeneticTrait.GROWTH_RATE: 'growth_rate'>: 0.7}",{},{},753480.0000,25200.0000,300,2025-10-06T15:29:28.120101
151,7,6,2025-10-06 15:29:28.425454,Boston Bibb,butterhead,{},"{'cultivar_name': 'Boston Bibb', 'lettuce_type': 'butterhead', 'maturity_days': 60}","{'growth_rate': 0.5, 'leaf_size': 0.5, 'yield_potential': 0.5, 'disease_resistance': 0.5, 'heat_tolerance': 0.5, 'cold_tolerance': 0.5, 'bolting_tolerance': 0.5, 'chlorophyll_content': 0.5, 'root_development': 0.5, 'plant_architecture': 0.5, <GeneticTrait.GROWTH_RATE: 'growth_rate'>: 0.7}",{},0.0000,0.0000,"{'growth_rate': 0.5, 'leaf_size': 0.5, 'yield_potential': 0.5, 'disease_resistance': 0.5, 'heat_tolerance': 0.5, 'cold_tolerance': 0.5, 'bolting_tolerance': 0.5, 'chlorophyll_content': 0.5, 'root_development': 0.5, 'plant_architecture': 0.5, <GeneticTrait.GROWTH_RATE: 'growth_rate'>: 0.7}",{},{},758520.0000,30240.0000,302,2025-10-06T15:29:28.281276
152,7,7,2025-10-06 15:29:28.585197,Boston Bibb,butterhead,{},"{'cultivar_name': 'Boston Bibb', 'lettuce_type': 'butterhead', 'maturity_days': 60}","{'growth_rate': 0.5, 'leaf_size': 0.5, 'yield_potential': 0.5, 'disease_resistance': 0.5, 'heat_tolerance': 0.5, 'cold_tolerance': 0.5, 'bolting_tolerance': 0.5, 'chlorophyll_content': 0.5, 'root_development': 0.5, 'plant_architecture': 0.5, <GeneticTrait.GROWTH_RATE: 'growth_rate'>: 0.7}",{},0.0000,0.0000,"{'growth_rate': 0.5, 'leaf_size': 0.5, 'yield_potential': 0.5, 'disease_resistance': 0.5, 'heat_tolerance': 0.5, 'cold_tolerance': 0.5, 'bolting_tolerance': 0.5, 'chlorophyll_content': 0.5, 'root_development': 0.5, 'plant_architecture': 0.5, <GeneticTrait.GROWTH_RATE: 'growth_rate'>: 0.7}",{},{},763560.0000,35280.0000,304,2025-10-06T15:29:28.438392
153,7,8,2025-10-06 15:29:28.751659,Boston Bibb,butterhead,{},"{'cultivar_name': 'Boston Bibb', 'lettuce_type': 'butterhead', 'maturity_days': 60}","{'growth_rate': 0.5, 'leaf_size': 0.5, 'yield_potential': 0.5, 'disease_resistance': 0.5, 'heat_tolerance': 0.5, 'cold_tolerance': 0.5, 'bolting_tolerance': 0.5, 'chlorophyll_content': 0.5, 'root_development': 0.5, 'plant_architecture': 0.5, <GeneticTrait.GROWTH_RATE: 'growth_rate'>: 0.7}",{},0.0000,0.0000,"{'growth_rate': 0.5, 'leaf_size': 0.5, 'yield_potential': 0.5, 'disease_resistance': 0.5, 'heat_tolerance': 0.5, 'cold_tolerance': 0.5, 'bolting_tolerance': 0.5, 'chlorophyll_content': 0.5, 'root_development': 0.5, 'plant_architecture': 0.5, <GeneticTrait.GROWTH_RATE: 'growth_rate'>: 0.7}",{},{},768600.0000,40320.0000,306,2025-10-06T15:29:28.599304
154,7,9,2025-10-06 15:29:28.918363,Boston Bibb,butterhead,{},"{'cultivar_name': 'Boston Bibb', 'lettuce_type': 'butterhead', 'maturity_days': 60}","{'growth_rate': 0.5, 'leaf_size': 0.5, 'yield_potential': 0.5, 'disease_resistance': 0.5, 'heat_tolerance': 0.5, 'cold_tolerance': 0.5, 'bolting_tolerance': 0.5, 'chlorophyll_content': 0.5, 'root_development': 0.5, 'plant_architecture': 0.5, <GeneticTrait.GROWTH_RATE: 'growth_rate'>: 0.7}",{},0.0000,0.0000,"{'growth_rate': 0.5, 'leaf_size': 0.5, 'yield_potential': 0.5, 'disease_resistance': 0.5, 'heat_tolerance': 0.5, 'cold_tolerance': 0.5, 'bolting_tolerance': 0.5, 'chlorophyll_content': 0.5, 'root_development': 0.5, 'plant_architecture': 0.5, <GeneticTrait.GROWTH_RATE: 'growth_rate'>: 0.7}",{},{},773640.0000,45360.0000,308,2025-10-06T15:29:28.765420
155,7,10,2025-10-06 15:29:29.075566,Boston Bibb,butterhead,{},"{'cultivar_name': 'Boston Bibb', 'lettuce_type': 'butterhead', 'maturity_days': 60}","{'growth_rate': 0.5, 'leaf_size': 0.5, 'yield_potential': 0.5, 'disease_resistance': 0.5, 'heat_tolerance': 0.5, 'cold_tolerance': 0.5, 'bolting_tolerance': 0.5, 'chlorophyll_content': 0.5, 'root_development': 0.5, 'plant_architecture': 0.5, <GeneticTrait.GROWTH_RATE: 'growth_rate'>: 0.7}",{},0.0000,0.0000,"{'growth_rate': 0.5, 'leaf_size': 0.5, 'yield_potential': 0.5, 'disease_resistance': 0.5, 'heat_tolerance': 0.5, 'cold_tolerance': 0.5, 'bolting_tolerance': 0.5, 'chlorophyll_content': 0.5, 'root_development': 0.5, 'plant_architecture': 0.5, <GeneticTrait.GROWTH_RATE: 'growth_rate'>: 0.7}",{},{},778680.0000,50400.0000,310,2025-10-06T15:29:28.931030
156,7,11,2025-10-06 15:29:29.240135,Boston Bibb,butterhead,{},"{'cultivar_name': 'Boston Bibb', 'lettuce_type': 'butterhead', 'maturity_days': 60}","{'growth_rate': 0.5, 'leaf_size': 0.5, 'yield_potential': 0.5, 'disease_resistance': 0.5, 'heat_tolerance': 0.5, 'cold_tolerance': 0.5, 'bolting_tolerance': 0.5, 'chlorophyll_content': 0.5, 'root_development': 0.5, 'plant_architecture': 0.5, <GeneticTrait.GROWTH_RATE: 'growth_rate'>: 0.7}",{},0.0000,0.0000,"{'growth_rate': 0.5, 'leaf_size': 0.5, 'yield_potential': 0.5, 'disease_resistance': 0.5, 'heat_tolerance': 0.5, 'cold_tolerance': 0.5, 'bolting_tolerance': 0.5, 'chlorophyll_content': 0.5, 'root_development': 0.5, 'plant_architecture': 0.5, <GeneticTrait.GROWTH_RATE: 'growth_rate'>: 0.7}",{},{},783720.0000,55440.0000,312,2025-10-06T15:29:29.089743
157,7,12,2025-10-06 15:29:29.395077,Boston Bibb,butterhead,{},"{'cultivar_name': 'Boston Bibb', 'lettuce_type': 'butterhead', 'maturity_days': 60}","{'growth_rate': 0.5, 'leaf_size': 0.5, 'yield_potential': 0.5, 'disease_resistance': 0.5, 'heat_tolerance': 0.5, 'cold_tolerance': 0.5, 'bolting_tolerance': 0.5, 'chlorophyll_content': 0.5, 'root_development': 0.5, 'plant_architecture': 0.5, <GeneticTrait.GROWTH_RATE: 'growth_rate'>: 0.7}",{},0.0000,0.0000,"{'growth_rate': 0.5, 'leaf_size': 0.5, 'yield_potential': 0.5, 'disease_resistance': 0.5, 'heat_tolerance': 0.5, 'cold_tolerance': 0.5, 'bolting_tolerance': 0.5, 'chlorophyll_content': 0.5, 'root_development': 0.5, 'plant_architecture': 0.5, <GeneticTrait.GROWTH_RATE: 'growth_rate'>: 0.7}",{},{},788760.0000,60480.0000,314,2025-10-06T15:29:29.254206
158,7,13,2025-10-06 15:29:29.555375,Boston Bibb,butterhead,{},"{'cultivar_name': 'Boston Bibb', 'lettuce_type': 'butterhead', 'maturity_days': 60}","{'growth_rate': 0.5, 'leaf_size': 0.5, 'yield_potential': 0.5, 'disease_resistance': 0.5, 'heat_tolerance': 0.5, 'cold_tolerance': 0.5, 'bolting_tolerance': 0.5, 'chlorophyll_content': 0.5, 'root_development': 0.5, 'plant_architecture': 0.5, <GeneticTrait.GROWTH_RATE: 'growth_rate'>: 0.7}",{},0.0000,0.0000,"{'growth_rate': 0.5, 'leaf_size': 0.5, 'yield_potential': 0.5, 'disease_resistance': 0.5, 'heat_tolerance': 0.5, 'cold_tolerance': 0.5, 'bolting_tolerance': 0.5, 'chlorophyll_content': 0.5, 'root_development': 0.5, 'plant_architecture': 0.5, <GeneticTrait.GROWTH_RATE: 'growth_rate'>: 0.7}",{},{},793800.0000,65520.0000,316,2025-10-06T15:29:29.409139
159,7,14,2025-10-06 15:29:29.712090,Boston Bibb,butterhead,{},"{'cultivar_name': 'Boston Bibb', 'lettuce_type': 'butterhead', 'maturity_days': 60}","{'growth_rate': 0.5, 'leaf_size': 0.5, 'yield_potential': 0.5, 'disease_resistance': 0.5, 'heat_tolerance': 0.5, 'cold_tolerance': 0.5, 'bolting_tolerance': 0.5, 'chlorophyll_content': 0.5, 'root_development': 0.5, 'plant_architecture': 0.5, <GeneticTrait.GROWTH_RATE: 'growth_rate'>: 0.7}",{},0.0000,0.0000,"{'growth_rate': 0.5, 'leaf_size': 0.5, 'yield_potential': 0.5, 'disease_resistance': 0.5, 'heat_tolerance': 0.5, 'cold_tolerance': 0.5, 'bolting_tolerance': 0.5, 'chlorophyll_content': 0.5, 'root_development': 0.5, 'plant_architecture': 0.5, <GeneticTrait.GROWTH_RATE: 'growth_rate'>: 0.7}",{},{},798840.0000,70560.0000,318,2025-10-06T15:29:29.569546
160,7,15,2025-10-06 15:29:29.870764,Boston Bibb,butterhead,{},"{'cultivar_name': 'Boston Bibb', 'lettuce_type': 'butterhead', 'maturity_days': 60}","{'growth_rate': 0.5, 'leaf_size': 0.5, 'yield_potential': 0.5, 'disease_resistance': 0.5, 'heat_tolerance': 0.5, 'cold_tolerance': 0.5, 'bolting_tolerance': 0.5, 'chlorophyll_content': 0.5, 'root_development': 0.5, 'plant_architecture': 0.5, <GeneticTrait.GROWTH_RATE: 'growth_rate'>: 0.7}",{},0.0000,0.0000,"{'growth_rate': 0.5, 'leaf_size': 0.5, 'yield_potential': 0.5, 'disease_resistance': 0.5, 'heat_tolerance': 0.5, 'cold_tolerance': 0.5, 'bolting_tolerance': 0.5, 'chlorophyll_content': 0.5, 'root_development': 0.5, 'plant_architecture': 0.5, <GeneticTrait.GROWTH_RATE: 'growth_rate'>: 0.7}",{},{},803880.0000,75600.0000,320,2025-10-06T15:29:29.726201
161,7,16,2025-10-06 15:29:30.029308,Boston Bibb,butterhead,{},"{'cultivar_name': 'Boston Bibb', 'lettuce_type': 'butterhead', 'maturity_days': 60}","{'growth_rate': 0.5, 'leaf_size': 0.5, 'yield_potential': 0.5, 'disease_resistance': 0.5, 'heat_tolerance': 0.5, 'cold_tolerance': 0.5, 'bolting_tolerance': 0.5, 'chlorophyll_content': 0.5, 'root_development': 0.5, 'plant_architecture': 0.5, <GeneticTrait.GROWTH_RATE: 'growth_rate'>: 0.7}",{},0.0000,0.0000,"{'growth_rate': 0.5, 'leaf_size': 0.5, 'yield_potential': 0.5, 'disease_resistance': 0.5, 'heat_tolerance': 0.5, 'cold_tolerance': 0.5, 'bolting_tolerance': 0.5, 'chlorophyll_content': 0.5, 'root_development': 0.5, 'plant_architecture': 0.5, <GeneticTrait.GROWTH_RATE: 'growth_rate'>: 0.7}",{},{},808920.0000,80640.0000,322,2025-10-06T15:29:29.883853
162,7,17,2025-10-06 15:29:30.189594,Boston Bibb,butterhead,{},"{'cultivar_name': 'Boston Bibb', 'lettuce_type': 'butterhead', 'maturity_days': 60}","{'growth_rate': 0.5, 'leaf_size': 0.5, 'yield_potential': 0.5, 'disease_resistance': 0.5, 'heat_tolerance': 0.5, 'cold_tolerance': 0.5, 'bolting_tolerance': 0.5, 'chlorophyll_content': 0.5, 'root_development': 0.5, 'plant_architecture': 0.5, <GeneticTrait.GROWTH_RATE: 'growth_rate'>: 0.7}",{},0.0000,0.0000,"{'growth_rate': 0.5, 'leaf_size': 0.5, 'yield_potential': 0.5, 'disease_resistance': 0.5, 'heat_tolerance': 0.5, 'cold_tolerance': 0.5, 'bolting_tolerance': 0.5, 'chlorophyll_content': 0.5, 'root_development': 0.5, 'plant_architecture': 0.5, <GeneticTrait.GROWTH_RATE: 'growth_rate'>: 0.7}",{},{},813960.0000,85680.0000,324,2025-10-06T15:29:30.041237
163,7,18,2025-10-06 15:29:30.351790,Boston Bibb,butterhead,{},"{'cultivar_name': 'Boston Bibb', 'lettuce_type': 'butterhead', 'maturity_days': 60}","{'growth_rate': 0.5, 'leaf_size': 0.5, 'yield_potential': 0.5, 'disease_resistance': 0.5, 'heat_tolerance': 0.5, 'cold_tolerance': 0.5, 'bolting_tolerance': 0.5, 'chlorophyll_content': 0.5, 'root_development': 0.5, 'plant_architecture': 0.5, <GeneticTrait.GROWTH_RATE: 'growth_rate'>: 0.7}",{},0.0000,0.0000,"{'growth_rate': 0.5, 'leaf_size': 0.5, 'yield_potential': 0.5, 'disease_resistance': 0.5, 'heat_tolerance': 0.5, 'cold_tolerance': 0.5, 'bolting_tolerance': 0.5, 'chlorophyll_content': 0.5, 'root_development': 0.5, 'plant_architecture': 0.5, <GeneticTrait.GROWTH_RATE: 'growth_rate'>: 0.7}",{},{},819000.0000,90720.0000,326,2025-10-06T15:29:30.203782
164,7,19,2025-10-06 15:29:30.512037,Boston Bibb,butterhead,{},"{'cultivar_name': 'Boston Bibb', 'lettuce_type': 'butterhead', 'maturity_days': 60}","{'growth_rate': 0.5, 'leaf_size': 0.5, 'yield_potential': 0.5, 'disease_resistance': 0.5, 'heat_tolerance': 0.5, 'cold_tolerance': 0.5, 'bolting_tolerance': 0.5, 'chlorophyll_content': 0.5, 'root_development': 0.5, 'plant_architecture': 0.5, <GeneticTrait.GROWTH_RATE: 'growth_rate'>: 0.7}",{},0.0000,0.0000,"{'growth_rate': 0.5, 'leaf_size': 0.5, 'yield_potential': 0.5, 'disease_resistance': 0.5, 'heat_tolerance': 0.5, 'cold_tolerance': 0.5, 'bolting_tolerance': 0.5, 'chlorophyll_content': 0.5, 'root_development': 0.5, 'plant_architecture': 0.5, <GeneticTrait.GROWTH_RATE: 'growth_rate'>: 0.7}",{},{},824040.0000,95760.0000,328,2025-10-06T15:29:30.364726
165,7,20,2025-10-06 15:29:30.668544,Boston Bibb,butterhead,{},"{'cultivar_name': 'Boston Bibb', 'lettuce_type': 'butterhead', 'maturity_days': 60}","{'growth_rate': 0.5, 'leaf_size': 0.5, 'yield_potential': 0.5, 'disease_resistance': 0.5, 'heat_tolerance': 0.5, 'cold_tolerance': 0.5, 'bolting_tolerance': 0.5, 'chlorophyll_content': 0.5, 'root_development': 0.5, 'plant_architecture': 0.5, <GeneticTrait.GROWTH_RATE: 'growth_rate'>: 0.7}",{},0.0000,0.0000,"{'growth_rate': 0.5, 'leaf_size': 0.5, 'yield_potential': 0.5, 'disease_resistance': 0.5, 'heat_tolerance': 0.5, 'cold_tolerance': 0.5, 'bolting_tolerance': 0.5, 'chlorophyll_content': 0.5, 'root_development': 0.5, 'plant_architecture': 0.5, <GeneticTrait.GROWTH_RATE: 'growth_rate'>: 0.7}",{},{},829080.0000,100800.0000,330,2025-10-06T15:29:30.524710
166,7,21,2025-10-06 15:29:30.831418,Boston Bibb,butterhead,{},"{'cultivar_name': 'Boston Bibb', 'lettuce_type': 'butterhead', 'maturity_days': 60}","{'growth_rate': 0.5, 'leaf_size': 0.5, 'yield_potential': 0.5, 'disease_resistance': 0.5, 'heat_tolerance': 0.5, 'cold_tolerance': 0.5, 'bolting_tolerance': 0.5, 'chlorophyll_content': 0.5, 'root_development': 0.5, 'plant_architecture': 0.5, <GeneticTrait.GROWTH_RATE: 'growth_rate'>: 0.7}",{},0.0000,0.0000,"{'growth_rate': 0.5, 'leaf_size': 0.5, 'yield_potential': 0.5, 'disease_resistance': 0.5, 'heat_tolerance': 0.5, 'cold_tolerance': 0.5, 'bolting_tolerance': 0.5, 'chlorophyll_content': 0.5, 'root_development': 0.5, 'plant_architecture': 0.5, <GeneticTrait.GROWTH_RATE: 'growth_rate'>: 0.7}",{},{},834120.0000,105840.0000,332,2025-10-06T15:29:30.682478
167,7,22,2025-10-06 15:29:30.988718,Boston Bibb,butterhead,{},"{'cultivar_name': 'Boston Bibb', 'lettuce_type': 'butterhead', 'maturity_days': 60}","{'growth_rate': 0.5, 'leaf_size': 0.5, 'yield_potential': 0.5, 'disease_resistance': 0.5, 'heat_tolerance': 0.5, 'cold_tolerance': 0.5, 'bolting_tolerance': 0.5, 'chlorophyll_content': 0.5, 'root_development': 0.5, 'plant_architecture': 0.5, <GeneticTrait.GROWTH_RATE: 'growth_rate'>: 0.7}",{},0.0000,0.0000,"{'growth_rate': 0.5, 'leaf_size': 0.5, 'yield_potential': 0.5, 'disease_resistance': 0.5, 'heat_tolerance': 0.5, 'cold_tolerance': 0.5, 'bolting_tolerance': 0.5, 'chlorophyll_content': 0.5, 'root_development': 0.5, 'plant_architecture': 0.5, <GeneticTrait.GROWTH_RATE: 'growth_rate'>: 0.7}",{},{},839160.0000,110880.0000,334,2025-10-06T15:29:30.845373
168,7,23,2025-10-06 15:29:31.148256,Boston Bibb,butterhead,{},"{'cultivar_name': 'Boston Bibb', 'lettuce_type': 'butterhead', 'maturity_days': 60}","{'growth_rate': 0.5, 'leaf_size': 0.5, 'yield_potential': 0.5, 'disease_resistance': 0.5, 'heat_tolerance': 0.5, 'cold_tolerance': 0.5, 'bolting_tolerance': 0.5, 'chlorophyll_content': 0.5, 'root_development': 0.5, 'plant_architecture': 0.5, <GeneticTrait.GROWTH_RATE: 'growth_rate'>: 0.7}",{},0.0000,0.0000,"{'growth_rate': 0.5, 'leaf_size': 0.5, 'yield_potential': 0.5, 'disease_resistance': 0.5, 'heat_tolerance': 0.5, 'cold_tolerance': 0.5, 'bolting_tolerance': 0.5, 'chlorophyll_content': 0.5, 'root_development': 0.5, 'plant_architecture': 0.5, <GeneticTrait.GROWTH_RATE: 'growth_rate'>: 0.7}",{},{},844200.0000,115920.0000,336,2025-10-06T15:29:31.002128
169,8,0,2025-10-06 15:29:31.308959,Boston Bibb,butterhead,{},"{'cultivar_name': 'Boston Bibb', 'lettuce_type': 'butterhead', 'maturity_days': 60}","{'growth_rate': 0.5, 'leaf_size': 0.5, 'yield_potential': 0.5, 'disease_resistance': 0.5, 'heat_tolerance': 0.5, 'cold_tolerance': 0.5, 'bolting_tolerance': 0.5, 'chlorophyll_content': 0.5, 'root_development': 0.5, 'plant_architecture': 0.5, <GeneticTrait.GROWTH_RATE: 'growth_rate'>: 0.7}",{},0.0000,0.0000,"{'growth_rate': 0.5, 'leaf_size': 0.5, 'yield_potential': 0.5, 'disease_resistance': 0.5, 'heat_tolerance': 0.5, 'cold_tolerance': 0.5, 'bolting_tolerance': 0.5, 'chlorophyll_content': 0.5, 'root_development': 0.5, 'plant_architecture': 0.5, <GeneticTrait.GROWTH_RATE: 'growth_rate'>: 0.7}",{},{},849240.0000,0.0000,338,2025-10-06T15:29:31.162546
170,8,1,2025-10-06 15:29:31.468915,Boston Bibb,butterhead,{},"{'cultivar_name': 'Boston Bibb', 'lettuce_type': 'butterhead', 'maturity_days': 60}","{'growth_rate': 0.5, 'leaf_size': 0.5, 'yield_potential': 0.5, 'disease_resistance': 0.5, 'heat_tolerance': 0.5, 'cold_tolerance': 0.5, 'bolting_tolerance': 0.5, 'chlorophyll_content': 0.5, 'root_development': 0.5, 'plant_architecture': 0.5, <GeneticTrait.GROWTH_RATE: 'growth_rate'>: 0.7}",{},0.0000,0.0000,"{'growth_rate': 0.5, 'leaf_size': 0.5, 'yield_potential': 0.5, 'disease_resistance': 0.5, 'heat_tolerance': 0.5, 'cold_tolerance': 0.5, 'bolting_tolerance': 0.5, 'chlorophyll_content': 0.5, 'root_development': 0.5, 'plant_architecture': 0.5, <GeneticTrait.GROWTH_RATE: 'growth_rate'>: 0.7}",{},{},854280.0000,5040.0000,340,2025-10-06T15:29:31.320928
171,8,2,2025-10-06 15:29:31.629613,Boston Bibb,butterhead,{},"{'cultivar_name': 'Boston Bibb', 'lettuce_type': 'butterhead', 'maturity_days': 60}","{'growth_rate': 0.5, 'leaf_size': 0.5, 'yield_potential': 0.5, 'disease_resistance': 0.5, 'heat_tolerance': 0.5, 'cold_tolerance': 0.5, 'bolting_tolerance': 0.5, 'chlorophyll_content': 0.5, 'root_development': 0.5, 'plant_architecture': 0.5, <GeneticTrait.GROWTH_RATE: 'growth_rate'>: 0.7}",{},0.0000,0.0000,"{'growth_rate': 0.5, 'leaf_size': 0.5, 'yield_potential': 0.5, 'disease_resistance': 0.5, 'heat_tolerance': 0.5, 'cold_tolerance': 0.5, 'bolting_tolerance': 0.5, 'chlorophyll_content': 0.5, 'root_development': 0.5, 'plant_architecture': 0.5, <GeneticTrait.GROWTH_RATE: 'growth_rate'>: 0.7}",{},{},859320.0000,10080.0000,342,2025-10-06T15:29:31.482980
172,8,3,2025-10-06 15:29:31.785312,Boston Bibb,butterhead,{},"{'cultivar_name': 'Boston Bibb', 'lettuce_type': 'butterhead', 'maturity_days': 60}","{'growth_rate': 0.5, 'leaf_size': 0.5, 'yield_potential': 0.5, 'disease_resistance': 0.5, 'heat_tolerance': 0.5, 'cold_tolerance': 0.5, 'bolting_tolerance': 0.5, 'chlorophyll_content': 0.5, 'root_development': 0.5, 'plant_architecture': 0.5, <GeneticTrait.GROWTH_RATE: 'growth_rate'>: 0.7}",{},0.0000,0.0000,"{'growth_rate': 0.5, 'leaf_size': 0.5, 'yield_potential': 0.5, 'disease_resistance': 0.5, 'heat_tolerance': 0.5, 'cold_tolerance': 0.5, 'bolting_tolerance': 0.5, 'chlorophyll_content': 0.5, 'root_development': 0.5, 'plant_architecture': 0.5, <GeneticTrait.GROWTH_RATE: 'growth_rate'>: 0.7}",{},{},864360.0000,15120.0000,344,2025-10-06T15:29:31.642202
173,8,4,2025-10-06 15:29:31.947554,Boston Bibb,butterhead,{},"{'cultivar_name': 'Boston Bibb', 'lettuce_type': 'butterhead', 'maturity_days': 60}","{'growth_rate': 0.5, 'leaf_size': 0.5, 'yield_potential': 0.5, 'disease_resistance': 0.5, 'heat_tolerance': 0.5, 'cold_tolerance': 0.5, 'bolting_tolerance': 0.5, 'chlorophyll_content': 0.5, 'root_development': 0.5, 'plant_architecture': 0.5, <GeneticTrait.GROWTH_RATE: 'growth_rate'>: 0.7}",{},0.0000,0.0000,"{'growth_rate': 0.5, 'leaf_size': 0.5, 'yield_potential': 0.5, 'disease_resistance': 0.5, 'heat_tolerance': 0.5, 'cold_tolerance': 0.5, 'bolting_tolerance': 0.5, 'chlorophyll_content': 0.5, 'root_development': 0.5, 'plant_architecture': 0.5, <GeneticTrait.GROWTH_RATE: 'growth_rate'>: 0.7}",{},{},869400.0000,20160.0000,346,2025-10-06T15:29:31.799245
174,8,5,2025-10-06 15:29:32.108220,Boston Bibb,butterhead,{},"{'cultivar_name': 'Boston Bibb', 'lettuce_type': 'butterhead', 'maturity_days': 60}","{'growth_rate': 0.5, 'leaf_size': 0.5, 'yield_potential': 0.5, 'disease_resistance': 0.5, 'heat_tolerance': 0.5, 'cold_tolerance': 0.5, 'bolting_tolerance': 0.5, 'chlorophyll_content': 0.5, 'root_development': 0.5, 'plant_architecture': 0.5, <GeneticTrait.GROWTH_RATE: 'growth_rate'>: 0.7}",{},0.0000,0.0000,"{'growth_rate': 0.5, 'leaf_size': 0.5, 'yield_potential': 0.5, 'disease_resistance': 0.5, 'heat_tolerance': 0.5, 'cold_tolerance': 0.5, 'bolting_tolerance': 0.5, 'chlorophyll_content': 0.5, 'root_development': 0.5, 'plant_architecture': 0.5, <GeneticTrait.GROWTH_RATE: 'growth_rate'>: 0.7}",{},{},874440.0000,25200.0000,348,2025-10-06T15:29:31.961464
175,8,6,2025-10-06 15:29:32.270062,Boston Bibb,butterhead,{},"{'cultivar_name': 'Boston Bibb', 'lettuce_type': 'butterhead', 'maturity_days': 60}","{'growth_rate': 0.5, 'leaf_size': 0.5, 'yield_potential': 0.5, 'disease_resistance': 0.5, 'heat_tolerance': 0.5, 'cold_tolerance': 0.5, 'bolting_tolerance': 0.5, 'chlorophyll_content': 0.5, 'root_development': 0.5, 'plant_architecture': 0.5, <GeneticTrait.GROWTH_RATE: 'growth_rate'>: 0.7}",{},0.0000,0.0000,"{'growth_rate': 0.5, 'leaf_size': 0.5, 'yield_potential': 0.5, 'disease_resistance': 0.5, 'heat_tolerance': 0.5, 'cold_tolerance': 0.5, 'bolting_tolerance': 0.5, 'chlorophyll_content': 0.5, 'root_development': 0.5, 'plant_architecture': 0.5, <GeneticTrait.GROWTH_RATE: 'growth_rate'>: 0.7}",{},{},879480.0000,30240.0000,350,2025-10-06T15:29:32.120926
176,8,7,2025-10-06 15:29:32.429367,Boston Bibb,butterhead,{},"{'cultivar_name': 'Boston Bibb', 'lettuce_type': 'butterhead', 'maturity_days': 60}","{'growth_rate': 0.5, 'leaf_size': 0.5, 'yield_potential': 0.5, 'disease_resistance': 0.5, 'heat_tolerance': 0.5, 'cold_tolerance': 0.5, 'bolting_tolerance': 0.5, 'chlorophyll_content': 0.5, 'root_development': 0.5, 'plant_architecture': 0.5, <GeneticTrait.GROWTH_RATE: 'growth_rate'>: 0.7}",{},0.0000,0.0000,"{'growth_rate': 0.5, 'leaf_size': 0.5, 'yield_potential': 0.5, 'disease_resistance': 0.5, 'heat_tolerance': 0.5, 'cold_tolerance': 0.5, 'bolting_tolerance': 0.5, 'chlorophyll_content': 0.5, 'root_development': 0.5, 'plant_architecture': 0.5, <GeneticTrait.GROWTH_RATE: 'growth_rate'>: 0.7}",{},{},884520.0000,35280.0000,352,2025-10-06T15:29:32.283834
177,8,8,2025-10-06 15:29:32.589122,Boston Bibb,butterhead,{},"{'cultivar_name': 'Boston Bibb', 'lettuce_type': 'butterhead', 'maturity_days': 60}","{'growth_rate': 0.5, 'leaf_size': 0.5, 'yield_potential': 0.5, 'disease_resistance': 0.5, 'heat_tolerance': 0.5, 'cold_tolerance': 0.5, 'bolting_tolerance': 0.5, 'chlorophyll_content': 0.5, 'root_development': 0.5, 'plant_architecture': 0.5, <GeneticTrait.GROWTH_RATE: 'growth_rate'>: 0.7}",{},0.0000,0.0000,"{'growth_rate': 0.5, 'leaf_size': 0.5, 'yield_potential': 0.5, 'disease_resistance': 0.5, 'heat_tolerance': 0.5, 'cold_tolerance': 0.5, 'bolting_tolerance': 0.5, 'chlorophyll_content': 0.5, 'root_development': 0.5, 'plant_architecture': 0.5, <GeneticTrait.GROWTH_RATE: 'growth_rate'>: 0.7}",{},{},889560.0000,40320.0000,354,2025-10-06T15:29:32.441455
178,8,9,2025-10-06 15:29:32.753533,Boston Bibb,butterhead,{},"{'cultivar_name': 'Boston Bibb', 'lettuce_type': 'butterhead', 'maturity_days': 60}","{'growth_rate': 0.5, 'leaf_size': 0.5, 'yield_potential': 0.5, 'disease_resistance': 0.5, 'heat_tolerance': 0.5, 'cold_tolerance': 0.5, 'bolting_tolerance': 0.5, 'chlorophyll_content': 0.5, 'root_development': 0.5, 'plant_architecture': 0.5, <GeneticTrait.GROWTH_RATE: 'growth_rate'>: 0.7}",{},0.0000,0.0000,"{'growth_rate': 0.5, 'leaf_size': 0.5, 'yield_potential': 0.5, 'disease_resistance': 0.5, 'heat_tolerance': 0.5, 'cold_tolerance': 0.5, 'bolting_tolerance': 0.5, 'chlorophyll_content': 0.5, 'root_development': 0.5, 'plant_architecture': 0.5, <GeneticTrait.GROWTH_RATE: 'growth_rate'>: 0.7}",{},{},894600.0000,45360.0000,356,2025-10-06T15:29:32.602509
179,8,10,2025-10-06 15:29:32.914684,Boston Bibb,butterhead,{},"{'cultivar_name': 'Boston Bibb', 'lettuce_type': 'butterhead', 'maturity_days': 60}","{'growth_rate': 0.5, 'leaf_size': 0.5, 'yield_potential': 0.5, 'disease_resistance': 0.5, 'heat_tolerance': 0.5, 'cold_tolerance': 0.5, 'bolting_tolerance': 0.5, 'chlorophyll_content': 0.5, 'root_development': 0.5, 'plant_architecture': 0.5, <GeneticTrait.GROWTH_RATE: 'growth_rate'>: 0.7}",{},0.0000,0.0000,"{'growth_rate': 0.5, 'leaf_size': 0.5, 'yield_potential': 0.5, 'disease_resistance': 0.5, 'heat_tolerance': 0.5, 'cold_tolerance': 0.5, 'bolting_tolerance': 0.5, 'chlorophyll_content': 0.5, 'root_development': 0.5, 'plant_architecture': 0.5, <GeneticTrait.GROWTH_RATE: 'growth_rate'>: 0.7}",{},{},899640.0000,50400.0000,358,2025-10-06T15:29:32.767180
180,8,11,2025-10-06 15:29:33.078836,Boston Bibb,butterhead,{},"{'cultivar_name': 'Boston Bibb', 'lettuce_type': 'butterhead', 'maturity_days': 60}","{'growth_rate': 0.5, 'leaf_size': 0.5, 'yield_potential': 0.5, 'disease_resistance': 0.5, 'heat_tolerance': 0.5, 'cold_tolerance': 0.5, 'bolting_tolerance': 0.5, 'chlorophyll_content': 0.5, 'root_development': 0.5, 'plant_architecture': 0.5, <GeneticTrait.GROWTH_RATE: 'growth_rate'>: 0.7}",{},0.0000,0.0000,"{'growth_rate': 0.5, 'leaf_size': 0.5, 'yield_potential': 0.5, 'disease_resistance': 0.5, 'heat_tolerance': 0.5, 'cold_tolerance': 0.5, 'bolting_tolerance': 0.5, 'chlorophyll_content': 0.5, 'root_development': 0.5, 'plant_architecture': 0.5, <GeneticTrait.GROWTH_RATE: 'growth_rate'>: 0.7}",{},{},904680.0000,55440.0000,360,2025-10-06T15:29:32.928825
181,8,12,2025-10-06 15:29:33.240150,Boston Bibb,butterhead,{},"{'cultivar_name': 'Boston Bibb', 'lettuce_type': 'butterhead', 'maturity_days': 60}","{'growth_rate': 0.5, 'leaf_size': 0.5, 'yield_potential': 0.5, 'disease_resistance': 0.5, 'heat_tolerance': 0.5, 'cold_tolerance': 0.5, 'bolting_tolerance': 0.5, 'chlorophyll_content': 0.5, 'root_development': 0.5, 'plant_architecture': 0.5, <GeneticTrait.GROWTH_RATE: 'growth_rate'>: 0.7}",{},0.0000,0.0000,"{'growth_rate': 0.5, 'leaf_size': 0.5, 'yield_potential': 0.5, 'disease_resistance': 0.5, 'heat_tolerance': 0.5, 'cold_tolerance': 0.5, 'bolting_tolerance': 0.5, 'chlorophyll_content': 0.5, 'root_development': 0.5, 'plant_architecture': 0.5, <GeneticTrait.GROWTH_RATE: 'growth_rate'>: 0.7}",{},{},909720.0000,60480.0000,362,2025-10-06T15:29:33.093058
182,8,13,2025-10-06 15:29:33.400926,Boston Bibb,butterhead,{},"{'cultivar_name': 'Boston Bibb', 'lettuce_type': 'butterhead', 'maturity_days': 60}","{'growth_rate': 0.5, 'leaf_size': 0.5, 'yield_potential': 0.5, 'disease_resistance': 0.5, 'heat_tolerance': 0.5, 'cold_tolerance': 0.5, 'bolting_tolerance': 0.5, 'chlorophyll_content': 0.5, 'root_development': 0.5, 'plant_architecture': 0.5, <GeneticTrait.GROWTH_RATE: 'growth_rate'>: 0.7}",{},0.0000,0.0000,"{'growth_rate': 0.5, 'leaf_size': 0.5, 'yield_potential': 0.5, 'disease_resistance': 0.5, 'heat_tolerance': 0.5, 'cold_tolerance': 0.5, 'bolting_tolerance': 0.5, 'chlorophyll_content': 0.5, 'root_development': 0.5, 'plant_architecture': 0.5, <GeneticTrait.GROWTH_RATE: 'growth_rate'>: 0.7}",{},{},914760.0000,65520.0000,364,2025-10-06T15:29:33.254161
183,8,14,2025-10-06 15:29:33.562000,Boston Bibb,butterhead,{},"{'cultivar_name': 'Boston Bibb', 'lettuce_type': 'butterhead', 'maturity_days': 60}","{'growth_rate': 0.5, 'leaf_size': 0.5, 'yield_potential': 0.5, 'disease_resistance': 0.5, 'heat_tolerance': 0.5, 'cold_tolerance': 0.5, 'bolting_tolerance': 0.5, 'chlorophyll_content': 0.5, 'root_development': 0.5, 'plant_architecture': 0.5, <GeneticTrait.GROWTH_RATE: 'growth_rate'>: 0.7}",{},0.0000,0.0000,"{'growth_rate': 0.5, 'leaf_size': 0.5, 'yield_potential': 0.5, 'disease_resistance': 0.5, 'heat_tolerance': 0.5, 'cold_tolerance': 0.5, 'bolting_tolerance': 0.5, 'chlorophyll_content': 0.5, 'root_development': 0.5, 'plant_architecture': 0.5, <GeneticTrait.GROWTH_RATE: 'growth_rate'>: 0.7}",{},{},919800.0000,70560.0000,366,2025-10-06T15:29:33.414913
184,8,15,2025-10-06 15:29:33.724586,Boston Bibb,butterhead,{},"{'cultivar_name': 'Boston Bibb', 'lettuce_type': 'butterhead', 'maturity_days': 60}","{'growth_rate': 0.5, 'leaf_size': 0.5, 'yield_potential': 0.5, 'disease_resistance': 0.5, 'heat_tolerance': 0.5, 'cold_tolerance': 0.5, 'bolting_tolerance': 0.5, 'chlorophyll_content': 0.5, 'root_development': 0.5, 'plant_architecture': 0.5, <GeneticTrait.GROWTH_RATE: 'growth_rate'>: 0.7}",{},0.0000,0.0000,"{'growth_rate': 0.5, 'leaf_size': 0.5, 'yield_potential': 0.5, 'disease_resistance': 0.5, 'heat_tolerance': 0.5, 'cold_tolerance': 0.5, 'bolting_tolerance': 0.5, 'chlorophyll_content': 0.5, 'root_development': 0.5, 'plant_architecture': 0.5, <GeneticTrait.GROWTH_RATE: 'growth_rate'>: 0.7}",{},{},924840.0000,75600.0000,368,2025-10-06T15:29:33.575890
185,8,16,2025-10-06 15:29:33.885871,Boston Bibb,butterhead,{},"{'cultivar_name': 'Boston Bibb', 'lettuce_type': 'butterhead', 'maturity_days': 60}","{'growth_rate': 0.5, 'leaf_size': 0.5, 'yield_potential': 0.5, 'disease_resistance': 0.5, 'heat_tolerance': 0.5, 'cold_tolerance': 0.5, 'bolting_tolerance': 0.5, 'chlorophyll_content': 0.5, 'root_development': 0.5, 'plant_architecture': 0.5, <GeneticTrait.GROWTH_RATE: 'growth_rate'>: 0.7}",{},0.0000,0.0000,"{'growth_rate': 0.5, 'leaf_size': 0.5, 'yield_potential': 0.5, 'disease_resistance': 0.5, 'heat_tolerance': 0.5, 'cold_tolerance': 0.5, 'bolting_tolerance': 0.5, 'chlorophyll_content': 0.5, 'root_development': 0.5, 'plant_architecture': 0.5, <GeneticTrait.GROWTH_RATE: 'growth_rate'>: 0.7}",{},{},929880.0000,80640.0000,370,2025-10-06T15:29:33.738320
186,8,17,2025-10-06 15:29:34.041266,Boston Bibb,butterhead,{},"{'cultivar_name': 'Boston Bibb', 'lettuce_type': 'butterhead', 'maturity_days': 60}","{'growth_rate': 0.5, 'leaf_size': 0.5, 'yield_potential': 0.5, 'disease_resistance': 0.5, 'heat_tolerance': 0.5, 'cold_tolerance': 0.5, 'bolting_tolerance': 0.5, 'chlorophyll_content': 0.5, 'root_development': 0.5, 'plant_architecture': 0.5, <GeneticTrait.GROWTH_RATE: 'growth_rate'>: 0.7}",{},0.0000,0.0000,"{'growth_rate': 0.5, 'leaf_size': 0.5, 'yield_potential': 0.5, 'disease_resistance': 0.5, 'heat_tolerance': 0.5, 'cold_tolerance': 0.5, 'bolting_tolerance': 0.5, 'chlorophyll_content': 0.5, 'root_development': 0.5, 'plant_architecture': 0.5, <GeneticTrait.GROWTH_RATE: 'growth_rate'>: 0.7}",{},{},934920.0000,85680.0000,372,2025-10-06T15:29:33.897694
187,8,18,2025-10-06 15:29:34.203537,Boston Bibb,butterhead,{},"{'cultivar_name': 'Boston Bibb', 'lettuce_type': 'butterhead', 'maturity_days': 60}","{'growth_rate': 0.5, 'leaf_size': 0.5, 'yield_potential': 0.5, 'disease_resistance': 0.5, 'heat_tolerance': 0.5, 'cold_tolerance': 0.5, 'bolting_tolerance': 0.5, 'chlorophyll_content': 0.5, 'root_development': 0.5, 'plant_architecture': 0.5, <GeneticTrait.GROWTH_RATE: 'growth_rate'>: 0.7}",{},0.0000,0.0000,"{'growth_rate': 0.5, 'leaf_size': 0.5, 'yield_potential': 0.5, 'disease_resistance': 0.5, 'heat_tolerance': 0.5, 'cold_tolerance': 0.5, 'bolting_tolerance': 0.5, 'chlorophyll_content': 0.5, 'root_development': 0.5, 'plant_architecture': 0.5, <GeneticTrait.GROWTH_RATE: 'growth_rate'>: 0.7}",{},{},939960.0000,90720.0000,374,2025-10-06T15:29:34.054734
188,8,19,2025-10-06 15:29:34.366048,Boston Bibb,butterhead,{},"{'cultivar_name': 'Boston Bibb', 'lettuce_type': 'butterhead', 'maturity_days': 60}","{'growth_rate': 0.5, 'leaf_size': 0.5, 'yield_potential': 0.5, 'disease_resistance': 0.5, 'heat_tolerance': 0.5, 'cold_tolerance': 0.5, 'bolting_tolerance': 0.5, 'chlorophyll_content': 0.5, 'root_development': 0.5, 'plant_architecture': 0.5, <GeneticTrait.GROWTH_RATE: 'growth_rate'>: 0.7}",{},0.0000,0.0000,"{'growth_rate': 0.5, 'leaf_size': 0.5, 'yield_potential': 0.5, 'disease_resistance': 0.5, 'heat_tolerance': 0.5, 'cold_tolerance': 0.5, 'bolting_tolerance': 0.5, 'chlorophyll_content': 0.5, 'root_development': 0.5, 'plant_architecture': 0.5, <GeneticTrait.GROWTH_RATE: 'growth_rate'>: 0.7}",{},{},945000.0000,95760.0000,376,2025-10-06T15:29:34.217675
189,8,20,2025-10-06 15:29:34.528737,Boston Bibb,butterhead,{},"{'cultivar_name': 'Boston Bibb', 'lettuce_type': 'butterhead', 'maturity_days': 60}","{'growth_rate': 0.5, 'leaf_size': 0.5, 'yield_potential': 0.5, 'disease_resistance': 0.5, 'heat_tolerance': 0.5, 'cold_tolerance': 0.5, 'bolting_tolerance': 0.5, 'chlorophyll_content': 0.5, 'root_development': 0.5, 'plant_architecture': 0.5, <GeneticTrait.GROWTH_RATE: 'growth_rate'>: 0.7}",{},0.0000,0.0000,"{'growth_rate': 0.5, 'leaf_size': 0.5, 'yield_potential': 0.5, 'disease_resistance': 0.5, 'heat_tolerance': 0.5, 'cold_tolerance': 0.5, 'bolting_tolerance': 0.5, 'chlorophyll_content': 0.5, 'root_development': 0.5, 'plant_architecture': 0.5, <GeneticTrait.GROWTH_RATE: 'growth_rate'>: 0.7}",{},{},950040.0000,100800.0000,378,2025-10-06T15:29:34.379956
190,8,21,2025-10-06 15:29:34.688990,Boston Bibb,butterhead,{},"{'cultivar_name': 'Boston Bibb', 'lettuce_type': 'butterhead', 'maturity_days': 60}","{'growth_rate': 0.5, 'leaf_size': 0.5, 'yield_potential': 0.5, 'disease_resistance': 0.5, 'heat_tolerance': 0.5, 'cold_tolerance': 0.5, 'bolting_tolerance': 0.5, 'chlorophyll_content': 0.5, 'root_development': 0.5, 'plant_architecture': 0.5, <GeneticTrait.GROWTH_RATE: 'growth_rate'>: 0.7}",{},0.0000,0.0000,"{'growth_rate': 0.5, 'leaf_size': 0.5, 'yield_potential': 0.5, 'disease_resistance': 0.5, 'heat_tolerance': 0.5, 'cold_tolerance': 0.5, 'bolting_tolerance': 0.5, 'chlorophyll_content': 0.5, 'root_development': 0.5, 'plant_architecture': 0.5, <GeneticTrait.GROWTH_RATE: 'growth_rate'>: 0.7}",{},{},955080.0000,105840.0000,380,2025-10-06T15:29:34.542239
191,8,22,2025-10-06 15:29:34.844667,Boston Bibb,butterhead,{},"{'cultivar_name': 'Boston Bibb', 'lettuce_type': 'butterhead', 'maturity_days': 60}","{'growth_rate': 0.5, 'leaf_size': 0.5, 'yield_potential': 0.5, 'disease_resistance': 0.5, 'heat_tolerance': 0.5, 'cold_tolerance': 0.5, 'bolting_tolerance': 0.5, 'chlorophyll_content': 0.5, 'root_development': 0.5, 'plant_architecture': 0.5, <GeneticTrait.GROWTH_RATE: 'growth_rate'>: 0.7}",{},0.0000,0.0000,"{'growth_rate': 0.5, 'leaf_size': 0.5, 'yield_potential': 0.5, 'disease_resistance': 0.5, 'heat_tolerance': 0.5, 'cold_tolerance': 0.5, 'bolting_tolerance': 0.5, 'chlorophyll_content': 0.5, 'root_development': 0.5, 'plant_architecture': 0.5, <GeneticTrait.GROWTH_RATE: 'growth_rate'>: 0.7}",{},{},960120.0000,110880.0000,382,2025-10-06T15:29:34.700782
192,8,23,2025-10-06 15:29:35.002855,Boston Bibb,butterhead,{},"{'cultivar_name': 'Boston Bibb', 'lettuce_type': 'butterhead', 'maturity_days': 60}","{'growth_rate': 0.5, 'leaf_size': 0.5, 'yield_potential': 0.5, 'disease_resistance': 0.5, 'heat_tolerance': 0.5, 'cold_tolerance': 0.5, 'bolting_tolerance': 0.5, 'chlorophyll_content': 0.5, 'root_development': 0.5, 'plant_architecture': 0.5, <GeneticTrait.GROWTH_RATE: 'growth_rate'>: 0.7}",{},0.0000,0.0000,"{'growth_rate': 0.5, 'leaf_size': 0.5, 'yield_potential': 0.5, 'disease_resistance': 0.5, 'heat_tolerance': 0.5, 'cold_tolerance': 0.5, 'bolting_tolerance': 0.5, 'chlorophyll_content': 0.5, 'root_development': 0.5, 'plant_architecture': 0.5, <GeneticTrait.GROWTH_RATE: 'growth_rate'>: 0.7}",{},{},965160.0000,115920.0000,384,2025-10-06T15:29:34.858777
193,9,0,2025-10-06 15:29:35.162071,Boston Bibb,butterhead,{},"{'cultivar_name': 'Boston Bibb', 'lettuce_type': 'butterhead', 'maturity_days': 60}","{'growth_rate': 0.5, 'leaf_size': 0.5, 'yield_potential': 0.5, 'disease_resistance': 0.5, 'heat_tolerance': 0.5, 'cold_tolerance': 0.5, 'bolting_tolerance': 0.5, 'chlorophyll_content': 0.5, 'root_development': 0.5, 'plant_architecture': 0.5, <GeneticTrait.GROWTH_RATE: 'growth_rate'>: 0.7}",{},0.0000,0.0000,"{'growth_rate': 0.5, 'leaf_size': 0.5, 'yield_potential': 0.5, 'disease_resistance': 0.5, 'heat_tolerance': 0.5, 'cold_tolerance': 0.5, 'bolting_tolerance': 0.5, 'chlorophyll_content': 0.5, 'root_development': 0.5, 'plant_architecture': 0.5, <GeneticTrait.GROWTH_RATE: 'growth_rate'>: 0.7}",{},{},970200.0000,0.0000,386,2025-10-06T15:29:35.017137
194,9,1,2025-10-06 15:29:35.325175,Boston Bibb,butterhead,{},"{'cultivar_name': 'Boston Bibb', 'lettuce_type': 'butterhead', 'maturity_days': 60}","{'growth_rate': 0.5, 'leaf_size': 0.5, 'yield_potential': 0.5, 'disease_resistance': 0.5, 'heat_tolerance': 0.5, 'cold_tolerance': 0.5, 'bolting_tolerance': 0.5, 'chlorophyll_content': 0.5, 'root_development': 0.5, 'plant_architecture': 0.5, <GeneticTrait.GROWTH_RATE: 'growth_rate'>: 0.7}",{},0.0000,0.0000,"{'growth_rate': 0.5, 'leaf_size': 0.5, 'yield_potential': 0.5, 'disease_resistance': 0.5, 'heat_tolerance': 0.5, 'cold_tolerance': 0.5, 'bolting_tolerance': 0.5, 'chlorophyll_content': 0.5, 'root_development': 0.5, 'plant_architecture': 0.5, <GeneticTrait.GROWTH_RATE: 'growth_rate'>: 0.7}",{},{},975240.0000,5040.0000,388,2025-10-06T15:29:35.174613
195,9,2,2025-10-06 15:29:35.489626,Boston Bibb,butterhead,{},"{'cultivar_name': 'Boston Bibb', 'lettuce_type': 'butterhead', 'maturity_days': 60}","{'growth_rate': 0.5, 'leaf_size': 0.5, 'yield_potential': 0.5, 'disease_resistance': 0.5, 'heat_tolerance': 0.5, 'cold_tolerance': 0.5, 'bolting_tolerance': 0.5, 'chlorophyll_content': 0.5, 'root_development': 0.5, 'plant_architecture': 0.5, <GeneticTrait.GROWTH_RATE: 'growth_rate'>: 0.7}",{},0.0000,0.0000,"{'growth_rate': 0.5, 'leaf_size': 0.5, 'yield_potential': 0.5, 'disease_resistance': 0.5, 'heat_tolerance': 0.5, 'cold_tolerance': 0.5, 'bolting_tolerance': 0.5, 'chlorophyll_content': 0.5, 'root_development': 0.5, 'plant_architecture': 0.5, <GeneticTrait.GROWTH_RATE: 'growth_rate'>: 0.7}",{},{},980280.0000,10080.0000,390,2025-10-06T15:29:35.339131
196,9,3,2025-10-06 15:29:35.651021,Boston Bibb,butterhead,{},"{'cultivar_name': 'Boston Bibb', 'lettuce_type': 'butterhead', 'maturity_days': 60}","{'growth_rate': 0.5, 'leaf_size': 0.5, 'yield_potential': 0.5, 'disease_resistance': 0.5, 'heat_tolerance': 0.5, 'cold_tolerance': 0.5, 'bolting_tolerance': 0.5, 'chlorophyll_content': 0.5, 'root_development': 0.5, 'plant_architecture': 0.5, <GeneticTrait.GROWTH_RATE: 'growth_rate'>: 0.7}",{},0.0000,0.0000,"{'growth_rate': 0.5, 'leaf_size': 0.5, 'yield_potential': 0.5, 'disease_resistance': 0.5, 'heat_tolerance': 0.5, 'cold_tolerance': 0.5, 'bolting_tolerance': 0.5, 'chlorophyll_content': 0.5, 'root_development': 0.5, 'plant_architecture': 0.5, <GeneticTrait.GROWTH_RATE: 'growth_rate'>: 0.7}",{},{},985320.0000,15120.0000,392,2025-10-06T15:29:35.504273
197,9,4,2025-10-06 15:29:35.811683,Boston Bibb,butterhead,{},"{'cultivar_name': 'Boston Bibb', 'lettuce_type': 'butterhead', 'maturity_days': 60}","{'growth_rate': 0.5, 'leaf_size': 0.5, 'yield_potential': 0.5, 'disease_resistance': 0.5, 'heat_tolerance': 0.5, 'cold_tolerance': 0.5, 'bolting_tolerance': 0.5, 'chlorophyll_content': 0.5, 'root_development': 0.5, 'plant_architecture': 0.5, <GeneticTrait.GROWTH_RATE: 'growth_rate'>: 0.7}",{},0.0000,0.0000,"{'growth_rate': 0.5, 'leaf_size': 0.5, 'yield_potential': 0.5, 'disease_resistance': 0.5, 'heat_tolerance': 0.5, 'cold_tolerance': 0.5, 'bolting_tolerance': 0.5, 'chlorophyll_content': 0.5, 'root_development': 0.5, 'plant_architecture': 0.5, <GeneticTrait.GROWTH_RATE: 'growth_rate'>: 0.7}",{},{},990360.0000,20160.0000,394,2025-10-06T15:29:35.664309
198,9,5,2025-10-06 15:29:35.972392,Boston Bibb,butterhead,{},"{'cultivar_name': 'Boston Bibb', 'lettuce_type': 'butterhead', 'maturity_days': 60}","{'growth_rate': 0.5, 'leaf_size': 0.5, 'yield_potential': 0.5, 'disease_resistance': 0.5, 'heat_tolerance': 0.5, 'cold_tolerance': 0.5, 'bolting_tolerance': 0.5, 'chlorophyll_content': 0.5, 'root_development': 0.5, 'plant_architecture': 0.5, <GeneticTrait.GROWTH_RATE: 'growth_rate'>: 0.7}",{},0.0000,0.0000,"{'growth_rate': 0.5, 'leaf_size': 0.5, 'yield_potential': 0.5, 'disease_resistance': 0.5, 'heat_tolerance': 0.5, 'cold_tolerance': 0.5, 'bolting_tolerance': 0.5, 'chlorophyll_content': 0.5, 'root_development': 0.5, 'plant_architecture': 0.5, <GeneticTrait.GROWTH_RATE: 'growth_rate'>: 0.7}",{},{},995400.0000,25200.0000,396,2025-10-06T15:29:35.825609
199,9,6,2025-10-06 15:29:36.128614,Boston Bibb,butterhead,{},"{'cultivar_name': 'Boston Bibb', 'lettuce_type': 'butterhead', 'maturity_days': 60}","{'growth_rate': 0.5, 'leaf_size': 0.5, 'yield_potential': 0.5, 'disease_resistance': 0.5, 'heat_tolerance': 0.5, 'cold_tolerance': 0.5, 'bolting_tolerance': 0.5, 'chlorophyll_content': 0.5, 'root_development': 0.5, 'plant_architecture': 0.5, <GeneticTrait.GROWTH_RATE: 'growth_rate'>: 0.7}",{},0.0000,0.0000,"{'growth_rate': 0.5, 'leaf_size': 0.5, 'yield_potential': 0.5, 'disease_resistance': 0.5, 'heat_tolerance': 0.5, 'cold_tolerance': 0.5, 'bolting_tolerance': 0.5, 'chlorophyll_content': 0.5, 'root_development': 0.5, 'plant_architecture': 0.5, <GeneticTrait.GROWTH_RATE: 'growth_rate'>: 0.7}",{},{},1000440.0000,30240.0000,398,2025-10-06T15:29:35.984550
200,9,7,2025-10-06 15:29:36.289653,Boston Bibb,butterhead,{},"{'cultivar_name': 'Boston Bibb', 'lettuce_type': 'butterhead', 'maturity_days': 60}","{'growth_rate': 0.5, 'leaf_size': 0.5, 'yield_potential': 0.5, 'disease_resistance': 0.5, 'heat_tolerance': 0.5, 'cold_tolerance': 0.5, 'bolting_tolerance': 0.5, 'chlorophyll_content': 0.5, 'root_development': 0.5, 'plant_architecture': 0.5, <GeneticTrait.GROWTH_RATE: 'growth_rate'>: 0.7}",{},0.0000,0.0000,"{'growth_rate': 0.5, 'leaf_size': 0.5, 'yield_potential': 0.5, 'disease_resistance': 0.5, 'heat_tolerance': 0.5, 'cold_tolerance': 0.5, 'bolting_tolerance': 0.5, 'chlorophyll_content': 0.5, 'root_development': 0.5, 'plant_architecture': 0.5, <GeneticTrait.GROWTH_RATE: 'growth_rate'>: 0.7}",{},{},1005480.0000,35280.0000,400,2025-10-06T15:29:36.142006
201,9,8,2025-10-06 15:29:36.450544,Boston Bibb,butterhead,{},"{'cultivar_name': 'Boston Bibb', 'lettuce_type': 'butterhead', 'maturity_days': 60}","{'growth_rate': 0.5, 'leaf_size': 0.5, 'yield_potential': 0.5, 'disease_resistance': 0.5, 'heat_tolerance': 0.5, 'cold_tolerance': 0.5, 'bolting_tolerance': 0.5, 'chlorophyll_content': 0.5, 'root_development': 0.5, 'plant_architecture': 0.5, <GeneticTrait.GROWTH_RATE: 'growth_rate'>: 0.7}",{},0.0000,0.0000,"{'growth_rate': 0.5, 'leaf_size': 0.5, 'yield_potential': 0.5, 'disease_resistance': 0.5, 'heat_tolerance': 0.5, 'cold_tolerance': 0.5, 'bolting_tolerance': 0.5, 'chlorophyll_content': 0.5, 'root_development': 0.5, 'plant_architecture': 0.5, <GeneticTrait.GROWTH_RATE: 'growth_rate'>: 0.7}",{},{},1010520.0000,40320.0000,402,2025-10-06T15:29:36.302482
202,9,9,2025-10-06 15:29:36.612070,Boston Bibb,butterhead,{},"{'cultivar_name': 'Boston Bibb', 'lettuce_type': 'butterhead', 'maturity_days': 60}","{'growth_rate': 0.5, 'leaf_size': 0.5, 'yield_potential': 0.5, 'disease_resistance': 0.5, 'heat_tolerance': 0.5, 'cold_tolerance': 0.5, 'bolting_tolerance': 0.5, 'chlorophyll_content': 0.5, 'root_development': 0.5, 'plant_architecture': 0.5, <GeneticTrait.GROWTH_RATE: 'growth_rate'>: 0.7}",{},0.0000,0.0000,"{'growth_rate': 0.5, 'leaf_size': 0.5, 'yield_potential': 0.5, 'disease_resistance': 0.5, 'heat_tolerance': 0.5, 'cold_tolerance': 0.5, 'bolting_tolerance': 0.5, 'chlorophyll_content': 0.5, 'root_development': 0.5, 'plant_architecture': 0.5, <GeneticTrait.GROWTH_RATE: 'growth_rate'>: 0.7}",{},{},1015560.0000,45360.0000,404,2025-10-06T15:29:36.464662
203,9,10,2025-10-06 15:29:36.775640,Boston Bibb,butterhead,{},"{'cultivar_name': 'Boston Bibb', 'lettuce_type': 'butterhead', 'maturity_days': 60}","{'growth_rate': 0.5, 'leaf_size': 0.5, 'yield_potential': 0.5, 'disease_resistance': 0.5, 'heat_tolerance': 0.5, 'cold_tolerance': 0.5, 'bolting_tolerance': 0.5, 'chlorophyll_content': 0.5, 'root_development': 0.5, 'plant_architecture': 0.5, <GeneticTrait.GROWTH_RATE: 'growth_rate'>: 0.7}",{},0.0000,0.0000,"{'growth_rate': 0.5, 'leaf_size': 0.5, 'yield_potential': 0.5, 'disease_resistance': 0.5, 'heat_tolerance': 0.5, 'cold_tolerance': 0.5, 'bolting_tolerance': 0.5, 'chlorophyll_content': 0.5, 'root_development': 0.5, 'plant_architecture': 0.5, <GeneticTrait.GROWTH_RATE: 'growth_rate'>: 0.7}",{},{},1020600.0000,50400.0000,406,2025-10-06T15:29:36.624564
204,9,11,2025-10-06 15:29:36.938412,Boston Bibb,butterhead,{},"{'cultivar_name': 'Boston Bibb', 'lettuce_type': 'butterhead', 'maturity_days': 60}","{'growth_rate': 0.5, 'leaf_size': 0.5, 'yield_potential': 0.5, 'disease_resistance': 0.5, 'heat_tolerance': 0.5, 'cold_tolerance': 0.5, 'bolting_tolerance': 0.5, 'chlorophyll_content': 0.5, 'root_development': 0.5, 'plant_architecture': 0.5, <GeneticTrait.GROWTH_RATE: 'growth_rate'>: 0.7}",{},0.0000,0.0000,"{'growth_rate': 0.5, 'leaf_size': 0.5, 'yield_potential': 0.5, 'disease_resistance': 0.5, 'heat_tolerance': 0.5, 'cold_tolerance': 0.5, 'bolting_tolerance': 0.5, 'chlorophyll_content': 0.5, 'root_development': 0.5, 'plant_architecture': 0.5, <GeneticTrait.GROWTH_RATE: 'growth_rate'>: 0.7}",{},{},1025640.0000,55440.0000,408,2025-10-06T15:29:36.788647
205,9,12,2025-10-06 15:29:37.095364,Boston Bibb,butterhead,{},"{'cultivar_name': 'Boston Bibb', 'lettuce_type': 'butterhead', 'maturity_days': 60}","{'growth_rate': 0.5, 'leaf_size': 0.5, 'yield_potential': 0.5, 'disease_resistance': 0.5, 'heat_tolerance': 0.5, 'cold_tolerance': 0.5, 'bolting_tolerance': 0.5, 'chlorophyll_content': 0.5, 'root_development': 0.5, 'plant_architecture': 0.5, <GeneticTrait.GROWTH_RATE: 'growth_rate'>: 0.7}",{},0.0000,0.0000,"{'growth_rate': 0.5, 'leaf_size': 0.5, 'yield_potential': 0.5, 'disease_resistance': 0.5, 'heat_tolerance': 0.5, 'cold_tolerance': 0.5, 'bolting_tolerance': 0.5, 'chlorophyll_content': 0.5, 'root_development': 0.5, 'plant_architecture': 0.5, <GeneticTrait.GROWTH_RATE: 'growth_rate'>: 0.7}",{},{},1030680.0000,60480.0000,410,2025-10-06T15:29:36.950520
206,9,13,2025-10-06 15:29:37.253693,Boston Bibb,butterhead,{},"{'cultivar_name': 'Boston Bibb', 'lettuce_type': 'butterhead', 'maturity_days': 60}","{'growth_rate': 0.5, 'leaf_size': 0.5, 'yield_potential': 0.5, 'disease_resistance': 0.5, 'heat_tolerance': 0.5, 'cold_tolerance': 0.5, 'bolting_tolerance': 0.5, 'chlorophyll_content': 0.5, 'root_development': 0.5, 'plant_architecture': 0.5, <GeneticTrait.GROWTH_RATE: 'growth_rate'>: 0.7}",{},0.0000,0.0000,"{'growth_rate': 0.5, 'leaf_size': 0.5, 'yield_potential': 0.5, 'disease_resistance': 0.5, 'heat_tolerance': 0.5, 'cold_tolerance': 0.5, 'bolting_tolerance': 0.5, 'chlorophyll_content': 0.5, 'root_development': 0.5, 'plant_architecture': 0.5, <GeneticTrait.GROWTH_RATE: 'growth_rate'>: 0.7}",{},{},1035720.0000,65520.0000,412,2025-10-06T15:29:37.108634
207,9,14,2025-10-06 15:29:37.415788,Boston Bibb,butterhead,{},"{'cultivar_name': 'Boston Bibb', 'lettuce_type': 'butterhead', 'maturity_days': 60}","{'growth_rate': 0.5, 'leaf_size': 0.5, 'yield_potential': 0.5, 'disease_resistance': 0.5, 'heat_tolerance': 0.5, 'cold_tolerance': 0.5, 'bolting_tolerance': 0.5, 'chlorophyll_content': 0.5, 'root_development': 0.5, 'plant_architecture': 0.5, <GeneticTrait.GROWTH_RATE: 'growth_rate'>: 0.7}",{},0.0000,0.0000,"{'growth_rate': 0.5, 'leaf_size': 0.5, 'yield_potential': 0.5, 'disease_resistance': 0.5, 'heat_tolerance': 0.5, 'cold_tolerance': 0.5, 'bolting_tolerance': 0.5, 'chlorophyll_content': 0.5, 'root_development': 0.5, 'plant_architecture': 0.5, <GeneticTrait.GROWTH_RATE: 'growth_rate'>: 0.7}",{},{},1040760.0000,70560.0000,414,2025-10-06T15:29:37.267788
208,9,15,2025-10-06 15:29:37.577997,Boston Bibb,butterhead,{},"{'cultivar_name': 'Boston Bibb', 'lettuce_type': 'butterhead', 'maturity_days': 60}","{'growth_rate': 0.5, 'leaf_size': 0.5, 'yield_potential': 0.5, 'disease_resistance': 0.5, 'heat_tolerance': 0.5, 'cold_tolerance': 0.5, 'bolting_tolerance': 0.5, 'chlorophyll_content': 0.5, 'root_development': 0.5, 'plant_architecture': 0.5, <GeneticTrait.GROWTH_RATE: 'growth_rate'>: 0.7}",{},0.0000,0.0000,"{'growth_rate': 0.5, 'leaf_size': 0.5, 'yield_potential': 0.5, 'disease_resistance': 0.5, 'heat_tolerance': 0.5, 'cold_tolerance': 0.5, 'bolting_tolerance': 0.5, 'chlorophyll_content': 0.5, 'root_development': 0.5, 'plant_architecture': 0.5, <GeneticTrait.GROWTH_RATE: 'growth_rate'>: 0.7}",{},{},1045800.0000,75600.0000,416,2025-10-06T15:29:37.429903
209,9,16,2025-10-06 15:29:37.741013,Boston Bibb,butterhead,{},"{'cultivar_name': 'Boston Bibb', 'lettuce_type': 'butterhead', 'maturity_days': 60}","{'growth_rate': 0.5, 'leaf_size': 0.5, 'yield_potential': 0.5, 'disease_resistance': 0.5, 'heat_tolerance': 0.5, 'cold_tolerance': 0.5, 'bolting_tolerance': 0.5, 'chlorophyll_content': 0.5, 'root_development': 0.5, 'plant_architecture': 0.5, <GeneticTrait.GROWTH_RATE: 'growth_rate'>: 0.7}",{},0.0000,0.0000,"{'growth_rate': 0.5, 'leaf_size': 0.5, 'yield_potential': 0.5, 'disease_resistance': 0.5, 'heat_tolerance': 0.5, 'cold_tolerance': 0.5, 'bolting_tolerance': 0.5, 'chlorophyll_content': 0.5, 'root_development': 0.5, 'plant_architecture': 0.5, <GeneticTrait.GROWTH_RATE: 'growth_rate'>: 0.7}",{},{},1050840.0000,80640.0000,418,2025-10-06T15:29:37.592199
210,9,17,2025-10-06 15:29:37.904147,Boston Bibb,butterhead,{},"{'cultivar_name': 'Boston Bibb', 'lettuce_type': 'butterhead', 'maturity_days': 60}","{'growth_rate': 0.5, 'leaf_size': 0.5, 'yield_potential': 0.5, 'disease_resistance': 0.5, 'heat_tolerance': 0.5, 'cold_tolerance': 0.5, 'bolting_tolerance': 0.5, 'chlorophyll_content': 0.5, 'root_development': 0.5, 'plant_architecture': 0.5, <GeneticTrait.GROWTH_RATE: 'growth_rate'>: 0.7}",{},0.0000,0.0000,"{'growth_rate': 0.5, 'leaf_size': 0.5, 'yield_potential': 0.5, 'disease_resistance': 0.5, 'heat_tolerance': 0.5, 'cold_tolerance': 0.5, 'bolting_tolerance': 0.5, 'chlorophyll_content': 0.5, 'root_development': 0.5, 'plant_architecture': 0.5, <GeneticTrait.GROWTH_RATE: 'growth_rate'>: 0.7}",{},{},1055880.0000,85680.0000,420,2025-10-06T15:29:37.754017
211,9,18,2025-10-06 15:29:38.063630,Boston Bibb,butterhead,{},"{'cultivar_name': 'Boston Bibb', 'lettuce_type': 'butterhead', 'maturity_days': 60}","{'growth_rate': 0.5, 'leaf_size': 0.5, 'yield_potential': 0.5, 'disease_resistance': 0.5, 'heat_tolerance': 0.5, 'cold_tolerance': 0.5, 'bolting_tolerance': 0.5, 'chlorophyll_content': 0.5, 'root_development': 0.5, 'plant_architecture': 0.5, <GeneticTrait.GROWTH_RATE: 'growth_rate'>: 0.7}",{},0.0000,0.0000,"{'growth_rate': 0.5, 'leaf_size': 0.5, 'yield_potential': 0.5, 'disease_resistance': 0.5, 'heat_tolerance': 0.5, 'cold_tolerance': 0.5, 'bolting_tolerance': 0.5, 'chlorophyll_content': 0.5, 'root_development': 0.5, 'plant_architecture': 0.5, <GeneticTrait.GROWTH_RATE: 'growth_rate'>: 0.7}",{},{},1060920.0000,90720.0000,422,2025-10-06T15:29:37.918348
212,9,19,2025-10-06 15:29:38.222268,Boston Bibb,butterhead,{},"{'cultivar_name': 'Boston Bibb', 'lettuce_type': 'butterhead', 'maturity_days': 60}","{'growth_rate': 0.5, 'leaf_size': 0.5, 'yield_potential': 0.5, 'disease_resistance': 0.5, 'heat_tolerance': 0.5, 'cold_tolerance': 0.5, 'bolting_tolerance': 0.5, 'chlorophyll_content': 0.5, 'root_development': 0.5, 'plant_architecture': 0.5, <GeneticTrait.GROWTH_RATE: 'growth_rate'>: 0.7}",{},0.0000,0.0000,"{'growth_rate': 0.5, 'leaf_size': 0.5, 'yield_potential': 0.5, 'disease_resistance': 0.5, 'heat_tolerance': 0.5, 'cold_tolerance': 0.5, 'bolting_tolerance': 0.5, 'chlorophyll_content': 0.5, 'root_development': 0.5, 'plant_architecture': 0.5, <GeneticTrait.GROWTH_RATE: 'growth_rate'>: 0.7}",{},{},1065960.0000,95760.0000,424,2025-10-06T15:29:38.076918
213,9,20,2025-10-06 15:29:38.381404,Boston Bibb,butterhead,{},"{'cultivar_name': 'Boston Bibb', 'lettuce_type': 'butterhead', 'maturity_days': 60}","{'growth_rate': 0.5, 'leaf_size': 0.5, 'yield_potential': 0.5, 'disease_resistance': 0.5, 'heat_tolerance': 0.5, 'cold_tolerance': 0.5, 'bolting_tolerance': 0.5, 'chlorophyll_content': 0.5, 'root_development': 0.5, 'plant_architecture': 0.5, <GeneticTrait.GROWTH_RATE: 'growth_rate'>: 0.7}",{},0.0000,0.0000,"{'growth_rate': 0.5, 'leaf_size': 0.5, 'yield_potential': 0.5, 'disease_resistance': 0.5, 'heat_tolerance': 0.5, 'cold_tolerance': 0.5, 'bolting_tolerance': 0.5, 'chlorophyll_content': 0.5, 'root_development': 0.5, 'plant_architecture': 0.5, <GeneticTrait.GROWTH_RATE: 'growth_rate'>: 0.7}",{},{},1071000.0000,100800.0000,426,2025-10-06T15:29:38.234426
214,9,21,2025-10-06 15:29:38.548499,Boston Bibb,butterhead,{},"{'cultivar_name': 'Boston Bibb', 'lettuce_type': 'butterhead', 'maturity_days': 60}","{'growth_rate': 0.5, 'leaf_size': 0.5, 'yield_potential': 0.5, 'disease_resistance': 0.5, 'heat_tolerance': 0.5, 'cold_tolerance': 0.5, 'bolting_tolerance': 0.5, 'chlorophyll_content': 0.5, 'root_development': 0.5, 'plant_architecture': 0.5, <GeneticTrait.GROWTH_RATE: 'growth_rate'>: 0.7}",{},0.0000,0.0000,"{'growth_rate': 0.5, 'leaf_size': 0.5, 'yield_potential': 0.5, 'disease_resistance': 0.5, 'heat_tolerance': 0.5, 'cold_tolerance': 0.5, 'bolting_tolerance': 0.5, 'chlorophyll_content': 0.5, 'root_development': 0.5, 'plant_architecture': 0.5, <GeneticTrait.GROWTH_RATE: 'growth_rate'>: 0.7}",{},{},1076040.0000,105840.0000,428,2025-10-06T15:29:38.395377
215,9,22,2025-10-06 15:29:38.713907,Boston Bibb,butterhead,{},"{'cultivar_name': 'Boston Bibb', 'lettuce_type': 'butterhead', 'maturity_days': 60}","{'growth_rate': 0.5, 'leaf_size': 0.5, 'yield_potential': 0.5, 'disease_resistance': 0.5, 'heat_tolerance': 0.5, 'cold_tolerance': 0.5, 'bolting_tolerance': 0.5, 'chlorophyll_content': 0.5, 'root_development': 0.5, 'plant_architecture': 0.5, <GeneticTrait.GROWTH_RATE: 'growth_rate'>: 0.7}",{},0.0000,0.0000,"{'growth_rate': 0.5, 'leaf_size': 0.5, 'yield_potential': 0.5, 'disease_resistance': 0.5, 'heat_tolerance': 0.5, 'cold_tolerance': 0.5, 'bolting_tolerance': 0.5, 'chlorophyll_content': 0.5, 'root_development': 0.5, 'plant_architecture': 0.5, <GeneticTrait.GROWTH_RATE: 'growth_rate'>: 0.7}",{},{},1081080.0000,110880.0000,430,2025-10-06T15:29:38.562603
216,9,23,2025-10-06 15:29:38.870461,Boston Bibb,butterhead,{},"{'cultivar_name': 'Boston Bibb', 'lettuce_type': 'butterhead', 'maturity_days': 60}","{'growth_rate': 0.5, 'leaf_size': 0.5, 'yield_potential': 0.5, 'disease_resistance': 0.5, 'heat_tolerance': 0.5, 'cold_tolerance': 0.5, 'bolting_tolerance': 0.5, 'chlorophyll_content': 0.5, 'root_development': 0.5, 'plant_architecture': 0.5, <GeneticTrait.GROWTH_RATE: 'growth_rate'>: 0.7}",{},0.0000,0.0000,"{'growth_rate': 0.5, 'leaf_size': 0.5, 'yield_potential': 0.5, 'disease_resistance': 0.5, 'heat_tolerance': 0.5, 'cold_tolerance': 0.5, 'bolting_tolerance': 0.5, 'chlorophyll_content': 0.5, 'root_development': 0.5, 'plant_architecture': 0.5, <GeneticTrait.GROWTH_RATE: 'growth_rate'>: 0.7}",{},{},1086120.0000,115920.0000,432,2025-10-06T15:29:38.726542
217,10,0,2025-10-06 15:29:39.033855,Boston Bibb,butterhead,{},"{'cultivar_name': 'Boston Bibb', 'lettuce_type': 'butterhead', 'maturity_days': 60}","{'growth_rate': 0.5, 'leaf_size': 0.5, 'yield_potential': 0.5, 'disease_resistance': 0.5, 'heat_tolerance': 0.5, 'cold_tolerance': 0.5, 'bolting_tolerance': 0.5, 'chlorophyll_content': 0.5, 'root_development': 0.5, 'plant_architecture': 0.5, <GeneticTrait.GROWTH_RATE: 'growth_rate'>: 0.7}",{},0.0000,0.0000,"{'growth_rate': 0.5, 'leaf_size': 0.5, 'yield_potential': 0.5, 'disease_resistance': 0.5, 'heat_tolerance': 0.5, 'cold_tolerance': 0.5, 'bolting_tolerance': 0.5, 'chlorophyll_content': 0.5, 'root_development': 0.5, 'plant_architecture': 0.5, <GeneticTrait.GROWTH_RATE: 'growth_rate'>: 0.7}",{},{},1091160.0000,0.0000,434,2025-10-06T15:29:38.883032
218,10,1,2025-10-06 15:29:39.195520,Boston Bibb,butterhead,{},"{'cultivar_name': 'Boston Bibb', 'lettuce_type': 'butterhead', 'maturity_days': 60}","{'growth_rate': 0.5, 'leaf_size': 0.5, 'yield_potential': 0.5, 'disease_resistance': 0.5, 'heat_tolerance': 0.5, 'cold_tolerance': 0.5, 'bolting_tolerance': 0.5, 'chlorophyll_content': 0.5, 'root_development': 0.5, 'plant_architecture': 0.5, <GeneticTrait.GROWTH_RATE: 'growth_rate'>: 0.7}",{},0.0000,0.0000,"{'growth_rate': 0.5, 'leaf_size': 0.5, 'yield_potential': 0.5, 'disease_resistance': 0.5, 'heat_tolerance': 0.5, 'cold_tolerance': 0.5, 'bolting_tolerance': 0.5, 'chlorophyll_content': 0.5, 'root_development': 0.5, 'plant_architecture': 0.5, <GeneticTrait.GROWTH_RATE: 'growth_rate'>: 0.7}",{},{},1096200.0000,5040.0000,436,2025-10-06T15:29:39.046191
219,10,2,2025-10-06 15:29:39.350086,Boston Bibb,butterhead,{},"{'cultivar_name': 'Boston Bibb', 'lettuce_type': 'butterhead', 'maturity_days': 60}","{'growth_rate': 0.5, 'leaf_size': 0.5, 'yield_potential': 0.5, 'disease_resistance': 0.5, 'heat_tolerance': 0.5, 'cold_tolerance': 0.5, 'bolting_tolerance': 0.5, 'chlorophyll_content': 0.5, 'root_development': 0.5, 'plant_architecture': 0.5, <GeneticTrait.GROWTH_RATE: 'growth_rate'>: 0.7}",{},0.0000,0.0000,"{'growth_rate': 0.5, 'leaf_size': 0.5, 'yield_potential': 0.5, 'disease_resistance': 0.5, 'heat_tolerance': 0.5, 'cold_tolerance': 0.5, 'bolting_tolerance': 0.5, 'chlorophyll_content': 0.5, 'root_development': 0.5, 'plant_architecture': 0.5, <GeneticTrait.GROWTH_RATE: 'growth_rate'>: 0.7}",{},{},1101240.0000,10080.0000,438,2025-10-06T15:29:39.207759
220,10,3,2025-10-06 15:29:39.508860,Boston Bibb,butterhead,{},"{'cultivar_name': 'Boston Bibb', 'lettuce_type': 'butterhead', 'maturity_days': 60}","{'growth_rate': 0.5, 'leaf_size': 0.5, 'yield_potential': 0.5, 'disease_resistance': 0.5, 'heat_tolerance': 0.5, 'cold_tolerance': 0.5, 'bolting_tolerance': 0.5, 'chlorophyll_content': 0.5, 'root_development': 0.5, 'plant_architecture': 0.5, <GeneticTrait.GROWTH_RATE: 'growth_rate'>: 0.7}",{},0.0000,0.0000,"{'growth_rate': 0.5, 'leaf_size': 0.5, 'yield_potential': 0.5, 'disease_resistance': 0.5, 'heat_tolerance': 0.5, 'cold_tolerance': 0.5, 'bolting_tolerance': 0.5, 'chlorophyll_content': 0.5, 'root_development': 0.5, 'plant_architecture': 0.5, <GeneticTrait.GROWTH_RATE: 'growth_rate'>: 0.7}",{},{},1106280.0000,15120.0000,440,2025-10-06T15:29:39.364109
221,10,4,2025-10-06 15:29:39.669041,Boston Bibb,butterhead,{},"{'cultivar_name': 'Boston Bibb', 'lettuce_type': 'butterhead', 'maturity_days': 60}","{'growth_rate': 0.5, 'leaf_size': 0.5, 'yield_potential': 0.5, 'disease_resistance': 0.5, 'heat_tolerance': 0.5, 'cold_tolerance': 0.5, 'bolting_tolerance': 0.5, 'chlorophyll_content': 0.5, 'root_development': 0.5, 'plant_architecture': 0.5, <GeneticTrait.GROWTH_RATE: 'growth_rate'>: 0.7}",{},0.0000,0.0000,"{'growth_rate': 0.5, 'leaf_size': 0.5, 'yield_potential': 0.5, 'disease_resistance': 0.5, 'heat_tolerance': 0.5, 'cold_tolerance': 0.5, 'bolting_tolerance': 0.5, 'chlorophyll_content': 0.5, 'root_development': 0.5, 'plant_architecture': 0.5, <GeneticTrait.GROWTH_RATE: 'growth_rate'>: 0.7}",{},{},1111320.0000,20160.0000,442,2025-10-06T15:29:39.522578
222,10,5,2025-10-06 15:29:39.829286,Boston Bibb,butterhead,{},"{'cultivar_name': 'Boston Bibb', 'lettuce_type': 'butterhead', 'maturity_days': 60}","{'growth_rate': 0.5, 'leaf_size': 0.5, 'yield_potential': 0.5, 'disease_resistance': 0.5, 'heat_tolerance': 0.5, 'cold_tolerance': 0.5, 'bolting_tolerance': 0.5, 'chlorophyll_content': 0.5, 'root_development': 0.5, 'plant_architecture': 0.5, <GeneticTrait.GROWTH_RATE: 'growth_rate'>: 0.7}",{},0.0000,0.0000,"{'growth_rate': 0.5, 'leaf_size': 0.5, 'yield_potential': 0.5, 'disease_resistance': 0.5, 'heat_tolerance': 0.5, 'cold_tolerance': 0.5, 'bolting_tolerance': 0.5, 'chlorophyll_content': 0.5, 'root_development': 0.5, 'plant_architecture': 0.5, <GeneticTrait.GROWTH_RATE: 'growth_rate'>: 0.7}",{},{},1116360.0000,25200.0000,444,2025-10-06T15:29:39.683094
223,10,6,2025-10-06 15:29:39.986102,Boston Bibb,butterhead,{},"{'cultivar_name': 'Boston Bibb', 'lettuce_type': 'butterhead', 'maturity_days': 60}","{'growth_rate': 0.5, 'leaf_size': 0.5, 'yield_potential': 0.5, 'disease_resistance': 0.5, 'heat_tolerance': 0.5, 'cold_tolerance': 0.5, 'bolting_tolerance': 0.5, 'chlorophyll_content': 0.5, 'root_development': 0.5, 'plant_architecture': 0.5, <GeneticTrait.GROWTH_RATE: 'growth_rate'>: 0.7}",{},0.0000,0.0000,"{'growth_rate': 0.5, 'leaf_size': 0.5, 'yield_potential': 0.5, 'disease_resistance': 0.5, 'heat_tolerance': 0.5, 'cold_tolerance': 0.5, 'bolting_tolerance': 0.5, 'chlorophyll_content': 0.5, 'root_development': 0.5, 'plant_architecture': 0.5, <GeneticTrait.GROWTH_RATE: 'growth_rate'>: 0.7}",{},{},1121400.0000,30240.0000,446,2025-10-06T15:29:39.841245
224,10,7,2025-10-06 15:29:40.149262,Boston Bibb,butterhead,{},"{'cultivar_name': 'Boston Bibb', 'lettuce_type': 'butterhead', 'maturity_days': 60}","{'growth_rate': 0.5, 'leaf_size': 0.5, 'yield_potential': 0.5, 'disease_resistance': 0.5, 'heat_tolerance': 0.5, 'cold_tolerance': 0.5, 'bolting_tolerance': 0.5, 'chlorophyll_content': 0.5, 'root_development': 0.5, 'plant_architecture': 0.5, <GeneticTrait.GROWTH_RATE: 'growth_rate'>: 0.7}",{},0.0000,0.0000,"{'growth_rate': 0.5, 'leaf_size': 0.5, 'yield_potential': 0.5, 'disease_resistance': 0.5, 'heat_tolerance': 0.5, 'cold_tolerance': 0.5, 'bolting_tolerance': 0.5, 'chlorophyll_content': 0.5, 'root_development': 0.5, 'plant_architecture': 0.5, <GeneticTrait.GROWTH_RATE: 'growth_rate'>: 0.7}",{},{},1126440.0000,35280.0000,448,2025-10-06T15:29:39.999543
225,10,8,2025-10-06 15:29:40.306106,Boston Bibb,butterhead,{},"{'cultivar_name': 'Boston Bibb', 'lettuce_type': 'butterhead', 'maturity_days': 60}","{'growth_rate': 0.5, 'leaf_size': 0.5, 'yield_potential': 0.5, 'disease_resistance': 0.5, 'heat_tolerance': 0.5, 'cold_tolerance': 0.5, 'bolting_tolerance': 0.5, 'chlorophyll_content': 0.5, 'root_development': 0.5, 'plant_architecture': 0.5, <GeneticTrait.GROWTH_RATE: 'growth_rate'>: 0.7}",{},0.0000,0.0000,"{'growth_rate': 0.5, 'leaf_size': 0.5, 'yield_potential': 0.5, 'disease_resistance': 0.5, 'heat_tolerance': 0.5, 'cold_tolerance': 0.5, 'bolting_tolerance': 0.5, 'chlorophyll_content': 0.5, 'root_development': 0.5, 'plant_architecture': 0.5, <GeneticTrait.GROWTH_RATE: 'growth_rate'>: 0.7}",{},{},1131480.0000,40320.0000,450,2025-10-06T15:29:40.163346
226,10,9,2025-10-06 15:29:40.462755,Boston Bibb,butterhead,{},"{'cultivar_name': 'Boston Bibb', 'lettuce_type': 'butterhead', 'maturity_days': 60}","{'growth_rate': 0.5, 'leaf_size': 0.5, 'yield_potential': 0.5, 'disease_resistance': 0.5, 'heat_tolerance': 0.5, 'cold_tolerance': 0.5, 'bolting_tolerance': 0.5, 'chlorophyll_content': 0.5, 'root_development': 0.5, 'plant_architecture': 0.5, <GeneticTrait.GROWTH_RATE: 'growth_rate'>: 0.7}",{},0.0000,0.0000,"{'growth_rate': 0.5, 'leaf_size': 0.5, 'yield_potential': 0.5, 'disease_resistance': 0.5, 'heat_tolerance': 0.5, 'cold_tolerance': 0.5, 'bolting_tolerance': 0.5, 'chlorophyll_content': 0.5, 'root_development': 0.5, 'plant_architecture': 0.5, <GeneticTrait.GROWTH_RATE: 'growth_rate'>: 0.7}",{},{},1136520.0000,45360.0000,452,2025-10-06T15:29:40.320089
227,10,10,2025-10-06 15:29:40.620754,Boston Bibb,butterhead,{},"{'cultivar_name': 'Boston Bibb', 'lettuce_type': 'butterhead', 'maturity_days': 60}","{'growth_rate': 0.5, 'leaf_size': 0.5, 'yield_potential': 0.5, 'disease_resistance': 0.5, 'heat_tolerance': 0.5, 'cold_tolerance': 0.5, 'bolting_tolerance': 0.5, 'chlorophyll_content': 0.5, 'root_development': 0.5, 'plant_architecture': 0.5, <GeneticTrait.GROWTH_RATE: 'growth_rate'>: 0.7}",{},0.0000,0.0000,"{'growth_rate': 0.5, 'leaf_size': 0.5, 'yield_potential': 0.5, 'disease_resistance': 0.5, 'heat_tolerance': 0.5, 'cold_tolerance': 0.5, 'bolting_tolerance': 0.5, 'chlorophyll_content': 0.5, 'root_development': 0.5, 'plant_architecture': 0.5, <GeneticTrait.GROWTH_RATE: 'growth_rate'>: 0.7}",{},{},1141560.0000,50400.0000,454,2025-10-06T15:29:40.476859
228,10,11,2025-10-06 15:29:40.782868,Boston Bibb,butterhead,{},"{'cultivar_name': 'Boston Bibb', 'lettuce_type': 'butterhead', 'maturity_days': 60}","{'growth_rate': 0.5, 'leaf_size': 0.5, 'yield_potential': 0.5, 'disease_resistance': 0.5, 'heat_tolerance': 0.5, 'cold_tolerance': 0.5, 'bolting_tolerance': 0.5, 'chlorophyll_content': 0.5, 'root_development': 0.5, 'plant_architecture': 0.5, <GeneticTrait.GROWTH_RATE: 'growth_rate'>: 0.7}",{},0.0000,0.0000,"{'growth_rate': 0.5, 'leaf_size': 0.5, 'yield_potential': 0.5, 'disease_resistance': 0.5, 'heat_tolerance': 0.5, 'cold_tolerance': 0.5, 'bolting_tolerance': 0.5, 'chlorophyll_content': 0.5, 'root_development': 0.5, 'plant_architecture': 0.5, <GeneticTrait.GROWTH_RATE: 'growth_rate'>: 0.7}",{},{},1146600.0000,55440.0000,456,2025-10-06T15:29:40.633806
229,10,12,2025-10-06 15:29:40.942168,Boston Bibb,butterhead,{},"{'cultivar_name': 'Boston Bibb', 'lettuce_type': 'butterhead', 'maturity_days': 60}","{'growth_rate': 0.5, 'leaf_size': 0.5, 'yield_potential': 0.5, 'disease_resistance': 0.5, 'heat_tolerance': 0.5, 'cold_tolerance': 0.5, 'bolting_tolerance': 0.5, 'chlorophyll_content': 0.5, 'root_development': 0.5, 'plant_architecture': 0.5, <GeneticTrait.GROWTH_RATE: 'growth_rate'>: 0.7}",{},0.0000,0.0000,"{'growth_rate': 0.5, 'leaf_size': 0.5, 'yield_potential': 0.5, 'disease_resistance': 0.5, 'heat_tolerance': 0.5, 'cold_tolerance': 0.5, 'bolting_tolerance': 0.5, 'chlorophyll_content': 0.5, 'root_development': 0.5, 'plant_architecture': 0.5, <GeneticTrait.GROWTH_RATE: 'growth_rate'>: 0.7}",{},{},1151640.0000,60480.0000,458,2025-10-06T15:29:40.796764
230,10,13,2025-10-06 15:29:41.105383,Boston Bibb,butterhead,{},"{'cultivar_name': 'Boston Bibb', 'lettuce_type': 'butterhead', 'maturity_days': 60}","{'growth_rate': 0.5, 'leaf_size': 0.5, 'yield_potential': 0.5, 'disease_resistance': 0.5, 'heat_tolerance': 0.5, 'cold_tolerance': 0.5, 'bolting_tolerance': 0.5, 'chlorophyll_content': 0.5, 'root_development': 0.5, 'plant_architecture': 0.5, <GeneticTrait.GROWTH_RATE: 'growth_rate'>: 0.7}",{},0.0000,0.0000,"{'growth_rate': 0.5, 'leaf_size': 0.5, 'yield_potential': 0.5, 'disease_resistance': 0.5, 'heat_tolerance': 0.5, 'cold_tolerance': 0.5, 'bolting_tolerance': 0.5, 'chlorophyll_content': 0.5, 'root_development': 0.5, 'plant_architecture': 0.5, <GeneticTrait.GROWTH_RATE: 'growth_rate'>: 0.7}",{},{},1156680.0000,65520.0000,460,2025-10-06T15:29:40.956154
231,10,14,2025-10-06 15:29:41.261249,Boston Bibb,butterhead,{},"{'cultivar_name': 'Boston Bibb', 'lettuce_type': 'butterhead', 'maturity_days': 60}","{'growth_rate': 0.5, 'leaf_size': 0.5, 'yield_potential': 0.5, 'disease_resistance': 0.5, 'heat_tolerance': 0.5, 'cold_tolerance': 0.5, 'bolting_tolerance': 0.5, 'chlorophyll_content': 0.5, 'root_development': 0.5, 'plant_architecture': 0.5, <GeneticTrait.GROWTH_RATE: 'growth_rate'>: 0.7}",{},0.0000,0.0000,"{'growth_rate': 0.5, 'leaf_size': 0.5, 'yield_potential': 0.5, 'disease_resistance': 0.5, 'heat_tolerance': 0.5, 'cold_tolerance': 0.5, 'bolting_tolerance': 0.5, 'chlorophyll_content': 0.5, 'root_development': 0.5, 'plant_architecture': 0.5, <GeneticTrait.GROWTH_RATE: 'growth_rate'>: 0.7}",{},{},1161720.0000,70560.0000,462,2025-10-06T15:29:41.118699
232,10,15,2025-10-06 15:29:41.424526,Boston Bibb,butterhead,{},"{'cultivar_name': 'Boston Bibb', 'lettuce_type': 'butterhead', 'maturity_days': 60}","{'growth_rate': 0.5, 'leaf_size': 0.5, 'yield_potential': 0.5, 'disease_resistance': 0.5, 'heat_tolerance': 0.5, 'cold_tolerance': 0.5, 'bolting_tolerance': 0.5, 'chlorophyll_content': 0.5, 'root_development': 0.5, 'plant_architecture': 0.5, <GeneticTrait.GROWTH_RATE: 'growth_rate'>: 0.7}",{},0.0000,0.0000,"{'growth_rate': 0.5, 'leaf_size': 0.5, 'yield_potential': 0.5, 'disease_resistance': 0.5, 'heat_tolerance': 0.5, 'cold_tolerance': 0.5, 'bolting_tolerance': 0.5, 'chlorophyll_content': 0.5, 'root_development': 0.5, 'plant_architecture': 0.5, <GeneticTrait.GROWTH_RATE: 'growth_rate'>: 0.7}",{},{},1166760.0000,75600.0000,464,2025-10-06T15:29:41.275192
233,10,16,2025-10-06 15:29:41.581406,Boston Bibb,butterhead,{},"{'cultivar_name': 'Boston Bibb', 'lettuce_type': 'butterhead', 'maturity_days': 60}","{'growth_rate': 0.5, 'leaf_size': 0.5, 'yield_potential': 0.5, 'disease_resistance': 0.5, 'heat_tolerance': 0.5, 'cold_tolerance': 0.5, 'bolting_tolerance': 0.5, 'chlorophyll_content': 0.5, 'root_development': 0.5, 'plant_architecture': 0.5, <GeneticTrait.GROWTH_RATE: 'growth_rate'>: 0.7}",{},0.0000,0.0000,"{'growth_rate': 0.5, 'leaf_size': 0.5, 'yield_potential': 0.5, 'disease_resistance': 0.5, 'heat_tolerance': 0.5, 'cold_tolerance': 0.5, 'bolting_tolerance': 0.5, 'chlorophyll_content': 0.5, 'root_development': 0.5, 'plant_architecture': 0.5, <GeneticTrait.GROWTH_RATE: 'growth_rate'>: 0.7}",{},{},1171800.0000,80640.0000,466,2025-10-06T15:29:41.438479
234,10,17,2025-10-06 15:29:41.740888,Boston Bibb,butterhead,{},"{'cultivar_name': 'Boston Bibb', 'lettuce_type': 'butterhead', 'maturity_days': 60}","{'growth_rate': 0.5, 'leaf_size': 0.5, 'yield_potential': 0.5, 'disease_resistance': 0.5, 'heat_tolerance': 0.5, 'cold_tolerance': 0.5, 'bolting_tolerance': 0.5, 'chlorophyll_content': 0.5, 'root_development': 0.5, 'plant_architecture': 0.5, <GeneticTrait.GROWTH_RATE: 'growth_rate'>: 0.7}",{},0.0000,0.0000,"{'growth_rate': 0.5, 'leaf_size': 0.5, 'yield_potential': 0.5, 'disease_resistance': 0.5, 'heat_tolerance': 0.5, 'cold_tolerance': 0.5, 'bolting_tolerance': 0.5, 'chlorophyll_content': 0.5, 'root_development': 0.5, 'plant_architecture': 0.5, <GeneticTrait.GROWTH_RATE: 'growth_rate'>: 0.7}",{},{},1176840.0000,85680.0000,468,2025-10-06T15:29:41.595351
235,10,18,2025-10-06 15:29:41.903728,Boston Bibb,butterhead,{},"{'cultivar_name': 'Boston Bibb', 'lettuce_type': 'butterhead', 'maturity_days': 60}","{'growth_rate': 0.5, 'leaf_size': 0.5, 'yield_potential': 0.5, 'disease_resistance': 0.5, 'heat_tolerance': 0.5, 'cold_tolerance': 0.5, 'bolting_tolerance': 0.5, 'chlorophyll_content': 0.5, 'root_development': 0.5, 'plant_architecture': 0.5, <GeneticTrait.GROWTH_RATE: 'growth_rate'>: 0.7}",{},0.0000,0.0000,"{'growth_rate': 0.5, 'leaf_size': 0.5, 'yield_potential': 0.5, 'disease_resistance': 0.5, 'heat_tolerance': 0.5, 'cold_tolerance': 0.5, 'bolting_tolerance': 0.5, 'chlorophyll_content': 0.5, 'root_development': 0.5, 'plant_architecture': 0.5, <GeneticTrait.GROWTH_RATE: 'growth_rate'>: 0.7}",{},{},1181880.0000,90720.0000,470,2025-10-06T15:29:41.755100
236,10,19,2025-10-06 15:29:42.060497,Boston Bibb,butterhead,{},"{'cultivar_name': 'Boston Bibb', 'lettuce_type': 'butterhead', 'maturity_days': 60}","{'growth_rate': 0.5, 'leaf_size': 0.5, 'yield_potential': 0.5, 'disease_resistance': 0.5, 'heat_tolerance': 0.5, 'cold_tolerance': 0.5, 'bolting_tolerance': 0.5, 'chlorophyll_content': 0.5, 'root_development': 0.5, 'plant_architecture': 0.5, <GeneticTrait.GROWTH_RATE: 'growth_rate'>: 0.7}",{},0.0000,0.0000,"{'growth_rate': 0.5, 'leaf_size': 0.5, 'yield_potential': 0.5, 'disease_resistance': 0.5, 'heat_tolerance': 0.5, 'cold_tolerance': 0.5, 'bolting_tolerance': 0.5, 'chlorophyll_content': 0.5, 'root_development': 0.5, 'plant_architecture': 0.5, <GeneticTrait.GROWTH_RATE: 'growth_rate'>: 0.7}",{},{},1186920.0000,95760.0000,472,2025-10-06T15:29:41.917545
237,10,20,2025-10-06 15:29:42.220975,Boston Bibb,butterhead,{},"{'cultivar_name': 'Boston Bibb', 'lettuce_type': 'butterhead', 'maturity_days': 60}","{'growth_rate': 0.5, 'leaf_size': 0.5, 'yield_potential': 0.5, 'disease_resistance': 0.5, 'heat_tolerance': 0.5, 'cold_tolerance': 0.5, 'bolting_tolerance': 0.5, 'chlorophyll_content': 0.5, 'root_development': 0.5, 'plant_architecture': 0.5, <GeneticTrait.GROWTH_RATE: 'growth_rate'>: 0.7}",{},0.0000,0.0000,"{'growth_rate': 0.5, 'leaf_size': 0.5, 'yield_potential': 0.5, 'disease_resistance': 0.5, 'heat_tolerance': 0.5, 'cold_tolerance': 0.5, 'bolting_tolerance': 0.5, 'chlorophyll_content': 0.5, 'root_development': 0.5, 'plant_architecture': 0.5, <GeneticTrait.GROWTH_RATE: 'growth_rate'>: 0.7}",{},{},1191960.0000,100800.0000,474,2025-10-06T15:29:42.075135
238,10,21,2025-10-06 15:29:42.383637,Boston Bibb,butterhead,{},"{'cultivar_name': 'Boston Bibb', 'lettuce_type': 'butterhead', 'maturity_days': 60}","{'growth_rate': 0.5, 'leaf_size': 0.5, 'yield_potential': 0.5, 'disease_resistance': 0.5, 'heat_tolerance': 0.5, 'cold_tolerance': 0.5, 'bolting_tolerance': 0.5, 'chlorophyll_content': 0.5, 'root_development': 0.5, 'plant_architecture': 0.5, <GeneticTrait.GROWTH_RATE: 'growth_rate'>: 0.7}",{},0.0000,0.0000,"{'growth_rate': 0.5, 'leaf_size': 0.5, 'yield_potential': 0.5, 'disease_resistance': 0.5, 'heat_tolerance': 0.5, 'cold_tolerance': 0.5, 'bolting_tolerance': 0.5, 'chlorophyll_content': 0.5, 'root_development': 0.5, 'plant_architecture': 0.5, <GeneticTrait.GROWTH_RATE: 'growth_rate'>: 0.7}",{},{},1197000.0000,105840.0000,476,2025-10-06T15:29:42.233663
239,10,22,2025-10-06 15:29:42.545658,Boston Bibb,butterhead,{},"{'cultivar_name': 'Boston Bibb', 'lettuce_type': 'butterhead', 'maturity_days': 60}","{'growth_rate': 0.5, 'leaf_size': 0.5, 'yield_potential': 0.5, 'disease_resistance': 0.5, 'heat_tolerance': 0.5, 'cold_tolerance': 0.5, 'bolting_tolerance': 0.5, 'chlorophyll_content': 0.5, 'root_development': 0.5, 'plant_architecture': 0.5, <GeneticTrait.GROWTH_RATE: 'growth_rate'>: 0.7}",{},0.0000,0.0000,"{'growth_rate': 0.5, 'leaf_size': 0.5, 'yield_potential': 0.5, 'disease_resistance': 0.5, 'heat_tolerance': 0.5, 'cold_tolerance': 0.5, 'bolting_tolerance': 0.5, 'chlorophyll_content': 0.5, 'root_development': 0.5, 'plant_architecture': 0.5, <GeneticTrait.GROWTH_RATE: 'growth_rate'>: 0.7}",{},{},1202040.0000,110880.0000,478,2025-10-06T15:29:42.397575
240,10,23,2025-10-06 15:29:42.706189,Boston Bibb,butterhead,{},"{'cultivar_name': 'Boston Bibb', 'lettuce_type': 'butterhead', 'maturity_days': 60}","{'growth_rate': 0.5, 'leaf_size': 0.5, 'yield_potential': 0.5, 'disease_resistance': 0.5, 'heat_tolerance': 0.5, 'cold_tolerance': 0.5, 'bolting_tolerance': 0.5, 'chlorophyll_content': 0.5, 'root_development': 0.5, 'plant_architecture': 0.5, <GeneticTrait.GROWTH_RATE: 'growth_rate'>: 0.7}",{},0.0000,0.0000,"{'growth_rate': 0.5, 'leaf_size': 0.5, 'yield_potential': 0.5, 'disease_resistance': 0.5, 'heat_tolerance': 0.5, 'cold_tolerance': 0.5, 'bolting_tolerance': 0.5, 'chlorophyll_content': 0.5, 'root_development': 0.5, 'plant_architecture': 0.5, <GeneticTrait.GROWTH_RATE: 'growth_rate'>: 0.7}",{},{},1207080.0000,115920.0000,480,2025-10-06T15:29:42.559261
241,11,0,2025-10-06 15:29:42.869783,Boston Bibb,butterhead,{},"{'cultivar_name': 'Boston Bibb', 'lettuce_type': 'butterhead', 'maturity_days': 60}","{'growth_rate': 0.5, 'leaf_size': 0.5, 'yield_potential': 0.5, 'disease_resistance': 0.5, 'heat_tolerance': 0.5, 'cold_tolerance': 0.5, 'bolting_tolerance': 0.5, 'chlorophyll_content': 0.5, 'root_development': 0.5, 'plant_architecture': 0.5, <GeneticTrait.GROWTH_RATE: 'growth_rate'>: 0.7}",{},0.0000,0.0000,"{'growth_rate': 0.5, 'leaf_size': 0.5, 'yield_potential': 0.5, 'disease_resistance': 0.5, 'heat_tolerance': 0.5, 'cold_tolerance': 0.5, 'bolting_tolerance': 0.5, 'chlorophyll_content': 0.5, 'root_development': 0.5, 'plant_architecture': 0.5, <GeneticTrait.GROWTH_RATE: 'growth_rate'>: 0.7}",{},{},1212120.0000,0.0000,482,2025-10-06T15:29:42.720618
242,11,1,2025-10-06 15:29:43.028709,Boston Bibb,butterhead,{},"{'cultivar_name': 'Boston Bibb', 'lettuce_type': 'butterhead', 'maturity_days': 60}","{'growth_rate': 0.5, 'leaf_size': 0.5, 'yield_potential': 0.5, 'disease_resistance': 0.5, 'heat_tolerance': 0.5, 'cold_tolerance': 0.5, 'bolting_tolerance': 0.5, 'chlorophyll_content': 0.5, 'root_development': 0.5, 'plant_architecture': 0.5, <GeneticTrait.GROWTH_RATE: 'growth_rate'>: 0.7}",{},0.0000,0.0000,"{'growth_rate': 0.5, 'leaf_size': 0.5, 'yield_potential': 0.5, 'disease_resistance': 0.5, 'heat_tolerance': 0.5, 'cold_tolerance': 0.5, 'bolting_tolerance': 0.5, 'chlorophyll_content': 0.5, 'root_development': 0.5, 'plant_architecture': 0.5, <GeneticTrait.GROWTH_RATE: 'growth_rate'>: 0.7}",{},{},1217160.0000,5040.0000,484,2025-10-06T15:29:42.883757
243,11,2,2025-10-06 15:29:43.188824,Boston Bibb,butterhead,{},"{'cultivar_name': 'Boston Bibb', 'lettuce_type': 'butterhead', 'maturity_days': 60}","{'growth_rate': 0.5, 'leaf_size': 0.5, 'yield_potential': 0.5, 'disease_resistance': 0.5, 'heat_tolerance': 0.5, 'cold_tolerance': 0.5, 'bolting_tolerance': 0.5, 'chlorophyll_content': 0.5, 'root_development': 0.5, 'plant_architecture': 0.5, <GeneticTrait.GROWTH_RATE: 'growth_rate'>: 0.7}",{},0.0000,0.0000,"{'growth_rate': 0.5, 'leaf_size': 0.5, 'yield_potential': 0.5, 'disease_resistance': 0.5, 'heat_tolerance': 0.5, 'cold_tolerance': 0.5, 'bolting_tolerance': 0.5, 'chlorophyll_content': 0.5, 'root_development': 0.5, 'plant_architecture': 0.5, <GeneticTrait.GROWTH_RATE: 'growth_rate'>: 0.7}",{},{},1222200.0000,10080.0000,486,2025-10-06T15:29:43.041366
244,11,3,2025-10-06 15:29:43.351626,Boston Bibb,butterhead,{},"{'cultivar_name': 'Boston Bibb', 'lettuce_type': 'butterhead', 'maturity_days': 60}","{'growth_rate': 0.5, 'leaf_size': 0.5, 'yield_potential': 0.5, 'disease_resistance': 0.5, 'heat_tolerance': 0.5, 'cold_tolerance': 0.5, 'bolting_tolerance': 0.5, 'chlorophyll_content': 0.5, 'root_development': 0.5, 'plant_architecture': 0.5, <GeneticTrait.GROWTH_RATE: 'growth_rate'>: 0.7}",{},0.0000,0.0000,"{'growth_rate': 0.5, 'leaf_size': 0.5, 'yield_potential': 0.5, 'disease_resistance': 0.5, 'heat_tolerance': 0.5, 'cold_tolerance': 0.5, 'bolting_tolerance': 0.5, 'chlorophyll_content': 0.5, 'root_development': 0.5, 'plant_architecture': 0.5, <GeneticTrait.GROWTH_RATE: 'growth_rate'>: 0.7}",{},{},1227240.0000,15120.0000,488,2025-10-06T15:29:43.203000
245,11,4,2025-10-06 15:29:43.512723,Boston Bibb,butterhead,{},"{'cultivar_name': 'Boston Bibb', 'lettuce_type': 'butterhead', 'maturity_days': 60}","{'growth_rate': 0.5, 'leaf_size': 0.5, 'yield_potential': 0.5, 'disease_resistance': 0.5, 'heat_tolerance': 0.5, 'cold_tolerance': 0.5, 'bolting_tolerance': 0.5, 'chlorophyll_content': 0.5, 'root_development': 0.5, 'plant_architecture': 0.5, <GeneticTrait.GROWTH_RATE: 'growth_rate'>: 0.7}",{},0.0000,0.0000,"{'growth_rate': 0.5, 'leaf_size': 0.5, 'yield_potential': 0.5, 'disease_resistance': 0.5, 'heat_tolerance': 0.5, 'cold_tolerance': 0.5, 'bolting_tolerance': 0.5, 'chlorophyll_content': 0.5, 'root_development': 0.5, 'plant_architecture': 0.5, <GeneticTrait.GROWTH_RATE: 'growth_rate'>: 0.7}",{},{},1232280.0000,20160.0000,490,2025-10-06T15:29:43.363622
246,11,5,2025-10-06 15:29:43.674706,Boston Bibb,butterhead,{},"{'cultivar_name': 'Boston Bibb', 'lettuce_type': 'butterhead', 'maturity_days': 60}","{'growth_rate': 0.5, 'leaf_size': 0.5, 'yield_potential': 0.5, 'disease_resistance': 0.5, 'heat_tolerance': 0.5, 'cold_tolerance': 0.5, 'bolting_tolerance': 0.5, 'chlorophyll_content': 0.5, 'root_development': 0.5, 'plant_architecture': 0.5, <GeneticTrait.GROWTH_RATE: 'growth_rate'>: 0.7}",{},0.0000,0.0000,"{'growth_rate': 0.5, 'leaf_size': 0.5, 'yield_potential': 0.5, 'disease_resistance': 0.5, 'heat_tolerance': 0.5, 'cold_tolerance': 0.5, 'bolting_tolerance': 0.5, 'chlorophyll_content': 0.5, 'root_development': 0.5, 'plant_architecture': 0.5, <GeneticTrait.GROWTH_RATE: 'growth_rate'>: 0.7}",{},{},1237320.0000,25200.0000,492,2025-10-06T15:29:43.526880
247,11,6,2025-10-06 15:29:43.833839,Boston Bibb,butterhead,{},"{'cultivar_name': 'Boston Bibb', 'lettuce_type': 'butterhead', 'maturity_days': 60}","{'growth_rate': 0.5, 'leaf_size': 0.5, 'yield_potential': 0.5, 'disease_resistance': 0.5, 'heat_tolerance': 0.5, 'cold_tolerance': 0.5, 'bolting_tolerance': 0.5, 'chlorophyll_content': 0.5, 'root_development': 0.5, 'plant_architecture': 0.5, <GeneticTrait.GROWTH_RATE: 'growth_rate'>: 0.7}",{},0.0000,0.0000,"{'growth_rate': 0.5, 'leaf_size': 0.5, 'yield_potential': 0.5, 'disease_resistance': 0.5, 'heat_tolerance': 0.5, 'cold_tolerance': 0.5, 'bolting_tolerance': 0.5, 'chlorophyll_content': 0.5, 'root_development': 0.5, 'plant_architecture': 0.5, <GeneticTrait.GROWTH_RATE: 'growth_rate'>: 0.7}",{},{},1242360.0000,30240.0000,494,2025-10-06T15:29:43.687028
248,11,7,2025-10-06 15:29:43.998642,Boston Bibb,butterhead,{},"{'cultivar_name': 'Boston Bibb', 'lettuce_type': 'butterhead', 'maturity_days': 60}","{'growth_rate': 0.5, 'leaf_size': 0.5, 'yield_potential': 0.5, 'disease_resistance': 0.5, 'heat_tolerance': 0.5, 'cold_tolerance': 0.5, 'bolting_tolerance': 0.5, 'chlorophyll_content': 0.5, 'root_development': 0.5, 'plant_architecture': 0.5, <GeneticTrait.GROWTH_RATE: 'growth_rate'>: 0.7}",{},0.0000,0.0000,"{'growth_rate': 0.5, 'leaf_size': 0.5, 'yield_potential': 0.5, 'disease_resistance': 0.5, 'heat_tolerance': 0.5, 'cold_tolerance': 0.5, 'bolting_tolerance': 0.5, 'chlorophyll_content': 0.5, 'root_development': 0.5, 'plant_architecture': 0.5, <GeneticTrait.GROWTH_RATE: 'growth_rate'>: 0.7}",{},{},1247400.0000,35280.0000,496,2025-10-06T15:29:43.848068
249,11,8,2025-10-06 15:29:44.158405,Boston Bibb,butterhead,{},"{'cultivar_name': 'Boston Bibb', 'lettuce_type': 'butterhead', 'maturity_days': 60}","{'growth_rate': 0.5, 'leaf_size': 0.5, 'yield_potential': 0.5, 'disease_resistance': 0.5, 'heat_tolerance': 0.5, 'cold_tolerance': 0.5, 'bolting_tolerance': 0.5, 'chlorophyll_content': 0.5, 'root_development': 0.5, 'plant_architecture': 0.5, <GeneticTrait.GROWTH_RATE: 'growth_rate'>: 0.7}",{},0.0000,0.0000,"{'growth_rate': 0.5, 'leaf_size': 0.5, 'yield_potential': 0.5, 'disease_resistance': 0.5, 'heat_tolerance': 0.5, 'cold_tolerance': 0.5, 'bolting_tolerance': 0.5, 'chlorophyll_content': 0.5, 'root_development': 0.5, 'plant_architecture': 0.5, <GeneticTrait.GROWTH_RATE: 'growth_rate'>: 0.7}",{},{},1252440.0000,40320.0000,498,2025-10-06T15:29:44.012738
250,11,9,2025-10-06 15:29:44.318796,Boston Bibb,butterhead,{},"{'cultivar_name': 'Boston Bibb', 'lettuce_type': 'butterhead', 'maturity_days': 60}","{'growth_rate': 0.5, 'leaf_size': 0.5, 'yield_potential': 0.5, 'disease_resistance': 0.5, 'heat_tolerance': 0.5, 'cold_tolerance': 0.5, 'bolting_tolerance': 0.5, 'chlorophyll_content': 0.5, 'root_development': 0.5, 'plant_architecture': 0.5, <GeneticTrait.GROWTH_RATE: 'growth_rate'>: 0.7}",{},0.0000,0.0000,"{'growth_rate': 0.5, 'leaf_size': 0.5, 'yield_potential': 0.5, 'disease_resistance': 0.5, 'heat_tolerance': 0.5, 'cold_tolerance': 0.5, 'bolting_tolerance': 0.5, 'chlorophyll_content': 0.5, 'root_development': 0.5, 'plant_architecture': 0.5, <GeneticTrait.GROWTH_RATE: 'growth_rate'>: 0.7}",{},{},1257480.0000,45360.0000,500,2025-10-06T15:29:44.172383
251,11,10,2025-10-06 15:29:44.478096,Boston Bibb,butterhead,{},"{'cultivar_name': 'Boston Bibb', 'lettuce_type': 'butterhead', 'maturity_days': 60}","{'growth_rate': 0.5, 'leaf_size': 0.5, 'yield_potential': 0.5, 'disease_resistance': 0.5, 'heat_tolerance': 0.5, 'cold_tolerance': 0.5, 'bolting_tolerance': 0.5, 'chlorophyll_content': 0.5, 'root_development': 0.5, 'plant_architecture': 0.5, <GeneticTrait.GROWTH_RATE: 'growth_rate'>: 0.7}",{},0.0000,0.0000,"{'growth_rate': 0.5, 'leaf_size': 0.5, 'yield_potential': 0.5, 'disease_resistance': 0.5, 'heat_tolerance': 0.5, 'cold_tolerance': 0.5, 'bolting_tolerance': 0.5, 'chlorophyll_content': 0.5, 'root_development': 0.5, 'plant_architecture': 0.5, <GeneticTrait.GROWTH_RATE: 'growth_rate'>: 0.7}",{},{},1262520.0000,50400.0000,502,2025-10-06T15:29:44.332539
252,11,11,2025-10-06 15:29:44.640326,Boston Bibb,butterhead,{},"{'cultivar_name': 'Boston Bibb', 'lettuce_type': 'butterhead', 'maturity_days': 60}","{'growth_rate': 0.5, 'leaf_size': 0.5, 'yield_potential': 0.5, 'disease_resistance': 0.5, 'heat_tolerance': 0.5, 'cold_tolerance': 0.5, 'bolting_tolerance': 0.5, 'chlorophyll_content': 0.5, 'root_development': 0.5, 'plant_architecture': 0.5, <GeneticTrait.GROWTH_RATE: 'growth_rate'>: 0.7}",{},0.0000,0.0000,"{'growth_rate': 0.5, 'leaf_size': 0.5, 'yield_potential': 0.5, 'disease_resistance': 0.5, 'heat_tolerance': 0.5, 'cold_tolerance': 0.5, 'bolting_tolerance': 0.5, 'chlorophyll_content': 0.5, 'root_development': 0.5, 'plant_architecture': 0.5, <GeneticTrait.GROWTH_RATE: 'growth_rate'>: 0.7}",{},{},1267560.0000,55440.0000,504,2025-10-06T15:29:44.491169
253,11,12,2025-10-06 15:29:44.803726,Boston Bibb,butterhead,{},"{'cultivar_name': 'Boston Bibb', 'lettuce_type': 'butterhead', 'maturity_days': 60}","{'growth_rate': 0.5, 'leaf_size': 0.5, 'yield_potential': 0.5, 'disease_resistance': 0.5, 'heat_tolerance': 0.5, 'cold_tolerance': 0.5, 'bolting_tolerance': 0.5, 'chlorophyll_content': 0.5, 'root_development': 0.5, 'plant_architecture': 0.5, <GeneticTrait.GROWTH_RATE: 'growth_rate'>: 0.7}",{},0.0000,0.0000,"{'growth_rate': 0.5, 'leaf_size': 0.5, 'yield_potential': 0.5, 'disease_resistance': 0.5, 'heat_tolerance': 0.5, 'cold_tolerance': 0.5, 'bolting_tolerance': 0.5, 'chlorophyll_content': 0.5, 'root_development': 0.5, 'plant_architecture': 0.5, <GeneticTrait.GROWTH_RATE: 'growth_rate'>: 0.7}",{},{},1272600.0000,60480.0000,506,2025-10-06T15:29:44.654523
254,11,13,2025-10-06 15:29:44.966216,Boston Bibb,butterhead,{},"{'cultivar_name': 'Boston Bibb', 'lettuce_type': 'butterhead', 'maturity_days': 60}","{'growth_rate': 0.5, 'leaf_size': 0.5, 'yield_potential': 0.5, 'disease_resistance': 0.5, 'heat_tolerance': 0.5, 'cold_tolerance': 0.5, 'bolting_tolerance': 0.5, 'chlorophyll_content': 0.5, 'root_development': 0.5, 'plant_architecture': 0.5, <GeneticTrait.GROWTH_RATE: 'growth_rate'>: 0.7}",{},0.0000,0.0000,"{'growth_rate': 0.5, 'leaf_size': 0.5, 'yield_potential': 0.5, 'disease_resistance': 0.5, 'heat_tolerance': 0.5, 'cold_tolerance': 0.5, 'bolting_tolerance': 0.5, 'chlorophyll_content': 0.5, 'root_development': 0.5, 'plant_architecture': 0.5, <GeneticTrait.GROWTH_RATE: 'growth_rate'>: 0.7}",{},{},1277640.0000,65520.0000,508,2025-10-06T15:29:44.817153
255,11,14,2025-10-06 15:29:45.125981,Boston Bibb,butterhead,{},"{'cultivar_name': 'Boston Bibb', 'lettuce_type': 'butterhead', 'maturity_days': 60}","{'growth_rate': 0.5, 'leaf_size': 0.5, 'yield_potential': 0.5, 'disease_resistance': 0.5, 'heat_tolerance': 0.5, 'cold_tolerance': 0.5, 'bolting_tolerance': 0.5, 'chlorophyll_content': 0.5, 'root_development': 0.5, 'plant_architecture': 0.5, <GeneticTrait.GROWTH_RATE: 'growth_rate'>: 0.7}",{},0.0000,0.0000,"{'growth_rate': 0.5, 'leaf_size': 0.5, 'yield_potential': 0.5, 'disease_resistance': 0.5, 'heat_tolerance': 0.5, 'cold_tolerance': 0.5, 'bolting_tolerance': 0.5, 'chlorophyll_content': 0.5, 'root_development': 0.5, 'plant_architecture': 0.5, <GeneticTrait.GROWTH_RATE: 'growth_rate'>: 0.7}",{},{},1282680.0000,70560.0000,510,2025-10-06T15:29:44.980183
256,11,15,2025-10-06 15:29:45.283824,Boston Bibb,butterhead,{},"{'cultivar_name': 'Boston Bibb', 'lettuce_type': 'butterhead', 'maturity_days': 60}","{'growth_rate': 0.5, 'leaf_size': 0.5, 'yield_potential': 0.5, 'disease_resistance': 0.5, 'heat_tolerance': 0.5, 'cold_tolerance': 0.5, 'bolting_tolerance': 0.5, 'chlorophyll_content': 0.5, 'root_development': 0.5, 'plant_architecture': 0.5, <GeneticTrait.GROWTH_RATE: 'growth_rate'>: 0.7}",{},0.0000,0.0000,"{'growth_rate': 0.5, 'leaf_size': 0.5, 'yield_potential': 0.5, 'disease_resistance': 0.5, 'heat_tolerance': 0.5, 'cold_tolerance': 0.5, 'bolting_tolerance': 0.5, 'chlorophyll_content': 0.5, 'root_development': 0.5, 'plant_architecture': 0.5, <GeneticTrait.GROWTH_RATE: 'growth_rate'>: 0.7}",{},{},1287720.0000,75600.0000,512,2025-10-06T15:29:45.140126
257,11,16,2025-10-06 15:29:45.443902,Boston Bibb,butterhead,{},"{'cultivar_name': 'Boston Bibb', 'lettuce_type': 'butterhead', 'maturity_days': 60}","{'growth_rate': 0.5, 'leaf_size': 0.5, 'yield_potential': 0.5, 'disease_resistance': 0.5, 'heat_tolerance': 0.5, 'cold_tolerance': 0.5, 'bolting_tolerance': 0.5, 'chlorophyll_content': 0.5, 'root_development': 0.5, 'plant_architecture': 0.5, <GeneticTrait.GROWTH_RATE: 'growth_rate'>: 0.7}",{},0.0000,0.0000,"{'growth_rate': 0.5, 'leaf_size': 0.5, 'yield_potential': 0.5, 'disease_resistance': 0.5, 'heat_tolerance': 0.5, 'cold_tolerance': 0.5, 'bolting_tolerance': 0.5, 'chlorophyll_content': 0.5, 'root_development': 0.5, 'plant_architecture': 0.5, <GeneticTrait.GROWTH_RATE: 'growth_rate'>: 0.7}",{},{},1292760.0000,80640.0000,514,2025-10-06T15:29:45.298023
258,11,17,2025-10-06 15:29:45.607693,Boston Bibb,butterhead,{},"{'cultivar_name': 'Boston Bibb', 'lettuce_type': 'butterhead', 'maturity_days': 60}","{'growth_rate': 0.5, 'leaf_size': 0.5, 'yield_potential': 0.5, 'disease_resistance': 0.5, 'heat_tolerance': 0.5, 'cold_tolerance': 0.5, 'bolting_tolerance': 0.5, 'chlorophyll_content': 0.5, 'root_development': 0.5, 'plant_architecture': 0.5, <GeneticTrait.GROWTH_RATE: 'growth_rate'>: 0.7}",{},0.0000,0.0000,"{'growth_rate': 0.5, 'leaf_size': 0.5, 'yield_potential': 0.5, 'disease_resistance': 0.5, 'heat_tolerance': 0.5, 'cold_tolerance': 0.5, 'bolting_tolerance': 0.5, 'chlorophyll_content': 0.5, 'root_development': 0.5, 'plant_architecture': 0.5, <GeneticTrait.GROWTH_RATE: 'growth_rate'>: 0.7}",{},{},1297800.0000,85680.0000,516,2025-10-06T15:29:45.457959
259,11,18,2025-10-06 15:29:45.767767,Boston Bibb,butterhead,{},"{'cultivar_name': 'Boston Bibb', 'lettuce_type': 'butterhead', 'maturity_days': 60}","{'growth_rate': 0.5, 'leaf_size': 0.5, 'yield_potential': 0.5, 'disease_resistance': 0.5, 'heat_tolerance': 0.5, 'cold_tolerance': 0.5, 'bolting_tolerance': 0.5, 'chlorophyll_content': 0.5, 'root_development': 0.5, 'plant_architecture': 0.5, <GeneticTrait.GROWTH_RATE: 'growth_rate'>: 0.7}",{},0.0000,0.0000,"{'growth_rate': 0.5, 'leaf_size': 0.5, 'yield_potential': 0.5, 'disease_resistance': 0.5, 'heat_tolerance': 0.5, 'cold_tolerance': 0.5, 'bolting_tolerance': 0.5, 'chlorophyll_content': 0.5, 'root_development': 0.5, 'plant_architecture': 0.5, <GeneticTrait.GROWTH_RATE: 'growth_rate'>: 0.7}",{},{},1302840.0000,90720.0000,518,2025-10-06T15:29:45.621865
260,11,19,2025-10-06 15:29:45.926240,Boston Bibb,butterhead,{},"{'cultivar_name': 'Boston Bibb', 'lettuce_type': 'butterhead', 'maturity_days': 60}","{'growth_rate': 0.5, 'leaf_size': 0.5, 'yield_potential': 0.5, 'disease_resistance': 0.5, 'heat_tolerance': 0.5, 'cold_tolerance': 0.5, 'bolting_tolerance': 0.5, 'chlorophyll_content': 0.5, 'root_development': 0.5, 'plant_architecture': 0.5, <GeneticTrait.GROWTH_RATE: 'growth_rate'>: 0.7}",{},0.0000,0.0000,"{'growth_rate': 0.5, 'leaf_size': 0.5, 'yield_potential': 0.5, 'disease_resistance': 0.5, 'heat_tolerance': 0.5, 'cold_tolerance': 0.5, 'bolting_tolerance': 0.5, 'chlorophyll_content': 0.5, 'root_development': 0.5, 'plant_architecture': 0.5, <GeneticTrait.GROWTH_RATE: 'growth_rate'>: 0.7}",{},{},1307880.0000,95760.0000,520,2025-10-06T15:29:45.781733
261,11,20,2025-10-06 15:29:46.083714,Boston Bibb,butterhead,{},"{'cultivar_name': 'Boston Bibb', 'lettuce_type': 'butterhead', 'maturity_days': 60}","{'growth_rate': 0.5, 'leaf_size': 0.5, 'yield_potential': 0.5, 'disease_resistance': 0.5, 'heat_tolerance': 0.5, 'cold_tolerance': 0.5, 'bolting_tolerance': 0.5, 'chlorophyll_content': 0.5, 'root_development': 0.5, 'plant_architecture': 0.5, <GeneticTrait.GROWTH_RATE: 'growth_rate'>: 0.7}",{},0.0000,0.0000,"{'growth_rate': 0.5, 'leaf_size': 0.5, 'yield_potential': 0.5, 'disease_resistance': 0.5, 'heat_tolerance': 0.5, 'cold_tolerance': 0.5, 'bolting_tolerance': 0.5, 'chlorophyll_content': 0.5, 'root_development': 0.5, 'plant_architecture': 0.5, <GeneticTrait.GROWTH_RATE: 'growth_rate'>: 0.7}",{},{},1312920.0000,100800.0000,522,2025-10-06T15:29:45.940231
262,11,21,2025-10-06 15:29:46.245357,Boston Bibb,butterhead,{},"{'cultivar_name': 'Boston Bibb', 'lettuce_type': 'butterhead', 'maturity_days': 60}","{'growth_rate': 0.5, 'leaf_size': 0.5, 'yield_potential': 0.5, 'disease_resistance': 0.5, 'heat_tolerance': 0.5, 'cold_tolerance': 0.5, 'bolting_tolerance': 0.5, 'chlorophyll_content': 0.5, 'root_development': 0.5, 'plant_architecture': 0.5, <GeneticTrait.GROWTH_RATE: 'growth_rate'>: 0.7}",{},0.0000,0.0000,"{'growth_rate': 0.5, 'leaf_size': 0.5, 'yield_potential': 0.5, 'disease_resistance': 0.5, 'heat_tolerance': 0.5, 'cold_tolerance': 0.5, 'bolting_tolerance': 0.5, 'chlorophyll_content': 0.5, 'root_development': 0.5, 'plant_architecture': 0.5, <GeneticTrait.GROWTH_RATE: 'growth_rate'>: 0.7}",{},{},1317960.0000,105840.0000,524,2025-10-06T15:29:46.097780
263,11,22,2025-10-06 15:29:46.407211,Boston Bibb,butterhead,{},"{'cultivar_name': 'Boston Bibb', 'lettuce_type': 'butterhead', 'maturity_days': 60}","{'growth_rate': 0.5, 'leaf_size': 0.5, 'yield_potential': 0.5, 'disease_resistance': 0.5, 'heat_tolerance': 0.5, 'cold_tolerance': 0.5, 'bolting_tolerance': 0.5, 'chlorophyll_content': 0.5, 'root_development': 0.5, 'plant_architecture': 0.5, <GeneticTrait.GROWTH_RATE: 'growth_rate'>: 0.7}",{},0.0000,0.0000,"{'growth_rate': 0.5, 'leaf_size': 0.5, 'yield_potential': 0.5, 'disease_resistance': 0.5, 'heat_tolerance': 0.5, 'cold_tolerance': 0.5, 'bolting_tolerance': 0.5, 'chlorophyll_content': 0.5, 'root_development': 0.5, 'plant_architecture': 0.5, <GeneticTrait.GROWTH_RATE: 'growth_rate'>: 0.7}",{},{},1323000.0000,110880.0000,526,2025-10-06T15:29:46.258769
264,11,23,2025-10-06 15:29:46.567123,Boston Bibb,butterhead,{},"{'cultivar_name': 'Boston Bibb', 'lettuce_type': 'butterhead', 'maturity_days': 60}","{'growth_rate': 0.5, 'leaf_size': 0.5, 'yield_potential': 0.5, 'disease_resistance': 0.5, 'heat_tolerance': 0.5, 'cold_tolerance': 0.5, 'bolting_tolerance': 0.5, 'chlorophyll_content': 0.5, 'root_development': 0.5, 'plant_architecture': 0.5, <GeneticTrait.GROWTH_RATE: 'growth_rate'>: 0.7}",{},0.0000,0.0000,"{'growth_rate': 0.5, 'leaf_size': 0.5, 'yield_potential': 0.5, 'disease_resistance': 0.5, 'heat_tolerance': 0.5, 'cold_tolerance': 0.5, 'bolting_tolerance': 0.5, 'chlorophyll_content': 0.5, 'root_development': 0.5, 'plant_architecture': 0.5, <GeneticTrait.GROWTH_RATE: 'growth_rate'>: 0.7}",{},{},1328040.0000,115920.0000,528,2025-10-06T15:29:46.420364
265,12,0,2025-10-06 15:29:46.731766,Boston Bibb,butterhead,{},"{'cultivar_name': 'Boston Bibb', 'lettuce_type': 'butterhead', 'maturity_days': 60}","{'growth_rate': 0.5, 'leaf_size': 0.5, 'yield_potential': 0.5, 'disease_resistance': 0.5, 'heat_tolerance': 0.5, 'cold_tolerance': 0.5, 'bolting_tolerance': 0.5, 'chlorophyll_content': 0.5, 'root_development': 0.5, 'plant_architecture': 0.5, <GeneticTrait.GROWTH_RATE: 'growth_rate'>: 0.7}",{},0.0000,0.0000,"{'growth_rate': 0.5, 'leaf_size': 0.5, 'yield_potential': 0.5, 'disease_resistance': 0.5, 'heat_tolerance': 0.5, 'cold_tolerance': 0.5, 'bolting_tolerance': 0.5, 'chlorophyll_content': 0.5, 'root_development': 0.5, 'plant_architecture': 0.5, <GeneticTrait.GROWTH_RATE: 'growth_rate'>: 0.7}",{},{},1333080.0000,0.0000,530,2025-10-06T15:29:46.582152
266,12,1,2025-10-06 15:29:46.890051,Boston Bibb,butterhead,{},"{'cultivar_name': 'Boston Bibb', 'lettuce_type': 'butterhead', 'maturity_days': 60}","{'growth_rate': 0.5, 'leaf_size': 0.5, 'yield_potential': 0.5, 'disease_resistance': 0.5, 'heat_tolerance': 0.5, 'cold_tolerance': 0.5, 'bolting_tolerance': 0.5, 'chlorophyll_content': 0.5, 'root_development': 0.5, 'plant_architecture': 0.5, <GeneticTrait.GROWTH_RATE: 'growth_rate'>: 0.7}",{},0.0000,0.0000,"{'growth_rate': 0.5, 'leaf_size': 0.5, 'yield_potential': 0.5, 'disease_resistance': 0.5, 'heat_tolerance': 0.5, 'cold_tolerance': 0.5, 'bolting_tolerance': 0.5, 'chlorophyll_content': 0.5, 'root_development': 0.5, 'plant_architecture': 0.5, <GeneticTrait.GROWTH_RATE: 'growth_rate'>: 0.7}",{},{},1338120.0000,5040.0000,532,2025-10-06T15:29:46.743771
267,12,2,2025-10-06 15:29:47.047944,Boston Bibb,butterhead,{},"{'cultivar_name': 'Boston Bibb', 'lettuce_type': 'butterhead', 'maturity_days': 60}","{'growth_rate': 0.5, 'leaf_size': 0.5, 'yield_potential': 0.5, 'disease_resistance': 0.5, 'heat_tolerance': 0.5, 'cold_tolerance': 0.5, 'bolting_tolerance': 0.5, 'chlorophyll_content': 0.5, 'root_development': 0.5, 'plant_architecture': 0.5, <GeneticTrait.GROWTH_RATE: 'growth_rate'>: 0.7}",{},0.0000,0.0000,"{'growth_rate': 0.5, 'leaf_size': 0.5, 'yield_potential': 0.5, 'disease_resistance': 0.5, 'heat_tolerance': 0.5, 'cold_tolerance': 0.5, 'bolting_tolerance': 0.5, 'chlorophyll_content': 0.5, 'root_development': 0.5, 'plant_architecture': 0.5, <GeneticTrait.GROWTH_RATE: 'growth_rate'>: 0.7}",{},{},1343160.0000,10080.0000,534,2025-10-06T15:29:46.903671
268,12,3,2025-10-06 15:29:47.210277,Boston Bibb,butterhead,{},"{'cultivar_name': 'Boston Bibb', 'lettuce_type': 'butterhead', 'maturity_days': 60}","{'growth_rate': 0.5, 'leaf_size': 0.5, 'yield_potential': 0.5, 'disease_resistance': 0.5, 'heat_tolerance': 0.5, 'cold_tolerance': 0.5, 'bolting_tolerance': 0.5, 'chlorophyll_content': 0.5, 'root_development': 0.5, 'plant_architecture': 0.5, <GeneticTrait.GROWTH_RATE: 'growth_rate'>: 0.7}",{},0.0000,0.0000,"{'growth_rate': 0.5, 'leaf_size': 0.5, 'yield_potential': 0.5, 'disease_resistance': 0.5, 'heat_tolerance': 0.5, 'cold_tolerance': 0.5, 'bolting_tolerance': 0.5, 'chlorophyll_content': 0.5, 'root_development': 0.5, 'plant_architecture': 0.5, <GeneticTrait.GROWTH_RATE: 'growth_rate'>: 0.7}",{},{},1348200.0000,15120.0000,536,2025-10-06T15:29:47.062067
269,12,4,2025-10-06 15:29:47.367901,Boston Bibb,butterhead,{},"{'cultivar_name': 'Boston Bibb', 'lettuce_type': 'butterhead', 'maturity_days': 60}","{'growth_rate': 0.5, 'leaf_size': 0.5, 'yield_potential': 0.5, 'disease_resistance': 0.5, 'heat_tolerance': 0.5, 'cold_tolerance': 0.5, 'bolting_tolerance': 0.5, 'chlorophyll_content': 0.5, 'root_development': 0.5, 'plant_architecture': 0.5, <GeneticTrait.GROWTH_RATE: 'growth_rate'>: 0.7}",{},0.0000,0.0000,"{'growth_rate': 0.5, 'leaf_size': 0.5, 'yield_potential': 0.5, 'disease_resistance': 0.5, 'heat_tolerance': 0.5, 'cold_tolerance': 0.5, 'bolting_tolerance': 0.5, 'chlorophyll_content': 0.5, 'root_development': 0.5, 'plant_architecture': 0.5, <GeneticTrait.GROWTH_RATE: 'growth_rate'>: 0.7}",{},{},1353240.0000,20160.0000,538,2025-10-06T15:29:47.224544
270,12,5,2025-10-06 15:29:47.526105,Boston Bibb,butterhead,{},"{'cultivar_name': 'Boston Bibb', 'lettuce_type': 'butterhead', 'maturity_days': 60}","{'growth_rate': 0.5, 'leaf_size': 0.5, 'yield_potential': 0.5, 'disease_resistance': 0.5, 'heat_tolerance': 0.5, 'cold_tolerance': 0.5, 'bolting_tolerance': 0.5, 'chlorophyll_content': 0.5, 'root_development': 0.5, 'plant_architecture': 0.5, <GeneticTrait.GROWTH_RATE: 'growth_rate'>: 0.7}",{},0.0000,0.0000,"{'growth_rate': 0.5, 'leaf_size': 0.5, 'yield_potential': 0.5, 'disease_resistance': 0.5, 'heat_tolerance': 0.5, 'cold_tolerance': 0.5, 'bolting_tolerance': 0.5, 'chlorophyll_content': 0.5, 'root_development': 0.5, 'plant_architecture': 0.5, <GeneticTrait.GROWTH_RATE: 'growth_rate'>: 0.7}",{},{},1358280.0000,25200.0000,540,2025-10-06T15:29:47.381880
271,12,6,2025-10-06 15:29:47.684240,Boston Bibb,butterhead,{},"{'cultivar_name': 'Boston Bibb', 'lettuce_type': 'butterhead', 'maturity_days': 60}","{'growth_rate': 0.5, 'leaf_size': 0.5, 'yield_potential': 0.5, 'disease_resistance': 0.5, 'heat_tolerance': 0.5, 'cold_tolerance': 0.5, 'bolting_tolerance': 0.5, 'chlorophyll_content': 0.5, 'root_development': 0.5, 'plant_architecture': 0.5, <GeneticTrait.GROWTH_RATE: 'growth_rate'>: 0.7}",{},0.0000,0.0000,"{'growth_rate': 0.5, 'leaf_size': 0.5, 'yield_potential': 0.5, 'disease_resistance': 0.5, 'heat_tolerance': 0.5, 'cold_tolerance': 0.5, 'bolting_tolerance': 0.5, 'chlorophyll_content': 0.5, 'root_development': 0.5, 'plant_architecture': 0.5, <GeneticTrait.GROWTH_RATE: 'growth_rate'>: 0.7}",{},{},1363320.0000,30240.0000,542,2025-10-06T15:29:47.540190
272,12,7,2025-10-06 15:29:47.845046,Boston Bibb,butterhead,{},"{'cultivar_name': 'Boston Bibb', 'lettuce_type': 'butterhead', 'maturity_days': 60}","{'growth_rate': 0.5, 'leaf_size': 0.5, 'yield_potential': 0.5, 'disease_resistance': 0.5, 'heat_tolerance': 0.5, 'cold_tolerance': 0.5, 'bolting_tolerance': 0.5, 'chlorophyll_content': 0.5, 'root_development': 0.5, 'plant_architecture': 0.5, <GeneticTrait.GROWTH_RATE: 'growth_rate'>: 0.7}",{},0.0000,0.0000,"{'growth_rate': 0.5, 'leaf_size': 0.5, 'yield_potential': 0.5, 'disease_resistance': 0.5, 'heat_tolerance': 0.5, 'cold_tolerance': 0.5, 'bolting_tolerance': 0.5, 'chlorophyll_content': 0.5, 'root_development': 0.5, 'plant_architecture': 0.5, <GeneticTrait.GROWTH_RATE: 'growth_rate'>: 0.7}",{},{},1368360.0000,35280.0000,544,2025-10-06T15:29:47.698124
273,12,8,2025-10-06 15:29:47.998066,Boston Bibb,butterhead,{},"{'cultivar_name': 'Boston Bibb', 'lettuce_type': 'butterhead', 'maturity_days': 60}","{'growth_rate': 0.5, 'leaf_size': 0.5, 'yield_potential': 0.5, 'disease_resistance': 0.5, 'heat_tolerance': 0.5, 'cold_tolerance': 0.5, 'bolting_tolerance': 0.5, 'chlorophyll_content': 0.5, 'root_development': 0.5, 'plant_architecture': 0.5, <GeneticTrait.GROWTH_RATE: 'growth_rate'>: 0.7}",{},0.0000,0.0000,"{'growth_rate': 0.5, 'leaf_size': 0.5, 'yield_potential': 0.5, 'disease_resistance': 0.5, 'heat_tolerance': 0.5, 'cold_tolerance': 0.5, 'bolting_tolerance': 0.5, 'chlorophyll_content': 0.5, 'root_development': 0.5, 'plant_architecture': 0.5, <GeneticTrait.GROWTH_RATE: 'growth_rate'>: 0.7}",{},{},1373400.0000,40320.0000,546,2025-10-06T15:29:47.859117
274,12,9,2025-10-06 15:29:48.158656,Boston Bibb,butterhead,{},"{'cultivar_name': 'Boston Bibb', 'lettuce_type': 'butterhead', 'maturity_days': 60}","{'growth_rate': 0.5, 'leaf_size': 0.5, 'yield_potential': 0.5, 'disease_resistance': 0.5, 'heat_tolerance': 0.5, 'cold_tolerance': 0.5, 'bolting_tolerance': 0.5, 'chlorophyll_content': 0.5, 'root_development': 0.5, 'plant_architecture': 0.5, <GeneticTrait.GROWTH_RATE: 'growth_rate'>: 0.7}",{},0.0000,0.0000,"{'growth_rate': 0.5, 'leaf_size': 0.5, 'yield_potential': 0.5, 'disease_resistance': 0.5, 'heat_tolerance': 0.5, 'cold_tolerance': 0.5, 'bolting_tolerance': 0.5, 'chlorophyll_content': 0.5, 'root_development': 0.5, 'plant_architecture': 0.5, <GeneticTrait.GROWTH_RATE: 'growth_rate'>: 0.7}",{},{},1378440.0000,45360.0000,548,2025-10-06T15:29:48.012173
275,12,10,2025-10-06 15:29:48.315234,Boston Bibb,butterhead,{},"{'cultivar_name': 'Boston Bibb', 'lettuce_type': 'butterhead', 'maturity_days': 60}","{'growth_rate': 0.5, 'leaf_size': 0.5, 'yield_potential': 0.5, 'disease_resistance': 0.5, 'heat_tolerance': 0.5, 'cold_tolerance': 0.5, 'bolting_tolerance': 0.5, 'chlorophyll_content': 0.5, 'root_development': 0.5, 'plant_architecture': 0.5, <GeneticTrait.GROWTH_RATE: 'growth_rate'>: 0.7}",{},0.0000,0.0000,"{'growth_rate': 0.5, 'leaf_size': 0.5, 'yield_potential': 0.5, 'disease_resistance': 0.5, 'heat_tolerance': 0.5, 'cold_tolerance': 0.5, 'bolting_tolerance': 0.5, 'chlorophyll_content': 0.5, 'root_development': 0.5, 'plant_architecture': 0.5, <GeneticTrait.GROWTH_RATE: 'growth_rate'>: 0.7}",{},{},1383480.0000,50400.0000,550,2025-10-06T15:29:48.171474
276,12,11,2025-10-06 15:29:48.475479,Boston Bibb,butterhead,{},"{'cultivar_name': 'Boston Bibb', 'lettuce_type': 'butterhead', 'maturity_days': 60}","{'growth_rate': 0.5, 'leaf_size': 0.5, 'yield_potential': 0.5, 'disease_resistance': 0.5, 'heat_tolerance': 0.5, 'cold_tolerance': 0.5, 'bolting_tolerance': 0.5, 'chlorophyll_content': 0.5, 'root_development': 0.5, 'plant_architecture': 0.5, <GeneticTrait.GROWTH_RATE: 'growth_rate'>: 0.7}",{},0.0000,0.0000,"{'growth_rate': 0.5, 'leaf_size': 0.5, 'yield_potential': 0.5, 'disease_resistance': 0.5, 'heat_tolerance': 0.5, 'cold_tolerance': 0.5, 'bolting_tolerance': 0.5, 'chlorophyll_content': 0.5, 'root_development': 0.5, 'plant_architecture': 0.5, <GeneticTrait.GROWTH_RATE: 'growth_rate'>: 0.7}",{},{},1388520.0000,55440.0000,552,2025-10-06T15:29:48.329306
277,12,12,2025-10-06 15:29:48.637026,Boston Bibb,butterhead,{},"{'cultivar_name': 'Boston Bibb', 'lettuce_type': 'butterhead', 'maturity_days': 60}","{'growth_rate': 0.5, 'leaf_size': 0.5, 'yield_potential': 0.5, 'disease_resistance': 0.5, 'heat_tolerance': 0.5, 'cold_tolerance': 0.5, 'bolting_tolerance': 0.5, 'chlorophyll_content': 0.5, 'root_development': 0.5, 'plant_architecture': 0.5, <GeneticTrait.GROWTH_RATE: 'growth_rate'>: 0.7}",{},0.0000,0.0000,"{'growth_rate': 0.5, 'leaf_size': 0.5, 'yield_potential': 0.5, 'disease_resistance': 0.5, 'heat_tolerance': 0.5, 'cold_tolerance': 0.5, 'bolting_tolerance': 0.5, 'chlorophyll_content': 0.5, 'root_development': 0.5, 'plant_architecture': 0.5, <GeneticTrait.GROWTH_RATE: 'growth_rate'>: 0.7}",{},{},1393560.0000,60480.0000,554,2025-10-06T15:29:48.488436
278,12,13,2025-10-06 15:29:48.795444,Boston Bibb,butterhead,{},"{'cultivar_name': 'Boston Bibb', 'lettuce_type': 'butterhead', 'maturity_days': 60}","{'growth_rate': 0.5, 'leaf_size': 0.5, 'yield_potential': 0.5, 'disease_resistance': 0.5, 'heat_tolerance': 0.5, 'cold_tolerance': 0.5, 'bolting_tolerance': 0.5, 'chlorophyll_content': 0.5, 'root_development': 0.5, 'plant_architecture': 0.5, <GeneticTrait.GROWTH_RATE: 'growth_rate'>: 0.7}",{},0.0000,0.0000,"{'growth_rate': 0.5, 'leaf_size': 0.5, 'yield_potential': 0.5, 'disease_resistance': 0.5, 'heat_tolerance': 0.5, 'cold_tolerance': 0.5, 'bolting_tolerance': 0.5, 'chlorophyll_content': 0.5, 'root_development': 0.5, 'plant_architecture': 0.5, <GeneticTrait.GROWTH_RATE: 'growth_rate'>: 0.7}",{},{},1398600.0000,65520.0000,556,2025-10-06T15:29:48.651188
279,12,14,2025-10-06 15:29:48.953651,Boston Bibb,butterhead,{},"{'cultivar_name': 'Boston Bibb', 'lettuce_type': 'butterhead', 'maturity_days': 60}","{'growth_rate': 0.5, 'leaf_size': 0.5, 'yield_potential': 0.5, 'disease_resistance': 0.5, 'heat_tolerance': 0.5, 'cold_tolerance': 0.5, 'bolting_tolerance': 0.5, 'chlorophyll_content': 0.5, 'root_development': 0.5, 'plant_architecture': 0.5, <GeneticTrait.GROWTH_RATE: 'growth_rate'>: 0.7}",{},0.0000,0.0000,"{'growth_rate': 0.5, 'leaf_size': 0.5, 'yield_potential': 0.5, 'disease_resistance': 0.5, 'heat_tolerance': 0.5, 'cold_tolerance': 0.5, 'bolting_tolerance': 0.5, 'chlorophyll_content': 0.5, 'root_development': 0.5, 'plant_architecture': 0.5, <GeneticTrait.GROWTH_RATE: 'growth_rate'>: 0.7}",{},{},1403640.0000,70560.0000,558,2025-10-06T15:29:48.807680
280,12,15,2025-10-06 15:29:49.108822,Boston Bibb,butterhead,{},"{'cultivar_name': 'Boston Bibb', 'lettuce_type': 'butterhead', 'maturity_days': 60}","{'growth_rate': 0.5, 'leaf_size': 0.5, 'yield_potential': 0.5, 'disease_resistance': 0.5, 'heat_tolerance': 0.5, 'cold_tolerance': 0.5, 'bolting_tolerance': 0.5, 'chlorophyll_content': 0.5, 'root_development': 0.5, 'plant_architecture': 0.5, <GeneticTrait.GROWTH_RATE: 'growth_rate'>: 0.7}",{},0.0000,0.0000,"{'growth_rate': 0.5, 'leaf_size': 0.5, 'yield_potential': 0.5, 'disease_resistance': 0.5, 'heat_tolerance': 0.5, 'cold_tolerance': 0.5, 'bolting_tolerance': 0.5, 'chlorophyll_content': 0.5, 'root_development': 0.5, 'plant_architecture': 0.5, <GeneticTrait.GROWTH_RATE: 'growth_rate'>: 0.7}",{},{},1408680.0000,75600.0000,560,2025-10-06T15:29:48.967190
281,12,16,2025-10-06 15:29:49.270326,Boston Bibb,butterhead,{},"{'cultivar_name': 'Boston Bibb', 'lettuce_type': 'butterhead', 'maturity_days': 60}","{'growth_rate': 0.5, 'leaf_size': 0.5, 'yield_potential': 0.5, 'disease_resistance': 0.5, 'heat_tolerance': 0.5, 'cold_tolerance': 0.5, 'bolting_tolerance': 0.5, 'chlorophyll_content': 0.5, 'root_development': 0.5, 'plant_architecture': 0.5, <GeneticTrait.GROWTH_RATE: 'growth_rate'>: 0.7}",{},0.0000,0.0000,"{'growth_rate': 0.5, 'leaf_size': 0.5, 'yield_potential': 0.5, 'disease_resistance': 0.5, 'heat_tolerance': 0.5, 'cold_tolerance': 0.5, 'bolting_tolerance': 0.5, 'chlorophyll_content': 0.5, 'root_development': 0.5, 'plant_architecture': 0.5, <GeneticTrait.GROWTH_RATE: 'growth_rate'>: 0.7}",{},{},1413720.0000,80640.0000,562,2025-10-06T15:29:49.123056
282,12,17,2025-10-06 15:29:49.429755,Boston Bibb,butterhead,{},"{'cultivar_name': 'Boston Bibb', 'lettuce_type': 'butterhead', 'maturity_days': 60}","{'growth_rate': 0.5, 'leaf_size': 0.5, 'yield_potential': 0.5, 'disease_resistance': 0.5, 'heat_tolerance': 0.5, 'cold_tolerance': 0.5, 'bolting_tolerance': 0.5, 'chlorophyll_content': 0.5, 'root_development': 0.5, 'plant_architecture': 0.5, <GeneticTrait.GROWTH_RATE: 'growth_rate'>: 0.7}",{},0.0000,0.0000,"{'growth_rate': 0.5, 'leaf_size': 0.5, 'yield_potential': 0.5, 'disease_resistance': 0.5, 'heat_tolerance': 0.5, 'cold_tolerance': 0.5, 'bolting_tolerance': 0.5, 'chlorophyll_content': 0.5, 'root_development': 0.5, 'plant_architecture': 0.5, <GeneticTrait.GROWTH_RATE: 'growth_rate'>: 0.7}",{},{},1418760.0000,85680.0000,564,2025-10-06T15:29:49.283789
283,12,18,2025-10-06 15:29:49.585575,Boston Bibb,butterhead,{},"{'cultivar_name': 'Boston Bibb', 'lettuce_type': 'butterhead', 'maturity_days': 60}","{'growth_rate': 0.5, 'leaf_size': 0.5, 'yield_potential': 0.5, 'disease_resistance': 0.5, 'heat_tolerance': 0.5, 'cold_tolerance': 0.5, 'bolting_tolerance': 0.5, 'chlorophyll_content': 0.5, 'root_development': 0.5, 'plant_architecture': 0.5, <GeneticTrait.GROWTH_RATE: 'growth_rate'>: 0.7}",{},0.0000,0.0000,"{'growth_rate': 0.5, 'leaf_size': 0.5, 'yield_potential': 0.5, 'disease_resistance': 0.5, 'heat_tolerance': 0.5, 'cold_tolerance': 0.5, 'bolting_tolerance': 0.5, 'chlorophyll_content': 0.5, 'root_development': 0.5, 'plant_architecture': 0.5, <GeneticTrait.GROWTH_RATE: 'growth_rate'>: 0.7}",{},{},1423800.0000,90720.0000,566,2025-10-06T15:29:49.441854
284,12,19,2025-10-06 15:29:49.747834,Boston Bibb,butterhead,{},"{'cultivar_name': 'Boston Bibb', 'lettuce_type': 'butterhead', 'maturity_days': 60}","{'growth_rate': 0.5, 'leaf_size': 0.5, 'yield_potential': 0.5, 'disease_resistance': 0.5, 'heat_tolerance': 0.5, 'cold_tolerance': 0.5, 'bolting_tolerance': 0.5, 'chlorophyll_content': 0.5, 'root_development': 0.5, 'plant_architecture': 0.5, <GeneticTrait.GROWTH_RATE: 'growth_rate'>: 0.7}",{},0.0000,0.0000,"{'growth_rate': 0.5, 'leaf_size': 0.5, 'yield_potential': 0.5, 'disease_resistance': 0.5, 'heat_tolerance': 0.5, 'cold_tolerance': 0.5, 'bolting_tolerance': 0.5, 'chlorophyll_content': 0.5, 'root_development': 0.5, 'plant_architecture': 0.5, <GeneticTrait.GROWTH_RATE: 'growth_rate'>: 0.7}",{},{},1428840.0000,95760.0000,568,2025-10-06T15:29:49.599573
285,12,20,2025-10-06 15:29:49.908874,Boston Bibb,butterhead,{},"{'cultivar_name': 'Boston Bibb', 'lettuce_type': 'butterhead', 'maturity_days': 60}","{'growth_rate': 0.5, 'leaf_size': 0.5, 'yield_potential': 0.5, 'disease_resistance': 0.5, 'heat_tolerance': 0.5, 'cold_tolerance': 0.5, 'bolting_tolerance': 0.5, 'chlorophyll_content': 0.5, 'root_development': 0.5, 'plant_architecture': 0.5, <GeneticTrait.GROWTH_RATE: 'growth_rate'>: 0.7}",{},0.0000,0.0000,"{'growth_rate': 0.5, 'leaf_size': 0.5, 'yield_potential': 0.5, 'disease_resistance': 0.5, 'heat_tolerance': 0.5, 'cold_tolerance': 0.5, 'bolting_tolerance': 0.5, 'chlorophyll_content': 0.5, 'root_development': 0.5, 'plant_architecture': 0.5, <GeneticTrait.GROWTH_RATE: 'growth_rate'>: 0.7}",{},{},1433880.0000,100800.0000,570,2025-10-06T15:29:49.761613
286,12,21,2025-10-06 15:29:50.070243,Boston Bibb,butterhead,{},"{'cultivar_name': 'Boston Bibb', 'lettuce_type': 'butterhead', 'maturity_days': 60}","{'growth_rate': 0.5, 'leaf_size': 0.5, 'yield_potential': 0.5, 'disease_resistance': 0.5, 'heat_tolerance': 0.5, 'cold_tolerance': 0.5, 'bolting_tolerance': 0.5, 'chlorophyll_content': 0.5, 'root_development': 0.5, 'plant_architecture': 0.5, <GeneticTrait.GROWTH_RATE: 'growth_rate'>: 0.7}",{},0.0000,0.0000,"{'growth_rate': 0.5, 'leaf_size': 0.5, 'yield_potential': 0.5, 'disease_resistance': 0.5, 'heat_tolerance': 0.5, 'cold_tolerance': 0.5, 'bolting_tolerance': 0.5, 'chlorophyll_content': 0.5, 'root_development': 0.5, 'plant_architecture': 0.5, <GeneticTrait.GROWTH_RATE: 'growth_rate'>: 0.7}",{},{},1438920.0000,105840.0000,572,2025-10-06T15:29:49.920745
287,12,22,2025-10-06 15:29:50.230906,Boston Bibb,butterhead,{},"{'cultivar_name': 'Boston Bibb', 'lettuce_type': 'butterhead', 'maturity_days': 60}","{'growth_rate': 0.5, 'leaf_size': 0.5, 'yield_potential': 0.5, 'disease_resistance': 0.5, 'heat_tolerance': 0.5, 'cold_tolerance': 0.5, 'bolting_tolerance': 0.5, 'chlorophyll_content': 0.5, 'root_development': 0.5, 'plant_architecture': 0.5, <GeneticTrait.GROWTH_RATE: 'growth_rate'>: 0.7}",{},0.0000,0.0000,"{'growth_rate': 0.5, 'leaf_size': 0.5, 'yield_potential': 0.5, 'disease_resistance': 0.5, 'heat_tolerance': 0.5, 'cold_tolerance': 0.5, 'bolting_tolerance': 0.5, 'chlorophyll_content': 0.5, 'root_development': 0.5, 'plant_architecture': 0.5, <GeneticTrait.GROWTH_RATE: 'growth_rate'>: 0.7}",{},{},1443960.0000,110880.0000,574,2025-10-06T15:29:50.083792
288,12,23,2025-10-06 15:29:50.392125,Boston Bibb,butterhead,{},"{'cultivar_name': 'Boston Bibb', 'lettuce_type': 'butterhead', 'maturity_days': 60}","{'growth_rate': 0.5, 'leaf_size': 0.5, 'yield_potential': 0.5, 'disease_resistance': 0.5, 'heat_tolerance': 0.5, 'cold_tolerance': 0.5, 'bolting_tolerance': 0.5, 'chlorophyll_content': 0.5, 'root_development': 0.5, 'plant_architecture': 0.5, <GeneticTrait.GROWTH_RATE: 'growth_rate'>: 0.7}",{},0.0000,0.0000,"{'growth_rate': 0.5, 'leaf_size': 0.5, 'yield_potential': 0.5, 'disease_resistance': 0.5, 'heat_tolerance': 0.5, 'cold_tolerance': 0.5, 'bolting_tolerance': 0.5, 'chlorophyll_content': 0.5, 'root_development': 0.5, 'plant_architecture': 0.5, <GeneticTrait.GROWTH_RATE: 'growth_rate'>: 0.7}",{},{},1449000.0000,115920.0000,576,2025-10-06T15:29:50.243823
289,13,0,2025-10-06 15:29:50.551993,Boston Bibb,butterhead,{},"{'cultivar_name': 'Boston Bibb', 'lettuce_type': 'butterhead', 'maturity_days': 60}","{'growth_rate': 0.5, 'leaf_size': 0.5, 'yield_potential': 0.5, 'disease_resistance': 0.5, 'heat_tolerance': 0.5, 'cold_tolerance': 0.5, 'bolting_tolerance': 0.5, 'chlorophyll_content': 0.5, 'root_development': 0.5, 'plant_architecture': 0.5, <GeneticTrait.GROWTH_RATE: 'growth_rate'>: 0.7}",{},0.0000,0.0000,"{'growth_rate': 0.5, 'leaf_size': 0.5, 'yield_potential': 0.5, 'disease_resistance': 0.5, 'heat_tolerance': 0.5, 'cold_tolerance': 0.5, 'bolting_tolerance': 0.5, 'chlorophyll_content': 0.5, 'root_development': 0.5, 'plant_architecture': 0.5, <GeneticTrait.GROWTH_RATE: 'growth_rate'>: 0.7}",{},{},1454040.0000,0.0000,578,2025-10-06T15:29:50.407044
290,13,1,2025-10-06 15:29:50.708581,Boston Bibb,butterhead,{},"{'cultivar_name': 'Boston Bibb', 'lettuce_type': 'butterhead', 'maturity_days': 60}","{'growth_rate': 0.5, 'leaf_size': 0.5, 'yield_potential': 0.5, 'disease_resistance': 0.5, 'heat_tolerance': 0.5, 'cold_tolerance': 0.5, 'bolting_tolerance': 0.5, 'chlorophyll_content': 0.5, 'root_development': 0.5, 'plant_architecture': 0.5, <GeneticTrait.GROWTH_RATE: 'growth_rate'>: 0.7}",{},0.0000,0.0000,"{'growth_rate': 0.5, 'leaf_size': 0.5, 'yield_potential': 0.5, 'disease_resistance': 0.5, 'heat_tolerance': 0.5, 'cold_tolerance': 0.5, 'bolting_tolerance': 0.5, 'chlorophyll_content': 0.5, 'root_development': 0.5, 'plant_architecture': 0.5, <GeneticTrait.GROWTH_RATE: 'growth_rate'>: 0.7}",{},{},1459080.0000,5040.0000,580,2025-10-06T15:29:50.565033
291,13,2,2025-10-06 15:29:50.869957,Boston Bibb,butterhead,{},"{'cultivar_name': 'Boston Bibb', 'lettuce_type': 'butterhead', 'maturity_days': 60}","{'growth_rate': 0.5, 'leaf_size': 0.5, 'yield_potential': 0.5, 'disease_resistance': 0.5, 'heat_tolerance': 0.5, 'cold_tolerance': 0.5, 'bolting_tolerance': 0.5, 'chlorophyll_content': 0.5, 'root_development': 0.5, 'plant_architecture': 0.5, <GeneticTrait.GROWTH_RATE: 'growth_rate'>: 0.7}",{},0.0000,0.0000,"{'growth_rate': 0.5, 'leaf_size': 0.5, 'yield_potential': 0.5, 'disease_resistance': 0.5, 'heat_tolerance': 0.5, 'cold_tolerance': 0.5, 'bolting_tolerance': 0.5, 'chlorophyll_content': 0.5, 'root_development': 0.5, 'plant_architecture': 0.5, <GeneticTrait.GROWTH_RATE: 'growth_rate'>: 0.7}",{},{},1464120.0000,10080.0000,582,2025-10-06T15:29:50.722542
292,13,3,2025-10-06 15:29:51.033844,Boston Bibb,butterhead,{},"{'cultivar_name': 'Boston Bibb', 'lettuce_type': 'butterhead', 'maturity_days': 60}","{'growth_rate': 0.5, 'leaf_size': 0.5, 'yield_potential': 0.5, 'disease_resistance': 0.5, 'heat_tolerance': 0.5, 'cold_tolerance': 0.5, 'bolting_tolerance': 0.5, 'chlorophyll_content': 0.5, 'root_development': 0.5, 'plant_architecture': 0.5, <GeneticTrait.GROWTH_RATE: 'growth_rate'>: 0.7}",{},0.0000,0.0000,"{'growth_rate': 0.5, 'leaf_size': 0.5, 'yield_potential': 0.5, 'disease_resistance': 0.5, 'heat_tolerance': 0.5, 'cold_tolerance': 0.5, 'bolting_tolerance': 0.5, 'chlorophyll_content': 0.5, 'root_development': 0.5, 'plant_architecture': 0.5, <GeneticTrait.GROWTH_RATE: 'growth_rate'>: 0.7}",{},{},1469160.0000,15120.0000,584,2025-10-06T15:29:50.883595
293,13,4,2025-10-06 15:29:51.195171,Boston Bibb,butterhead,{},"{'cultivar_name': 'Boston Bibb', 'lettuce_type': 'butterhead', 'maturity_days': 60}","{'growth_rate': 0.5, 'leaf_size': 0.5, 'yield_potential': 0.5, 'disease_resistance': 0.5, 'heat_tolerance': 0.5, 'cold_tolerance': 0.5, 'bolting_tolerance': 0.5, 'chlorophyll_content': 0.5, 'root_development': 0.5, 'plant_architecture': 0.5, <GeneticTrait.GROWTH_RATE: 'growth_rate'>: 0.7}",{},0.0000,0.0000,"{'growth_rate': 0.5, 'leaf_size': 0.5, 'yield_potential': 0.5, 'disease_resistance': 0.5, 'heat_tolerance': 0.5, 'cold_tolerance': 0.5, 'bolting_tolerance': 0.5, 'chlorophyll_content': 0.5, 'root_development': 0.5, 'plant_architecture': 0.5, <GeneticTrait.GROWTH_RATE: 'growth_rate'>: 0.7}",{},{},1474200.0000,20160.0000,586,2025-10-06T15:29:51.047692
294,13,5,2025-10-06 15:29:51.353935,Boston Bibb,butterhead,{},"{'cultivar_name': 'Boston Bibb', 'lettuce_type': 'butterhead', 'maturity_days': 60}","{'growth_rate': 0.5, 'leaf_size': 0.5, 'yield_potential': 0.5, 'disease_resistance': 0.5, 'heat_tolerance': 0.5, 'cold_tolerance': 0.5, 'bolting_tolerance': 0.5, 'chlorophyll_content': 0.5, 'root_development': 0.5, 'plant_architecture': 0.5, <GeneticTrait.GROWTH_RATE: 'growth_rate'>: 0.7}",{},0.0000,0.0000,"{'growth_rate': 0.5, 'leaf_size': 0.5, 'yield_potential': 0.5, 'disease_resistance': 0.5, 'heat_tolerance': 0.5, 'cold_tolerance': 0.5, 'bolting_tolerance': 0.5, 'chlorophyll_content': 0.5, 'root_development': 0.5, 'plant_architecture': 0.5, <GeneticTrait.GROWTH_RATE: 'growth_rate'>: 0.7}",{},{},1479240.0000,25200.0000,588,2025-10-06T15:29:51.209255
295,13,6,2025-10-06 15:29:51.517153,Boston Bibb,butterhead,{},"{'cultivar_name': 'Boston Bibb', 'lettuce_type': 'butterhead', 'maturity_days': 60}","{'growth_rate': 0.5, 'leaf_size': 0.5, 'yield_potential': 0.5, 'disease_resistance': 0.5, 'heat_tolerance': 0.5, 'cold_tolerance': 0.5, 'bolting_tolerance': 0.5, 'chlorophyll_content': 0.5, 'root_development': 0.5, 'plant_architecture': 0.5, <GeneticTrait.GROWTH_RATE: 'growth_rate'>: 0.7}",{},0.0000,0.0000,"{'growth_rate': 0.5, 'leaf_size': 0.5, 'yield_potential': 0.5, 'disease_resistance': 0.5, 'heat_tolerance': 0.5, 'cold_tolerance': 0.5, 'bolting_tolerance': 0.5, 'chlorophyll_content': 0.5, 'root_development': 0.5, 'plant_architecture': 0.5, <GeneticTrait.GROWTH_RATE: 'growth_rate'>: 0.7}",{},{},1484280.0000,30240.0000,590,2025-10-06T15:29:51.367243
296,13,7,2025-10-06 15:29:51.680907,Boston Bibb,butterhead,{},"{'cultivar_name': 'Boston Bibb', 'lettuce_type': 'butterhead', 'maturity_days': 60}","{'growth_rate': 0.5, 'leaf_size': 0.5, 'yield_potential': 0.5, 'disease_resistance': 0.5, 'heat_tolerance': 0.5, 'cold_tolerance': 0.5, 'bolting_tolerance': 0.5, 'chlorophyll_content': 0.5, 'root_development': 0.5, 'plant_architecture': 0.5, <GeneticTrait.GROWTH_RATE: 'growth_rate'>: 0.7}",{},0.0000,0.0000,"{'growth_rate': 0.5, 'leaf_size': 0.5, 'yield_potential': 0.5, 'disease_resistance': 0.5, 'heat_tolerance': 0.5, 'cold_tolerance': 0.5, 'bolting_tolerance': 0.5, 'chlorophyll_content': 0.5, 'root_development': 0.5, 'plant_architecture': 0.5, <GeneticTrait.GROWTH_RATE: 'growth_rate'>: 0.7}",{},{},1489320.0000,35280.0000,592,2025-10-06T15:29:51.529896
297,13,8,2025-10-06 15:29:51.841119,Boston Bibb,butterhead,{},"{'cultivar_name': 'Boston Bibb', 'lettuce_type': 'butterhead', 'maturity_days': 60}","{'growth_rate': 0.5, 'leaf_size': 0.5, 'yield_potential': 0.5, 'disease_resistance': 0.5, 'heat_tolerance': 0.5, 'cold_tolerance': 0.5, 'bolting_tolerance': 0.5, 'chlorophyll_content': 0.5, 'root_development': 0.5, 'plant_architecture': 0.5, <GeneticTrait.GROWTH_RATE: 'growth_rate'>: 0.7}",{},0.0000,0.0000,"{'growth_rate': 0.5, 'leaf_size': 0.5, 'yield_potential': 0.5, 'disease_resistance': 0.5, 'heat_tolerance': 0.5, 'cold_tolerance': 0.5, 'bolting_tolerance': 0.5, 'chlorophyll_content': 0.5, 'root_development': 0.5, 'plant_architecture': 0.5, <GeneticTrait.GROWTH_RATE: 'growth_rate'>: 0.7}",{},{},1494360.0000,40320.0000,594,2025-10-06T15:29:51.694840
298,13,9,2025-10-06 15:29:52.005565,Boston Bibb,butterhead,{},"{'cultivar_name': 'Boston Bibb', 'lettuce_type': 'butterhead', 'maturity_days': 60}","{'growth_rate': 0.5, 'leaf_size': 0.5, 'yield_potential': 0.5, 'disease_resistance': 0.5, 'heat_tolerance': 0.5, 'cold_tolerance': 0.5, 'bolting_tolerance': 0.5, 'chlorophyll_content': 0.5, 'root_development': 0.5, 'plant_architecture': 0.5, <GeneticTrait.GROWTH_RATE: 'growth_rate'>: 0.7}",{},0.0000,0.0000,"{'growth_rate': 0.5, 'leaf_size': 0.5, 'yield_potential': 0.5, 'disease_resistance': 0.5, 'heat_tolerance': 0.5, 'cold_tolerance': 0.5, 'bolting_tolerance': 0.5, 'chlorophyll_content': 0.5, 'root_development': 0.5, 'plant_architecture': 0.5, <GeneticTrait.GROWTH_RATE: 'growth_rate'>: 0.7}",{},{},1499400.0000,45360.0000,596,2025-10-06T15:29:51.855366
299,13,10,2025-10-06 15:29:52.170296,Boston Bibb,butterhead,{},"{'cultivar_name': 'Boston Bibb', 'lettuce_type': 'butterhead', 'maturity_days': 60}","{'growth_rate': 0.5, 'leaf_size': 0.5, 'yield_potential': 0.5, 'disease_resistance': 0.5, 'heat_tolerance': 0.5, 'cold_tolerance': 0.5, 'bolting_tolerance': 0.5, 'chlorophyll_content': 0.5, 'root_development': 0.5, 'plant_architecture': 0.5, <GeneticTrait.GROWTH_RATE: 'growth_rate'>: 0.7}",{},0.0000,0.0000,"{'growth_rate': 0.5, 'leaf_size': 0.5, 'yield_potential': 0.5, 'disease_resistance': 0.5, 'heat_tolerance': 0.5, 'cold_tolerance': 0.5, 'bolting_tolerance': 0.5, 'chlorophyll_content': 0.5, 'root_development': 0.5, 'plant_architecture': 0.5, <GeneticTrait.GROWTH_RATE: 'growth_rate'>: 0.7}",{},{},1504440.0000,50400.0000,598,2025-10-06T15:29:52.019700
300,13,11,2025-10-06 15:29:52.327786,Boston Bibb,butterhead,{},"{'cultivar_name': 'Boston Bibb', 'lettuce_type': 'butterhead', 'maturity_days': 60}","{'growth_rate': 0.5, 'leaf_size': 0.5, 'yield_potential': 0.5, 'disease_resistance': 0.5, 'heat_tolerance': 0.5, 'cold_tolerance': 0.5, 'bolting_tolerance': 0.5, 'chlorophyll_content': 0.5, 'root_development': 0.5, 'plant_architecture': 0.5, <GeneticTrait.GROWTH_RATE: 'growth_rate'>: 0.7}",{},0.0000,0.0000,"{'growth_rate': 0.5, 'leaf_size': 0.5, 'yield_potential': 0.5, 'disease_resistance': 0.5, 'heat_tolerance': 0.5, 'cold_tolerance': 0.5, 'bolting_tolerance': 0.5, 'chlorophyll_content': 0.5, 'root_development': 0.5, 'plant_architecture': 0.5, <GeneticTrait.GROWTH_RATE: 'growth_rate'>: 0.7}",{},{},1509480.0000,55440.0000,600,2025-10-06T15:29:52.184400
301,13,12,2025-10-06 15:29:52.489955,Boston Bibb,butterhead,{},"{'cultivar_name': 'Boston Bibb', 'lettuce_type': 'butterhead', 'maturity_days': 60}","{'growth_rate': 0.5, 'leaf_size': 0.5, 'yield_potential': 0.5, 'disease_resistance': 0.5, 'heat_tolerance': 0.5, 'cold_tolerance': 0.5, 'bolting_tolerance': 0.5, 'chlorophyll_content': 0.5, 'root_development': 0.5, 'plant_architecture': 0.5, <GeneticTrait.GROWTH_RATE: 'growth_rate'>: 0.7}",{},0.0000,0.0000,"{'growth_rate': 0.5, 'leaf_size': 0.5, 'yield_potential': 0.5, 'disease_resistance': 0.5, 'heat_tolerance': 0.5, 'cold_tolerance': 0.5, 'bolting_tolerance': 0.5, 'chlorophyll_content': 0.5, 'root_development': 0.5, 'plant_architecture': 0.5, <GeneticTrait.GROWTH_RATE: 'growth_rate'>: 0.7}",{},{},1514520.0000,60480.0000,602,2025-10-06T15:29:52.341900
302,13,13,2025-10-06 15:29:52.649512,Boston Bibb,butterhead,{},"{'cultivar_name': 'Boston Bibb', 'lettuce_type': 'butterhead', 'maturity_days': 60}","{'growth_rate': 0.5, 'leaf_size': 0.5, 'yield_potential': 0.5, 'disease_resistance': 0.5, 'heat_tolerance': 0.5, 'cold_tolerance': 0.5, 'bolting_tolerance': 0.5, 'chlorophyll_content': 0.5, 'root_development': 0.5, 'plant_architecture': 0.5, <GeneticTrait.GROWTH_RATE: 'growth_rate'>: 0.7}",{},0.0000,0.0000,"{'growth_rate': 0.5, 'leaf_size': 0.5, 'yield_potential': 0.5, 'disease_resistance': 0.5, 'heat_tolerance': 0.5, 'cold_tolerance': 0.5, 'bolting_tolerance': 0.5, 'chlorophyll_content': 0.5, 'root_development': 0.5, 'plant_architecture': 0.5, <GeneticTrait.GROWTH_RATE: 'growth_rate'>: 0.7}",{},{},1519560.0000,65520.0000,604,2025-10-06T15:29:52.504111
303,13,14,2025-10-06 15:29:52.803963,Boston Bibb,butterhead,{},"{'cultivar_name': 'Boston Bibb', 'lettuce_type': 'butterhead', 'maturity_days': 60}","{'growth_rate': 0.5, 'leaf_size': 0.5, 'yield_potential': 0.5, 'disease_resistance': 0.5, 'heat_tolerance': 0.5, 'cold_tolerance': 0.5, 'bolting_tolerance': 0.5, 'chlorophyll_content': 0.5, 'root_development': 0.5, 'plant_architecture': 0.5, <GeneticTrait.GROWTH_RATE: 'growth_rate'>: 0.7}",{},0.0000,0.0000,"{'growth_rate': 0.5, 'leaf_size': 0.5, 'yield_potential': 0.5, 'disease_resistance': 0.5, 'heat_tolerance': 0.5, 'cold_tolerance': 0.5, 'bolting_tolerance': 0.5, 'chlorophyll_content': 0.5, 'root_development': 0.5, 'plant_architecture': 0.5, <GeneticTrait.GROWTH_RATE: 'growth_rate'>: 0.7}",{},{},1524600.0000,70560.0000,606,2025-10-06T15:29:52.662418
304,13,15,2025-10-06 15:29:52.967156,Boston Bibb,butterhead,{},"{'cultivar_name': 'Boston Bibb', 'lettuce_type': 'butterhead', 'maturity_days': 60}","{'growth_rate': 0.5, 'leaf_size': 0.5, 'yield_potential': 0.5, 'disease_resistance': 0.5, 'heat_tolerance': 0.5, 'cold_tolerance': 0.5, 'bolting_tolerance': 0.5, 'chlorophyll_content': 0.5, 'root_development': 0.5, 'plant_architecture': 0.5, <GeneticTrait.GROWTH_RATE: 'growth_rate'>: 0.7}",{},0.0000,0.0000,"{'growth_rate': 0.5, 'leaf_size': 0.5, 'yield_potential': 0.5, 'disease_resistance': 0.5, 'heat_tolerance': 0.5, 'cold_tolerance': 0.5, 'bolting_tolerance': 0.5, 'chlorophyll_content': 0.5, 'root_development': 0.5, 'plant_architecture': 0.5, <GeneticTrait.GROWTH_RATE: 'growth_rate'>: 0.7}",{},{},1529640.0000,75600.0000,608,2025-10-06T15:29:52.818133
305,13,16,2025-10-06 15:29:53.131026,Boston Bibb,butterhead,{},"{'cultivar_name': 'Boston Bibb', 'lettuce_type': 'butterhead', 'maturity_days': 60}","{'growth_rate': 0.5, 'leaf_size': 0.5, 'yield_potential': 0.5, 'disease_resistance': 0.5, 'heat_tolerance': 0.5, 'cold_tolerance': 0.5, 'bolting_tolerance': 0.5, 'chlorophyll_content': 0.5, 'root_development': 0.5, 'plant_architecture': 0.5, <GeneticTrait.GROWTH_RATE: 'growth_rate'>: 0.7}",{},0.0000,0.0000,"{'growth_rate': 0.5, 'leaf_size': 0.5, 'yield_potential': 0.5, 'disease_resistance': 0.5, 'heat_tolerance': 0.5, 'cold_tolerance': 0.5, 'bolting_tolerance': 0.5, 'chlorophyll_content': 0.5, 'root_development': 0.5, 'plant_architecture': 0.5, <GeneticTrait.GROWTH_RATE: 'growth_rate'>: 0.7}",{},{},1534680.0000,80640.0000,610,2025-10-06T15:29:52.981152
306,13,17,2025-10-06 15:29:53.295619,Boston Bibb,butterhead,{},"{'cultivar_name': 'Boston Bibb', 'lettuce_type': 'butterhead', 'maturity_days': 60}","{'growth_rate': 0.5, 'leaf_size': 0.5, 'yield_potential': 0.5, 'disease_resistance': 0.5, 'heat_tolerance': 0.5, 'cold_tolerance': 0.5, 'bolting_tolerance': 0.5, 'chlorophyll_content': 0.5, 'root_development': 0.5, 'plant_architecture': 0.5, <GeneticTrait.GROWTH_RATE: 'growth_rate'>: 0.7}",{},0.0000,0.0000,"{'growth_rate': 0.5, 'leaf_size': 0.5, 'yield_potential': 0.5, 'disease_resistance': 0.5, 'heat_tolerance': 0.5, 'cold_tolerance': 0.5, 'bolting_tolerance': 0.5, 'chlorophyll_content': 0.5, 'root_development': 0.5, 'plant_architecture': 0.5, <GeneticTrait.GROWTH_RATE: 'growth_rate'>: 0.7}",{},{},1539720.0000,85680.0000,612,2025-10-06T15:29:53.144991
307,13,18,2025-10-06 15:29:53.457459,Boston Bibb,butterhead,{},"{'cultivar_name': 'Boston Bibb', 'lettuce_type': 'butterhead', 'maturity_days': 60}","{'growth_rate': 0.5, 'leaf_size': 0.5, 'yield_potential': 0.5, 'disease_resistance': 0.5, 'heat_tolerance': 0.5, 'cold_tolerance': 0.5, 'bolting_tolerance': 0.5, 'chlorophyll_content': 0.5, 'root_development': 0.5, 'plant_architecture': 0.5, <GeneticTrait.GROWTH_RATE: 'growth_rate'>: 0.7}",{},0.0000,0.0000,"{'growth_rate': 0.5, 'leaf_size': 0.5, 'yield_potential': 0.5, 'disease_resistance': 0.5, 'heat_tolerance': 0.5, 'cold_tolerance': 0.5, 'bolting_tolerance': 0.5, 'chlorophyll_content': 0.5, 'root_development': 0.5, 'plant_architecture': 0.5, <GeneticTrait.GROWTH_RATE: 'growth_rate'>: 0.7}",{},{},1544760.0000,90720.0000,614,2025-10-06T15:29:53.308313
308,13,19,2025-10-06 15:29:53.614819,Boston Bibb,butterhead,{},"{'cultivar_name': 'Boston Bibb', 'lettuce_type': 'butterhead', 'maturity_days': 60}","{'growth_rate': 0.5, 'leaf_size': 0.5, 'yield_potential': 0.5, 'disease_resistance': 0.5, 'heat_tolerance': 0.5, 'cold_tolerance': 0.5, 'bolting_tolerance': 0.5, 'chlorophyll_content': 0.5, 'root_development': 0.5, 'plant_architecture': 0.5, <GeneticTrait.GROWTH_RATE: 'growth_rate'>: 0.7}",{},0.0000,0.0000,"{'growth_rate': 0.5, 'leaf_size': 0.5, 'yield_potential': 0.5, 'disease_resistance': 0.5, 'heat_tolerance': 0.5, 'cold_tolerance': 0.5, 'bolting_tolerance': 0.5, 'chlorophyll_content': 0.5, 'root_development': 0.5, 'plant_architecture': 0.5, <GeneticTrait.GROWTH_RATE: 'growth_rate'>: 0.7}",{},{},1549800.0000,95760.0000,616,2025-10-06T15:29:53.471442
309,13,20,2025-10-06 15:29:53.775506,Boston Bibb,butterhead,{},"{'cultivar_name': 'Boston Bibb', 'lettuce_type': 'butterhead', 'maturity_days': 60}","{'growth_rate': 0.5, 'leaf_size': 0.5, 'yield_potential': 0.5, 'disease_resistance': 0.5, 'heat_tolerance': 0.5, 'cold_tolerance': 0.5, 'bolting_tolerance': 0.5, 'chlorophyll_content': 0.5, 'root_development': 0.5, 'plant_architecture': 0.5, <GeneticTrait.GROWTH_RATE: 'growth_rate'>: 0.7}",{},0.0000,0.0000,"{'growth_rate': 0.5, 'leaf_size': 0.5, 'yield_potential': 0.5, 'disease_resistance': 0.5, 'heat_tolerance': 0.5, 'cold_tolerance': 0.5, 'bolting_tolerance': 0.5, 'chlorophyll_content': 0.5, 'root_development': 0.5, 'plant_architecture': 0.5, <GeneticTrait.GROWTH_RATE: 'growth_rate'>: 0.7}",{},{},1554840.0000,100800.0000,618,2025-10-06T15:29:53.626994
310,13,21,2025-10-06 15:29:53.934907,Boston Bibb,butterhead,{},"{'cultivar_name': 'Boston Bibb', 'lettuce_type': 'butterhead', 'maturity_days': 60}","{'growth_rate': 0.5, 'leaf_size': 0.5, 'yield_potential': 0.5, 'disease_resistance': 0.5, 'heat_tolerance': 0.5, 'cold_tolerance': 0.5, 'bolting_tolerance': 0.5, 'chlorophyll_content': 0.5, 'root_development': 0.5, 'plant_architecture': 0.5, <GeneticTrait.GROWTH_RATE: 'growth_rate'>: 0.7}",{},0.0000,0.0000,"{'growth_rate': 0.5, 'leaf_size': 0.5, 'yield_potential': 0.5, 'disease_resistance': 0.5, 'heat_tolerance': 0.5, 'cold_tolerance': 0.5, 'bolting_tolerance': 0.5, 'chlorophyll_content': 0.5, 'root_development': 0.5, 'plant_architecture': 0.5, <GeneticTrait.GROWTH_RATE: 'growth_rate'>: 0.7}",{},{},1559880.0000,105840.0000,620,2025-10-06T15:29:53.789476
311,13,22,2025-10-06 15:29:54.098470,Boston Bibb,butterhead,{},"{'cultivar_name': 'Boston Bibb', 'lettuce_type': 'butterhead', 'maturity_days': 60}","{'growth_rate': 0.5, 'leaf_size': 0.5, 'yield_potential': 0.5, 'disease_resistance': 0.5, 'heat_tolerance': 0.5, 'cold_tolerance': 0.5, 'bolting_tolerance': 0.5, 'chlorophyll_content': 0.5, 'root_development': 0.5, 'plant_architecture': 0.5, <GeneticTrait.GROWTH_RATE: 'growth_rate'>: 0.7}",{},0.0000,0.0000,"{'growth_rate': 0.5, 'leaf_size': 0.5, 'yield_potential': 0.5, 'disease_resistance': 0.5, 'heat_tolerance': 0.5, 'cold_tolerance': 0.5, 'bolting_tolerance': 0.5, 'chlorophyll_content': 0.5, 'root_development': 0.5, 'plant_architecture': 0.5, <GeneticTrait.GROWTH_RATE: 'growth_rate'>: 0.7}",{},{},1564920.0000,110880.0000,622,2025-10-06T15:29:53.947243
312,13,23,2025-10-06 15:29:54.261732,Boston Bibb,butterhead,{},"{'cultivar_name': 'Boston Bibb', 'lettuce_type': 'butterhead', 'maturity_days': 60}","{'growth_rate': 0.5, 'leaf_size': 0.5, 'yield_potential': 0.5, 'disease_resistance': 0.5, 'heat_tolerance': 0.5, 'cold_tolerance': 0.5, 'bolting_tolerance': 0.5, 'chlorophyll_content': 0.5, 'root_development': 0.5, 'plant_architecture': 0.5, <GeneticTrait.GROWTH_RATE: 'growth_rate'>: 0.7}",{},0.0000,0.0000,"{'growth_rate': 0.5, 'leaf_size': 0.5, 'yield_potential': 0.5, 'disease_resistance': 0.5, 'heat_tolerance': 0.5, 'cold_tolerance': 0.5, 'bolting_tolerance': 0.5, 'chlorophyll_content': 0.5, 'root_development': 0.5, 'plant_architecture': 0.5, <GeneticTrait.GROWTH_RATE: 'growth_rate'>: 0.7}",{},{},1569960.0000,115920.0000,624,2025-10-06T15:29:54.111302
313,14,0,2025-10-06 15:29:54.419786,Boston Bibb,butterhead,{},"{'cultivar_name': 'Boston Bibb', 'lettuce_type': 'butterhead', 'maturity_days': 60}","{'growth_rate': 0.5, 'leaf_size': 0.5, 'yield_potential': 0.5, 'disease_resistance': 0.5, 'heat_tolerance': 0.5, 'cold_tolerance': 0.5, 'bolting_tolerance': 0.5, 'chlorophyll_content': 0.5, 'root_development': 0.5, 'plant_architecture': 0.5, <GeneticTrait.GROWTH_RATE: 'growth_rate'>: 0.7}",{},0.0000,0.0000,"{'growth_rate': 0.5, 'leaf_size': 0.5, 'yield_potential': 0.5, 'disease_resistance': 0.5, 'heat_tolerance': 0.5, 'cold_tolerance': 0.5, 'bolting_tolerance': 0.5, 'chlorophyll_content': 0.5, 'root_development': 0.5, 'plant_architecture': 0.5, <GeneticTrait.GROWTH_RATE: 'growth_rate'>: 0.7}",{},{},1575000.0000,0.0000,626,2025-10-06T15:29:54.273987
314,14,1,2025-10-06 15:29:54.581329,Boston Bibb,butterhead,{},"{'cultivar_name': 'Boston Bibb', 'lettuce_type': 'butterhead', 'maturity_days': 60}","{'growth_rate': 0.5, 'leaf_size': 0.5, 'yield_potential': 0.5, 'disease_resistance': 0.5, 'heat_tolerance': 0.5, 'cold_tolerance': 0.5, 'bolting_tolerance': 0.5, 'chlorophyll_content': 0.5, 'root_development': 0.5, 'plant_architecture': 0.5, <GeneticTrait.GROWTH_RATE: 'growth_rate'>: 0.7}",{},0.0000,0.0000,"{'growth_rate': 0.5, 'leaf_size': 0.5, 'yield_potential': 0.5, 'disease_resistance': 0.5, 'heat_tolerance': 0.5, 'cold_tolerance': 0.5, 'bolting_tolerance': 0.5, 'chlorophyll_content': 0.5, 'root_development': 0.5, 'plant_architecture': 0.5, <GeneticTrait.GROWTH_RATE: 'growth_rate'>: 0.7}",{},{},1580040.0000,5040.0000,628,2025-10-06T15:29:54.434045
315,14,2,2025-10-06 15:29:54.743512,Boston Bibb,butterhead,{},"{'cultivar_name': 'Boston Bibb', 'lettuce_type': 'butterhead', 'maturity_days': 60}","{'growth_rate': 0.5, 'leaf_size': 0.5, 'yield_potential': 0.5, 'disease_resistance': 0.5, 'heat_tolerance': 0.5, 'cold_tolerance': 0.5, 'bolting_tolerance': 0.5, 'chlorophyll_content': 0.5, 'root_development': 0.5, 'plant_architecture': 0.5, <GeneticTrait.GROWTH_RATE: 'growth_rate'>: 0.7}",{},0.0000,0.0000,"{'growth_rate': 0.5, 'leaf_size': 0.5, 'yield_potential': 0.5, 'disease_resistance': 0.5, 'heat_tolerance': 0.5, 'cold_tolerance': 0.5, 'bolting_tolerance': 0.5, 'chlorophyll_content': 0.5, 'root_development': 0.5, 'plant_architecture': 0.5, <GeneticTrait.GROWTH_RATE: 'growth_rate'>: 0.7}",{},{},1585080.0000,10080.0000,630,2025-10-06T15:29:54.595314
316,14,3,2025-10-06 15:29:54.907232,Boston Bibb,butterhead,{},"{'cultivar_name': 'Boston Bibb', 'lettuce_type': 'butterhead', 'maturity_days': 60}","{'growth_rate': 0.5, 'leaf_size': 0.5, 'yield_potential': 0.5, 'disease_resistance': 0.5, 'heat_tolerance': 0.5, 'cold_tolerance': 0.5, 'bolting_tolerance': 0.5, 'chlorophyll_content': 0.5, 'root_development': 0.5, 'plant_architecture': 0.5, <GeneticTrait.GROWTH_RATE: 'growth_rate'>: 0.7}",{},0.0000,0.0000,"{'growth_rate': 0.5, 'leaf_size': 0.5, 'yield_potential': 0.5, 'disease_resistance': 0.5, 'heat_tolerance': 0.5, 'cold_tolerance': 0.5, 'bolting_tolerance': 0.5, 'chlorophyll_content': 0.5, 'root_development': 0.5, 'plant_architecture': 0.5, <GeneticTrait.GROWTH_RATE: 'growth_rate'>: 0.7}",{},{},1590120.0000,15120.0000,632,2025-10-06T15:29:54.756194
317,14,4,2025-10-06 15:29:55.067214,Boston Bibb,butterhead,{},"{'cultivar_name': 'Boston Bibb', 'lettuce_type': 'butterhead', 'maturity_days': 60}","{'growth_rate': 0.5, 'leaf_size': 0.5, 'yield_potential': 0.5, 'disease_resistance': 0.5, 'heat_tolerance': 0.5, 'cold_tolerance': 0.5, 'bolting_tolerance': 0.5, 'chlorophyll_content': 0.5, 'root_development': 0.5, 'plant_architecture': 0.5, <GeneticTrait.GROWTH_RATE: 'growth_rate'>: 0.7}",{},0.0000,0.0000,"{'growth_rate': 0.5, 'leaf_size': 0.5, 'yield_potential': 0.5, 'disease_resistance': 0.5, 'heat_tolerance': 0.5, 'cold_tolerance': 0.5, 'bolting_tolerance': 0.5, 'chlorophyll_content': 0.5, 'root_development': 0.5, 'plant_architecture': 0.5, <GeneticTrait.GROWTH_RATE: 'growth_rate'>: 0.7}",{},{},1595160.0000,20160.0000,634,2025-10-06T15:29:54.919810
318,14,5,2025-10-06 15:29:55.227414,Boston Bibb,butterhead,{},"{'cultivar_name': 'Boston Bibb', 'lettuce_type': 'butterhead', 'maturity_days': 60}","{'growth_rate': 0.5, 'leaf_size': 0.5, 'yield_potential': 0.5, 'disease_resistance': 0.5, 'heat_tolerance': 0.5, 'cold_tolerance': 0.5, 'bolting_tolerance': 0.5, 'chlorophyll_content': 0.5, 'root_development': 0.5, 'plant_architecture': 0.5, <GeneticTrait.GROWTH_RATE: 'growth_rate'>: 0.7}",{},0.0000,0.0000,"{'growth_rate': 0.5, 'leaf_size': 0.5, 'yield_potential': 0.5, 'disease_resistance': 0.5, 'heat_tolerance': 0.5, 'cold_tolerance': 0.5, 'bolting_tolerance': 0.5, 'chlorophyll_content': 0.5, 'root_development': 0.5, 'plant_architecture': 0.5, <GeneticTrait.GROWTH_RATE: 'growth_rate'>: 0.7}",{},{},1600200.0000,25200.0000,636,2025-10-06T15:29:55.081352
319,14,6,2025-10-06 15:29:55.385163,Boston Bibb,butterhead,{},"{'cultivar_name': 'Boston Bibb', 'lettuce_type': 'butterhead', 'maturity_days': 60}","{'growth_rate': 0.5, 'leaf_size': 0.5, 'yield_potential': 0.5, 'disease_resistance': 0.5, 'heat_tolerance': 0.5, 'cold_tolerance': 0.5, 'bolting_tolerance': 0.5, 'chlorophyll_content': 0.5, 'root_development': 0.5, 'plant_architecture': 0.5, <GeneticTrait.GROWTH_RATE: 'growth_rate'>: 0.7}",{},0.0000,0.0000,"{'growth_rate': 0.5, 'leaf_size': 0.5, 'yield_potential': 0.5, 'disease_resistance': 0.5, 'heat_tolerance': 0.5, 'cold_tolerance': 0.5, 'bolting_tolerance': 0.5, 'chlorophyll_content': 0.5, 'root_development': 0.5, 'plant_architecture': 0.5, <GeneticTrait.GROWTH_RATE: 'growth_rate'>: 0.7}",{},{},1605240.0000,30240.0000,638,2025-10-06T15:29:55.240863
320,14,7,2025-10-06 15:29:55.542706,Boston Bibb,butterhead,{},"{'cultivar_name': 'Boston Bibb', 'lettuce_type': 'butterhead', 'maturity_days': 60}","{'growth_rate': 0.5, 'leaf_size': 0.5, 'yield_potential': 0.5, 'disease_resistance': 0.5, 'heat_tolerance': 0.5, 'cold_tolerance': 0.5, 'bolting_tolerance': 0.5, 'chlorophyll_content': 0.5, 'root_development': 0.5, 'plant_architecture': 0.5, <GeneticTrait.GROWTH_RATE: 'growth_rate'>: 0.7}",{},0.0000,0.0000,"{'growth_rate': 0.5, 'leaf_size': 0.5, 'yield_potential': 0.5, 'disease_resistance': 0.5, 'heat_tolerance': 0.5, 'cold_tolerance': 0.5, 'bolting_tolerance': 0.5, 'chlorophyll_content': 0.5, 'root_development': 0.5, 'plant_architecture': 0.5, <GeneticTrait.GROWTH_RATE: 'growth_rate'>: 0.7}",{},{},1610280.0000,35280.0000,640,2025-10-06T15:29:55.397691
321,14,8,2025-10-06 15:29:55.704210,Boston Bibb,butterhead,{},"{'cultivar_name': 'Boston Bibb', 'lettuce_type': 'butterhead', 'maturity_days': 60}","{'growth_rate': 0.5, 'leaf_size': 0.5, 'yield_potential': 0.5, 'disease_resistance': 0.5, 'heat_tolerance': 0.5, 'cold_tolerance': 0.5, 'bolting_tolerance': 0.5, 'chlorophyll_content': 0.5, 'root_development': 0.5, 'plant_architecture': 0.5, <GeneticTrait.GROWTH_RATE: 'growth_rate'>: 0.7}",{},0.0000,0.0000,"{'growth_rate': 0.5, 'leaf_size': 0.5, 'yield_potential': 0.5, 'disease_resistance': 0.5, 'heat_tolerance': 0.5, 'cold_tolerance': 0.5, 'bolting_tolerance': 0.5, 'chlorophyll_content': 0.5, 'root_development': 0.5, 'plant_architecture': 0.5, <GeneticTrait.GROWTH_RATE: 'growth_rate'>: 0.7}",{},{},1615320.0000,40320.0000,642,2025-10-06T15:29:55.556134
322,14,9,2025-10-06 15:29:55.863593,Boston Bibb,butterhead,{},"{'cultivar_name': 'Boston Bibb', 'lettuce_type': 'butterhead', 'maturity_days': 60}","{'growth_rate': 0.5, 'leaf_size': 0.5, 'yield_potential': 0.5, 'disease_resistance': 0.5, 'heat_tolerance': 0.5, 'cold_tolerance': 0.5, 'bolting_tolerance': 0.5, 'chlorophyll_content': 0.5, 'root_development': 0.5, 'plant_architecture': 0.5, <GeneticTrait.GROWTH_RATE: 'growth_rate'>: 0.7}",{},0.0000,0.0000,"{'growth_rate': 0.5, 'leaf_size': 0.5, 'yield_potential': 0.5, 'disease_resistance': 0.5, 'heat_tolerance': 0.5, 'cold_tolerance': 0.5, 'bolting_tolerance': 0.5, 'chlorophyll_content': 0.5, 'root_development': 0.5, 'plant_architecture': 0.5, <GeneticTrait.GROWTH_RATE: 'growth_rate'>: 0.7}",{},{},1620360.0000,45360.0000,644,2025-10-06T15:29:55.717071
323,14,10,2025-10-06 15:29:56.024331,Boston Bibb,butterhead,{},"{'cultivar_name': 'Boston Bibb', 'lettuce_type': 'butterhead', 'maturity_days': 60}","{'growth_rate': 0.5, 'leaf_size': 0.5, 'yield_potential': 0.5, 'disease_resistance': 0.5, 'heat_tolerance': 0.5, 'cold_tolerance': 0.5, 'bolting_tolerance': 0.5, 'chlorophyll_content': 0.5, 'root_development': 0.5, 'plant_architecture': 0.5, <GeneticTrait.GROWTH_RATE: 'growth_rate'>: 0.7}",{},0.0000,0.0000,"{'growth_rate': 0.5, 'leaf_size': 0.5, 'yield_potential': 0.5, 'disease_resistance': 0.5, 'heat_tolerance': 0.5, 'cold_tolerance': 0.5, 'bolting_tolerance': 0.5, 'chlorophyll_content': 0.5, 'root_development': 0.5, 'plant_architecture': 0.5, <GeneticTrait.GROWTH_RATE: 'growth_rate'>: 0.7}",{},{},1625400.0000,50400.0000,646,2025-10-06T15:29:55.875906
324,14,11,2025-10-06 15:29:56.182820,Boston Bibb,butterhead,{},"{'cultivar_name': 'Boston Bibb', 'lettuce_type': 'butterhead', 'maturity_days': 60}","{'growth_rate': 0.5, 'leaf_size': 0.5, 'yield_potential': 0.5, 'disease_resistance': 0.5, 'heat_tolerance': 0.5, 'cold_tolerance': 0.5, 'bolting_tolerance': 0.5, 'chlorophyll_content': 0.5, 'root_development': 0.5, 'plant_architecture': 0.5, <GeneticTrait.GROWTH_RATE: 'growth_rate'>: 0.7}",{},0.0000,0.0000,"{'growth_rate': 0.5, 'leaf_size': 0.5, 'yield_potential': 0.5, 'disease_resistance': 0.5, 'heat_tolerance': 0.5, 'cold_tolerance': 0.5, 'bolting_tolerance': 0.5, 'chlorophyll_content': 0.5, 'root_development': 0.5, 'plant_architecture': 0.5, <GeneticTrait.GROWTH_RATE: 'growth_rate'>: 0.7}",{},{},1630440.0000,55440.0000,648,2025-10-06T15:29:56.038033
325,14,12,2025-10-06 15:29:56.344537,Boston Bibb,butterhead,{},"{'cultivar_name': 'Boston Bibb', 'lettuce_type': 'butterhead', 'maturity_days': 60}","{'growth_rate': 0.5, 'leaf_size': 0.5, 'yield_potential': 0.5, 'disease_resistance': 0.5, 'heat_tolerance': 0.5, 'cold_tolerance': 0.5, 'bolting_tolerance': 0.5, 'chlorophyll_content': 0.5, 'root_development': 0.5, 'plant_architecture': 0.5, <GeneticTrait.GROWTH_RATE: 'growth_rate'>: 0.7}",{},0.0000,0.0000,"{'growth_rate': 0.5, 'leaf_size': 0.5, 'yield_potential': 0.5, 'disease_resistance': 0.5, 'heat_tolerance': 0.5, 'cold_tolerance': 0.5, 'bolting_tolerance': 0.5, 'chlorophyll_content': 0.5, 'root_development': 0.5, 'plant_architecture': 0.5, <GeneticTrait.GROWTH_RATE: 'growth_rate'>: 0.7}",{},{},1635480.0000,60480.0000,650,2025-10-06T15:29:56.196350
326,14,13,2025-10-06 15:29:56.508851,Boston Bibb,butterhead,{},"{'cultivar_name': 'Boston Bibb', 'lettuce_type': 'butterhead', 'maturity_days': 60}","{'growth_rate': 0.5, 'leaf_size': 0.5, 'yield_potential': 0.5, 'disease_resistance': 0.5, 'heat_tolerance': 0.5, 'cold_tolerance': 0.5, 'bolting_tolerance': 0.5, 'chlorophyll_content': 0.5, 'root_development': 0.5, 'plant_architecture': 0.5, <GeneticTrait.GROWTH_RATE: 'growth_rate'>: 0.7}",{},0.0000,0.0000,"{'growth_rate': 0.5, 'leaf_size': 0.5, 'yield_potential': 0.5, 'disease_resistance': 0.5, 'heat_tolerance': 0.5, 'cold_tolerance': 0.5, 'bolting_tolerance': 0.5, 'chlorophyll_content': 0.5, 'root_development': 0.5, 'plant_architecture': 0.5, <GeneticTrait.GROWTH_RATE: 'growth_rate'>: 0.7}",{},{},1640520.0000,65520.0000,652,2025-10-06T15:29:56.357837
327,14,14,2025-10-06 15:29:56.672170,Boston Bibb,butterhead,{},"{'cultivar_name': 'Boston Bibb', 'lettuce_type': 'butterhead', 'maturity_days': 60}","{'growth_rate': 0.5, 'leaf_size': 0.5, 'yield_potential': 0.5, 'disease_resistance': 0.5, 'heat_tolerance': 0.5, 'cold_tolerance': 0.5, 'bolting_tolerance': 0.5, 'chlorophyll_content': 0.5, 'root_development': 0.5, 'plant_architecture': 0.5, <GeneticTrait.GROWTH_RATE: 'growth_rate'>: 0.7}",{},0.0000,0.0000,"{'growth_rate': 0.5, 'leaf_size': 0.5, 'yield_potential': 0.5, 'disease_resistance': 0.5, 'heat_tolerance': 0.5, 'cold_tolerance': 0.5, 'bolting_tolerance': 0.5, 'chlorophyll_content': 0.5, 'root_development': 0.5, 'plant_architecture': 0.5, <GeneticTrait.GROWTH_RATE: 'growth_rate'>: 0.7}",{},{},1645560.0000,70560.0000,654,2025-10-06T15:29:56.522965
328,14,15,2025-10-06 15:29:56.835790,Boston Bibb,butterhead,{},"{'cultivar_name': 'Boston Bibb', 'lettuce_type': 'butterhead', 'maturity_days': 60}","{'growth_rate': 0.5, 'leaf_size': 0.5, 'yield_potential': 0.5, 'disease_resistance': 0.5, 'heat_tolerance': 0.5, 'cold_tolerance': 0.5, 'bolting_tolerance': 0.5, 'chlorophyll_content': 0.5, 'root_development': 0.5, 'plant_architecture': 0.5, <GeneticTrait.GROWTH_RATE: 'growth_rate'>: 0.7}",{},0.0000,0.0000,"{'growth_rate': 0.5, 'leaf_size': 0.5, 'yield_potential': 0.5, 'disease_resistance': 0.5, 'heat_tolerance': 0.5, 'cold_tolerance': 0.5, 'bolting_tolerance': 0.5, 'chlorophyll_content': 0.5, 'root_development': 0.5, 'plant_architecture': 0.5, <GeneticTrait.GROWTH_RATE: 'growth_rate'>: 0.7}",{},{},1650600.0000,75600.0000,656,2025-10-06T15:29:56.686273
329,14,16,2025-10-06 15:29:56.998608,Boston Bibb,butterhead,{},"{'cultivar_name': 'Boston Bibb', 'lettuce_type': 'butterhead', 'maturity_days': 60}","{'growth_rate': 0.5, 'leaf_size': 0.5, 'yield_potential': 0.5, 'disease_resistance': 0.5, 'heat_tolerance': 0.5, 'cold_tolerance': 0.5, 'bolting_tolerance': 0.5, 'chlorophyll_content': 0.5, 'root_development': 0.5, 'plant_architecture': 0.5, <GeneticTrait.GROWTH_RATE: 'growth_rate'>: 0.7}",{},0.0000,0.0000,"{'growth_rate': 0.5, 'leaf_size': 0.5, 'yield_potential': 0.5, 'disease_resistance': 0.5, 'heat_tolerance': 0.5, 'cold_tolerance': 0.5, 'bolting_tolerance': 0.5, 'chlorophyll_content': 0.5, 'root_development': 0.5, 'plant_architecture': 0.5, <GeneticTrait.GROWTH_RATE: 'growth_rate'>: 0.7}",{},{},1655640.0000,80640.0000,658,2025-10-06T15:29:56.849858
330,14,17,2025-10-06 15:29:57.158288,Boston Bibb,butterhead,{},"{'cultivar_name': 'Boston Bibb', 'lettuce_type': 'butterhead', 'maturity_days': 60}","{'growth_rate': 0.5, 'leaf_size': 0.5, 'yield_potential': 0.5, 'disease_resistance': 0.5, 'heat_tolerance': 0.5, 'cold_tolerance': 0.5, 'bolting_tolerance': 0.5, 'chlorophyll_content': 0.5, 'root_development': 0.5, 'plant_architecture': 0.5, <GeneticTrait.GROWTH_RATE: 'growth_rate'>: 0.7}",{},0.0000,0.0000,"{'growth_rate': 0.5, 'leaf_size': 0.5, 'yield_potential': 0.5, 'disease_resistance': 0.5, 'heat_tolerance': 0.5, 'cold_tolerance': 0.5, 'bolting_tolerance': 0.5, 'chlorophyll_content': 0.5, 'root_development': 0.5, 'plant_architecture': 0.5, <GeneticTrait.GROWTH_RATE: 'growth_rate'>: 0.7}",{},{},1660680.0000,85680.0000,660,2025-10-06T15:29:57.012034
331,14,18,2025-10-06 15:29:57.322241,Boston Bibb,butterhead,{},"{'cultivar_name': 'Boston Bibb', 'lettuce_type': 'butterhead', 'maturity_days': 60}","{'growth_rate': 0.5, 'leaf_size': 0.5, 'yield_potential': 0.5, 'disease_resistance': 0.5, 'heat_tolerance': 0.5, 'cold_tolerance': 0.5, 'bolting_tolerance': 0.5, 'chlorophyll_content': 0.5, 'root_development': 0.5, 'plant_architecture': 0.5, <GeneticTrait.GROWTH_RATE: 'growth_rate'>: 0.7}",{},0.0000,0.0000,"{'growth_rate': 0.5, 'leaf_size': 0.5, 'yield_potential': 0.5, 'disease_resistance': 0.5, 'heat_tolerance': 0.5, 'cold_tolerance': 0.5, 'bolting_tolerance': 0.5, 'chlorophyll_content': 0.5, 'root_development': 0.5, 'plant_architecture': 0.5, <GeneticTrait.GROWTH_RATE: 'growth_rate'>: 0.7}",{},{},1665720.0000,90720.0000,662,2025-10-06T15:29:57.171018
332,14,19,2025-10-06 15:29:57.482282,Boston Bibb,butterhead,{},"{'cultivar_name': 'Boston Bibb', 'lettuce_type': 'butterhead', 'maturity_days': 60}","{'growth_rate': 0.5, 'leaf_size': 0.5, 'yield_potential': 0.5, 'disease_resistance': 0.5, 'heat_tolerance': 0.5, 'cold_tolerance': 0.5, 'bolting_tolerance': 0.5, 'chlorophyll_content': 0.5, 'root_development': 0.5, 'plant_architecture': 0.5, <GeneticTrait.GROWTH_RATE: 'growth_rate'>: 0.7}",{},0.0000,0.0000,"{'growth_rate': 0.5, 'leaf_size': 0.5, 'yield_potential': 0.5, 'disease_resistance': 0.5, 'heat_tolerance': 0.5, 'cold_tolerance': 0.5, 'bolting_tolerance': 0.5, 'chlorophyll_content': 0.5, 'root_development': 0.5, 'plant_architecture': 0.5, <GeneticTrait.GROWTH_RATE: 'growth_rate'>: 0.7}",{},{},1670760.0000,95760.0000,664,2025-10-06T15:29:57.333734
333,14,20,2025-10-06 15:29:57.642238,Boston Bibb,butterhead,{},"{'cultivar_name': 'Boston Bibb', 'lettuce_type': 'butterhead', 'maturity_days': 60}","{'growth_rate': 0.5, 'leaf_size': 0.5, 'yield_potential': 0.5, 'disease_resistance': 0.5, 'heat_tolerance': 0.5, 'cold_tolerance': 0.5, 'bolting_tolerance': 0.5, 'chlorophyll_content': 0.5, 'root_development': 0.5, 'plant_architecture': 0.5, <GeneticTrait.GROWTH_RATE: 'growth_rate'>: 0.7}",{},0.0000,0.0000,"{'growth_rate': 0.5, 'leaf_size': 0.5, 'yield_potential': 0.5, 'disease_resistance': 0.5, 'heat_tolerance': 0.5, 'cold_tolerance': 0.5, 'bolting_tolerance': 0.5, 'chlorophyll_content': 0.5, 'root_development': 0.5, 'plant_architecture': 0.5, <GeneticTrait.GROWTH_RATE: 'growth_rate'>: 0.7}",{},{},1675800.0000,100800.0000,666,2025-10-06T15:29:57.494483
334,14,21,2025-10-06 15:29:57.803024,Boston Bibb,butterhead,{},"{'cultivar_name': 'Boston Bibb', 'lettuce_type': 'butterhead', 'maturity_days': 60}","{'growth_rate': 0.5, 'leaf_size': 0.5, 'yield_potential': 0.5, 'disease_resistance': 0.5, 'heat_tolerance': 0.5, 'cold_tolerance': 0.5, 'bolting_tolerance': 0.5, 'chlorophyll_content': 0.5, 'root_development': 0.5, 'plant_architecture': 0.5, <GeneticTrait.GROWTH_RATE: 'growth_rate'>: 0.7}",{},0.0000,0.0000,"{'growth_rate': 0.5, 'leaf_size': 0.5, 'yield_potential': 0.5, 'disease_resistance': 0.5, 'heat_tolerance': 0.5, 'cold_tolerance': 0.5, 'bolting_tolerance': 0.5, 'chlorophyll_content': 0.5, 'root_development': 0.5, 'plant_architecture': 0.5, <GeneticTrait.GROWTH_RATE: 'growth_rate'>: 0.7}",{},{},1680840.0000,105840.0000,668,2025-10-06T15:29:57.656398
335,14,22,2025-10-06 15:29:57.960378,Boston Bibb,butterhead,{},"{'cultivar_name': 'Boston Bibb', 'lettuce_type': 'butterhead', 'maturity_days': 60}","{'growth_rate': 0.5, 'leaf_size': 0.5, 'yield_potential': 0.5, 'disease_resistance': 0.5, 'heat_tolerance': 0.5, 'cold_tolerance': 0.5, 'bolting_tolerance': 0.5, 'chlorophyll_content': 0.5, 'root_development': 0.5, 'plant_architecture': 0.5, <GeneticTrait.GROWTH_RATE: 'growth_rate'>: 0.7}",{},0.0000,0.0000,"{'growth_rate': 0.5, 'leaf_size': 0.5, 'yield_potential': 0.5, 'disease_resistance': 0.5, 'heat_tolerance': 0.5, 'cold_tolerance': 0.5, 'bolting_tolerance': 0.5, 'chlorophyll_content': 0.5, 'root_development': 0.5, 'plant_architecture': 0.5, <GeneticTrait.GROWTH_RATE: 'growth_rate'>: 0.7}",{},{},1685880.0000,110880.0000,670,2025-10-06T15:29:57.817110
336,14,23,2025-10-06 15:29:58.123117,Boston Bibb,butterhead,{},"{'cultivar_name': 'Boston Bibb', 'lettuce_type': 'butterhead', 'maturity_days': 60}","{'growth_rate': 0.5, 'leaf_size': 0.5, 'yield_potential': 0.5, 'disease_resistance': 0.5, 'heat_tolerance': 0.5, 'cold_tolerance': 0.5, 'bolting_tolerance': 0.5, 'chlorophyll_content': 0.5, 'root_development': 0.5, 'plant_architecture': 0.5, <GeneticTrait.GROWTH_RATE: 'growth_rate'>: 0.7}",{},0.0000,0.0000,"{'growth_rate': 0.5, 'leaf_size': 0.5, 'yield_potential': 0.5, 'disease_resistance': 0.5, 'heat_tolerance': 0.5, 'cold_tolerance': 0.5, 'bolting_tolerance': 0.5, 'chlorophyll_content': 0.5, 'root_development': 0.5, 'plant_architecture': 0.5, <GeneticTrait.GROWTH_RATE: 'growth_rate'>: 0.7}",{},{},1690920.0000,115920.0000,672,2025-10-06T15:29:57.974588
337,15,0,2025-10-06 15:29:58.282849,Boston Bibb,butterhead,{},"{'cultivar_name': 'Boston Bibb', 'lettuce_type': 'butterhead', 'maturity_days': 60}","{'growth_rate': 0.5, 'leaf_size': 0.5, 'yield_potential': 0.5, 'disease_resistance': 0.5, 'heat_tolerance': 0.5, 'cold_tolerance': 0.5, 'bolting_tolerance': 0.5, 'chlorophyll_content': 0.5, 'root_development': 0.5, 'plant_architecture': 0.5, <GeneticTrait.GROWTH_RATE: 'growth_rate'>: 0.7}",{},0.0000,0.0000,"{'growth_rate': 0.5, 'leaf_size': 0.5, 'yield_potential': 0.5, 'disease_resistance': 0.5, 'heat_tolerance': 0.5, 'cold_tolerance': 0.5, 'bolting_tolerance': 0.5, 'chlorophyll_content': 0.5, 'root_development': 0.5, 'plant_architecture': 0.5, <GeneticTrait.GROWTH_RATE: 'growth_rate'>: 0.7}",{},{},1695960.0000,0.0000,674,2025-10-06T15:29:58.138166
338,15,1,2025-10-06 15:29:58.445561,Boston Bibb,butterhead,{},"{'cultivar_name': 'Boston Bibb', 'lettuce_type': 'butterhead', 'maturity_days': 60}","{'growth_rate': 0.5, 'leaf_size': 0.5, 'yield_potential': 0.5, 'disease_resistance': 0.5, 'heat_tolerance': 0.5, 'cold_tolerance': 0.5, 'bolting_tolerance': 0.5, 'chlorophyll_content': 0.5, 'root_development': 0.5, 'plant_architecture': 0.5, <GeneticTrait.GROWTH_RATE: 'growth_rate'>: 0.7}",{},0.0000,0.0000,"{'growth_rate': 0.5, 'leaf_size': 0.5, 'yield_potential': 0.5, 'disease_resistance': 0.5, 'heat_tolerance': 0.5, 'cold_tolerance': 0.5, 'bolting_tolerance': 0.5, 'chlorophyll_content': 0.5, 'root_development': 0.5, 'plant_architecture': 0.5, <GeneticTrait.GROWTH_RATE: 'growth_rate'>: 0.7}",{},{},1701000.0000,5040.0000,676,2025-10-06T15:29:58.297023
339,15,2,2025-10-06 15:29:58.603522,Boston Bibb,butterhead,{},"{'cultivar_name': 'Boston Bibb', 'lettuce_type': 'butterhead', 'maturity_days': 60}","{'growth_rate': 0.5, 'leaf_size': 0.5, 'yield_potential': 0.5, 'disease_resistance': 0.5, 'heat_tolerance': 0.5, 'cold_tolerance': 0.5, 'bolting_tolerance': 0.5, 'chlorophyll_content': 0.5, 'root_development': 0.5, 'plant_architecture': 0.5, <GeneticTrait.GROWTH_RATE: 'growth_rate'>: 0.7}",{},0.0000,0.0000,"{'growth_rate': 0.5, 'leaf_size': 0.5, 'yield_potential': 0.5, 'disease_resistance': 0.5, 'heat_tolerance': 0.5, 'cold_tolerance': 0.5, 'bolting_tolerance': 0.5, 'chlorophyll_content': 0.5, 'root_development': 0.5, 'plant_architecture': 0.5, <GeneticTrait.GROWTH_RATE: 'growth_rate'>: 0.7}",{},{},1706040.0000,10080.0000,678,2025-10-06T15:29:58.458812
340,15,3,2025-10-06 15:29:58.768630,Boston Bibb,butterhead,{},"{'cultivar_name': 'Boston Bibb', 'lettuce_type': 'butterhead', 'maturity_days': 60}","{'growth_rate': 0.5, 'leaf_size': 0.5, 'yield_potential': 0.5, 'disease_resistance': 0.5, 'heat_tolerance': 0.5, 'cold_tolerance': 0.5, 'bolting_tolerance': 0.5, 'chlorophyll_content': 0.5, 'root_development': 0.5, 'plant_architecture': 0.5, <GeneticTrait.GROWTH_RATE: 'growth_rate'>: 0.7}",{},0.0000,0.0000,"{'growth_rate': 0.5, 'leaf_size': 0.5, 'yield_potential': 0.5, 'disease_resistance': 0.5, 'heat_tolerance': 0.5, 'cold_tolerance': 0.5, 'bolting_tolerance': 0.5, 'chlorophyll_content': 0.5, 'root_development': 0.5, 'plant_architecture': 0.5, <GeneticTrait.GROWTH_RATE: 'growth_rate'>: 0.7}",{},{},1711080.0000,15120.0000,680,2025-10-06T15:29:58.617178
341,15,4,2025-10-06 15:29:58.930627,Boston Bibb,butterhead,{},"{'cultivar_name': 'Boston Bibb', 'lettuce_type': 'butterhead', 'maturity_days': 60}","{'growth_rate': 0.5, 'leaf_size': 0.5, 'yield_potential': 0.5, 'disease_resistance': 0.5, 'heat_tolerance': 0.5, 'cold_tolerance': 0.5, 'bolting_tolerance': 0.5, 'chlorophyll_content': 0.5, 'root_development': 0.5, 'plant_architecture': 0.5, <GeneticTrait.GROWTH_RATE: 'growth_rate'>: 0.7}",{},0.0000,0.0000,"{'growth_rate': 0.5, 'leaf_size': 0.5, 'yield_potential': 0.5, 'disease_resistance': 0.5, 'heat_tolerance': 0.5, 'cold_tolerance': 0.5, 'bolting_tolerance': 0.5, 'chlorophyll_content': 0.5, 'root_development': 0.5, 'plant_architecture': 0.5, <GeneticTrait.GROWTH_RATE: 'growth_rate'>: 0.7}",{},{},1716120.0000,20160.0000,682,2025-10-06T15:29:58.782792
342,15,5,2025-10-06 15:29:59.090181,Boston Bibb,butterhead,{},"{'cultivar_name': 'Boston Bibb', 'lettuce_type': 'butterhead', 'maturity_days': 60}","{'growth_rate': 0.5, 'leaf_size': 0.5, 'yield_potential': 0.5, 'disease_resistance': 0.5, 'heat_tolerance': 0.5, 'cold_tolerance': 0.5, 'bolting_tolerance': 0.5, 'chlorophyll_content': 0.5, 'root_development': 0.5, 'plant_architecture': 0.5, <GeneticTrait.GROWTH_RATE: 'growth_rate'>: 0.7}",{},0.0000,0.0000,"{'growth_rate': 0.5, 'leaf_size': 0.5, 'yield_potential': 0.5, 'disease_resistance': 0.5, 'heat_tolerance': 0.5, 'cold_tolerance': 0.5, 'bolting_tolerance': 0.5, 'chlorophyll_content': 0.5, 'root_development': 0.5, 'plant_architecture': 0.5, <GeneticTrait.GROWTH_RATE: 'growth_rate'>: 0.7}",{},{},1721160.0000,25200.0000,684,2025-10-06T15:29:58.944772
343,15,6,2025-10-06 15:29:59.249995,Boston Bibb,butterhead,{},"{'cultivar_name': 'Boston Bibb', 'lettuce_type': 'butterhead', 'maturity_days': 60}","{'growth_rate': 0.5, 'leaf_size': 0.5, 'yield_potential': 0.5, 'disease_resistance': 0.5, 'heat_tolerance': 0.5, 'cold_tolerance': 0.5, 'bolting_tolerance': 0.5, 'chlorophyll_content': 0.5, 'root_development': 0.5, 'plant_architecture': 0.5, <GeneticTrait.GROWTH_RATE: 'growth_rate'>: 0.7}",{},0.0000,0.0000,"{'growth_rate': 0.5, 'leaf_size': 0.5, 'yield_potential': 0.5, 'disease_resistance': 0.5, 'heat_tolerance': 0.5, 'cold_tolerance': 0.5, 'bolting_tolerance': 0.5, 'chlorophyll_content': 0.5, 'root_development': 0.5, 'plant_architecture': 0.5, <GeneticTrait.GROWTH_RATE: 'growth_rate'>: 0.7}",{},{},1726200.0000,30240.0000,686,2025-10-06T15:29:59.103610
344,15,7,2025-10-06 15:29:59.401715,Boston Bibb,butterhead,{},"{'cultivar_name': 'Boston Bibb', 'lettuce_type': 'butterhead', 'maturity_days': 60}","{'growth_rate': 0.5, 'leaf_size': 0.5, 'yield_potential': 0.5, 'disease_resistance': 0.5, 'heat_tolerance': 0.5, 'cold_tolerance': 0.5, 'bolting_tolerance': 0.5, 'chlorophyll_content': 0.5, 'root_development': 0.5, 'plant_architecture': 0.5, <GeneticTrait.GROWTH_RATE: 'growth_rate'>: 0.7}",{},0.0000,0.0000,"{'growth_rate': 0.5, 'leaf_size': 0.5, 'yield_potential': 0.5, 'disease_resistance': 0.5, 'heat_tolerance': 0.5, 'cold_tolerance': 0.5, 'bolting_tolerance': 0.5, 'chlorophyll_content': 0.5, 'root_development': 0.5, 'plant_architecture': 0.5, <GeneticTrait.GROWTH_RATE: 'growth_rate'>: 0.7}",{},{},1731240.0000,35280.0000,688,2025-10-06T15:29:59.261815
345,15,8,2025-10-06 15:29:59.564561,Boston Bibb,butterhead,{},"{'cultivar_name': 'Boston Bibb', 'lettuce_type': 'butterhead', 'maturity_days': 60}","{'growth_rate': 0.5, 'leaf_size': 0.5, 'yield_potential': 0.5, 'disease_resistance': 0.5, 'heat_tolerance': 0.5, 'cold_tolerance': 0.5, 'bolting_tolerance': 0.5, 'chlorophyll_content': 0.5, 'root_development': 0.5, 'plant_architecture': 0.5, <GeneticTrait.GROWTH_RATE: 'growth_rate'>: 0.7}",{},0.0000,0.0000,"{'growth_rate': 0.5, 'leaf_size': 0.5, 'yield_potential': 0.5, 'disease_resistance': 0.5, 'heat_tolerance': 0.5, 'cold_tolerance': 0.5, 'bolting_tolerance': 0.5, 'chlorophyll_content': 0.5, 'root_development': 0.5, 'plant_architecture': 0.5, <GeneticTrait.GROWTH_RATE: 'growth_rate'>: 0.7}",{},{},1736280.0000,40320.0000,690,2025-10-06T15:29:59.415851
346,15,9,2025-10-06 15:29:59.724797,Boston Bibb,butterhead,{},"{'cultivar_name': 'Boston Bibb', 'lettuce_type': 'butterhead', 'maturity_days': 60}","{'growth_rate': 0.5, 'leaf_size': 0.5, 'yield_potential': 0.5, 'disease_resistance': 0.5, 'heat_tolerance': 0.5, 'cold_tolerance': 0.5, 'bolting_tolerance': 0.5, 'chlorophyll_content': 0.5, 'root_development': 0.5, 'plant_architecture': 0.5, <GeneticTrait.GROWTH_RATE: 'growth_rate'>: 0.7}",{},0.0000,0.0000,"{'growth_rate': 0.5, 'leaf_size': 0.5, 'yield_potential': 0.5, 'disease_resistance': 0.5, 'heat_tolerance': 0.5, 'cold_tolerance': 0.5, 'bolting_tolerance': 0.5, 'chlorophyll_content': 0.5, 'root_development': 0.5, 'plant_architecture': 0.5, <GeneticTrait.GROWTH_RATE: 'growth_rate'>: 0.7}",{},{},1741320.0000,45360.0000,692,2025-10-06T15:29:59.578694
347,15,10,2025-10-06 15:29:59.887372,Boston Bibb,butterhead,{},"{'cultivar_name': 'Boston Bibb', 'lettuce_type': 'butterhead', 'maturity_days': 60}","{'growth_rate': 0.5, 'leaf_size': 0.5, 'yield_potential': 0.5, 'disease_resistance': 0.5, 'heat_tolerance': 0.5, 'cold_tolerance': 0.5, 'bolting_tolerance': 0.5, 'chlorophyll_content': 0.5, 'root_development': 0.5, 'plant_architecture': 0.5, <GeneticTrait.GROWTH_RATE: 'growth_rate'>: 0.7}",{},0.0000,0.0000,"{'growth_rate': 0.5, 'leaf_size': 0.5, 'yield_potential': 0.5, 'disease_resistance': 0.5, 'heat_tolerance': 0.5, 'cold_tolerance': 0.5, 'bolting_tolerance': 0.5, 'chlorophyll_content': 0.5, 'root_development': 0.5, 'plant_architecture': 0.5, <GeneticTrait.GROWTH_RATE: 'growth_rate'>: 0.7}",{},{},1746360.0000,50400.0000,694,2025-10-06T15:29:59.739007
348,15,11,2025-10-06 15:30:00.051293,Boston Bibb,butterhead,{},"{'cultivar_name': 'Boston Bibb', 'lettuce_type': 'butterhead', 'maturity_days': 60}","{'growth_rate': 0.5, 'leaf_size': 0.5, 'yield_potential': 0.5, 'disease_resistance': 0.5, 'heat_tolerance': 0.5, 'cold_tolerance': 0.5, 'bolting_tolerance': 0.5, 'chlorophyll_content': 0.5, 'root_development': 0.5, 'plant_architecture': 0.5, <GeneticTrait.GROWTH_RATE: 'growth_rate'>: 0.7}",{},0.0000,0.0000,"{'growth_rate': 0.5, 'leaf_size': 0.5, 'yield_potential': 0.5, 'disease_resistance': 0.5, 'heat_tolerance': 0.5, 'cold_tolerance': 0.5, 'bolting_tolerance': 0.5, 'chlorophyll_content': 0.5, 'root_development': 0.5, 'plant_architecture': 0.5, <GeneticTrait.GROWTH_RATE: 'growth_rate'>: 0.7}",{},{},1751400.0000,55440.0000,696,2025-10-06T15:29:59.901543
349,15,12,2025-10-06 15:30:00.212107,Boston Bibb,butterhead,{},"{'cultivar_name': 'Boston Bibb', 'lettuce_type': 'butterhead', 'maturity_days': 60}","{'growth_rate': 0.5, 'leaf_size': 0.5, 'yield_potential': 0.5, 'disease_resistance': 0.5, 'heat_tolerance': 0.5, 'cold_tolerance': 0.5, 'bolting_tolerance': 0.5, 'chlorophyll_content': 0.5, 'root_development': 0.5, 'plant_architecture': 0.5, <GeneticTrait.GROWTH_RATE: 'growth_rate'>: 0.7}",{},0.0000,0.0000,"{'growth_rate': 0.5, 'leaf_size': 0.5, 'yield_potential': 0.5, 'disease_resistance': 0.5, 'heat_tolerance': 0.5, 'cold_tolerance': 0.5, 'bolting_tolerance': 0.5, 'chlorophyll_content': 0.5, 'root_development': 0.5, 'plant_architecture': 0.5, <GeneticTrait.GROWTH_RATE: 'growth_rate'>: 0.7}",{},{},1756440.0000,60480.0000,698,2025-10-06T15:30:00.063358
350,15,13,2025-10-06 15:30:00.370431,Boston Bibb,butterhead,{},"{'cultivar_name': 'Boston Bibb', 'lettuce_type': 'butterhead', 'maturity_days': 60}","{'growth_rate': 0.5, 'leaf_size': 0.5, 'yield_potential': 0.5, 'disease_resistance': 0.5, 'heat_tolerance': 0.5, 'cold_tolerance': 0.5, 'bolting_tolerance': 0.5, 'chlorophyll_content': 0.5, 'root_development': 0.5, 'plant_architecture': 0.5, <GeneticTrait.GROWTH_RATE: 'growth_rate'>: 0.7}",{},0.0000,0.0000,"{'growth_rate': 0.5, 'leaf_size': 0.5, 'yield_potential': 0.5, 'disease_resistance': 0.5, 'heat_tolerance': 0.5, 'cold_tolerance': 0.5, 'bolting_tolerance': 0.5, 'chlorophyll_content': 0.5, 'root_development': 0.5, 'plant_architecture': 0.5, <GeneticTrait.GROWTH_RATE: 'growth_rate'>: 0.7}",{},{},1761480.0000,65520.0000,700,2025-10-06T15:30:00.226140
351,15,14,2025-10-06 15:30:00.526571,Boston Bibb,butterhead,{},"{'cultivar_name': 'Boston Bibb', 'lettuce_type': 'butterhead', 'maturity_days': 60}","{'growth_rate': 0.5, 'leaf_size': 0.5, 'yield_potential': 0.5, 'disease_resistance': 0.5, 'heat_tolerance': 0.5, 'cold_tolerance': 0.5, 'bolting_tolerance': 0.5, 'chlorophyll_content': 0.5, 'root_development': 0.5, 'plant_architecture': 0.5, <GeneticTrait.GROWTH_RATE: 'growth_rate'>: 0.7}",{},0.0000,0.0000,"{'growth_rate': 0.5, 'leaf_size': 0.5, 'yield_potential': 0.5, 'disease_resistance': 0.5, 'heat_tolerance': 0.5, 'cold_tolerance': 0.5, 'bolting_tolerance': 0.5, 'chlorophyll_content': 0.5, 'root_development': 0.5, 'plant_architecture': 0.5, <GeneticTrait.GROWTH_RATE: 'growth_rate'>: 0.7}",{},{},1766520.0000,70560.0000,702,2025-10-06T15:30:00.383653
352,15,15,2025-10-06 15:30:00.689315,Boston Bibb,butterhead,{},"{'cultivar_name': 'Boston Bibb', 'lettuce_type': 'butterhead', 'maturity_days': 60}","{'growth_rate': 0.5, 'leaf_size': 0.5, 'yield_potential': 0.5, 'disease_resistance': 0.5, 'heat_tolerance': 0.5, 'cold_tolerance': 0.5, 'bolting_tolerance': 0.5, 'chlorophyll_content': 0.5, 'root_development': 0.5, 'plant_architecture': 0.5, <GeneticTrait.GROWTH_RATE: 'growth_rate'>: 0.7}",{},0.0000,0.0000,"{'growth_rate': 0.5, 'leaf_size': 0.5, 'yield_potential': 0.5, 'disease_resistance': 0.5, 'heat_tolerance': 0.5, 'cold_tolerance': 0.5, 'bolting_tolerance': 0.5, 'chlorophyll_content': 0.5, 'root_development': 0.5, 'plant_architecture': 0.5, <GeneticTrait.GROWTH_RATE: 'growth_rate'>: 0.7}",{},{},1771560.0000,75600.0000,704,2025-10-06T15:30:00.539301
353,15,16,2025-10-06 15:30:00.847716,Boston Bibb,butterhead,{},"{'cultivar_name': 'Boston Bibb', 'lettuce_type': 'butterhead', 'maturity_days': 60}","{'growth_rate': 0.5, 'leaf_size': 0.5, 'yield_potential': 0.5, 'disease_resistance': 0.5, 'heat_tolerance': 0.5, 'cold_tolerance': 0.5, 'bolting_tolerance': 0.5, 'chlorophyll_content': 0.5, 'root_development': 0.5, 'plant_architecture': 0.5, <GeneticTrait.GROWTH_RATE: 'growth_rate'>: 0.7}",{},0.0000,0.0000,"{'growth_rate': 0.5, 'leaf_size': 0.5, 'yield_potential': 0.5, 'disease_resistance': 0.5, 'heat_tolerance': 0.5, 'cold_tolerance': 0.5, 'bolting_tolerance': 0.5, 'chlorophyll_content': 0.5, 'root_development': 0.5, 'plant_architecture': 0.5, <GeneticTrait.GROWTH_RATE: 'growth_rate'>: 0.7}",{},{},1776600.0000,80640.0000,706,2025-10-06T15:30:00.703999
354,15,17,2025-10-06 15:30:01.010881,Boston Bibb,butterhead,{},"{'cultivar_name': 'Boston Bibb', 'lettuce_type': 'butterhead', 'maturity_days': 60}","{'growth_rate': 0.5, 'leaf_size': 0.5, 'yield_potential': 0.5, 'disease_resistance': 0.5, 'heat_tolerance': 0.5, 'cold_tolerance': 0.5, 'bolting_tolerance': 0.5, 'chlorophyll_content': 0.5, 'root_development': 0.5, 'plant_architecture': 0.5, <GeneticTrait.GROWTH_RATE: 'growth_rate'>: 0.7}",{},0.0000,0.0000,"{'growth_rate': 0.5, 'leaf_size': 0.5, 'yield_potential': 0.5, 'disease_resistance': 0.5, 'heat_tolerance': 0.5, 'cold_tolerance': 0.5, 'bolting_tolerance': 0.5, 'chlorophyll_content': 0.5, 'root_development': 0.5, 'plant_architecture': 0.5, <GeneticTrait.GROWTH_RATE: 'growth_rate'>: 0.7}",{},{},1781640.0000,85680.0000,708,2025-10-06T15:30:00.861967
355,15,18,2025-10-06 15:30:01.170497,Boston Bibb,butterhead,{},"{'cultivar_name': 'Boston Bibb', 'lettuce_type': 'butterhead', 'maturity_days': 60}","{'growth_rate': 0.5, 'leaf_size': 0.5, 'yield_potential': 0.5, 'disease_resistance': 0.5, 'heat_tolerance': 0.5, 'cold_tolerance': 0.5, 'bolting_tolerance': 0.5, 'chlorophyll_content': 0.5, 'root_development': 0.5, 'plant_architecture': 0.5, <GeneticTrait.GROWTH_RATE: 'growth_rate'>: 0.7}",{},0.0000,0.0000,"{'growth_rate': 0.5, 'leaf_size': 0.5, 'yield_potential': 0.5, 'disease_resistance': 0.5, 'heat_tolerance': 0.5, 'cold_tolerance': 0.5, 'bolting_tolerance': 0.5, 'chlorophyll_content': 0.5, 'root_development': 0.5, 'plant_architecture': 0.5, <GeneticTrait.GROWTH_RATE: 'growth_rate'>: 0.7}",{},{},1786680.0000,90720.0000,710,2025-10-06T15:30:01.023401
356,15,19,2025-10-06 15:30:01.328963,Boston Bibb,butterhead,{},"{'cultivar_name': 'Boston Bibb', 'lettuce_type': 'butterhead', 'maturity_days': 60}","{'growth_rate': 0.5, 'leaf_size': 0.5, 'yield_potential': 0.5, 'disease_resistance': 0.5, 'heat_tolerance': 0.5, 'cold_tolerance': 0.5, 'bolting_tolerance': 0.5, 'chlorophyll_content': 0.5, 'root_development': 0.5, 'plant_architecture': 0.5, <GeneticTrait.GROWTH_RATE: 'growth_rate'>: 0.7}",{},0.0000,0.0000,"{'growth_rate': 0.5, 'leaf_size': 0.5, 'yield_potential': 0.5, 'disease_resistance': 0.5, 'heat_tolerance': 0.5, 'cold_tolerance': 0.5, 'bolting_tolerance': 0.5, 'chlorophyll_content': 0.5, 'root_development': 0.5, 'plant_architecture': 0.5, <GeneticTrait.GROWTH_RATE: 'growth_rate'>: 0.7}",{},{},1791720.0000,95760.0000,712,2025-10-06T15:30:01.184599
357,15,20,2025-10-06 15:30:01.485462,Boston Bibb,butterhead,{},"{'cultivar_name': 'Boston Bibb', 'lettuce_type': 'butterhead', 'maturity_days': 60}","{'growth_rate': 0.5, 'leaf_size': 0.5, 'yield_potential': 0.5, 'disease_resistance': 0.5, 'heat_tolerance': 0.5, 'cold_tolerance': 0.5, 'bolting_tolerance': 0.5, 'chlorophyll_content': 0.5, 'root_development': 0.5, 'plant_architecture': 0.5, <GeneticTrait.GROWTH_RATE: 'growth_rate'>: 0.7}",{},0.0000,0.0000,"{'growth_rate': 0.5, 'leaf_size': 0.5, 'yield_potential': 0.5, 'disease_resistance': 0.5, 'heat_tolerance': 0.5, 'cold_tolerance': 0.5, 'bolting_tolerance': 0.5, 'chlorophyll_content': 0.5, 'root_development': 0.5, 'plant_architecture': 0.5, <GeneticTrait.GROWTH_RATE: 'growth_rate'>: 0.7}",{},{},1796760.0000,100800.0000,714,2025-10-06T15:30:01.342145
358,15,21,2025-10-06 15:30:01.646741,Boston Bibb,butterhead,{},"{'cultivar_name': 'Boston Bibb', 'lettuce_type': 'butterhead', 'maturity_days': 60}","{'growth_rate': 0.5, 'leaf_size': 0.5, 'yield_potential': 0.5, 'disease_resistance': 0.5, 'heat_tolerance': 0.5, 'cold_tolerance': 0.5, 'bolting_tolerance': 0.5, 'chlorophyll_content': 0.5, 'root_development': 0.5, 'plant_architecture': 0.5, <GeneticTrait.GROWTH_RATE: 'growth_rate'>: 0.7}",{},0.0000,0.0000,"{'growth_rate': 0.5, 'leaf_size': 0.5, 'yield_potential': 0.5, 'disease_resistance': 0.5, 'heat_tolerance': 0.5, 'cold_tolerance': 0.5, 'bolting_tolerance': 0.5, 'chlorophyll_content': 0.5, 'root_development': 0.5, 'plant_architecture': 0.5, <GeneticTrait.GROWTH_RATE: 'growth_rate'>: 0.7}",{},{},1801800.0000,105840.0000,716,2025-10-06T15:30:01.498145
359,15,22,2025-10-06 15:30:01.811809,Boston Bibb,butterhead,{},"{'cultivar_name': 'Boston Bibb', 'lettuce_type': 'butterhead', 'maturity_days': 60}","{'growth_rate': 0.5, 'leaf_size': 0.5, 'yield_potential': 0.5, 'disease_resistance': 0.5, 'heat_tolerance': 0.5, 'cold_tolerance': 0.5, 'bolting_tolerance': 0.5, 'chlorophyll_content': 0.5, 'root_development': 0.5, 'plant_architecture': 0.5, <GeneticTrait.GROWTH_RATE: 'growth_rate'>: 0.7}",{},0.0000,0.0000,"{'growth_rate': 0.5, 'leaf_size': 0.5, 'yield_potential': 0.5, 'disease_resistance': 0.5, 'heat_tolerance': 0.5, 'cold_tolerance': 0.5, 'bolting_tolerance': 0.5, 'chlorophyll_content': 0.5, 'root_development': 0.5, 'plant_architecture': 0.5, <GeneticTrait.GROWTH_RATE: 'growth_rate'>: 0.7}",{},{},1806840.0000,110880.0000,718,2025-10-06T15:30:01.659312
360,15,23,2025-10-06 15:30:01.970570,Boston Bibb,butterhead,{},"{'cultivar_name': 'Boston Bibb', 'lettuce_type': 'butterhead', 'maturity_days': 60}","{'growth_rate': 0.5, 'leaf_size': 0.5, 'yield_potential': 0.5, 'disease_resistance': 0.5, 'heat_tolerance': 0.5, 'cold_tolerance': 0.5, 'bolting_tolerance': 0.5, 'chlorophyll_content': 0.5, 'root_development': 0.5, 'plant_architecture': 0.5, <GeneticTrait.GROWTH_RATE: 'growth_rate'>: 0.7}",{},0.0000,0.0000,"{'growth_rate': 0.5, 'leaf_size': 0.5, 'yield_potential': 0.5, 'disease_resistance': 0.5, 'heat_tolerance': 0.5, 'cold_tolerance': 0.5, 'bolting_tolerance': 0.5, 'chlorophyll_content': 0.5, 'root_development': 0.5, 'plant_architecture': 0.5, <GeneticTrait.GROWTH_RATE: 'growth_rate'>: 0.7}",{},{},1811880.0000,115920.0000,720,2025-10-06T15:30:01.824838
361,16,0,2025-10-06 15:30:02.132709,Boston Bibb,butterhead,{},"{'cultivar_name': 'Boston Bibb', 'lettuce_type': 'butterhead', 'maturity_days': 60}","{'growth_rate': 0.5, 'leaf_size': 0.5, 'yield_potential': 0.5, 'disease_resistance': 0.5, 'heat_tolerance': 0.5, 'cold_tolerance': 0.5, 'bolting_tolerance': 0.5, 'chlorophyll_content': 0.5, 'root_development': 0.5, 'plant_architecture': 0.5, <GeneticTrait.GROWTH_RATE: 'growth_rate'>: 0.7}",{},0.0000,0.0000,"{'growth_rate': 0.5, 'leaf_size': 0.5, 'yield_potential': 0.5, 'disease_resistance': 0.5, 'heat_tolerance': 0.5, 'cold_tolerance': 0.5, 'bolting_tolerance': 0.5, 'chlorophyll_content': 0.5, 'root_development': 0.5, 'plant_architecture': 0.5, <GeneticTrait.GROWTH_RATE: 'growth_rate'>: 0.7}",{},{},1816920.0000,0.0000,722,2025-10-06T15:30:01.985503
362,16,1,2025-10-06 15:30:02.292105,Boston Bibb,butterhead,{},"{'cultivar_name': 'Boston Bibb', 'lettuce_type': 'butterhead', 'maturity_days': 60}","{'growth_rate': 0.5, 'leaf_size': 0.5, 'yield_potential': 0.5, 'disease_resistance': 0.5, 'heat_tolerance': 0.5, 'cold_tolerance': 0.5, 'bolting_tolerance': 0.5, 'chlorophyll_content': 0.5, 'root_development': 0.5, 'plant_architecture': 0.5, <GeneticTrait.GROWTH_RATE: 'growth_rate'>: 0.7}",{},0.0000,0.0000,"{'growth_rate': 0.5, 'leaf_size': 0.5, 'yield_potential': 0.5, 'disease_resistance': 0.5, 'heat_tolerance': 0.5, 'cold_tolerance': 0.5, 'bolting_tolerance': 0.5, 'chlorophyll_content': 0.5, 'root_development': 0.5, 'plant_architecture': 0.5, <GeneticTrait.GROWTH_RATE: 'growth_rate'>: 0.7}",{},{},1821960.0000,5040.0000,724,2025-10-06T15:30:02.146771
363,16,2,2025-10-06 15:30:02.450410,Boston Bibb,butterhead,{},"{'cultivar_name': 'Boston Bibb', 'lettuce_type': 'butterhead', 'maturity_days': 60}","{'growth_rate': 0.5, 'leaf_size': 0.5, 'yield_potential': 0.5, 'disease_resistance': 0.5, 'heat_tolerance': 0.5, 'cold_tolerance': 0.5, 'bolting_tolerance': 0.5, 'chlorophyll_content': 0.5, 'root_development': 0.5, 'plant_architecture': 0.5, <GeneticTrait.GROWTH_RATE: 'growth_rate'>: 0.7}",{},0.0000,0.0000,"{'growth_rate': 0.5, 'leaf_size': 0.5, 'yield_potential': 0.5, 'disease_resistance': 0.5, 'heat_tolerance': 0.5, 'cold_tolerance': 0.5, 'bolting_tolerance': 0.5, 'chlorophyll_content': 0.5, 'root_development': 0.5, 'plant_architecture': 0.5, <GeneticTrait.GROWTH_RATE: 'growth_rate'>: 0.7}",{},{},1827000.0000,10080.0000,726,2025-10-06T15:30:02.305641
364,16,3,2025-10-06 15:30:02.613259,Boston Bibb,butterhead,{},"{'cultivar_name': 'Boston Bibb', 'lettuce_type': 'butterhead', 'maturity_days': 60}","{'growth_rate': 0.5, 'leaf_size': 0.5, 'yield_potential': 0.5, 'disease_resistance': 0.5, 'heat_tolerance': 0.5, 'cold_tolerance': 0.5, 'bolting_tolerance': 0.5, 'chlorophyll_content': 0.5, 'root_development': 0.5, 'plant_architecture': 0.5, <GeneticTrait.GROWTH_RATE: 'growth_rate'>: 0.7}",{},0.0000,0.0000,"{'growth_rate': 0.5, 'leaf_size': 0.5, 'yield_potential': 0.5, 'disease_resistance': 0.5, 'heat_tolerance': 0.5, 'cold_tolerance': 0.5, 'bolting_tolerance': 0.5, 'chlorophyll_content': 0.5, 'root_development': 0.5, 'plant_architecture': 0.5, <GeneticTrait.GROWTH_RATE: 'growth_rate'>: 0.7}",{},{},1832040.0000,15120.0000,728,2025-10-06T15:30:02.464517
365,16,4,2025-10-06 15:30:02.772756,Boston Bibb,butterhead,{},"{'cultivar_name': 'Boston Bibb', 'lettuce_type': 'butterhead', 'maturity_days': 60}","{'growth_rate': 0.5, 'leaf_size': 0.5, 'yield_potential': 0.5, 'disease_resistance': 0.5, 'heat_tolerance': 0.5, 'cold_tolerance': 0.5, 'bolting_tolerance': 0.5, 'chlorophyll_content': 0.5, 'root_development': 0.5, 'plant_architecture': 0.5, <GeneticTrait.GROWTH_RATE: 'growth_rate'>: 0.7}",{},0.0000,0.0000,"{'growth_rate': 0.5, 'leaf_size': 0.5, 'yield_potential': 0.5, 'disease_resistance': 0.5, 'heat_tolerance': 0.5, 'cold_tolerance': 0.5, 'bolting_tolerance': 0.5, 'chlorophyll_content': 0.5, 'root_development': 0.5, 'plant_architecture': 0.5, <GeneticTrait.GROWTH_RATE: 'growth_rate'>: 0.7}",{},{},1837080.0000,20160.0000,730,2025-10-06T15:30:02.627409
366,16,5,2025-10-06 15:30:02.930738,Boston Bibb,butterhead,{},"{'cultivar_name': 'Boston Bibb', 'lettuce_type': 'butterhead', 'maturity_days': 60}","{'growth_rate': 0.5, 'leaf_size': 0.5, 'yield_potential': 0.5, 'disease_resistance': 0.5, 'heat_tolerance': 0.5, 'cold_tolerance': 0.5, 'bolting_tolerance': 0.5, 'chlorophyll_content': 0.5, 'root_development': 0.5, 'plant_architecture': 0.5, <GeneticTrait.GROWTH_RATE: 'growth_rate'>: 0.7}",{},0.0000,0.0000,"{'growth_rate': 0.5, 'leaf_size': 0.5, 'yield_potential': 0.5, 'disease_resistance': 0.5, 'heat_tolerance': 0.5, 'cold_tolerance': 0.5, 'bolting_tolerance': 0.5, 'chlorophyll_content': 0.5, 'root_development': 0.5, 'plant_architecture': 0.5, <GeneticTrait.GROWTH_RATE: 'growth_rate'>: 0.7}",{},{},1842120.0000,25200.0000,732,2025-10-06T15:30:02.786918
367,16,6,2025-10-06 15:30:03.096639,Boston Bibb,butterhead,{},"{'cultivar_name': 'Boston Bibb', 'lettuce_type': 'butterhead', 'maturity_days': 60}","{'growth_rate': 0.5, 'leaf_size': 0.5, 'yield_potential': 0.5, 'disease_resistance': 0.5, 'heat_tolerance': 0.5, 'cold_tolerance': 0.5, 'bolting_tolerance': 0.5, 'chlorophyll_content': 0.5, 'root_development': 0.5, 'plant_architecture': 0.5, <GeneticTrait.GROWTH_RATE: 'growth_rate'>: 0.7}",{},0.0000,0.0000,"{'growth_rate': 0.5, 'leaf_size': 0.5, 'yield_potential': 0.5, 'disease_resistance': 0.5, 'heat_tolerance': 0.5, 'cold_tolerance': 0.5, 'bolting_tolerance': 0.5, 'chlorophyll_content': 0.5, 'root_development': 0.5, 'plant_architecture': 0.5, <GeneticTrait.GROWTH_RATE: 'growth_rate'>: 0.7}",{},{},1847160.0000,30240.0000,734,2025-10-06T15:30:02.944870
368,16,7,2025-10-06 15:30:03.257005,Boston Bibb,butterhead,{},"{'cultivar_name': 'Boston Bibb', 'lettuce_type': 'butterhead', 'maturity_days': 60}","{'growth_rate': 0.5, 'leaf_size': 0.5, 'yield_potential': 0.5, 'disease_resistance': 0.5, 'heat_tolerance': 0.5, 'cold_tolerance': 0.5, 'bolting_tolerance': 0.5, 'chlorophyll_content': 0.5, 'root_development': 0.5, 'plant_architecture': 0.5, <GeneticTrait.GROWTH_RATE: 'growth_rate'>: 0.7}",{},0.0000,0.0000,"{'growth_rate': 0.5, 'leaf_size': 0.5, 'yield_potential': 0.5, 'disease_resistance': 0.5, 'heat_tolerance': 0.5, 'cold_tolerance': 0.5, 'bolting_tolerance': 0.5, 'chlorophyll_content': 0.5, 'root_development': 0.5, 'plant_architecture': 0.5, <GeneticTrait.GROWTH_RATE: 'growth_rate'>: 0.7}",{},{},1852200.0000,35280.0000,736,2025-10-06T15:30:03.110656
369,16,8,2025-10-06 15:30:03.418004,Boston Bibb,butterhead,{},"{'cultivar_name': 'Boston Bibb', 'lettuce_type': 'butterhead', 'maturity_days': 60}","{'growth_rate': 0.5, 'leaf_size': 0.5, 'yield_potential': 0.5, 'disease_resistance': 0.5, 'heat_tolerance': 0.5, 'cold_tolerance': 0.5, 'bolting_tolerance': 0.5, 'chlorophyll_content': 0.5, 'root_development': 0.5, 'plant_architecture': 0.5, <GeneticTrait.GROWTH_RATE: 'growth_rate'>: 0.7}",{},0.0000,0.0000,"{'growth_rate': 0.5, 'leaf_size': 0.5, 'yield_potential': 0.5, 'disease_resistance': 0.5, 'heat_tolerance': 0.5, 'cold_tolerance': 0.5, 'bolting_tolerance': 0.5, 'chlorophyll_content': 0.5, 'root_development': 0.5, 'plant_architecture': 0.5, <GeneticTrait.GROWTH_RATE: 'growth_rate'>: 0.7}",{},{},1857240.0000,40320.0000,738,2025-10-06T15:30:03.271142
370,16,9,2025-10-06 15:30:03.576512,Boston Bibb,butterhead,{},"{'cultivar_name': 'Boston Bibb', 'lettuce_type': 'butterhead', 'maturity_days': 60}","{'growth_rate': 0.5, 'leaf_size': 0.5, 'yield_potential': 0.5, 'disease_resistance': 0.5, 'heat_tolerance': 0.5, 'cold_tolerance': 0.5, 'bolting_tolerance': 0.5, 'chlorophyll_content': 0.5, 'root_development': 0.5, 'plant_architecture': 0.5, <GeneticTrait.GROWTH_RATE: 'growth_rate'>: 0.7}",{},0.0000,0.0000,"{'growth_rate': 0.5, 'leaf_size': 0.5, 'yield_potential': 0.5, 'disease_resistance': 0.5, 'heat_tolerance': 0.5, 'cold_tolerance': 0.5, 'bolting_tolerance': 0.5, 'chlorophyll_content': 0.5, 'root_development': 0.5, 'plant_architecture': 0.5, <GeneticTrait.GROWTH_RATE: 'growth_rate'>: 0.7}",{},{},1862280.0000,45360.0000,740,2025-10-06T15:30:03.432170
371,16,10,2025-10-06 15:30:03.733725,Boston Bibb,butterhead,{},"{'cultivar_name': 'Boston Bibb', 'lettuce_type': 'butterhead', 'maturity_days': 60}","{'growth_rate': 0.5, 'leaf_size': 0.5, 'yield_potential': 0.5, 'disease_resistance': 0.5, 'heat_tolerance': 0.5, 'cold_tolerance': 0.5, 'bolting_tolerance': 0.5, 'chlorophyll_content': 0.5, 'root_development': 0.5, 'plant_architecture': 0.5, <GeneticTrait.GROWTH_RATE: 'growth_rate'>: 0.7}",{},0.0000,0.0000,"{'growth_rate': 0.5, 'leaf_size': 0.5, 'yield_potential': 0.5, 'disease_resistance': 0.5, 'heat_tolerance': 0.5, 'cold_tolerance': 0.5, 'bolting_tolerance': 0.5, 'chlorophyll_content': 0.5, 'root_development': 0.5, 'plant_architecture': 0.5, <GeneticTrait.GROWTH_RATE: 'growth_rate'>: 0.7}",{},{},1867320.0000,50400.0000,742,2025-10-06T15:30:03.590640
372,16,11,2025-10-06 15:30:03.892322,Boston Bibb,butterhead,{},"{'cultivar_name': 'Boston Bibb', 'lettuce_type': 'butterhead', 'maturity_days': 60}","{'growth_rate': 0.5, 'leaf_size': 0.5, 'yield_potential': 0.5, 'disease_resistance': 0.5, 'heat_tolerance': 0.5, 'cold_tolerance': 0.5, 'bolting_tolerance': 0.5, 'chlorophyll_content': 0.5, 'root_development': 0.5, 'plant_architecture': 0.5, <GeneticTrait.GROWTH_RATE: 'growth_rate'>: 0.7}",{},0.0000,0.0000,"{'growth_rate': 0.5, 'leaf_size': 0.5, 'yield_potential': 0.5, 'disease_resistance': 0.5, 'heat_tolerance': 0.5, 'cold_tolerance': 0.5, 'bolting_tolerance': 0.5, 'chlorophyll_content': 0.5, 'root_development': 0.5, 'plant_architecture': 0.5, <GeneticTrait.GROWTH_RATE: 'growth_rate'>: 0.7}",{},{},1872360.0000,55440.0000,744,2025-10-06T15:30:03.747598
373,16,12,2025-10-06 15:30:04.051475,Boston Bibb,butterhead,{},"{'cultivar_name': 'Boston Bibb', 'lettuce_type': 'butterhead', 'maturity_days': 60}","{'growth_rate': 0.5, 'leaf_size': 0.5, 'yield_potential': 0.5, 'disease_resistance': 0.5, 'heat_tolerance': 0.5, 'cold_tolerance': 0.5, 'bolting_tolerance': 0.5, 'chlorophyll_content': 0.5, 'root_development': 0.5, 'plant_architecture': 0.5, <GeneticTrait.GROWTH_RATE: 'growth_rate'>: 0.7}",{},0.0000,0.0000,"{'growth_rate': 0.5, 'leaf_size': 0.5, 'yield_potential': 0.5, 'disease_resistance': 0.5, 'heat_tolerance': 0.5, 'cold_tolerance': 0.5, 'bolting_tolerance': 0.5, 'chlorophyll_content': 0.5, 'root_development': 0.5, 'plant_architecture': 0.5, <GeneticTrait.GROWTH_RATE: 'growth_rate'>: 0.7}",{},{},1877400.0000,60480.0000,746,2025-10-06T15:30:03.904676
374,16,13,2025-10-06 15:30:04.209813,Boston Bibb,butterhead,{},"{'cultivar_name': 'Boston Bibb', 'lettuce_type': 'butterhead', 'maturity_days': 60}","{'growth_rate': 0.5, 'leaf_size': 0.5, 'yield_potential': 0.5, 'disease_resistance': 0.5, 'heat_tolerance': 0.5, 'cold_tolerance': 0.5, 'bolting_tolerance': 0.5, 'chlorophyll_content': 0.5, 'root_development': 0.5, 'plant_architecture': 0.5, <GeneticTrait.GROWTH_RATE: 'growth_rate'>: 0.7}",{},0.0000,0.0000,"{'growth_rate': 0.5, 'leaf_size': 0.5, 'yield_potential': 0.5, 'disease_resistance': 0.5, 'heat_tolerance': 0.5, 'cold_tolerance': 0.5, 'bolting_tolerance': 0.5, 'chlorophyll_content': 0.5, 'root_development': 0.5, 'plant_architecture': 0.5, <GeneticTrait.GROWTH_RATE: 'growth_rate'>: 0.7}",{},{},1882440.0000,65520.0000,748,2025-10-06T15:30:04.065621
375,16,14,2025-10-06 15:30:04.370305,Boston Bibb,butterhead,{},"{'cultivar_name': 'Boston Bibb', 'lettuce_type': 'butterhead', 'maturity_days': 60}","{'growth_rate': 0.5, 'leaf_size': 0.5, 'yield_potential': 0.5, 'disease_resistance': 0.5, 'heat_tolerance': 0.5, 'cold_tolerance': 0.5, 'bolting_tolerance': 0.5, 'chlorophyll_content': 0.5, 'root_development': 0.5, 'plant_architecture': 0.5, <GeneticTrait.GROWTH_RATE: 'growth_rate'>: 0.7}",{},0.0000,0.0000,"{'growth_rate': 0.5, 'leaf_size': 0.5, 'yield_potential': 0.5, 'disease_resistance': 0.5, 'heat_tolerance': 0.5, 'cold_tolerance': 0.5, 'bolting_tolerance': 0.5, 'chlorophyll_content': 0.5, 'root_development': 0.5, 'plant_architecture': 0.5, <GeneticTrait.GROWTH_RATE: 'growth_rate'>: 0.7}",{},{},1887480.0000,70560.0000,750,2025-10-06T15:30:04.222903
376,16,15,2025-10-06 15:30:04.530460,Boston Bibb,butterhead,{},"{'cultivar_name': 'Boston Bibb', 'lettuce_type': 'butterhead', 'maturity_days': 60}","{'growth_rate': 0.5, 'leaf_size': 0.5, 'yield_potential': 0.5, 'disease_resistance': 0.5, 'heat_tolerance': 0.5, 'cold_tolerance': 0.5, 'bolting_tolerance': 0.5, 'chlorophyll_content': 0.5, 'root_development': 0.5, 'plant_architecture': 0.5, <GeneticTrait.GROWTH_RATE: 'growth_rate'>: 0.7}",{},0.0000,0.0000,"{'growth_rate': 0.5, 'leaf_size': 0.5, 'yield_potential': 0.5, 'disease_resistance': 0.5, 'heat_tolerance': 0.5, 'cold_tolerance': 0.5, 'bolting_tolerance': 0.5, 'chlorophyll_content': 0.5, 'root_development': 0.5, 'plant_architecture': 0.5, <GeneticTrait.GROWTH_RATE: 'growth_rate'>: 0.7}",{},{},1892520.0000,75600.0000,752,2025-10-06T15:30:04.384494
377,16,16,2025-10-06 15:30:04.690729,Boston Bibb,butterhead,{},"{'cultivar_name': 'Boston Bibb', 'lettuce_type': 'butterhead', 'maturity_days': 60}","{'growth_rate': 0.5, 'leaf_size': 0.5, 'yield_potential': 0.5, 'disease_resistance': 0.5, 'heat_tolerance': 0.5, 'cold_tolerance': 0.5, 'bolting_tolerance': 0.5, 'chlorophyll_content': 0.5, 'root_development': 0.5, 'plant_architecture': 0.5, <GeneticTrait.GROWTH_RATE: 'growth_rate'>: 0.7}",{},0.0000,0.0000,"{'growth_rate': 0.5, 'leaf_size': 0.5, 'yield_potential': 0.5, 'disease_resistance': 0.5, 'heat_tolerance': 0.5, 'cold_tolerance': 0.5, 'bolting_tolerance': 0.5, 'chlorophyll_content': 0.5, 'root_development': 0.5, 'plant_architecture': 0.5, <GeneticTrait.GROWTH_RATE: 'growth_rate'>: 0.7}",{},{},1897560.0000,80640.0000,754,2025-10-06T15:30:04.542844
378,16,17,2025-10-06 15:30:04.846316,Boston Bibb,butterhead,{},"{'cultivar_name': 'Boston Bibb', 'lettuce_type': 'butterhead', 'maturity_days': 60}","{'growth_rate': 0.5, 'leaf_size': 0.5, 'yield_potential': 0.5, 'disease_resistance': 0.5, 'heat_tolerance': 0.5, 'cold_tolerance': 0.5, 'bolting_tolerance': 0.5, 'chlorophyll_content': 0.5, 'root_development': 0.5, 'plant_architecture': 0.5, <GeneticTrait.GROWTH_RATE: 'growth_rate'>: 0.7}",{},0.0000,0.0000,"{'growth_rate': 0.5, 'leaf_size': 0.5, 'yield_potential': 0.5, 'disease_resistance': 0.5, 'heat_tolerance': 0.5, 'cold_tolerance': 0.5, 'bolting_tolerance': 0.5, 'chlorophyll_content': 0.5, 'root_development': 0.5, 'plant_architecture': 0.5, <GeneticTrait.GROWTH_RATE: 'growth_rate'>: 0.7}",{},{},1902600.0000,85680.0000,756,2025-10-06T15:30:04.704762
379,16,18,2025-10-06 15:30:05.002643,Boston Bibb,butterhead,{},"{'cultivar_name': 'Boston Bibb', 'lettuce_type': 'butterhead', 'maturity_days': 60}","{'growth_rate': 0.5, 'leaf_size': 0.5, 'yield_potential': 0.5, 'disease_resistance': 0.5, 'heat_tolerance': 0.5, 'cold_tolerance': 0.5, 'bolting_tolerance': 0.5, 'chlorophyll_content': 0.5, 'root_development': 0.5, 'plant_architecture': 0.5, <GeneticTrait.GROWTH_RATE: 'growth_rate'>: 0.7}",{},0.0000,0.0000,"{'growth_rate': 0.5, 'leaf_size': 0.5, 'yield_potential': 0.5, 'disease_resistance': 0.5, 'heat_tolerance': 0.5, 'cold_tolerance': 0.5, 'bolting_tolerance': 0.5, 'chlorophyll_content': 0.5, 'root_development': 0.5, 'plant_architecture': 0.5, <GeneticTrait.GROWTH_RATE: 'growth_rate'>: 0.7}",{},{},1907640.0000,90720.0000,758,2025-10-06T15:30:04.858004
380,16,19,2025-10-06 15:30:05.162814,Boston Bibb,butterhead,{},"{'cultivar_name': 'Boston Bibb', 'lettuce_type': 'butterhead', 'maturity_days': 60}","{'growth_rate': 0.5, 'leaf_size': 0.5, 'yield_potential': 0.5, 'disease_resistance': 0.5, 'heat_tolerance': 0.5, 'cold_tolerance': 0.5, 'bolting_tolerance': 0.5, 'chlorophyll_content': 0.5, 'root_development': 0.5, 'plant_architecture': 0.5, <GeneticTrait.GROWTH_RATE: 'growth_rate'>: 0.7}",{},0.0000,0.0000,"{'growth_rate': 0.5, 'leaf_size': 0.5, 'yield_potential': 0.5, 'disease_resistance': 0.5, 'heat_tolerance': 0.5, 'cold_tolerance': 0.5, 'bolting_tolerance': 0.5, 'chlorophyll_content': 0.5, 'root_development': 0.5, 'plant_architecture': 0.5, <GeneticTrait.GROWTH_RATE: 'growth_rate'>: 0.7}",{},{},1912680.0000,95760.0000,760,2025-10-06T15:30:05.016503
381,16,20,2025-10-06 15:30:05.321762,Boston Bibb,butterhead,{},"{'cultivar_name': 'Boston Bibb', 'lettuce_type': 'butterhead', 'maturity_days': 60}","{'growth_rate': 0.5, 'leaf_size': 0.5, 'yield_potential': 0.5, 'disease_resistance': 0.5, 'heat_tolerance': 0.5, 'cold_tolerance': 0.5, 'bolting_tolerance': 0.5, 'chlorophyll_content': 0.5, 'root_development': 0.5, 'plant_architecture': 0.5, <GeneticTrait.GROWTH_RATE: 'growth_rate'>: 0.7}",{},0.0000,0.0000,"{'growth_rate': 0.5, 'leaf_size': 0.5, 'yield_potential': 0.5, 'disease_resistance': 0.5, 'heat_tolerance': 0.5, 'cold_tolerance': 0.5, 'bolting_tolerance': 0.5, 'chlorophyll_content': 0.5, 'root_development': 0.5, 'plant_architecture': 0.5, <GeneticTrait.GROWTH_RATE: 'growth_rate'>: 0.7}",{},{},1917720.0000,100800.0000,762,2025-10-06T15:30:05.175801
382,16,21,2025-10-06 15:30:05.478057,Boston Bibb,butterhead,{},"{'cultivar_name': 'Boston Bibb', 'lettuce_type': 'butterhead', 'maturity_days': 60}","{'growth_rate': 0.5, 'leaf_size': 0.5, 'yield_potential': 0.5, 'disease_resistance': 0.5, 'heat_tolerance': 0.5, 'cold_tolerance': 0.5, 'bolting_tolerance': 0.5, 'chlorophyll_content': 0.5, 'root_development': 0.5, 'plant_architecture': 0.5, <GeneticTrait.GROWTH_RATE: 'growth_rate'>: 0.7}",{},0.0000,0.0000,"{'growth_rate': 0.5, 'leaf_size': 0.5, 'yield_potential': 0.5, 'disease_resistance': 0.5, 'heat_tolerance': 0.5, 'cold_tolerance': 0.5, 'bolting_tolerance': 0.5, 'chlorophyll_content': 0.5, 'root_development': 0.5, 'plant_architecture': 0.5, <GeneticTrait.GROWTH_RATE: 'growth_rate'>: 0.7}",{},{},1922760.0000,105840.0000,764,2025-10-06T15:30:05.333773
383,16,22,2025-10-06 15:30:05.638883,Boston Bibb,butterhead,{},"{'cultivar_name': 'Boston Bibb', 'lettuce_type': 'butterhead', 'maturity_days': 60}","{'growth_rate': 0.5, 'leaf_size': 0.5, 'yield_potential': 0.5, 'disease_resistance': 0.5, 'heat_tolerance': 0.5, 'cold_tolerance': 0.5, 'bolting_tolerance': 0.5, 'chlorophyll_content': 0.5, 'root_development': 0.5, 'plant_architecture': 0.5, <GeneticTrait.GROWTH_RATE: 'growth_rate'>: 0.7}",{},0.0000,0.0000,"{'growth_rate': 0.5, 'leaf_size': 0.5, 'yield_potential': 0.5, 'disease_resistance': 0.5, 'heat_tolerance': 0.5, 'cold_tolerance': 0.5, 'bolting_tolerance': 0.5, 'chlorophyll_content': 0.5, 'root_development': 0.5, 'plant_architecture': 0.5, <GeneticTrait.GROWTH_RATE: 'growth_rate'>: 0.7}",{},{},1927800.0000,110880.0000,766,2025-10-06T15:30:05.491840
384,16,23,2025-10-06 15:30:05.793951,Boston Bibb,butterhead,{},"{'cultivar_name': 'Boston Bibb', 'lettuce_type': 'butterhead', 'maturity_days': 60}","{'growth_rate': 0.5, 'leaf_size': 0.5, 'yield_potential': 0.5, 'disease_resistance': 0.5, 'heat_tolerance': 0.5, 'cold_tolerance': 0.5, 'bolting_tolerance': 0.5, 'chlorophyll_content': 0.5, 'root_development': 0.5, 'plant_architecture': 0.5, <GeneticTrait.GROWTH_RATE: 'growth_rate'>: 0.7}",{},0.0000,0.0000,"{'growth_rate': 0.5, 'leaf_size': 0.5, 'yield_potential': 0.5, 'disease_resistance': 0.5, 'heat_tolerance': 0.5, 'cold_tolerance': 0.5, 'bolting_tolerance': 0.5, 'chlorophyll_content': 0.5, 'root_development': 0.5, 'plant_architecture': 0.5, <GeneticTrait.GROWTH_RATE: 'growth_rate'>: 0.7}",{},{},1932840.0000,115920.0000,768,2025-10-06T15:30:05.651654
385,17,0,2025-10-06 15:30:05.956025,Boston Bibb,butterhead,{},"{'cultivar_name': 'Boston Bibb', 'lettuce_type': 'butterhead', 'maturity_days': 60}","{'growth_rate': 0.5, 'leaf_size': 0.5, 'yield_potential': 0.5, 'disease_resistance': 0.5, 'heat_tolerance': 0.5, 'cold_tolerance': 0.5, 'bolting_tolerance': 0.5, 'chlorophyll_content': 0.5, 'root_development': 0.5, 'plant_architecture': 0.5, <GeneticTrait.GROWTH_RATE: 'growth_rate'>: 0.7}",{},0.0000,0.0000,"{'growth_rate': 0.5, 'leaf_size': 0.5, 'yield_potential': 0.5, 'disease_resistance': 0.5, 'heat_tolerance': 0.5, 'cold_tolerance': 0.5, 'bolting_tolerance': 0.5, 'chlorophyll_content': 0.5, 'root_development': 0.5, 'plant_architecture': 0.5, <GeneticTrait.GROWTH_RATE: 'growth_rate'>: 0.7}",{},{},1937880.0000,0.0000,770,2025-10-06T15:30:05.808634
386,17,1,2025-10-06 15:30:06.117175,Boston Bibb,butterhead,{},"{'cultivar_name': 'Boston Bibb', 'lettuce_type': 'butterhead', 'maturity_days': 60}","{'growth_rate': 0.5, 'leaf_size': 0.5, 'yield_potential': 0.5, 'disease_resistance': 0.5, 'heat_tolerance': 0.5, 'cold_tolerance': 0.5, 'bolting_tolerance': 0.5, 'chlorophyll_content': 0.5, 'root_development': 0.5, 'plant_architecture': 0.5, <GeneticTrait.GROWTH_RATE: 'growth_rate'>: 0.7}",{},0.0000,0.0000,"{'growth_rate': 0.5, 'leaf_size': 0.5, 'yield_potential': 0.5, 'disease_resistance': 0.5, 'heat_tolerance': 0.5, 'cold_tolerance': 0.5, 'bolting_tolerance': 0.5, 'chlorophyll_content': 0.5, 'root_development': 0.5, 'plant_architecture': 0.5, <GeneticTrait.GROWTH_RATE: 'growth_rate'>: 0.7}",{},{},1942920.0000,5040.0000,772,2025-10-06T15:30:05.970193
387,17,2,2025-10-06 15:30:06.278280,Boston Bibb,butterhead,{},"{'cultivar_name': 'Boston Bibb', 'lettuce_type': 'butterhead', 'maturity_days': 60}","{'growth_rate': 0.5, 'leaf_size': 0.5, 'yield_potential': 0.5, 'disease_resistance': 0.5, 'heat_tolerance': 0.5, 'cold_tolerance': 0.5, 'bolting_tolerance': 0.5, 'chlorophyll_content': 0.5, 'root_development': 0.5, 'plant_architecture': 0.5, <GeneticTrait.GROWTH_RATE: 'growth_rate'>: 0.7}",{},0.0000,0.0000,"{'growth_rate': 0.5, 'leaf_size': 0.5, 'yield_potential': 0.5, 'disease_resistance': 0.5, 'heat_tolerance': 0.5, 'cold_tolerance': 0.5, 'bolting_tolerance': 0.5, 'chlorophyll_content': 0.5, 'root_development': 0.5, 'plant_architecture': 0.5, <GeneticTrait.GROWTH_RATE: 'growth_rate'>: 0.7}",{},{},1947960.0000,10080.0000,774,2025-10-06T15:30:06.131263
388,17,3,2025-10-06 15:30:06.437904,Boston Bibb,butterhead,{},"{'cultivar_name': 'Boston Bibb', 'lettuce_type': 'butterhead', 'maturity_days': 60}","{'growth_rate': 0.5, 'leaf_size': 0.5, 'yield_potential': 0.5, 'disease_resistance': 0.5, 'heat_tolerance': 0.5, 'cold_tolerance': 0.5, 'bolting_tolerance': 0.5, 'chlorophyll_content': 0.5, 'root_development': 0.5, 'plant_architecture': 0.5, <GeneticTrait.GROWTH_RATE: 'growth_rate'>: 0.7}",{},0.0000,0.0000,"{'growth_rate': 0.5, 'leaf_size': 0.5, 'yield_potential': 0.5, 'disease_resistance': 0.5, 'heat_tolerance': 0.5, 'cold_tolerance': 0.5, 'bolting_tolerance': 0.5, 'chlorophyll_content': 0.5, 'root_development': 0.5, 'plant_architecture': 0.5, <GeneticTrait.GROWTH_RATE: 'growth_rate'>: 0.7}",{},{},1953000.0000,15120.0000,776,2025-10-06T15:30:06.292061
389,17,4,2025-10-06 15:30:06.597333,Boston Bibb,butterhead,{},"{'cultivar_name': 'Boston Bibb', 'lettuce_type': 'butterhead', 'maturity_days': 60}","{'growth_rate': 0.5, 'leaf_size': 0.5, 'yield_potential': 0.5, 'disease_resistance': 0.5, 'heat_tolerance': 0.5, 'cold_tolerance': 0.5, 'bolting_tolerance': 0.5, 'chlorophyll_content': 0.5, 'root_development': 0.5, 'plant_architecture': 0.5, <GeneticTrait.GROWTH_RATE: 'growth_rate'>: 0.7}",{},0.0000,0.0000,"{'growth_rate': 0.5, 'leaf_size': 0.5, 'yield_potential': 0.5, 'disease_resistance': 0.5, 'heat_tolerance': 0.5, 'cold_tolerance': 0.5, 'bolting_tolerance': 0.5, 'chlorophyll_content': 0.5, 'root_development': 0.5, 'plant_architecture': 0.5, <GeneticTrait.GROWTH_RATE: 'growth_rate'>: 0.7}",{},{},1958040.0000,20160.0000,778,2025-10-06T15:30:06.451972
390,17,5,2025-10-06 15:30:06.756267,Boston Bibb,butterhead,{},"{'cultivar_name': 'Boston Bibb', 'lettuce_type': 'butterhead', 'maturity_days': 60}","{'growth_rate': 0.5, 'leaf_size': 0.5, 'yield_potential': 0.5, 'disease_resistance': 0.5, 'heat_tolerance': 0.5, 'cold_tolerance': 0.5, 'bolting_tolerance': 0.5, 'chlorophyll_content': 0.5, 'root_development': 0.5, 'plant_architecture': 0.5, <GeneticTrait.GROWTH_RATE: 'growth_rate'>: 0.7}",{},0.0000,0.0000,"{'growth_rate': 0.5, 'leaf_size': 0.5, 'yield_potential': 0.5, 'disease_resistance': 0.5, 'heat_tolerance': 0.5, 'cold_tolerance': 0.5, 'bolting_tolerance': 0.5, 'chlorophyll_content': 0.5, 'root_development': 0.5, 'plant_architecture': 0.5, <GeneticTrait.GROWTH_RATE: 'growth_rate'>: 0.7}",{},{},1963080.0000,25200.0000,780,2025-10-06T15:30:06.610007
391,17,6,2025-10-06 15:30:06.917079,Boston Bibb,butterhead,{},"{'cultivar_name': 'Boston Bibb', 'lettuce_type': 'butterhead', 'maturity_days': 60}","{'growth_rate': 0.5, 'leaf_size': 0.5, 'yield_potential': 0.5, 'disease_resistance': 0.5, 'heat_tolerance': 0.5, 'cold_tolerance': 0.5, 'bolting_tolerance': 0.5, 'chlorophyll_content': 0.5, 'root_development': 0.5, 'plant_architecture': 0.5, <GeneticTrait.GROWTH_RATE: 'growth_rate'>: 0.7}",{},0.0000,0.0000,"{'growth_rate': 0.5, 'leaf_size': 0.5, 'yield_potential': 0.5, 'disease_resistance': 0.5, 'heat_tolerance': 0.5, 'cold_tolerance': 0.5, 'bolting_tolerance': 0.5, 'chlorophyll_content': 0.5, 'root_development': 0.5, 'plant_architecture': 0.5, <GeneticTrait.GROWTH_RATE: 'growth_rate'>: 0.7}",{},{},1968120.0000,30240.0000,782,2025-10-06T15:30:06.770415
392,17,7,2025-10-06 15:30:07.078068,Boston Bibb,butterhead,{},"{'cultivar_name': 'Boston Bibb', 'lettuce_type': 'butterhead', 'maturity_days': 60}","{'growth_rate': 0.5, 'leaf_size': 0.5, 'yield_potential': 0.5, 'disease_resistance': 0.5, 'heat_tolerance': 0.5, 'cold_tolerance': 0.5, 'bolting_tolerance': 0.5, 'chlorophyll_content': 0.5, 'root_development': 0.5, 'plant_architecture': 0.5, <GeneticTrait.GROWTH_RATE: 'growth_rate'>: 0.7}",{},0.0000,0.0000,"{'growth_rate': 0.5, 'leaf_size': 0.5, 'yield_potential': 0.5, 'disease_resistance': 0.5, 'heat_tolerance': 0.5, 'cold_tolerance': 0.5, 'bolting_tolerance': 0.5, 'chlorophyll_content': 0.5, 'root_development': 0.5, 'plant_architecture': 0.5, <GeneticTrait.GROWTH_RATE: 'growth_rate'>: 0.7}",{},{},1973160.0000,35280.0000,784,2025-10-06T15:30:06.930413
393,17,8,2025-10-06 15:30:07.239639,Boston Bibb,butterhead,{},"{'cultivar_name': 'Boston Bibb', 'lettuce_type': 'butterhead', 'maturity_days': 60}","{'growth_rate': 0.5, 'leaf_size': 0.5, 'yield_potential': 0.5, 'disease_resistance': 0.5, 'heat_tolerance': 0.5, 'cold_tolerance': 0.5, 'bolting_tolerance': 0.5, 'chlorophyll_content': 0.5, 'root_development': 0.5, 'plant_architecture': 0.5, <GeneticTrait.GROWTH_RATE: 'growth_rate'>: 0.7}",{},0.0000,0.0000,"{'growth_rate': 0.5, 'leaf_size': 0.5, 'yield_potential': 0.5, 'disease_resistance': 0.5, 'heat_tolerance': 0.5, 'cold_tolerance': 0.5, 'bolting_tolerance': 0.5, 'chlorophyll_content': 0.5, 'root_development': 0.5, 'plant_architecture': 0.5, <GeneticTrait.GROWTH_RATE: 'growth_rate'>: 0.7}",{},{},1978200.0000,40320.0000,786,2025-10-06T15:30:07.092110
394,17,9,2025-10-06 15:30:07.393984,Boston Bibb,butterhead,{},"{'cultivar_name': 'Boston Bibb', 'lettuce_type': 'butterhead', 'maturity_days': 60}","{'growth_rate': 0.5, 'leaf_size': 0.5, 'yield_potential': 0.5, 'disease_resistance': 0.5, 'heat_tolerance': 0.5, 'cold_tolerance': 0.5, 'bolting_tolerance': 0.5, 'chlorophyll_content': 0.5, 'root_development': 0.5, 'plant_architecture': 0.5, <GeneticTrait.GROWTH_RATE: 'growth_rate'>: 0.7}",{},0.0000,0.0000,"{'growth_rate': 0.5, 'leaf_size': 0.5, 'yield_potential': 0.5, 'disease_resistance': 0.5, 'heat_tolerance': 0.5, 'cold_tolerance': 0.5, 'bolting_tolerance': 0.5, 'chlorophyll_content': 0.5, 'root_development': 0.5, 'plant_architecture': 0.5, <GeneticTrait.GROWTH_RATE: 'growth_rate'>: 0.7}",{},{},1983240.0000,45360.0000,788,2025-10-06T15:30:07.253786
395,17,10,2025-10-06 15:30:07.556502,Boston Bibb,butterhead,{},"{'cultivar_name': 'Boston Bibb', 'lettuce_type': 'butterhead', 'maturity_days': 60}","{'growth_rate': 0.5, 'leaf_size': 0.5, 'yield_potential': 0.5, 'disease_resistance': 0.5, 'heat_tolerance': 0.5, 'cold_tolerance': 0.5, 'bolting_tolerance': 0.5, 'chlorophyll_content': 0.5, 'root_development': 0.5, 'plant_architecture': 0.5, <GeneticTrait.GROWTH_RATE: 'growth_rate'>: 0.7}",{},0.0000,0.0000,"{'growth_rate': 0.5, 'leaf_size': 0.5, 'yield_potential': 0.5, 'disease_resistance': 0.5, 'heat_tolerance': 0.5, 'cold_tolerance': 0.5, 'bolting_tolerance': 0.5, 'chlorophyll_content': 0.5, 'root_development': 0.5, 'plant_architecture': 0.5, <GeneticTrait.GROWTH_RATE: 'growth_rate'>: 0.7}",{},{},1988280.0000,50400.0000,790,2025-10-06T15:30:07.407467
396,17,11,2025-10-06 15:30:07.718077,Boston Bibb,butterhead,{},"{'cultivar_name': 'Boston Bibb', 'lettuce_type': 'butterhead', 'maturity_days': 60}","{'growth_rate': 0.5, 'leaf_size': 0.5, 'yield_potential': 0.5, 'disease_resistance': 0.5, 'heat_tolerance': 0.5, 'cold_tolerance': 0.5, 'bolting_tolerance': 0.5, 'chlorophyll_content': 0.5, 'root_development': 0.5, 'plant_architecture': 0.5, <GeneticTrait.GROWTH_RATE: 'growth_rate'>: 0.7}",{},0.0000,0.0000,"{'growth_rate': 0.5, 'leaf_size': 0.5, 'yield_potential': 0.5, 'disease_resistance': 0.5, 'heat_tolerance': 0.5, 'cold_tolerance': 0.5, 'bolting_tolerance': 0.5, 'chlorophyll_content': 0.5, 'root_development': 0.5, 'plant_architecture': 0.5, <GeneticTrait.GROWTH_RATE: 'growth_rate'>: 0.7}",{},{},1993320.0000,55440.0000,792,2025-10-06T15:30:07.570632
397,17,12,2025-10-06 15:30:07.878188,Boston Bibb,butterhead,{},"{'cultivar_name': 'Boston Bibb', 'lettuce_type': 'butterhead', 'maturity_days': 60}","{'growth_rate': 0.5, 'leaf_size': 0.5, 'yield_potential': 0.5, 'disease_resistance': 0.5, 'heat_tolerance': 0.5, 'cold_tolerance': 0.5, 'bolting_tolerance': 0.5, 'chlorophyll_content': 0.5, 'root_development': 0.5, 'plant_architecture': 0.5, <GeneticTrait.GROWTH_RATE: 'growth_rate'>: 0.7}",{},0.0000,0.0000,"{'growth_rate': 0.5, 'leaf_size': 0.5, 'yield_potential': 0.5, 'disease_resistance': 0.5, 'heat_tolerance': 0.5, 'cold_tolerance': 0.5, 'bolting_tolerance': 0.5, 'chlorophyll_content': 0.5, 'root_development': 0.5, 'plant_architecture': 0.5, <GeneticTrait.GROWTH_RATE: 'growth_rate'>: 0.7}",{},{},1998360.0000,60480.0000,794,2025-10-06T15:30:07.731690
398,17,13,2025-10-06 15:30:08.041944,Boston Bibb,butterhead,{},"{'cultivar_name': 'Boston Bibb', 'lettuce_type': 'butterhead', 'maturity_days': 60}","{'growth_rate': 0.5, 'leaf_size': 0.5, 'yield_potential': 0.5, 'disease_resistance': 0.5, 'heat_tolerance': 0.5, 'cold_tolerance': 0.5, 'bolting_tolerance': 0.5, 'chlorophyll_content': 0.5, 'root_development': 0.5, 'plant_architecture': 0.5, <GeneticTrait.GROWTH_RATE: 'growth_rate'>: 0.7}",{},0.0000,0.0000,"{'growth_rate': 0.5, 'leaf_size': 0.5, 'yield_potential': 0.5, 'disease_resistance': 0.5, 'heat_tolerance': 0.5, 'cold_tolerance': 0.5, 'bolting_tolerance': 0.5, 'chlorophyll_content': 0.5, 'root_development': 0.5, 'plant_architecture': 0.5, <GeneticTrait.GROWTH_RATE: 'growth_rate'>: 0.7}",{},{},2003400.0000,65520.0000,796,2025-10-06T15:30:07.892479
399,17,14,2025-10-06 15:30:08.204771,Boston Bibb,butterhead,{},"{'cultivar_name': 'Boston Bibb', 'lettuce_type': 'butterhead', 'maturity_days': 60}","{'growth_rate': 0.5, 'leaf_size': 0.5, 'yield_potential': 0.5, 'disease_resistance': 0.5, 'heat_tolerance': 0.5, 'cold_tolerance': 0.5, 'bolting_tolerance': 0.5, 'chlorophyll_content': 0.5, 'root_development': 0.5, 'plant_architecture': 0.5, <GeneticTrait.GROWTH_RATE: 'growth_rate'>: 0.7}",{},0.0000,0.0000,"{'growth_rate': 0.5, 'leaf_size': 0.5, 'yield_potential': 0.5, 'disease_resistance': 0.5, 'heat_tolerance': 0.5, 'cold_tolerance': 0.5, 'bolting_tolerance': 0.5, 'chlorophyll_content': 0.5, 'root_development': 0.5, 'plant_architecture': 0.5, <GeneticTrait.GROWTH_RATE: 'growth_rate'>: 0.7}",{},{},2008440.0000,70560.0000,798,2025-10-06T15:30:08.053610
400,17,15,2025-10-06 15:30:08.364482,Boston Bibb,butterhead,{},"{'cultivar_name': 'Boston Bibb', 'lettuce_type': 'butterhead', 'maturity_days': 60}","{'growth_rate': 0.5, 'leaf_size': 0.5, 'yield_potential': 0.5, 'disease_resistance': 0.5, 'heat_tolerance': 0.5, 'cold_tolerance': 0.5, 'bolting_tolerance': 0.5, 'chlorophyll_content': 0.5, 'root_development': 0.5, 'plant_architecture': 0.5, <GeneticTrait.GROWTH_RATE: 'growth_rate'>: 0.7}",{},0.0000,0.0000,"{'growth_rate': 0.5, 'leaf_size': 0.5, 'yield_potential': 0.5, 'disease_resistance': 0.5, 'heat_tolerance': 0.5, 'cold_tolerance': 0.5, 'bolting_tolerance': 0.5, 'chlorophyll_content': 0.5, 'root_development': 0.5, 'plant_architecture': 0.5, <GeneticTrait.GROWTH_RATE: 'growth_rate'>: 0.7}",{},{},2013480.0000,75600.0000,800,2025-10-06T15:30:08.217767
401,17,16,2025-10-06 15:30:08.530193,Boston Bibb,butterhead,{},"{'cultivar_name': 'Boston Bibb', 'lettuce_type': 'butterhead', 'maturity_days': 60}","{'growth_rate': 0.5, 'leaf_size': 0.5, 'yield_potential': 0.5, 'disease_resistance': 0.5, 'heat_tolerance': 0.5, 'cold_tolerance': 0.5, 'bolting_tolerance': 0.5, 'chlorophyll_content': 0.5, 'root_development': 0.5, 'plant_architecture': 0.5, <GeneticTrait.GROWTH_RATE: 'growth_rate'>: 0.7}",{},0.0000,0.0000,"{'growth_rate': 0.5, 'leaf_size': 0.5, 'yield_potential': 0.5, 'disease_resistance': 0.5, 'heat_tolerance': 0.5, 'cold_tolerance': 0.5, 'bolting_tolerance': 0.5, 'chlorophyll_content': 0.5, 'root_development': 0.5, 'plant_architecture': 0.5, <GeneticTrait.GROWTH_RATE: 'growth_rate'>: 0.7}",{},{},2018520.0000,80640.0000,802,2025-10-06T15:30:08.378482
402,17,17,2025-10-06 15:30:08.688859,Boston Bibb,butterhead,{},"{'cultivar_name': 'Boston Bibb', 'lettuce_type': 'butterhead', 'maturity_days': 60}","{'growth_rate': 0.5, 'leaf_size': 0.5, 'yield_potential': 0.5, 'disease_resistance': 0.5, 'heat_tolerance': 0.5, 'cold_tolerance': 0.5, 'bolting_tolerance': 0.5, 'chlorophyll_content': 0.5, 'root_development': 0.5, 'plant_architecture': 0.5, <GeneticTrait.GROWTH_RATE: 'growth_rate'>: 0.7}",{},0.0000,0.0000,"{'growth_rate': 0.5, 'leaf_size': 0.5, 'yield_potential': 0.5, 'disease_resistance': 0.5, 'heat_tolerance': 0.5, 'cold_tolerance': 0.5, 'bolting_tolerance': 0.5, 'chlorophyll_content': 0.5, 'root_development': 0.5, 'plant_architecture': 0.5, <GeneticTrait.GROWTH_RATE: 'growth_rate'>: 0.7}",{},{},2023560.0000,85680.0000,804,2025-10-06T15:30:08.542155
403,17,18,2025-10-06 15:30:08.845280,Boston Bibb,butterhead,{},"{'cultivar_name': 'Boston Bibb', 'lettuce_type': 'butterhead', 'maturity_days': 60}","{'growth_rate': 0.5, 'leaf_size': 0.5, 'yield_potential': 0.5, 'disease_resistance': 0.5, 'heat_tolerance': 0.5, 'cold_tolerance': 0.5, 'bolting_tolerance': 0.5, 'chlorophyll_content': 0.5, 'root_development': 0.5, 'plant_architecture': 0.5, <GeneticTrait.GROWTH_RATE: 'growth_rate'>: 0.7}",{},0.0000,0.0000,"{'growth_rate': 0.5, 'leaf_size': 0.5, 'yield_potential': 0.5, 'disease_resistance': 0.5, 'heat_tolerance': 0.5, 'cold_tolerance': 0.5, 'bolting_tolerance': 0.5, 'chlorophyll_content': 0.5, 'root_development': 0.5, 'plant_architecture': 0.5, <GeneticTrait.GROWTH_RATE: 'growth_rate'>: 0.7}",{},{},2028600.0000,90720.0000,806,2025-10-06T15:30:08.702996
404,17,19,2025-10-06 15:30:09.003833,Boston Bibb,butterhead,{},"{'cultivar_name': 'Boston Bibb', 'lettuce_type': 'butterhead', 'maturity_days': 60}","{'growth_rate': 0.5, 'leaf_size': 0.5, 'yield_potential': 0.5, 'disease_resistance': 0.5, 'heat_tolerance': 0.5, 'cold_tolerance': 0.5, 'bolting_tolerance': 0.5, 'chlorophyll_content': 0.5, 'root_development': 0.5, 'plant_architecture': 0.5, <GeneticTrait.GROWTH_RATE: 'growth_rate'>: 0.7}",{},0.0000,0.0000,"{'growth_rate': 0.5, 'leaf_size': 0.5, 'yield_potential': 0.5, 'disease_resistance': 0.5, 'heat_tolerance': 0.5, 'cold_tolerance': 0.5, 'bolting_tolerance': 0.5, 'chlorophyll_content': 0.5, 'root_development': 0.5, 'plant_architecture': 0.5, <GeneticTrait.GROWTH_RATE: 'growth_rate'>: 0.7}",{},{},2033640.0000,95760.0000,808,2025-10-06T15:30:08.858340
405,17,20,2025-10-06 15:30:09.160546,Boston Bibb,butterhead,{},"{'cultivar_name': 'Boston Bibb', 'lettuce_type': 'butterhead', 'maturity_days': 60}","{'growth_rate': 0.5, 'leaf_size': 0.5, 'yield_potential': 0.5, 'disease_resistance': 0.5, 'heat_tolerance': 0.5, 'cold_tolerance': 0.5, 'bolting_tolerance': 0.5, 'chlorophyll_content': 0.5, 'root_development': 0.5, 'plant_architecture': 0.5, <GeneticTrait.GROWTH_RATE: 'growth_rate'>: 0.7}",{},0.0000,0.0000,"{'growth_rate': 0.5, 'leaf_size': 0.5, 'yield_potential': 0.5, 'disease_resistance': 0.5, 'heat_tolerance': 0.5, 'cold_tolerance': 0.5, 'bolting_tolerance': 0.5, 'chlorophyll_content': 0.5, 'root_development': 0.5, 'plant_architecture': 0.5, <GeneticTrait.GROWTH_RATE: 'growth_rate'>: 0.7}",{},{},2038680.0000,100800.0000,810,2025-10-06T15:30:09.015825
406,17,21,2025-10-06 15:30:09.319274,Boston Bibb,butterhead,{},"{'cultivar_name': 'Boston Bibb', 'lettuce_type': 'butterhead', 'maturity_days': 60}","{'growth_rate': 0.5, 'leaf_size': 0.5, 'yield_potential': 0.5, 'disease_resistance': 0.5, 'heat_tolerance': 0.5, 'cold_tolerance': 0.5, 'bolting_tolerance': 0.5, 'chlorophyll_content': 0.5, 'root_development': 0.5, 'plant_architecture': 0.5, <GeneticTrait.GROWTH_RATE: 'growth_rate'>: 0.7}",{},0.0000,0.0000,"{'growth_rate': 0.5, 'leaf_size': 0.5, 'yield_potential': 0.5, 'disease_resistance': 0.5, 'heat_tolerance': 0.5, 'cold_tolerance': 0.5, 'bolting_tolerance': 0.5, 'chlorophyll_content': 0.5, 'root_development': 0.5, 'plant_architecture': 0.5, <GeneticTrait.GROWTH_RATE: 'growth_rate'>: 0.7}",{},{},2043720.0000,105840.0000,812,2025-10-06T15:30:09.174317
407,17,22,2025-10-06 15:30:09.482381,Boston Bibb,butterhead,{},"{'cultivar_name': 'Boston Bibb', 'lettuce_type': 'butterhead', 'maturity_days': 60}","{'growth_rate': 0.5, 'leaf_size': 0.5, 'yield_potential': 0.5, 'disease_resistance': 0.5, 'heat_tolerance': 0.5, 'cold_tolerance': 0.5, 'bolting_tolerance': 0.5, 'chlorophyll_content': 0.5, 'root_development': 0.5, 'plant_architecture': 0.5, <GeneticTrait.GROWTH_RATE: 'growth_rate'>: 0.7}",{},0.0000,0.0000,"{'growth_rate': 0.5, 'leaf_size': 0.5, 'yield_potential': 0.5, 'disease_resistance': 0.5, 'heat_tolerance': 0.5, 'cold_tolerance': 0.5, 'bolting_tolerance': 0.5, 'chlorophyll_content': 0.5, 'root_development': 0.5, 'plant_architecture': 0.5, <GeneticTrait.GROWTH_RATE: 'growth_rate'>: 0.7}",{},{},2048760.0000,110880.0000,814,2025-10-06T15:30:09.333406
408,17,23,2025-10-06 15:30:09.645962,Boston Bibb,butterhead,{},"{'cultivar_name': 'Boston Bibb', 'lettuce_type': 'butterhead', 'maturity_days': 60}","{'growth_rate': 0.5, 'leaf_size': 0.5, 'yield_potential': 0.5, 'disease_resistance': 0.5, 'heat_tolerance': 0.5, 'cold_tolerance': 0.5, 'bolting_tolerance': 0.5, 'chlorophyll_content': 0.5, 'root_development': 0.5, 'plant_architecture': 0.5, <GeneticTrait.GROWTH_RATE: 'growth_rate'>: 0.7}",{},0.0000,0.0000,"{'growth_rate': 0.5, 'leaf_size': 0.5, 'yield_potential': 0.5, 'disease_resistance': 0.5, 'heat_tolerance': 0.5, 'cold_tolerance': 0.5, 'bolting_tolerance': 0.5, 'chlorophyll_content': 0.5, 'root_development': 0.5, 'plant_architecture': 0.5, <GeneticTrait.GROWTH_RATE: 'growth_rate'>: 0.7}",{},{},2053800.0000,115920.0000,816,2025-10-06T15:30:09.496365
409,18,0,2025-10-06 15:30:09.805377,Boston Bibb,butterhead,{},"{'cultivar_name': 'Boston Bibb', 'lettuce_type': 'butterhead', 'maturity_days': 60}","{'growth_rate': 0.5, 'leaf_size': 0.5, 'yield_potential': 0.5, 'disease_resistance': 0.5, 'heat_tolerance': 0.5, 'cold_tolerance': 0.5, 'bolting_tolerance': 0.5, 'chlorophyll_content': 0.5, 'root_development': 0.5, 'plant_architecture': 0.5, <GeneticTrait.GROWTH_RATE: 'growth_rate'>: 0.7}",{},0.0000,0.0000,"{'growth_rate': 0.5, 'leaf_size': 0.5, 'yield_potential': 0.5, 'disease_resistance': 0.5, 'heat_tolerance': 0.5, 'cold_tolerance': 0.5, 'bolting_tolerance': 0.5, 'chlorophyll_content': 0.5, 'root_development': 0.5, 'plant_architecture': 0.5, <GeneticTrait.GROWTH_RATE: 'growth_rate'>: 0.7}",{},{},2058840.0000,0.0000,818,2025-10-06T15:30:09.658700
410,18,1,2025-10-06 15:30:09.970210,Boston Bibb,butterhead,{},"{'cultivar_name': 'Boston Bibb', 'lettuce_type': 'butterhead', 'maturity_days': 60}","{'growth_rate': 0.5, 'leaf_size': 0.5, 'yield_potential': 0.5, 'disease_resistance': 0.5, 'heat_tolerance': 0.5, 'cold_tolerance': 0.5, 'bolting_tolerance': 0.5, 'chlorophyll_content': 0.5, 'root_development': 0.5, 'plant_architecture': 0.5, <GeneticTrait.GROWTH_RATE: 'growth_rate'>: 0.7}",{},0.0000,0.0000,"{'growth_rate': 0.5, 'leaf_size': 0.5, 'yield_potential': 0.5, 'disease_resistance': 0.5, 'heat_tolerance': 0.5, 'cold_tolerance': 0.5, 'bolting_tolerance': 0.5, 'chlorophyll_content': 0.5, 'root_development': 0.5, 'plant_architecture': 0.5, <GeneticTrait.GROWTH_RATE: 'growth_rate'>: 0.7}",{},{},2063880.0000,5040.0000,820,2025-10-06T15:30:09.819339
411,18,2,2025-10-06 15:30:10.131778,Boston Bibb,butterhead,{},"{'cultivar_name': 'Boston Bibb', 'lettuce_type': 'butterhead', 'maturity_days': 60}","{'growth_rate': 0.5, 'leaf_size': 0.5, 'yield_potential': 0.5, 'disease_resistance': 0.5, 'heat_tolerance': 0.5, 'cold_tolerance': 0.5, 'bolting_tolerance': 0.5, 'chlorophyll_content': 0.5, 'root_development': 0.5, 'plant_architecture': 0.5, <GeneticTrait.GROWTH_RATE: 'growth_rate'>: 0.7}",{},0.0000,0.0000,"{'growth_rate': 0.5, 'leaf_size': 0.5, 'yield_potential': 0.5, 'disease_resistance': 0.5, 'heat_tolerance': 0.5, 'cold_tolerance': 0.5, 'bolting_tolerance': 0.5, 'chlorophyll_content': 0.5, 'root_development': 0.5, 'plant_architecture': 0.5, <GeneticTrait.GROWTH_RATE: 'growth_rate'>: 0.7}",{},{},2068920.0000,10080.0000,822,2025-10-06T15:30:09.982929
412,18,3,2025-10-06 15:30:10.290417,Boston Bibb,butterhead,{},"{'cultivar_name': 'Boston Bibb', 'lettuce_type': 'butterhead', 'maturity_days': 60}","{'growth_rate': 0.5, 'leaf_size': 0.5, 'yield_potential': 0.5, 'disease_resistance': 0.5, 'heat_tolerance': 0.5, 'cold_tolerance': 0.5, 'bolting_tolerance': 0.5, 'chlorophyll_content': 0.5, 'root_development': 0.5, 'plant_architecture': 0.5, <GeneticTrait.GROWTH_RATE: 'growth_rate'>: 0.7}",{},0.0000,0.0000,"{'growth_rate': 0.5, 'leaf_size': 0.5, 'yield_potential': 0.5, 'disease_resistance': 0.5, 'heat_tolerance': 0.5, 'cold_tolerance': 0.5, 'bolting_tolerance': 0.5, 'chlorophyll_content': 0.5, 'root_development': 0.5, 'plant_architecture': 0.5, <GeneticTrait.GROWTH_RATE: 'growth_rate'>: 0.7}",{},{},2073960.0000,15120.0000,824,2025-10-06T15:30:10.143674
413,18,4,2025-10-06 15:30:10.452262,Boston Bibb,butterhead,{},"{'cultivar_name': 'Boston Bibb', 'lettuce_type': 'butterhead', 'maturity_days': 60}","{'growth_rate': 0.5, 'leaf_size': 0.5, 'yield_potential': 0.5, 'disease_resistance': 0.5, 'heat_tolerance': 0.5, 'cold_tolerance': 0.5, 'bolting_tolerance': 0.5, 'chlorophyll_content': 0.5, 'root_development': 0.5, 'plant_architecture': 0.5, <GeneticTrait.GROWTH_RATE: 'growth_rate'>: 0.7}",{},0.0000,0.0000,"{'growth_rate': 0.5, 'leaf_size': 0.5, 'yield_potential': 0.5, 'disease_resistance': 0.5, 'heat_tolerance': 0.5, 'cold_tolerance': 0.5, 'bolting_tolerance': 0.5, 'chlorophyll_content': 0.5, 'root_development': 0.5, 'plant_architecture': 0.5, <GeneticTrait.GROWTH_RATE: 'growth_rate'>: 0.7}",{},{},2079000.0000,20160.0000,826,2025-10-06T15:30:10.303755
414,18,5,2025-10-06 15:30:10.608692,Boston Bibb,butterhead,{},"{'cultivar_name': 'Boston Bibb', 'lettuce_type': 'butterhead', 'maturity_days': 60}","{'growth_rate': 0.5, 'leaf_size': 0.5, 'yield_potential': 0.5, 'disease_resistance': 0.5, 'heat_tolerance': 0.5, 'cold_tolerance': 0.5, 'bolting_tolerance': 0.5, 'chlorophyll_content': 0.5, 'root_development': 0.5, 'plant_architecture': 0.5, <GeneticTrait.GROWTH_RATE: 'growth_rate'>: 0.7}",{},0.0000,0.0000,"{'growth_rate': 0.5, 'leaf_size': 0.5, 'yield_potential': 0.5, 'disease_resistance': 0.5, 'heat_tolerance': 0.5, 'cold_tolerance': 0.5, 'bolting_tolerance': 0.5, 'chlorophyll_content': 0.5, 'root_development': 0.5, 'plant_architecture': 0.5, <GeneticTrait.GROWTH_RATE: 'growth_rate'>: 0.7}",{},{},2084040.0000,25200.0000,828,2025-10-06T15:30:10.466395
415,18,6,2025-10-06 15:30:10.767068,Boston Bibb,butterhead,{},"{'cultivar_name': 'Boston Bibb', 'lettuce_type': 'butterhead', 'maturity_days': 60}","{'growth_rate': 0.5, 'leaf_size': 0.5, 'yield_potential': 0.5, 'disease_resistance': 0.5, 'heat_tolerance': 0.5, 'cold_tolerance': 0.5, 'bolting_tolerance': 0.5, 'chlorophyll_content': 0.5, 'root_development': 0.5, 'plant_architecture': 0.5, <GeneticTrait.GROWTH_RATE: 'growth_rate'>: 0.7}",{},0.0000,0.0000,"{'growth_rate': 0.5, 'leaf_size': 0.5, 'yield_potential': 0.5, 'disease_resistance': 0.5, 'heat_tolerance': 0.5, 'cold_tolerance': 0.5, 'bolting_tolerance': 0.5, 'chlorophyll_content': 0.5, 'root_development': 0.5, 'plant_architecture': 0.5, <GeneticTrait.GROWTH_RATE: 'growth_rate'>: 0.7}",{},{},2089080.0000,30240.0000,830,2025-10-06T15:30:10.622638
416,18,7,2025-10-06 15:30:10.932799,Boston Bibb,butterhead,{},"{'cultivar_name': 'Boston Bibb', 'lettuce_type': 'butterhead', 'maturity_days': 60}","{'growth_rate': 0.5, 'leaf_size': 0.5, 'yield_potential': 0.5, 'disease_resistance': 0.5, 'heat_tolerance': 0.5, 'cold_tolerance': 0.5, 'bolting_tolerance': 0.5, 'chlorophyll_content': 0.5, 'root_development': 0.5, 'plant_architecture': 0.5, <GeneticTrait.GROWTH_RATE: 'growth_rate'>: 0.7}",{},0.0000,0.0000,"{'growth_rate': 0.5, 'leaf_size': 0.5, 'yield_potential': 0.5, 'disease_resistance': 0.5, 'heat_tolerance': 0.5, 'cold_tolerance': 0.5, 'bolting_tolerance': 0.5, 'chlorophyll_content': 0.5, 'root_development': 0.5, 'plant_architecture': 0.5, <GeneticTrait.GROWTH_RATE: 'growth_rate'>: 0.7}",{},{},2094120.0000,35280.0000,832,2025-10-06T15:30:10.781227
417,18,8,2025-10-06 15:30:11.092290,Boston Bibb,butterhead,{},"{'cultivar_name': 'Boston Bibb', 'lettuce_type': 'butterhead', 'maturity_days': 60}","{'growth_rate': 0.5, 'leaf_size': 0.5, 'yield_potential': 0.5, 'disease_resistance': 0.5, 'heat_tolerance': 0.5, 'cold_tolerance': 0.5, 'bolting_tolerance': 0.5, 'chlorophyll_content': 0.5, 'root_development': 0.5, 'plant_architecture': 0.5, <GeneticTrait.GROWTH_RATE: 'growth_rate'>: 0.7}",{},0.0000,0.0000,"{'growth_rate': 0.5, 'leaf_size': 0.5, 'yield_potential': 0.5, 'disease_resistance': 0.5, 'heat_tolerance': 0.5, 'cold_tolerance': 0.5, 'bolting_tolerance': 0.5, 'chlorophyll_content': 0.5, 'root_development': 0.5, 'plant_architecture': 0.5, <GeneticTrait.GROWTH_RATE: 'growth_rate'>: 0.7}",{},{},2099160.0000,40320.0000,834,2025-10-06T15:30:10.946879
418,18,9,2025-10-06 15:30:11.260118,Boston Bibb,butterhead,{},"{'cultivar_name': 'Boston Bibb', 'lettuce_type': 'butterhead', 'maturity_days': 60}","{'growth_rate': 0.5, 'leaf_size': 0.5, 'yield_potential': 0.5, 'disease_resistance': 0.5, 'heat_tolerance': 0.5, 'cold_tolerance': 0.5, 'bolting_tolerance': 0.5, 'chlorophyll_content': 0.5, 'root_development': 0.5, 'plant_architecture': 0.5, <GeneticTrait.GROWTH_RATE: 'growth_rate'>: 0.7}",{},0.0000,0.0000,"{'growth_rate': 0.5, 'leaf_size': 0.5, 'yield_potential': 0.5, 'disease_resistance': 0.5, 'heat_tolerance': 0.5, 'cold_tolerance': 0.5, 'bolting_tolerance': 0.5, 'chlorophyll_content': 0.5, 'root_development': 0.5, 'plant_architecture': 0.5, <GeneticTrait.GROWTH_RATE: 'growth_rate'>: 0.7}",{},{},2104200.0000,45360.0000,836,2025-10-06T15:30:11.106512
419,18,10,2025-10-06 15:30:11.421051,Boston Bibb,butterhead,{},"{'cultivar_name': 'Boston Bibb', 'lettuce_type': 'butterhead', 'maturity_days': 60}","{'growth_rate': 0.5, 'leaf_size': 0.5, 'yield_potential': 0.5, 'disease_resistance': 0.5, 'heat_tolerance': 0.5, 'cold_tolerance': 0.5, 'bolting_tolerance': 0.5, 'chlorophyll_content': 0.5, 'root_development': 0.5, 'plant_architecture': 0.5, <GeneticTrait.GROWTH_RATE: 'growth_rate'>: 0.7}",{},0.0000,0.0000,"{'growth_rate': 0.5, 'leaf_size': 0.5, 'yield_potential': 0.5, 'disease_resistance': 0.5, 'heat_tolerance': 0.5, 'cold_tolerance': 0.5, 'bolting_tolerance': 0.5, 'chlorophyll_content': 0.5, 'root_development': 0.5, 'plant_architecture': 0.5, <GeneticTrait.GROWTH_RATE: 'growth_rate'>: 0.7}",{},{},2109240.0000,50400.0000,838,2025-10-06T15:30:11.274158
420,18,11,2025-10-06 15:30:11.586550,Boston Bibb,butterhead,{},"{'cultivar_name': 'Boston Bibb', 'lettuce_type': 'butterhead', 'maturity_days': 60}","{'growth_rate': 0.5, 'leaf_size': 0.5, 'yield_potential': 0.5, 'disease_resistance': 0.5, 'heat_tolerance': 0.5, 'cold_tolerance': 0.5, 'bolting_tolerance': 0.5, 'chlorophyll_content': 0.5, 'root_development': 0.5, 'plant_architecture': 0.5, <GeneticTrait.GROWTH_RATE: 'growth_rate'>: 0.7}",{},0.0000,0.0000,"{'growth_rate': 0.5, 'leaf_size': 0.5, 'yield_potential': 0.5, 'disease_resistance': 0.5, 'heat_tolerance': 0.5, 'cold_tolerance': 0.5, 'bolting_tolerance': 0.5, 'chlorophyll_content': 0.5, 'root_development': 0.5, 'plant_architecture': 0.5, <GeneticTrait.GROWTH_RATE: 'growth_rate'>: 0.7}",{},{},2114280.0000,55440.0000,840,2025-10-06T15:30:11.435043
421,18,12,2025-10-06 15:30:11.750396,Boston Bibb,butterhead,{},"{'cultivar_name': 'Boston Bibb', 'lettuce_type': 'butterhead', 'maturity_days': 60}","{'growth_rate': 0.5, 'leaf_size': 0.5, 'yield_potential': 0.5, 'disease_resistance': 0.5, 'heat_tolerance': 0.5, 'cold_tolerance': 0.5, 'bolting_tolerance': 0.5, 'chlorophyll_content': 0.5, 'root_development': 0.5, 'plant_architecture': 0.5, <GeneticTrait.GROWTH_RATE: 'growth_rate'>: 0.7}",{},0.0000,0.0000,"{'growth_rate': 0.5, 'leaf_size': 0.5, 'yield_potential': 0.5, 'disease_resistance': 0.5, 'heat_tolerance': 0.5, 'cold_tolerance': 0.5, 'bolting_tolerance': 0.5, 'chlorophyll_content': 0.5, 'root_development': 0.5, 'plant_architecture': 0.5, <GeneticTrait.GROWTH_RATE: 'growth_rate'>: 0.7}",{},{},2119320.0000,60480.0000,842,2025-10-06T15:30:11.600496
422,18,13,2025-10-06 15:30:11.904716,Boston Bibb,butterhead,{},"{'cultivar_name': 'Boston Bibb', 'lettuce_type': 'butterhead', 'maturity_days': 60}","{'growth_rate': 0.5, 'leaf_size': 0.5, 'yield_potential': 0.5, 'disease_resistance': 0.5, 'heat_tolerance': 0.5, 'cold_tolerance': 0.5, 'bolting_tolerance': 0.5, 'chlorophyll_content': 0.5, 'root_development': 0.5, 'plant_architecture': 0.5, <GeneticTrait.GROWTH_RATE: 'growth_rate'>: 0.7}",{},0.0000,0.0000,"{'growth_rate': 0.5, 'leaf_size': 0.5, 'yield_potential': 0.5, 'disease_resistance': 0.5, 'heat_tolerance': 0.5, 'cold_tolerance': 0.5, 'bolting_tolerance': 0.5, 'chlorophyll_content': 0.5, 'root_development': 0.5, 'plant_architecture': 0.5, <GeneticTrait.GROWTH_RATE: 'growth_rate'>: 0.7}",{},{},2124360.0000,65520.0000,844,2025-10-06T15:30:11.762691
423,18,14,2025-10-06 15:30:12.067793,Boston Bibb,butterhead,{},"{'cultivar_name': 'Boston Bibb', 'lettuce_type': 'butterhead', 'maturity_days': 60}","{'growth_rate': 0.5, 'leaf_size': 0.5, 'yield_potential': 0.5, 'disease_resistance': 0.5, 'heat_tolerance': 0.5, 'cold_tolerance': 0.5, 'bolting_tolerance': 0.5, 'chlorophyll_content': 0.5, 'root_development': 0.5, 'plant_architecture': 0.5, <GeneticTrait.GROWTH_RATE: 'growth_rate'>: 0.7}",{},0.0000,0.0000,"{'growth_rate': 0.5, 'leaf_size': 0.5, 'yield_potential': 0.5, 'disease_resistance': 0.5, 'heat_tolerance': 0.5, 'cold_tolerance': 0.5, 'bolting_tolerance': 0.5, 'chlorophyll_content': 0.5, 'root_development': 0.5, 'plant_architecture': 0.5, <GeneticTrait.GROWTH_RATE: 'growth_rate'>: 0.7}",{},{},2129400.0000,70560.0000,846,2025-10-06T15:30:11.918639
424,18,15,2025-10-06 15:30:12.231058,Boston Bibb,butterhead,{},"{'cultivar_name': 'Boston Bibb', 'lettuce_type': 'butterhead', 'maturity_days': 60}","{'growth_rate': 0.5, 'leaf_size': 0.5, 'yield_potential': 0.5, 'disease_resistance': 0.5, 'heat_tolerance': 0.5, 'cold_tolerance': 0.5, 'bolting_tolerance': 0.5, 'chlorophyll_content': 0.5, 'root_development': 0.5, 'plant_architecture': 0.5, <GeneticTrait.GROWTH_RATE: 'growth_rate'>: 0.7}",{},0.0000,0.0000,"{'growth_rate': 0.5, 'leaf_size': 0.5, 'yield_potential': 0.5, 'disease_resistance': 0.5, 'heat_tolerance': 0.5, 'cold_tolerance': 0.5, 'bolting_tolerance': 0.5, 'chlorophyll_content': 0.5, 'root_development': 0.5, 'plant_architecture': 0.5, <GeneticTrait.GROWTH_RATE: 'growth_rate'>: 0.7}",{},{},2134440.0000,75600.0000,848,2025-10-06T15:30:12.081960
425,18,16,2025-10-06 15:30:12.391810,Boston Bibb,butterhead,{},"{'cultivar_name': 'Boston Bibb', 'lettuce_type': 'butterhead', 'maturity_days': 60}","{'growth_rate': 0.5, 'leaf_size': 0.5, 'yield_potential': 0.5, 'disease_resistance': 0.5, 'heat_tolerance': 0.5, 'cold_tolerance': 0.5, 'bolting_tolerance': 0.5, 'chlorophyll_content': 0.5, 'root_development': 0.5, 'plant_architecture': 0.5, <GeneticTrait.GROWTH_RATE: 'growth_rate'>: 0.7}",{},0.0000,0.0000,"{'growth_rate': 0.5, 'leaf_size': 0.5, 'yield_potential': 0.5, 'disease_resistance': 0.5, 'heat_tolerance': 0.5, 'cold_tolerance': 0.5, 'bolting_tolerance': 0.5, 'chlorophyll_content': 0.5, 'root_development': 0.5, 'plant_architecture': 0.5, <GeneticTrait.GROWTH_RATE: 'growth_rate'>: 0.7}",{},{},2139480.0000,80640.0000,850,2025-10-06T15:30:12.245265
426,18,17,2025-10-06 15:30:12.552858,Boston Bibb,butterhead,{},"{'cultivar_name': 'Boston Bibb', 'lettuce_type': 'butterhead', 'maturity_days': 60}","{'growth_rate': 0.5, 'leaf_size': 0.5, 'yield_potential': 0.5, 'disease_resistance': 0.5, 'heat_tolerance': 0.5, 'cold_tolerance': 0.5, 'bolting_tolerance': 0.5, 'chlorophyll_content': 0.5, 'root_development': 0.5, 'plant_architecture': 0.5, <GeneticTrait.GROWTH_RATE: 'growth_rate'>: 0.7}",{},0.0000,0.0000,"{'growth_rate': 0.5, 'leaf_size': 0.5, 'yield_potential': 0.5, 'disease_resistance': 0.5, 'heat_tolerance': 0.5, 'cold_tolerance': 0.5, 'bolting_tolerance': 0.5, 'chlorophyll_content': 0.5, 'root_development': 0.5, 'plant_architecture': 0.5, <GeneticTrait.GROWTH_RATE: 'growth_rate'>: 0.7}",{},{},2144520.0000,85680.0000,852,2025-10-06T15:30:12.404576
427,18,18,2025-10-06 15:30:12.715121,Boston Bibb,butterhead,{},"{'cultivar_name': 'Boston Bibb', 'lettuce_type': 'butterhead', 'maturity_days': 60}","{'growth_rate': 0.5, 'leaf_size': 0.5, 'yield_potential': 0.5, 'disease_resistance': 0.5, 'heat_tolerance': 0.5, 'cold_tolerance': 0.5, 'bolting_tolerance': 0.5, 'chlorophyll_content': 0.5, 'root_development': 0.5, 'plant_architecture': 0.5, <GeneticTrait.GROWTH_RATE: 'growth_rate'>: 0.7}",{},0.0000,0.0000,"{'growth_rate': 0.5, 'leaf_size': 0.5, 'yield_potential': 0.5, 'disease_resistance': 0.5, 'heat_tolerance': 0.5, 'cold_tolerance': 0.5, 'bolting_tolerance': 0.5, 'chlorophyll_content': 0.5, 'root_development': 0.5, 'plant_architecture': 0.5, <GeneticTrait.GROWTH_RATE: 'growth_rate'>: 0.7}",{},{},2149560.0000,90720.0000,854,2025-10-06T15:30:12.566856
428,18,19,2025-10-06 15:30:12.875415,Boston Bibb,butterhead,{},"{'cultivar_name': 'Boston Bibb', 'lettuce_type': 'butterhead', 'maturity_days': 60}","{'growth_rate': 0.5, 'leaf_size': 0.5, 'yield_potential': 0.5, 'disease_resistance': 0.5, 'heat_tolerance': 0.5, 'cold_tolerance': 0.5, 'bolting_tolerance': 0.5, 'chlorophyll_content': 0.5, 'root_development': 0.5, 'plant_architecture': 0.5, <GeneticTrait.GROWTH_RATE: 'growth_rate'>: 0.7}",{},0.0000,0.0000,"{'growth_rate': 0.5, 'leaf_size': 0.5, 'yield_potential': 0.5, 'disease_resistance': 0.5, 'heat_tolerance': 0.5, 'cold_tolerance': 0.5, 'bolting_tolerance': 0.5, 'chlorophyll_content': 0.5, 'root_development': 0.5, 'plant_architecture': 0.5, <GeneticTrait.GROWTH_RATE: 'growth_rate'>: 0.7}",{},{},2154600.0000,95760.0000,856,2025-10-06T15:30:12.728548
429,18,20,2025-10-06 15:30:13.037272,Boston Bibb,butterhead,{},"{'cultivar_name': 'Boston Bibb', 'lettuce_type': 'butterhead', 'maturity_days': 60}","{'growth_rate': 0.5, 'leaf_size': 0.5, 'yield_potential': 0.5, 'disease_resistance': 0.5, 'heat_tolerance': 0.5, 'cold_tolerance': 0.5, 'bolting_tolerance': 0.5, 'chlorophyll_content': 0.5, 'root_development': 0.5, 'plant_architecture': 0.5, <GeneticTrait.GROWTH_RATE: 'growth_rate'>: 0.7}",{},0.0000,0.0000,"{'growth_rate': 0.5, 'leaf_size': 0.5, 'yield_potential': 0.5, 'disease_resistance': 0.5, 'heat_tolerance': 0.5, 'cold_tolerance': 0.5, 'bolting_tolerance': 0.5, 'chlorophyll_content': 0.5, 'root_development': 0.5, 'plant_architecture': 0.5, <GeneticTrait.GROWTH_RATE: 'growth_rate'>: 0.7}",{},{},2159640.0000,100800.0000,858,2025-10-06T15:30:12.889340
430,18,21,2025-10-06 15:30:13.196750,Boston Bibb,butterhead,{},"{'cultivar_name': 'Boston Bibb', 'lettuce_type': 'butterhead', 'maturity_days': 60}","{'growth_rate': 0.5, 'leaf_size': 0.5, 'yield_potential': 0.5, 'disease_resistance': 0.5, 'heat_tolerance': 0.5, 'cold_tolerance': 0.5, 'bolting_tolerance': 0.5, 'chlorophyll_content': 0.5, 'root_development': 0.5, 'plant_architecture': 0.5, <GeneticTrait.GROWTH_RATE: 'growth_rate'>: 0.7}",{},0.0000,0.0000,"{'growth_rate': 0.5, 'leaf_size': 0.5, 'yield_potential': 0.5, 'disease_resistance': 0.5, 'heat_tolerance': 0.5, 'cold_tolerance': 0.5, 'bolting_tolerance': 0.5, 'chlorophyll_content': 0.5, 'root_development': 0.5, 'plant_architecture': 0.5, <GeneticTrait.GROWTH_RATE: 'growth_rate'>: 0.7}",{},{},2164680.0000,105840.0000,860,2025-10-06T15:30:13.049836
431,18,22,2025-10-06 15:30:13.354351,Boston Bibb,butterhead,{},"{'cultivar_name': 'Boston Bibb', 'lettuce_type': 'butterhead', 'maturity_days': 60}","{'growth_rate': 0.5, 'leaf_size': 0.5, 'yield_potential': 0.5, 'disease_resistance': 0.5, 'heat_tolerance': 0.5, 'cold_tolerance': 0.5, 'bolting_tolerance': 0.5, 'chlorophyll_content': 0.5, 'root_development': 0.5, 'plant_architecture': 0.5, <GeneticTrait.GROWTH_RATE: 'growth_rate'>: 0.7}",{},0.0000,0.0000,"{'growth_rate': 0.5, 'leaf_size': 0.5, 'yield_potential': 0.5, 'disease_resistance': 0.5, 'heat_tolerance': 0.5, 'cold_tolerance': 0.5, 'bolting_tolerance': 0.5, 'chlorophyll_content': 0.5, 'root_development': 0.5, 'plant_architecture': 0.5, <GeneticTrait.GROWTH_RATE: 'growth_rate'>: 0.7}",{},{},2169720.0000,110880.0000,862,2025-10-06T15:30:13.210500
432,18,23,2025-10-06 15:30:13.511909,Boston Bibb,butterhead,{},"{'cultivar_name': 'Boston Bibb', 'lettuce_type': 'butterhead', 'maturity_days': 60}","{'growth_rate': 0.5, 'leaf_size': 0.5, 'yield_potential': 0.5, 'disease_resistance': 0.5, 'heat_tolerance': 0.5, 'cold_tolerance': 0.5, 'bolting_tolerance': 0.5, 'chlorophyll_content': 0.5, 'root_development': 0.5, 'plant_architecture': 0.5, <GeneticTrait.GROWTH_RATE: 'growth_rate'>: 0.7}",{},0.0000,0.0000,"{'growth_rate': 0.5, 'leaf_size': 0.5, 'yield_potential': 0.5, 'disease_resistance': 0.5, 'heat_tolerance': 0.5, 'cold_tolerance': 0.5, 'bolting_tolerance': 0.5, 'chlorophyll_content': 0.5, 'root_development': 0.5, 'plant_architecture': 0.5, <GeneticTrait.GROWTH_RATE: 'growth_rate'>: 0.7}",{},{},2174760.0000,115920.0000,864,2025-10-06T15:30:13.368051
433,19,0,2025-10-06 15:30:13.673403,Boston Bibb,butterhead,{},"{'cultivar_name': 'Boston Bibb', 'lettuce_type': 'butterhead', 'maturity_days': 60}","{'growth_rate': 0.5, 'leaf_size': 0.5, 'yield_potential': 0.5, 'disease_resistance': 0.5, 'heat_tolerance': 0.5, 'cold_tolerance': 0.5, 'bolting_tolerance': 0.5, 'chlorophyll_content': 0.5, 'root_development': 0.5, 'plant_architecture': 0.5, <GeneticTrait.GROWTH_RATE: 'growth_rate'>: 0.7}",{},0.0000,0.0000,"{'growth_rate': 0.5, 'leaf_size': 0.5, 'yield_potential': 0.5, 'disease_resistance': 0.5, 'heat_tolerance': 0.5, 'cold_tolerance': 0.5, 'bolting_tolerance': 0.5, 'chlorophyll_content': 0.5, 'root_development': 0.5, 'plant_architecture': 0.5, <GeneticTrait.GROWTH_RATE: 'growth_rate'>: 0.7}",{},{},2179800.0000,0.0000,866,2025-10-06T15:30:13.526847
434,19,1,2025-10-06 15:30:13.836207,Boston Bibb,butterhead,{},"{'cultivar_name': 'Boston Bibb', 'lettuce_type': 'butterhead', 'maturity_days': 60}","{'growth_rate': 0.5, 'leaf_size': 0.5, 'yield_potential': 0.5, 'disease_resistance': 0.5, 'heat_tolerance': 0.5, 'cold_tolerance': 0.5, 'bolting_tolerance': 0.5, 'chlorophyll_content': 0.5, 'root_development': 0.5, 'plant_architecture': 0.5, <GeneticTrait.GROWTH_RATE: 'growth_rate'>: 0.7}",{},0.0000,0.0000,"{'growth_rate': 0.5, 'leaf_size': 0.5, 'yield_potential': 0.5, 'disease_resistance': 0.5, 'heat_tolerance': 0.5, 'cold_tolerance': 0.5, 'bolting_tolerance': 0.5, 'chlorophyll_content': 0.5, 'root_development': 0.5, 'plant_architecture': 0.5, <GeneticTrait.GROWTH_RATE: 'growth_rate'>: 0.7}",{},{},2184840.0000,5040.0000,868,2025-10-06T15:30:13.687375
435,19,2,2025-10-06 15:30:13.997009,Boston Bibb,butterhead,{},"{'cultivar_name': 'Boston Bibb', 'lettuce_type': 'butterhead', 'maturity_days': 60}","{'growth_rate': 0.5, 'leaf_size': 0.5, 'yield_potential': 0.5, 'disease_resistance': 0.5, 'heat_tolerance': 0.5, 'cold_tolerance': 0.5, 'bolting_tolerance': 0.5, 'chlorophyll_content': 0.5, 'root_development': 0.5, 'plant_architecture': 0.5, <GeneticTrait.GROWTH_RATE: 'growth_rate'>: 0.7}",{},0.0000,0.0000,"{'growth_rate': 0.5, 'leaf_size': 0.5, 'yield_potential': 0.5, 'disease_resistance': 0.5, 'heat_tolerance': 0.5, 'cold_tolerance': 0.5, 'bolting_tolerance': 0.5, 'chlorophyll_content': 0.5, 'root_development': 0.5, 'plant_architecture': 0.5, <GeneticTrait.GROWTH_RATE: 'growth_rate'>: 0.7}",{},{},2189880.0000,10080.0000,870,2025-10-06T15:30:13.850365
436,19,3,2025-10-06 15:30:14.154541,Boston Bibb,butterhead,{},"{'cultivar_name': 'Boston Bibb', 'lettuce_type': 'butterhead', 'maturity_days': 60}","{'growth_rate': 0.5, 'leaf_size': 0.5, 'yield_potential': 0.5, 'disease_resistance': 0.5, 'heat_tolerance': 0.5, 'cold_tolerance': 0.5, 'bolting_tolerance': 0.5, 'chlorophyll_content': 0.5, 'root_development': 0.5, 'plant_architecture': 0.5, <GeneticTrait.GROWTH_RATE: 'growth_rate'>: 0.7}",{},0.0000,0.0000,"{'growth_rate': 0.5, 'leaf_size': 0.5, 'yield_potential': 0.5, 'disease_resistance': 0.5, 'heat_tolerance': 0.5, 'cold_tolerance': 0.5, 'bolting_tolerance': 0.5, 'chlorophyll_content': 0.5, 'root_development': 0.5, 'plant_architecture': 0.5, <GeneticTrait.GROWTH_RATE: 'growth_rate'>: 0.7}",{},{},2194920.0000,15120.0000,872,2025-10-06T15:30:14.011067
437,19,4,2025-10-06 15:30:14.311107,Boston Bibb,butterhead,{},"{'cultivar_name': 'Boston Bibb', 'lettuce_type': 'butterhead', 'maturity_days': 60}","{'growth_rate': 0.5, 'leaf_size': 0.5, 'yield_potential': 0.5, 'disease_resistance': 0.5, 'heat_tolerance': 0.5, 'cold_tolerance': 0.5, 'bolting_tolerance': 0.5, 'chlorophyll_content': 0.5, 'root_development': 0.5, 'plant_architecture': 0.5, <GeneticTrait.GROWTH_RATE: 'growth_rate'>: 0.7}",{},0.0000,0.0000,"{'growth_rate': 0.5, 'leaf_size': 0.5, 'yield_potential': 0.5, 'disease_resistance': 0.5, 'heat_tolerance': 0.5, 'cold_tolerance': 0.5, 'bolting_tolerance': 0.5, 'chlorophyll_content': 0.5, 'root_development': 0.5, 'plant_architecture': 0.5, <GeneticTrait.GROWTH_RATE: 'growth_rate'>: 0.7}",{},{},2199960.0000,20160.0000,874,2025-10-06T15:30:14.166421
438,19,5,2025-10-06 15:30:14.463746,Boston Bibb,butterhead,{},"{'cultivar_name': 'Boston Bibb', 'lettuce_type': 'butterhead', 'maturity_days': 60}","{'growth_rate': 0.5, 'leaf_size': 0.5, 'yield_potential': 0.5, 'disease_resistance': 0.5, 'heat_tolerance': 0.5, 'cold_tolerance': 0.5, 'bolting_tolerance': 0.5, 'chlorophyll_content': 0.5, 'root_development': 0.5, 'plant_architecture': 0.5, <GeneticTrait.GROWTH_RATE: 'growth_rate'>: 0.7}",{},0.0000,0.0000,"{'growth_rate': 0.5, 'leaf_size': 0.5, 'yield_potential': 0.5, 'disease_resistance': 0.5, 'heat_tolerance': 0.5, 'cold_tolerance': 0.5, 'bolting_tolerance': 0.5, 'chlorophyll_content': 0.5, 'root_development': 0.5, 'plant_architecture': 0.5, <GeneticTrait.GROWTH_RATE: 'growth_rate'>: 0.7}",{},{},2205000.0000,25200.0000,876,2025-10-06T15:30:14.322906
439,19,6,2025-10-06 15:30:14.622799,Boston Bibb,butterhead,{},"{'cultivar_name': 'Boston Bibb', 'lettuce_type': 'butterhead', 'maturity_days': 60}","{'growth_rate': 0.5, 'leaf_size': 0.5, 'yield_potential': 0.5, 'disease_resistance': 0.5, 'heat_tolerance': 0.5, 'cold_tolerance': 0.5, 'bolting_tolerance': 0.5, 'chlorophyll_content': 0.5, 'root_development': 0.5, 'plant_architecture': 0.5, <GeneticTrait.GROWTH_RATE: 'growth_rate'>: 0.7}",{},0.0000,0.0000,"{'growth_rate': 0.5, 'leaf_size': 0.5, 'yield_potential': 0.5, 'disease_resistance': 0.5, 'heat_tolerance': 0.5, 'cold_tolerance': 0.5, 'bolting_tolerance': 0.5, 'chlorophyll_content': 0.5, 'root_development': 0.5, 'plant_architecture': 0.5, <GeneticTrait.GROWTH_RATE: 'growth_rate'>: 0.7}",{},{},2210040.0000,30240.0000,878,2025-10-06T15:30:14.477883
440,19,7,2025-10-06 15:30:14.779430,Boston Bibb,butterhead,{},"{'cultivar_name': 'Boston Bibb', 'lettuce_type': 'butterhead', 'maturity_days': 60}","{'growth_rate': 0.5, 'leaf_size': 0.5, 'yield_potential': 0.5, 'disease_resistance': 0.5, 'heat_tolerance': 0.5, 'cold_tolerance': 0.5, 'bolting_tolerance': 0.5, 'chlorophyll_content': 0.5, 'root_development': 0.5, 'plant_architecture': 0.5, <GeneticTrait.GROWTH_RATE: 'growth_rate'>: 0.7}",{},0.0000,0.0000,"{'growth_rate': 0.5, 'leaf_size': 0.5, 'yield_potential': 0.5, 'disease_resistance': 0.5, 'heat_tolerance': 0.5, 'cold_tolerance': 0.5, 'bolting_tolerance': 0.5, 'chlorophyll_content': 0.5, 'root_development': 0.5, 'plant_architecture': 0.5, <GeneticTrait.GROWTH_RATE: 'growth_rate'>: 0.7}",{},{},2215080.0000,35280.0000,880,2025-10-06T15:30:14.636943
441,19,8,2025-10-06 15:30:14.938839,Boston Bibb,butterhead,{},"{'cultivar_name': 'Boston Bibb', 'lettuce_type': 'butterhead', 'maturity_days': 60}","{'growth_rate': 0.5, 'leaf_size': 0.5, 'yield_potential': 0.5, 'disease_resistance': 0.5, 'heat_tolerance': 0.5, 'cold_tolerance': 0.5, 'bolting_tolerance': 0.5, 'chlorophyll_content': 0.5, 'root_development': 0.5, 'plant_architecture': 0.5, <GeneticTrait.GROWTH_RATE: 'growth_rate'>: 0.7}",{},0.0000,0.0000,"{'growth_rate': 0.5, 'leaf_size': 0.5, 'yield_potential': 0.5, 'disease_resistance': 0.5, 'heat_tolerance': 0.5, 'cold_tolerance': 0.5, 'bolting_tolerance': 0.5, 'chlorophyll_content': 0.5, 'root_development': 0.5, 'plant_architecture': 0.5, <GeneticTrait.GROWTH_RATE: 'growth_rate'>: 0.7}",{},{},2220120.0000,40320.0000,882,2025-10-06T15:30:14.792047
442,19,9,2025-10-06 15:30:15.097779,Boston Bibb,butterhead,{},"{'cultivar_name': 'Boston Bibb', 'lettuce_type': 'butterhead', 'maturity_days': 60}","{'growth_rate': 0.5, 'leaf_size': 0.5, 'yield_potential': 0.5, 'disease_resistance': 0.5, 'heat_tolerance': 0.5, 'cold_tolerance': 0.5, 'bolting_tolerance': 0.5, 'chlorophyll_content': 0.5, 'root_development': 0.5, 'plant_architecture': 0.5, <GeneticTrait.GROWTH_RATE: 'growth_rate'>: 0.7}",{},0.0000,0.0000,"{'growth_rate': 0.5, 'leaf_size': 0.5, 'yield_potential': 0.5, 'disease_resistance': 0.5, 'heat_tolerance': 0.5, 'cold_tolerance': 0.5, 'bolting_tolerance': 0.5, 'chlorophyll_content': 0.5, 'root_development': 0.5, 'plant_architecture': 0.5, <GeneticTrait.GROWTH_RATE: 'growth_rate'>: 0.7}",{},{},2225160.0000,45360.0000,884,2025-10-06T15:30:14.950988
443,19,10,2025-10-06 15:30:15.259309,Boston Bibb,butterhead,{},"{'cultivar_name': 'Boston Bibb', 'lettuce_type': 'butterhead', 'maturity_days': 60}","{'growth_rate': 0.5, 'leaf_size': 0.5, 'yield_potential': 0.5, 'disease_resistance': 0.5, 'heat_tolerance': 0.5, 'cold_tolerance': 0.5, 'bolting_tolerance': 0.5, 'chlorophyll_content': 0.5, 'root_development': 0.5, 'plant_architecture': 0.5, <GeneticTrait.GROWTH_RATE: 'growth_rate'>: 0.7}",{},0.0000,0.0000,"{'growth_rate': 0.5, 'leaf_size': 0.5, 'yield_potential': 0.5, 'disease_resistance': 0.5, 'heat_tolerance': 0.5, 'cold_tolerance': 0.5, 'bolting_tolerance': 0.5, 'chlorophyll_content': 0.5, 'root_development': 0.5, 'plant_architecture': 0.5, <GeneticTrait.GROWTH_RATE: 'growth_rate'>: 0.7}",{},{},2230200.0000,50400.0000,886,2025-10-06T15:30:15.111920
444,19,11,2025-10-06 15:30:15.421583,Boston Bibb,butterhead,{},"{'cultivar_name': 'Boston Bibb', 'lettuce_type': 'butterhead', 'maturity_days': 60}","{'growth_rate': 0.5, 'leaf_size': 0.5, 'yield_potential': 0.5, 'disease_resistance': 0.5, 'heat_tolerance': 0.5, 'cold_tolerance': 0.5, 'bolting_tolerance': 0.5, 'chlorophyll_content': 0.5, 'root_development': 0.5, 'plant_architecture': 0.5, <GeneticTrait.GROWTH_RATE: 'growth_rate'>: 0.7}",{},0.0000,0.0000,"{'growth_rate': 0.5, 'leaf_size': 0.5, 'yield_potential': 0.5, 'disease_resistance': 0.5, 'heat_tolerance': 0.5, 'cold_tolerance': 0.5, 'bolting_tolerance': 0.5, 'chlorophyll_content': 0.5, 'root_development': 0.5, 'plant_architecture': 0.5, <GeneticTrait.GROWTH_RATE: 'growth_rate'>: 0.7}",{},{},2235240.0000,55440.0000,888,2025-10-06T15:30:15.273795
445,19,12,2025-10-06 15:30:15.581491,Boston Bibb,butterhead,{},"{'cultivar_name': 'Boston Bibb', 'lettuce_type': 'butterhead', 'maturity_days': 60}","{'growth_rate': 0.5, 'leaf_size': 0.5, 'yield_potential': 0.5, 'disease_resistance': 0.5, 'heat_tolerance': 0.5, 'cold_tolerance': 0.5, 'bolting_tolerance': 0.5, 'chlorophyll_content': 0.5, 'root_development': 0.5, 'plant_architecture': 0.5, <GeneticTrait.GROWTH_RATE: 'growth_rate'>: 0.7}",{},0.0000,0.0000,"{'growth_rate': 0.5, 'leaf_size': 0.5, 'yield_potential': 0.5, 'disease_resistance': 0.5, 'heat_tolerance': 0.5, 'cold_tolerance': 0.5, 'bolting_tolerance': 0.5, 'chlorophyll_content': 0.5, 'root_development': 0.5, 'plant_architecture': 0.5, <GeneticTrait.GROWTH_RATE: 'growth_rate'>: 0.7}",{},{},2240280.0000,60480.0000,890,2025-10-06T15:30:15.434897
446,19,13,2025-10-06 15:30:15.745311,Boston Bibb,butterhead,{},"{'cultivar_name': 'Boston Bibb', 'lettuce_type': 'butterhead', 'maturity_days': 60}","{'growth_rate': 0.5, 'leaf_size': 0.5, 'yield_potential': 0.5, 'disease_resistance': 0.5, 'heat_tolerance': 0.5, 'cold_tolerance': 0.5, 'bolting_tolerance': 0.5, 'chlorophyll_content': 0.5, 'root_development': 0.5, 'plant_architecture': 0.5, <GeneticTrait.GROWTH_RATE: 'growth_rate'>: 0.7}",{},0.0000,0.0000,"{'growth_rate': 0.5, 'leaf_size': 0.5, 'yield_potential': 0.5, 'disease_resistance': 0.5, 'heat_tolerance': 0.5, 'cold_tolerance': 0.5, 'bolting_tolerance': 0.5, 'chlorophyll_content': 0.5, 'root_development': 0.5, 'plant_architecture': 0.5, <GeneticTrait.GROWTH_RATE: 'growth_rate'>: 0.7}",{},{},2245320.0000,65520.0000,892,2025-10-06T15:30:15.595726
447,19,14,2025-10-06 15:30:15.904964,Boston Bibb,butterhead,{},"{'cultivar_name': 'Boston Bibb', 'lettuce_type': 'butterhead', 'maturity_days': 60}","{'growth_rate': 0.5, 'leaf_size': 0.5, 'yield_potential': 0.5, 'disease_resistance': 0.5, 'heat_tolerance': 0.5, 'cold_tolerance': 0.5, 'bolting_tolerance': 0.5, 'chlorophyll_content': 0.5, 'root_development': 0.5, 'plant_architecture': 0.5, <GeneticTrait.GROWTH_RATE: 'growth_rate'>: 0.7}",{},0.0000,0.0000,"{'growth_rate': 0.5, 'leaf_size': 0.5, 'yield_potential': 0.5, 'disease_resistance': 0.5, 'heat_tolerance': 0.5, 'cold_tolerance': 0.5, 'bolting_tolerance': 0.5, 'chlorophyll_content': 0.5, 'root_development': 0.5, 'plant_architecture': 0.5, <GeneticTrait.GROWTH_RATE: 'growth_rate'>: 0.7}",{},{},2250360.0000,70560.0000,894,2025-10-06T15:30:15.759567
448,19,15,2025-10-06 15:30:16.063749,Boston Bibb,butterhead,{},"{'cultivar_name': 'Boston Bibb', 'lettuce_type': 'butterhead', 'maturity_days': 60}","{'growth_rate': 0.5, 'leaf_size': 0.5, 'yield_potential': 0.5, 'disease_resistance': 0.5, 'heat_tolerance': 0.5, 'cold_tolerance': 0.5, 'bolting_tolerance': 0.5, 'chlorophyll_content': 0.5, 'root_development': 0.5, 'plant_architecture': 0.5, <GeneticTrait.GROWTH_RATE: 'growth_rate'>: 0.7}",{},0.0000,0.0000,"{'growth_rate': 0.5, 'leaf_size': 0.5, 'yield_potential': 0.5, 'disease_resistance': 0.5, 'heat_tolerance': 0.5, 'cold_tolerance': 0.5, 'bolting_tolerance': 0.5, 'chlorophyll_content': 0.5, 'root_development': 0.5, 'plant_architecture': 0.5, <GeneticTrait.GROWTH_RATE: 'growth_rate'>: 0.7}",{},{},2255400.0000,75600.0000,896,2025-10-06T15:30:15.919064
449,19,16,2025-10-06 15:30:16.227873,Boston Bibb,butterhead,{},"{'cultivar_name': 'Boston Bibb', 'lettuce_type': 'butterhead', 'maturity_days': 60}","{'growth_rate': 0.5, 'leaf_size': 0.5, 'yield_potential': 0.5, 'disease_resistance': 0.5, 'heat_tolerance': 0.5, 'cold_tolerance': 0.5, 'bolting_tolerance': 0.5, 'chlorophyll_content': 0.5, 'root_development': 0.5, 'plant_architecture': 0.5, <GeneticTrait.GROWTH_RATE: 'growth_rate'>: 0.7}",{},0.0000,0.0000,"{'growth_rate': 0.5, 'leaf_size': 0.5, 'yield_potential': 0.5, 'disease_resistance': 0.5, 'heat_tolerance': 0.5, 'cold_tolerance': 0.5, 'bolting_tolerance': 0.5, 'chlorophyll_content': 0.5, 'root_development': 0.5, 'plant_architecture': 0.5, <GeneticTrait.GROWTH_RATE: 'growth_rate'>: 0.7}",{},{},2260440.0000,80640.0000,898,2025-10-06T15:30:16.076507
450,19,17,2025-10-06 15:30:16.390600,Boston Bibb,butterhead,{},"{'cultivar_name': 'Boston Bibb', 'lettuce_type': 'butterhead', 'maturity_days': 60}","{'growth_rate': 0.5, 'leaf_size': 0.5, 'yield_potential': 0.5, 'disease_resistance': 0.5, 'heat_tolerance': 0.5, 'cold_tolerance': 0.5, 'bolting_tolerance': 0.5, 'chlorophyll_content': 0.5, 'root_development': 0.5, 'plant_architecture': 0.5, <GeneticTrait.GROWTH_RATE: 'growth_rate'>: 0.7}",{},0.0000,0.0000,"{'growth_rate': 0.5, 'leaf_size': 0.5, 'yield_potential': 0.5, 'disease_resistance': 0.5, 'heat_tolerance': 0.5, 'cold_tolerance': 0.5, 'bolting_tolerance': 0.5, 'chlorophyll_content': 0.5, 'root_development': 0.5, 'plant_architecture': 0.5, <GeneticTrait.GROWTH_RATE: 'growth_rate'>: 0.7}",{},{},2265480.0000,85680.0000,900,2025-10-06T15:30:16.242237
451,19,18,2025-10-06 15:30:16.552280,Boston Bibb,butterhead,{},"{'cultivar_name': 'Boston Bibb', 'lettuce_type': 'butterhead', 'maturity_days': 60}","{'growth_rate': 0.5, 'leaf_size': 0.5, 'yield_potential': 0.5, 'disease_resistance': 0.5, 'heat_tolerance': 0.5, 'cold_tolerance': 0.5, 'bolting_tolerance': 0.5, 'chlorophyll_content': 0.5, 'root_development': 0.5, 'plant_architecture': 0.5, <GeneticTrait.GROWTH_RATE: 'growth_rate'>: 0.7}",{},0.0000,0.0000,"{'growth_rate': 0.5, 'leaf_size': 0.5, 'yield_potential': 0.5, 'disease_resistance': 0.5, 'heat_tolerance': 0.5, 'cold_tolerance': 0.5, 'bolting_tolerance': 0.5, 'chlorophyll_content': 0.5, 'root_development': 0.5, 'plant_architecture': 0.5, <GeneticTrait.GROWTH_RATE: 'growth_rate'>: 0.7}",{},{},2270520.0000,90720.0000,902,2025-10-06T15:30:16.404599
452,19,19,2025-10-06 15:30:16.712902,Boston Bibb,butterhead,{},"{'cultivar_name': 'Boston Bibb', 'lettuce_type': 'butterhead', 'maturity_days': 60}","{'growth_rate': 0.5, 'leaf_size': 0.5, 'yield_potential': 0.5, 'disease_resistance': 0.5, 'heat_tolerance': 0.5, 'cold_tolerance': 0.5, 'bolting_tolerance': 0.5, 'chlorophyll_content': 0.5, 'root_development': 0.5, 'plant_architecture': 0.5, <GeneticTrait.GROWTH_RATE: 'growth_rate'>: 0.7}",{},0.0000,0.0000,"{'growth_rate': 0.5, 'leaf_size': 0.5, 'yield_potential': 0.5, 'disease_resistance': 0.5, 'heat_tolerance': 0.5, 'cold_tolerance': 0.5, 'bolting_tolerance': 0.5, 'chlorophyll_content': 0.5, 'root_development': 0.5, 'plant_architecture': 0.5, <GeneticTrait.GROWTH_RATE: 'growth_rate'>: 0.7}",{},{},2275560.0000,95760.0000,904,2025-10-06T15:30:16.564664
453,19,20,2025-10-06 15:30:16.878579,Boston Bibb,butterhead,{},"{'cultivar_name': 'Boston Bibb', 'lettuce_type': 'butterhead', 'maturity_days': 60}","{'growth_rate': 0.5, 'leaf_size': 0.5, 'yield_potential': 0.5, 'disease_resistance': 0.5, 'heat_tolerance': 0.5, 'cold_tolerance': 0.5, 'bolting_tolerance': 0.5, 'chlorophyll_content': 0.5, 'root_development': 0.5, 'plant_architecture': 0.5, <GeneticTrait.GROWTH_RATE: 'growth_rate'>: 0.7}",{},0.0000,0.0000,"{'growth_rate': 0.5, 'leaf_size': 0.5, 'yield_potential': 0.5, 'disease_resistance': 0.5, 'heat_tolerance': 0.5, 'cold_tolerance': 0.5, 'bolting_tolerance': 0.5, 'chlorophyll_content': 0.5, 'root_development': 0.5, 'plant_architecture': 0.5, <GeneticTrait.GROWTH_RATE: 'growth_rate'>: 0.7}",{},{},2280600.0000,100800.0000,906,2025-10-06T15:30:16.726630
454,19,21,2025-10-06 15:30:17.040712,Boston Bibb,butterhead,{},"{'cultivar_name': 'Boston Bibb', 'lettuce_type': 'butterhead', 'maturity_days': 60}","{'growth_rate': 0.5, 'leaf_size': 0.5, 'yield_potential': 0.5, 'disease_resistance': 0.5, 'heat_tolerance': 0.5, 'cold_tolerance': 0.5, 'bolting_tolerance': 0.5, 'chlorophyll_content': 0.5, 'root_development': 0.5, 'plant_architecture': 0.5, <GeneticTrait.GROWTH_RATE: 'growth_rate'>: 0.7}",{},0.0000,0.0000,"{'growth_rate': 0.5, 'leaf_size': 0.5, 'yield_potential': 0.5, 'disease_resistance': 0.5, 'heat_tolerance': 0.5, 'cold_tolerance': 0.5, 'bolting_tolerance': 0.5, 'chlorophyll_content': 0.5, 'root_development': 0.5, 'plant_architecture': 0.5, <GeneticTrait.GROWTH_RATE: 'growth_rate'>: 0.7}",{},{},2285640.0000,105840.0000,908,2025-10-06T15:30:16.892576
455,19,22,2025-10-06 15:30:17.202828,Boston Bibb,butterhead,{},"{'cultivar_name': 'Boston Bibb', 'lettuce_type': 'butterhead', 'maturity_days': 60}","{'growth_rate': 0.5, 'leaf_size': 0.5, 'yield_potential': 0.5, 'disease_resistance': 0.5, 'heat_tolerance': 0.5, 'cold_tolerance': 0.5, 'bolting_tolerance': 0.5, 'chlorophyll_content': 0.5, 'root_development': 0.5, 'plant_architecture': 0.5, <GeneticTrait.GROWTH_RATE: 'growth_rate'>: 0.7}",{},0.0000,0.0000,"{'growth_rate': 0.5, 'leaf_size': 0.5, 'yield_potential': 0.5, 'disease_resistance': 0.5, 'heat_tolerance': 0.5, 'cold_tolerance': 0.5, 'bolting_tolerance': 0.5, 'chlorophyll_content': 0.5, 'root_development': 0.5, 'plant_architecture': 0.5, <GeneticTrait.GROWTH_RATE: 'growth_rate'>: 0.7}",{},{},2290680.0000,110880.0000,910,2025-10-06T15:30:17.054710
456,19,23,2025-10-06 15:30:17.358912,Boston Bibb,butterhead,{},"{'cultivar_name': 'Boston Bibb', 'lettuce_type': 'butterhead', 'maturity_days': 60}","{'growth_rate': 0.5, 'leaf_size': 0.5, 'yield_potential': 0.5, 'disease_resistance': 0.5, 'heat_tolerance': 0.5, 'cold_tolerance': 0.5, 'bolting_tolerance': 0.5, 'chlorophyll_content': 0.5, 'root_development': 0.5, 'plant_architecture': 0.5, <GeneticTrait.GROWTH_RATE: 'growth_rate'>: 0.7}",{},0.0000,0.0000,"{'growth_rate': 0.5, 'leaf_size': 0.5, 'yield_potential': 0.5, 'disease_resistance': 0.5, 'heat_tolerance': 0.5, 'cold_tolerance': 0.5, 'bolting_tolerance': 0.5, 'chlorophyll_content': 0.5, 'root_development': 0.5, 'plant_architecture': 0.5, <GeneticTrait.GROWTH_RATE: 'growth_rate'>: 0.7}",{},{},2295720.0000,115920.0000,912,2025-10-06T15:30:17.216069
457,20,0,2025-10-06 15:30:17.521171,Boston Bibb,butterhead,{},"{'cultivar_name': 'Boston Bibb', 'lettuce_type': 'butterhead', 'maturity_days': 60}","{'growth_rate': 0.5, 'leaf_size': 0.5, 'yield_potential': 0.5, 'disease_resistance': 0.5, 'heat_tolerance': 0.5, 'cold_tolerance': 0.5, 'bolting_tolerance': 0.5, 'chlorophyll_content': 0.5, 'root_development': 0.5, 'plant_architecture': 0.5, <GeneticTrait.GROWTH_RATE: 'growth_rate'>: 0.7}",{},0.0000,0.0000,"{'growth_rate': 0.5, 'leaf_size': 0.5, 'yield_potential': 0.5, 'disease_resistance': 0.5, 'heat_tolerance': 0.5, 'cold_tolerance': 0.5, 'bolting_tolerance': 0.5, 'chlorophyll_content': 0.5, 'root_development': 0.5, 'plant_architecture': 0.5, <GeneticTrait.GROWTH_RATE: 'growth_rate'>: 0.7}",{},{},2300760.0000,0.0000,914,2025-10-06T15:30:17.373566
458,20,1,2025-10-06 15:30:17.680642,Boston Bibb,butterhead,{},"{'cultivar_name': 'Boston Bibb', 'lettuce_type': 'butterhead', 'maturity_days': 60}","{'growth_rate': 0.5, 'leaf_size': 0.5, 'yield_potential': 0.5, 'disease_resistance': 0.5, 'heat_tolerance': 0.5, 'cold_tolerance': 0.5, 'bolting_tolerance': 0.5, 'chlorophyll_content': 0.5, 'root_development': 0.5, 'plant_architecture': 0.5, <GeneticTrait.GROWTH_RATE: 'growth_rate'>: 0.7}",{},0.0000,0.0000,"{'growth_rate': 0.5, 'leaf_size': 0.5, 'yield_potential': 0.5, 'disease_resistance': 0.5, 'heat_tolerance': 0.5, 'cold_tolerance': 0.5, 'bolting_tolerance': 0.5, 'chlorophyll_content': 0.5, 'root_development': 0.5, 'plant_architecture': 0.5, <GeneticTrait.GROWTH_RATE: 'growth_rate'>: 0.7}",{},{},2305800.0000,5040.0000,916,2025-10-06T15:30:17.533254
459,20,2,2025-10-06 15:30:17.837127,Boston Bibb,butterhead,{},"{'cultivar_name': 'Boston Bibb', 'lettuce_type': 'butterhead', 'maturity_days': 60}","{'growth_rate': 0.5, 'leaf_size': 0.5, 'yield_potential': 0.5, 'disease_resistance': 0.5, 'heat_tolerance': 0.5, 'cold_tolerance': 0.5, 'bolting_tolerance': 0.5, 'chlorophyll_content': 0.5, 'root_development': 0.5, 'plant_architecture': 0.5, <GeneticTrait.GROWTH_RATE: 'growth_rate'>: 0.7}",{},0.0000,0.0000,"{'growth_rate': 0.5, 'leaf_size': 0.5, 'yield_potential': 0.5, 'disease_resistance': 0.5, 'heat_tolerance': 0.5, 'cold_tolerance': 0.5, 'bolting_tolerance': 0.5, 'chlorophyll_content': 0.5, 'root_development': 0.5, 'plant_architecture': 0.5, <GeneticTrait.GROWTH_RATE: 'growth_rate'>: 0.7}",{},{},2310840.0000,10080.0000,918,2025-10-06T15:30:17.692624
460,20,3,2025-10-06 15:30:17.997039,Boston Bibb,butterhead,{},"{'cultivar_name': 'Boston Bibb', 'lettuce_type': 'butterhead', 'maturity_days': 60}","{'growth_rate': 0.5, 'leaf_size': 0.5, 'yield_potential': 0.5, 'disease_resistance': 0.5, 'heat_tolerance': 0.5, 'cold_tolerance': 0.5, 'bolting_tolerance': 0.5, 'chlorophyll_content': 0.5, 'root_development': 0.5, 'plant_architecture': 0.5, <GeneticTrait.GROWTH_RATE: 'growth_rate'>: 0.7}",{},0.0000,0.0000,"{'growth_rate': 0.5, 'leaf_size': 0.5, 'yield_potential': 0.5, 'disease_resistance': 0.5, 'heat_tolerance': 0.5, 'cold_tolerance': 0.5, 'bolting_tolerance': 0.5, 'chlorophyll_content': 0.5, 'root_development': 0.5, 'plant_architecture': 0.5, <GeneticTrait.GROWTH_RATE: 'growth_rate'>: 0.7}",{},{},2315880.0000,15120.0000,920,2025-10-06T15:30:17.850250
461,20,4,2025-10-06 15:30:18.158657,Boston Bibb,butterhead,{},"{'cultivar_name': 'Boston Bibb', 'lettuce_type': 'butterhead', 'maturity_days': 60}","{'growth_rate': 0.5, 'leaf_size': 0.5, 'yield_potential': 0.5, 'disease_resistance': 0.5, 'heat_tolerance': 0.5, 'cold_tolerance': 0.5, 'bolting_tolerance': 0.5, 'chlorophyll_content': 0.5, 'root_development': 0.5, 'plant_architecture': 0.5, <GeneticTrait.GROWTH_RATE: 'growth_rate'>: 0.7}",{},0.0000,0.0000,"{'growth_rate': 0.5, 'leaf_size': 0.5, 'yield_potential': 0.5, 'disease_resistance': 0.5, 'heat_tolerance': 0.5, 'cold_tolerance': 0.5, 'bolting_tolerance': 0.5, 'chlorophyll_content': 0.5, 'root_development': 0.5, 'plant_architecture': 0.5, <GeneticTrait.GROWTH_RATE: 'growth_rate'>: 0.7}",{},{},2320920.0000,20160.0000,922,2025-10-06T15:30:18.010959
462,20,5,2025-10-06 15:30:18.316366,Boston Bibb,butterhead,{},"{'cultivar_name': 'Boston Bibb', 'lettuce_type': 'butterhead', 'maturity_days': 60}","{'growth_rate': 0.5, 'leaf_size': 0.5, 'yield_potential': 0.5, 'disease_resistance': 0.5, 'heat_tolerance': 0.5, 'cold_tolerance': 0.5, 'bolting_tolerance': 0.5, 'chlorophyll_content': 0.5, 'root_development': 0.5, 'plant_architecture': 0.5, <GeneticTrait.GROWTH_RATE: 'growth_rate'>: 0.7}",{},0.0000,0.0000,"{'growth_rate': 0.5, 'leaf_size': 0.5, 'yield_potential': 0.5, 'disease_resistance': 0.5, 'heat_tolerance': 0.5, 'cold_tolerance': 0.5, 'bolting_tolerance': 0.5, 'chlorophyll_content': 0.5, 'root_development': 0.5, 'plant_architecture': 0.5, <GeneticTrait.GROWTH_RATE: 'growth_rate'>: 0.7}",{},{},2325960.0000,25200.0000,924,2025-10-06T15:30:18.172600
463,20,6,2025-10-06 15:30:18.475028,Boston Bibb,butterhead,{},"{'cultivar_name': 'Boston Bibb', 'lettuce_type': 'butterhead', 'maturity_days': 60}","{'growth_rate': 0.5, 'leaf_size': 0.5, 'yield_potential': 0.5, 'disease_resistance': 0.5, 'heat_tolerance': 0.5, 'cold_tolerance': 0.5, 'bolting_tolerance': 0.5, 'chlorophyll_content': 0.5, 'root_development': 0.5, 'plant_architecture': 0.5, <GeneticTrait.GROWTH_RATE: 'growth_rate'>: 0.7}",{},0.0000,0.0000,"{'growth_rate': 0.5, 'leaf_size': 0.5, 'yield_potential': 0.5, 'disease_resistance': 0.5, 'heat_tolerance': 0.5, 'cold_tolerance': 0.5, 'bolting_tolerance': 0.5, 'chlorophyll_content': 0.5, 'root_development': 0.5, 'plant_architecture': 0.5, <GeneticTrait.GROWTH_RATE: 'growth_rate'>: 0.7}",{},{},2331000.0000,30240.0000,926,2025-10-06T15:30:18.328702
464,20,7,2025-10-06 15:30:18.634231,Boston Bibb,butterhead,{},"{'cultivar_name': 'Boston Bibb', 'lettuce_type': 'butterhead', 'maturity_days': 60}","{'growth_rate': 0.5, 'leaf_size': 0.5, 'yield_potential': 0.5, 'disease_resistance': 0.5, 'heat_tolerance': 0.5, 'cold_tolerance': 0.5, 'bolting_tolerance': 0.5, 'chlorophyll_content': 0.5, 'root_development': 0.5, 'plant_architecture': 0.5, <GeneticTrait.GROWTH_RATE: 'growth_rate'>: 0.7}",{},0.0000,0.0000,"{'growth_rate': 0.5, 'leaf_size': 0.5, 'yield_potential': 0.5, 'disease_resistance': 0.5, 'heat_tolerance': 0.5, 'cold_tolerance': 0.5, 'bolting_tolerance': 0.5, 'chlorophyll_content': 0.5, 'root_development': 0.5, 'plant_architecture': 0.5, <GeneticTrait.GROWTH_RATE: 'growth_rate'>: 0.7}",{},{},2336040.0000,35280.0000,928,2025-10-06T15:30:18.486864
465,20,8,2025-10-06 15:30:18.787332,Boston Bibb,butterhead,{},"{'cultivar_name': 'Boston Bibb', 'lettuce_type': 'butterhead', 'maturity_days': 60}","{'growth_rate': 0.5, 'leaf_size': 0.5, 'yield_potential': 0.5, 'disease_resistance': 0.5, 'heat_tolerance': 0.5, 'cold_tolerance': 0.5, 'bolting_tolerance': 0.5, 'chlorophyll_content': 0.5, 'root_development': 0.5, 'plant_architecture': 0.5, <GeneticTrait.GROWTH_RATE: 'growth_rate'>: 0.7}",{},0.0000,0.0000,"{'growth_rate': 0.5, 'leaf_size': 0.5, 'yield_potential': 0.5, 'disease_resistance': 0.5, 'heat_tolerance': 0.5, 'cold_tolerance': 0.5, 'bolting_tolerance': 0.5, 'chlorophyll_content': 0.5, 'root_development': 0.5, 'plant_architecture': 0.5, <GeneticTrait.GROWTH_RATE: 'growth_rate'>: 0.7}",{},{},2341080.0000,40320.0000,930,2025-10-06T15:30:18.648260
466,20,9,2025-10-06 15:30:18.946216,Boston Bibb,butterhead,{},"{'cultivar_name': 'Boston Bibb', 'lettuce_type': 'butterhead', 'maturity_days': 60}","{'growth_rate': 0.5, 'leaf_size': 0.5, 'yield_potential': 0.5, 'disease_resistance': 0.5, 'heat_tolerance': 0.5, 'cold_tolerance': 0.5, 'bolting_tolerance': 0.5, 'chlorophyll_content': 0.5, 'root_development': 0.5, 'plant_architecture': 0.5, <GeneticTrait.GROWTH_RATE: 'growth_rate'>: 0.7}",{},0.0000,0.0000,"{'growth_rate': 0.5, 'leaf_size': 0.5, 'yield_potential': 0.5, 'disease_resistance': 0.5, 'heat_tolerance': 0.5, 'cold_tolerance': 0.5, 'bolting_tolerance': 0.5, 'chlorophyll_content': 0.5, 'root_development': 0.5, 'plant_architecture': 0.5, <GeneticTrait.GROWTH_RATE: 'growth_rate'>: 0.7}",{},{},2346120.0000,45360.0000,932,2025-10-06T15:30:18.801364
467,20,10,2025-10-06 15:30:19.104344,Boston Bibb,butterhead,{},"{'cultivar_name': 'Boston Bibb', 'lettuce_type': 'butterhead', 'maturity_days': 60}","{'growth_rate': 0.5, 'leaf_size': 0.5, 'yield_potential': 0.5, 'disease_resistance': 0.5, 'heat_tolerance': 0.5, 'cold_tolerance': 0.5, 'bolting_tolerance': 0.5, 'chlorophyll_content': 0.5, 'root_development': 0.5, 'plant_architecture': 0.5, <GeneticTrait.GROWTH_RATE: 'growth_rate'>: 0.7}",{},0.0000,0.0000,"{'growth_rate': 0.5, 'leaf_size': 0.5, 'yield_potential': 0.5, 'disease_resistance': 0.5, 'heat_tolerance': 0.5, 'cold_tolerance': 0.5, 'bolting_tolerance': 0.5, 'chlorophyll_content': 0.5, 'root_development': 0.5, 'plant_architecture': 0.5, <GeneticTrait.GROWTH_RATE: 'growth_rate'>: 0.7}",{},{},2351160.0000,50400.0000,934,2025-10-06T15:30:18.958695
468,20,11,2025-10-06 15:30:19.261734,Boston Bibb,butterhead,{},"{'cultivar_name': 'Boston Bibb', 'lettuce_type': 'butterhead', 'maturity_days': 60}","{'growth_rate': 0.5, 'leaf_size': 0.5, 'yield_potential': 0.5, 'disease_resistance': 0.5, 'heat_tolerance': 0.5, 'cold_tolerance': 0.5, 'bolting_tolerance': 0.5, 'chlorophyll_content': 0.5, 'root_development': 0.5, 'plant_architecture': 0.5, <GeneticTrait.GROWTH_RATE: 'growth_rate'>: 0.7}",{},0.0000,0.0000,"{'growth_rate': 0.5, 'leaf_size': 0.5, 'yield_potential': 0.5, 'disease_resistance': 0.5, 'heat_tolerance': 0.5, 'cold_tolerance': 0.5, 'bolting_tolerance': 0.5, 'chlorophyll_content': 0.5, 'root_development': 0.5, 'plant_architecture': 0.5, <GeneticTrait.GROWTH_RATE: 'growth_rate'>: 0.7}",{},{},2356200.0000,55440.0000,936,2025-10-06T15:30:19.117141
469,20,12,2025-10-06 15:30:19.422394,Boston Bibb,butterhead,{},"{'cultivar_name': 'Boston Bibb', 'lettuce_type': 'butterhead', 'maturity_days': 60}","{'growth_rate': 0.5, 'leaf_size': 0.5, 'yield_potential': 0.5, 'disease_resistance': 0.5, 'heat_tolerance': 0.5, 'cold_tolerance': 0.5, 'bolting_tolerance': 0.5, 'chlorophyll_content': 0.5, 'root_development': 0.5, 'plant_architecture': 0.5, <GeneticTrait.GROWTH_RATE: 'growth_rate'>: 0.7}",{},0.0000,0.0000,"{'growth_rate': 0.5, 'leaf_size': 0.5, 'yield_potential': 0.5, 'disease_resistance': 0.5, 'heat_tolerance': 0.5, 'cold_tolerance': 0.5, 'bolting_tolerance': 0.5, 'chlorophyll_content': 0.5, 'root_development': 0.5, 'plant_architecture': 0.5, <GeneticTrait.GROWTH_RATE: 'growth_rate'>: 0.7}",{},{},2361240.0000,60480.0000,938,2025-10-06T15:30:19.275282
470,20,13,2025-10-06 15:30:19.583245,Boston Bibb,butterhead,{},"{'cultivar_name': 'Boston Bibb', 'lettuce_type': 'butterhead', 'maturity_days': 60}","{'growth_rate': 0.5, 'leaf_size': 0.5, 'yield_potential': 0.5, 'disease_resistance': 0.5, 'heat_tolerance': 0.5, 'cold_tolerance': 0.5, 'bolting_tolerance': 0.5, 'chlorophyll_content': 0.5, 'root_development': 0.5, 'plant_architecture': 0.5, <GeneticTrait.GROWTH_RATE: 'growth_rate'>: 0.7}",{},0.0000,0.0000,"{'growth_rate': 0.5, 'leaf_size': 0.5, 'yield_potential': 0.5, 'disease_resistance': 0.5, 'heat_tolerance': 0.5, 'cold_tolerance': 0.5, 'bolting_tolerance': 0.5, 'chlorophyll_content': 0.5, 'root_development': 0.5, 'plant_architecture': 0.5, <GeneticTrait.GROWTH_RATE: 'growth_rate'>: 0.7}",{},{},2366280.0000,65520.0000,940,2025-10-06T15:30:19.436383
471,20,14,2025-10-06 15:30:19.739235,Boston Bibb,butterhead,{},"{'cultivar_name': 'Boston Bibb', 'lettuce_type': 'butterhead', 'maturity_days': 60}","{'growth_rate': 0.5, 'leaf_size': 0.5, 'yield_potential': 0.5, 'disease_resistance': 0.5, 'heat_tolerance': 0.5, 'cold_tolerance': 0.5, 'bolting_tolerance': 0.5, 'chlorophyll_content': 0.5, 'root_development': 0.5, 'plant_architecture': 0.5, <GeneticTrait.GROWTH_RATE: 'growth_rate'>: 0.7}",{},0.0000,0.0000,"{'growth_rate': 0.5, 'leaf_size': 0.5, 'yield_potential': 0.5, 'disease_resistance': 0.5, 'heat_tolerance': 0.5, 'cold_tolerance': 0.5, 'bolting_tolerance': 0.5, 'chlorophyll_content': 0.5, 'root_development': 0.5, 'plant_architecture': 0.5, <GeneticTrait.GROWTH_RATE: 'growth_rate'>: 0.7}",{},{},2371320.0000,70560.0000,942,2025-10-06T15:30:19.596284
472,20,15,2025-10-06 15:30:19.898997,Boston Bibb,butterhead,{},"{'cultivar_name': 'Boston Bibb', 'lettuce_type': 'butterhead', 'maturity_days': 60}","{'growth_rate': 0.5, 'leaf_size': 0.5, 'yield_potential': 0.5, 'disease_resistance': 0.5, 'heat_tolerance': 0.5, 'cold_tolerance': 0.5, 'bolting_tolerance': 0.5, 'chlorophyll_content': 0.5, 'root_development': 0.5, 'plant_architecture': 0.5, <GeneticTrait.GROWTH_RATE: 'growth_rate'>: 0.7}",{},0.0000,0.0000,"{'growth_rate': 0.5, 'leaf_size': 0.5, 'yield_potential': 0.5, 'disease_resistance': 0.5, 'heat_tolerance': 0.5, 'cold_tolerance': 0.5, 'bolting_tolerance': 0.5, 'chlorophyll_content': 0.5, 'root_development': 0.5, 'plant_architecture': 0.5, <GeneticTrait.GROWTH_RATE: 'growth_rate'>: 0.7}",{},{},2376360.0000,75600.0000,944,2025-10-06T15:30:19.753171
473,20,16,2025-10-06 15:30:20.058615,Boston Bibb,butterhead,{},"{'cultivar_name': 'Boston Bibb', 'lettuce_type': 'butterhead', 'maturity_days': 60}","{'growth_rate': 0.5, 'leaf_size': 0.5, 'yield_potential': 0.5, 'disease_resistance': 0.5, 'heat_tolerance': 0.5, 'cold_tolerance': 0.5, 'bolting_tolerance': 0.5, 'chlorophyll_content': 0.5, 'root_development': 0.5, 'plant_architecture': 0.5, <GeneticTrait.GROWTH_RATE: 'growth_rate'>: 0.7}",{},0.0000,0.0000,"{'growth_rate': 0.5, 'leaf_size': 0.5, 'yield_potential': 0.5, 'disease_resistance': 0.5, 'heat_tolerance': 0.5, 'cold_tolerance': 0.5, 'bolting_tolerance': 0.5, 'chlorophyll_content': 0.5, 'root_development': 0.5, 'plant_architecture': 0.5, <GeneticTrait.GROWTH_RATE: 'growth_rate'>: 0.7}",{},{},2381400.0000,80640.0000,946,2025-10-06T15:30:19.911904
474,20,17,2025-10-06 15:30:20.222804,Boston Bibb,butterhead,{},"{'cultivar_name': 'Boston Bibb', 'lettuce_type': 'butterhead', 'maturity_days': 60}","{'growth_rate': 0.5, 'leaf_size': 0.5, 'yield_potential': 0.5, 'disease_resistance': 0.5, 'heat_tolerance': 0.5, 'cold_tolerance': 0.5, 'bolting_tolerance': 0.5, 'chlorophyll_content': 0.5, 'root_development': 0.5, 'plant_architecture': 0.5, <GeneticTrait.GROWTH_RATE: 'growth_rate'>: 0.7}",{},0.0000,0.0000,"{'growth_rate': 0.5, 'leaf_size': 0.5, 'yield_potential': 0.5, 'disease_resistance': 0.5, 'heat_tolerance': 0.5, 'cold_tolerance': 0.5, 'bolting_tolerance': 0.5, 'chlorophyll_content': 0.5, 'root_development': 0.5, 'plant_architecture': 0.5, <GeneticTrait.GROWTH_RATE: 'growth_rate'>: 0.7}",{},{},2386440.0000,85680.0000,948,2025-10-06T15:30:20.071906
475,20,18,2025-10-06 15:30:20.385710,Boston Bibb,butterhead,{},"{'cultivar_name': 'Boston Bibb', 'lettuce_type': 'butterhead', 'maturity_days': 60}","{'growth_rate': 0.5, 'leaf_size': 0.5, 'yield_potential': 0.5, 'disease_resistance': 0.5, 'heat_tolerance': 0.5, 'cold_tolerance': 0.5, 'bolting_tolerance': 0.5, 'chlorophyll_content': 0.5, 'root_development': 0.5, 'plant_architecture': 0.5, <GeneticTrait.GROWTH_RATE: 'growth_rate'>: 0.7}",{},0.0000,0.0000,"{'growth_rate': 0.5, 'leaf_size': 0.5, 'yield_potential': 0.5, 'disease_resistance': 0.5, 'heat_tolerance': 0.5, 'cold_tolerance': 0.5, 'bolting_tolerance': 0.5, 'chlorophyll_content': 0.5, 'root_development': 0.5, 'plant_architecture': 0.5, <GeneticTrait.GROWTH_RATE: 'growth_rate'>: 0.7}",{},{},2391480.0000,90720.0000,950,2025-10-06T15:30:20.237230
476,20,19,2025-10-06 15:30:20.540622,Boston Bibb,butterhead,{},"{'cultivar_name': 'Boston Bibb', 'lettuce_type': 'butterhead', 'maturity_days': 60}","{'growth_rate': 0.5, 'leaf_size': 0.5, 'yield_potential': 0.5, 'disease_resistance': 0.5, 'heat_tolerance': 0.5, 'cold_tolerance': 0.5, 'bolting_tolerance': 0.5, 'chlorophyll_content': 0.5, 'root_development': 0.5, 'plant_architecture': 0.5, <GeneticTrait.GROWTH_RATE: 'growth_rate'>: 0.7}",{},0.0000,0.0000,"{'growth_rate': 0.5, 'leaf_size': 0.5, 'yield_potential': 0.5, 'disease_resistance': 0.5, 'heat_tolerance': 0.5, 'cold_tolerance': 0.5, 'bolting_tolerance': 0.5, 'chlorophyll_content': 0.5, 'root_development': 0.5, 'plant_architecture': 0.5, <GeneticTrait.GROWTH_RATE: 'growth_rate'>: 0.7}",{},{},2396520.0000,95760.0000,952,2025-10-06T15:30:20.398807
477,20,20,2025-10-06 15:30:20.705618,Boston Bibb,butterhead,{},"{'cultivar_name': 'Boston Bibb', 'lettuce_type': 'butterhead', 'maturity_days': 60}","{'growth_rate': 0.5, 'leaf_size': 0.5, 'yield_potential': 0.5, 'disease_resistance': 0.5, 'heat_tolerance': 0.5, 'cold_tolerance': 0.5, 'bolting_tolerance': 0.5, 'chlorophyll_content': 0.5, 'root_development': 0.5, 'plant_architecture': 0.5, <GeneticTrait.GROWTH_RATE: 'growth_rate'>: 0.7}",{},0.0000,0.0000,"{'growth_rate': 0.5, 'leaf_size': 0.5, 'yield_potential': 0.5, 'disease_resistance': 0.5, 'heat_tolerance': 0.5, 'cold_tolerance': 0.5, 'bolting_tolerance': 0.5, 'chlorophyll_content': 0.5, 'root_development': 0.5, 'plant_architecture': 0.5, <GeneticTrait.GROWTH_RATE: 'growth_rate'>: 0.7}",{},{},2401560.0000,100800.0000,954,2025-10-06T15:30:20.555308
478,20,21,2025-10-06 15:30:20.866124,Boston Bibb,butterhead,{},"{'cultivar_name': 'Boston Bibb', 'lettuce_type': 'butterhead', 'maturity_days': 60}","{'growth_rate': 0.5, 'leaf_size': 0.5, 'yield_potential': 0.5, 'disease_resistance': 0.5, 'heat_tolerance': 0.5, 'cold_tolerance': 0.5, 'bolting_tolerance': 0.5, 'chlorophyll_content': 0.5, 'root_development': 0.5, 'plant_architecture': 0.5, <GeneticTrait.GROWTH_RATE: 'growth_rate'>: 0.7}",{},0.0000,0.0000,"{'growth_rate': 0.5, 'leaf_size': 0.5, 'yield_potential': 0.5, 'disease_resistance': 0.5, 'heat_tolerance': 0.5, 'cold_tolerance': 0.5, 'bolting_tolerance': 0.5, 'chlorophyll_content': 0.5, 'root_development': 0.5, 'plant_architecture': 0.5, <GeneticTrait.GROWTH_RATE: 'growth_rate'>: 0.7}",{},{},2406600.0000,105840.0000,956,2025-10-06T15:30:20.718270
479,20,22,2025-10-06 15:30:21.022552,Boston Bibb,butterhead,{},"{'cultivar_name': 'Boston Bibb', 'lettuce_type': 'butterhead', 'maturity_days': 60}","{'growth_rate': 0.5, 'leaf_size': 0.5, 'yield_potential': 0.5, 'disease_resistance': 0.5, 'heat_tolerance': 0.5, 'cold_tolerance': 0.5, 'bolting_tolerance': 0.5, 'chlorophyll_content': 0.5, 'root_development': 0.5, 'plant_architecture': 0.5, <GeneticTrait.GROWTH_RATE: 'growth_rate'>: 0.7}",{},0.0000,0.0000,"{'growth_rate': 0.5, 'leaf_size': 0.5, 'yield_potential': 0.5, 'disease_resistance': 0.5, 'heat_tolerance': 0.5, 'cold_tolerance': 0.5, 'bolting_tolerance': 0.5, 'chlorophyll_content': 0.5, 'root_development': 0.5, 'plant_architecture': 0.5, <GeneticTrait.GROWTH_RATE: 'growth_rate'>: 0.7}",{},{},2411640.0000,110880.0000,958,2025-10-06T15:30:20.878561
480,20,23,2025-10-06 15:30:21.183090,Boston Bibb,butterhead,{},"{'cultivar_name': 'Boston Bibb', 'lettuce_type': 'butterhead', 'maturity_days': 60}","{'growth_rate': 0.5, 'leaf_size': 0.5, 'yield_potential': 0.5, 'disease_resistance': 0.5, 'heat_tolerance': 0.5, 'cold_tolerance': 0.5, 'bolting_tolerance': 0.5, 'chlorophyll_content': 0.5, 'root_development': 0.5, 'plant_architecture': 0.5, <GeneticTrait.GROWTH_RATE: 'growth_rate'>: 0.7}",{},0.0000,0.0000,"{'growth_rate': 0.5, 'leaf_size': 0.5, 'yield_potential': 0.5, 'disease_resistance': 0.5, 'heat_tolerance': 0.5, 'cold_tolerance': 0.5, 'bolting_tolerance': 0.5, 'chlorophyll_content': 0.5, 'root_development': 0.5, 'plant_architecture': 0.5, <GeneticTrait.GROWTH_RATE: 'growth_rate'>: 0.7}",{},{},2416680.0000,115920.0000,960,2025-10-06T15:30:21.034952
481,21,0,2025-10-06 15:30:21.353389,Boston Bibb,butterhead,{},"{'cultivar_name': 'Boston Bibb', 'lettuce_type': 'butterhead', 'maturity_days': 60}","{'growth_rate': 0.5, 'leaf_size': 0.5, 'yield_potential': 0.5, 'disease_resistance': 0.5, 'heat_tolerance': 0.5, 'cold_tolerance': 0.5, 'bolting_tolerance': 0.5, 'chlorophyll_content': 0.5, 'root_development': 0.5, 'plant_architecture': 0.5, <GeneticTrait.GROWTH_RATE: 'growth_rate'>: 0.7}",{},0.0000,0.0000,"{'growth_rate': 0.5, 'leaf_size': 0.5, 'yield_potential': 0.5, 'disease_resistance': 0.5, 'heat_tolerance': 0.5, 'cold_tolerance': 0.5, 'bolting_tolerance': 0.5, 'chlorophyll_content': 0.5, 'root_development': 0.5, 'plant_architecture': 0.5, <GeneticTrait.GROWTH_RATE: 'growth_rate'>: 0.7}",{},{},2421720.0000,0.0000,962,2025-10-06T15:30:21.197915
482,21,1,2025-10-06 15:30:21.516133,Boston Bibb,butterhead,{},"{'cultivar_name': 'Boston Bibb', 'lettuce_type': 'butterhead', 'maturity_days': 60}","{'growth_rate': 0.5, 'leaf_size': 0.5, 'yield_potential': 0.5, 'disease_resistance': 0.5, 'heat_tolerance': 0.5, 'cold_tolerance': 0.5, 'bolting_tolerance': 0.5, 'chlorophyll_content': 0.5, 'root_development': 0.5, 'plant_architecture': 0.5, <GeneticTrait.GROWTH_RATE: 'growth_rate'>: 0.7}",{},0.0000,0.0000,"{'growth_rate': 0.5, 'leaf_size': 0.5, 'yield_potential': 0.5, 'disease_resistance': 0.5, 'heat_tolerance': 0.5, 'cold_tolerance': 0.5, 'bolting_tolerance': 0.5, 'chlorophyll_content': 0.5, 'root_development': 0.5, 'plant_architecture': 0.5, <GeneticTrait.GROWTH_RATE: 'growth_rate'>: 0.7}",{},{},2426760.0000,5040.0000,964,2025-10-06T15:30:21.367063
483,21,2,2025-10-06 15:30:21.678276,Boston Bibb,butterhead,{},"{'cultivar_name': 'Boston Bibb', 'lettuce_type': 'butterhead', 'maturity_days': 60}","{'growth_rate': 0.5, 'leaf_size': 0.5, 'yield_potential': 0.5, 'disease_resistance': 0.5, 'heat_tolerance': 0.5, 'cold_tolerance': 0.5, 'bolting_tolerance': 0.5, 'chlorophyll_content': 0.5, 'root_development': 0.5, 'plant_architecture': 0.5, <GeneticTrait.GROWTH_RATE: 'growth_rate'>: 0.7}",{},0.0000,0.0000,"{'growth_rate': 0.5, 'leaf_size': 0.5, 'yield_potential': 0.5, 'disease_resistance': 0.5, 'heat_tolerance': 0.5, 'cold_tolerance': 0.5, 'bolting_tolerance': 0.5, 'chlorophyll_content': 0.5, 'root_development': 0.5, 'plant_architecture': 0.5, <GeneticTrait.GROWTH_RATE: 'growth_rate'>: 0.7}",{},{},2431800.0000,10080.0000,966,2025-10-06T15:30:21.529586
484,21,3,2025-10-06 15:30:21.840992,Boston Bibb,butterhead,{},"{'cultivar_name': 'Boston Bibb', 'lettuce_type': 'butterhead', 'maturity_days': 60}","{'growth_rate': 0.5, 'leaf_size': 0.5, 'yield_potential': 0.5, 'disease_resistance': 0.5, 'heat_tolerance': 0.5, 'cold_tolerance': 0.5, 'bolting_tolerance': 0.5, 'chlorophyll_content': 0.5, 'root_development': 0.5, 'plant_architecture': 0.5, <GeneticTrait.GROWTH_RATE: 'growth_rate'>: 0.7}",{},0.0000,0.0000,"{'growth_rate': 0.5, 'leaf_size': 0.5, 'yield_potential': 0.5, 'disease_resistance': 0.5, 'heat_tolerance': 0.5, 'cold_tolerance': 0.5, 'bolting_tolerance': 0.5, 'chlorophyll_content': 0.5, 'root_development': 0.5, 'plant_architecture': 0.5, <GeneticTrait.GROWTH_RATE: 'growth_rate'>: 0.7}",{},{},2436840.0000,15120.0000,968,2025-10-06T15:30:21.692223
485,21,4,2025-10-06 15:30:21.999596,Boston Bibb,butterhead,{},"{'cultivar_name': 'Boston Bibb', 'lettuce_type': 'butterhead', 'maturity_days': 60}","{'growth_rate': 0.5, 'leaf_size': 0.5, 'yield_potential': 0.5, 'disease_resistance': 0.5, 'heat_tolerance': 0.5, 'cold_tolerance': 0.5, 'bolting_tolerance': 0.5, 'chlorophyll_content': 0.5, 'root_development': 0.5, 'plant_architecture': 0.5, <GeneticTrait.GROWTH_RATE: 'growth_rate'>: 0.7}",{},0.0000,0.0000,"{'growth_rate': 0.5, 'leaf_size': 0.5, 'yield_potential': 0.5, 'disease_resistance': 0.5, 'heat_tolerance': 0.5, 'cold_tolerance': 0.5, 'bolting_tolerance': 0.5, 'chlorophyll_content': 0.5, 'root_development': 0.5, 'plant_architecture': 0.5, <GeneticTrait.GROWTH_RATE: 'growth_rate'>: 0.7}",{},{},2441880.0000,20160.0000,970,2025-10-06T15:30:21.854010
486,21,5,2025-10-06 15:30:22.161484,Boston Bibb,butterhead,{},"{'cultivar_name': 'Boston Bibb', 'lettuce_type': 'butterhead', 'maturity_days': 60}","{'growth_rate': 0.5, 'leaf_size': 0.5, 'yield_potential': 0.5, 'disease_resistance': 0.5, 'heat_tolerance': 0.5, 'cold_tolerance': 0.5, 'bolting_tolerance': 0.5, 'chlorophyll_content': 0.5, 'root_development': 0.5, 'plant_architecture': 0.5, <GeneticTrait.GROWTH_RATE: 'growth_rate'>: 0.7}",{},0.0000,0.0000,"{'growth_rate': 0.5, 'leaf_size': 0.5, 'yield_potential': 0.5, 'disease_resistance': 0.5, 'heat_tolerance': 0.5, 'cold_tolerance': 0.5, 'bolting_tolerance': 0.5, 'chlorophyll_content': 0.5, 'root_development': 0.5, 'plant_architecture': 0.5, <GeneticTrait.GROWTH_RATE: 'growth_rate'>: 0.7}",{},{},2446920.0000,25200.0000,972,2025-10-06T15:30:22.013695
487,21,6,2025-10-06 15:30:22.322538,Boston Bibb,butterhead,{},"{'cultivar_name': 'Boston Bibb', 'lettuce_type': 'butterhead', 'maturity_days': 60}","{'growth_rate': 0.5, 'leaf_size': 0.5, 'yield_potential': 0.5, 'disease_resistance': 0.5, 'heat_tolerance': 0.5, 'cold_tolerance': 0.5, 'bolting_tolerance': 0.5, 'chlorophyll_content': 0.5, 'root_development': 0.5, 'plant_architecture': 0.5, <GeneticTrait.GROWTH_RATE: 'growth_rate'>: 0.7}",{},0.0000,0.0000,"{'growth_rate': 0.5, 'leaf_size': 0.5, 'yield_potential': 0.5, 'disease_resistance': 0.5, 'heat_tolerance': 0.5, 'cold_tolerance': 0.5, 'bolting_tolerance': 0.5, 'chlorophyll_content': 0.5, 'root_development': 0.5, 'plant_architecture': 0.5, <GeneticTrait.GROWTH_RATE: 'growth_rate'>: 0.7}",{},{},2451960.0000,30240.0000,974,2025-10-06T15:30:22.175633
488,21,7,2025-10-06 15:30:22.483968,Boston Bibb,butterhead,{},"{'cultivar_name': 'Boston Bibb', 'lettuce_type': 'butterhead', 'maturity_days': 60}","{'growth_rate': 0.5, 'leaf_size': 0.5, 'yield_potential': 0.5, 'disease_resistance': 0.5, 'heat_tolerance': 0.5, 'cold_tolerance': 0.5, 'bolting_tolerance': 0.5, 'chlorophyll_content': 0.5, 'root_development': 0.5, 'plant_architecture': 0.5, <GeneticTrait.GROWTH_RATE: 'growth_rate'>: 0.7}",{},0.0000,0.0000,"{'growth_rate': 0.5, 'leaf_size': 0.5, 'yield_potential': 0.5, 'disease_resistance': 0.5, 'heat_tolerance': 0.5, 'cold_tolerance': 0.5, 'bolting_tolerance': 0.5, 'chlorophyll_content': 0.5, 'root_development': 0.5, 'plant_architecture': 0.5, <GeneticTrait.GROWTH_RATE: 'growth_rate'>: 0.7}",{},{},2457000.0000,35280.0000,976,2025-10-06T15:30:22.335392
489,21,8,2025-10-06 15:30:22.642085,Boston Bibb,butterhead,{},"{'cultivar_name': 'Boston Bibb', 'lettuce_type': 'butterhead', 'maturity_days': 60}","{'growth_rate': 0.5, 'leaf_size': 0.5, 'yield_potential': 0.5, 'disease_resistance': 0.5, 'heat_tolerance': 0.5, 'cold_tolerance': 0.5, 'bolting_tolerance': 0.5, 'chlorophyll_content': 0.5, 'root_development': 0.5, 'plant_architecture': 0.5, <GeneticTrait.GROWTH_RATE: 'growth_rate'>: 0.7}",{},0.0000,0.0000,"{'growth_rate': 0.5, 'leaf_size': 0.5, 'yield_potential': 0.5, 'disease_resistance': 0.5, 'heat_tolerance': 0.5, 'cold_tolerance': 0.5, 'bolting_tolerance': 0.5, 'chlorophyll_content': 0.5, 'root_development': 0.5, 'plant_architecture': 0.5, <GeneticTrait.GROWTH_RATE: 'growth_rate'>: 0.7}",{},{},2462040.0000,40320.0000,978,2025-10-06T15:30:22.498101
490,21,9,2025-10-06 15:30:22.799888,Boston Bibb,butterhead,{},"{'cultivar_name': 'Boston Bibb', 'lettuce_type': 'butterhead', 'maturity_days': 60}","{'growth_rate': 0.5, 'leaf_size': 0.5, 'yield_potential': 0.5, 'disease_resistance': 0.5, 'heat_tolerance': 0.5, 'cold_tolerance': 0.5, 'bolting_tolerance': 0.5, 'chlorophyll_content': 0.5, 'root_development': 0.5, 'plant_architecture': 0.5, <GeneticTrait.GROWTH_RATE: 'growth_rate'>: 0.7}",{},0.0000,0.0000,"{'growth_rate': 0.5, 'leaf_size': 0.5, 'yield_potential': 0.5, 'disease_resistance': 0.5, 'heat_tolerance': 0.5, 'cold_tolerance': 0.5, 'bolting_tolerance': 0.5, 'chlorophyll_content': 0.5, 'root_development': 0.5, 'plant_architecture': 0.5, <GeneticTrait.GROWTH_RATE: 'growth_rate'>: 0.7}",{},{},2467080.0000,45360.0000,980,2025-10-06T15:30:22.653684
491,21,10,2025-10-06 15:30:22.959018,Boston Bibb,butterhead,{},"{'cultivar_name': 'Boston Bibb', 'lettuce_type': 'butterhead', 'maturity_days': 60}","{'growth_rate': 0.5, 'leaf_size': 0.5, 'yield_potential': 0.5, 'disease_resistance': 0.5, 'heat_tolerance': 0.5, 'cold_tolerance': 0.5, 'bolting_tolerance': 0.5, 'chlorophyll_content': 0.5, 'root_development': 0.5, 'plant_architecture': 0.5, <GeneticTrait.GROWTH_RATE: 'growth_rate'>: 0.7}",{},0.0000,0.0000,"{'growth_rate': 0.5, 'leaf_size': 0.5, 'yield_potential': 0.5, 'disease_resistance': 0.5, 'heat_tolerance': 0.5, 'cold_tolerance': 0.5, 'bolting_tolerance': 0.5, 'chlorophyll_content': 0.5, 'root_development': 0.5, 'plant_architecture': 0.5, <GeneticTrait.GROWTH_RATE: 'growth_rate'>: 0.7}",{},{},2472120.0000,50400.0000,982,2025-10-06T15:30:22.814015
492,21,11,2025-10-06 15:30:23.117045,Boston Bibb,butterhead,{},"{'cultivar_name': 'Boston Bibb', 'lettuce_type': 'butterhead', 'maturity_days': 60}","{'growth_rate': 0.5, 'leaf_size': 0.5, 'yield_potential': 0.5, 'disease_resistance': 0.5, 'heat_tolerance': 0.5, 'cold_tolerance': 0.5, 'bolting_tolerance': 0.5, 'chlorophyll_content': 0.5, 'root_development': 0.5, 'plant_architecture': 0.5, <GeneticTrait.GROWTH_RATE: 'growth_rate'>: 0.7}",{},0.0000,0.0000,"{'growth_rate': 0.5, 'leaf_size': 0.5, 'yield_potential': 0.5, 'disease_resistance': 0.5, 'heat_tolerance': 0.5, 'cold_tolerance': 0.5, 'bolting_tolerance': 0.5, 'chlorophyll_content': 0.5, 'root_development': 0.5, 'plant_architecture': 0.5, <GeneticTrait.GROWTH_RATE: 'growth_rate'>: 0.7}",{},{},2477160.0000,55440.0000,984,2025-10-06T15:30:22.972190
493,21,12,2025-10-06 15:30:23.278144,Boston Bibb,butterhead,{},"{'cultivar_name': 'Boston Bibb', 'lettuce_type': 'butterhead', 'maturity_days': 60}","{'growth_rate': 0.5, 'leaf_size': 0.5, 'yield_potential': 0.5, 'disease_resistance': 0.5, 'heat_tolerance': 0.5, 'cold_tolerance': 0.5, 'bolting_tolerance': 0.5, 'chlorophyll_content': 0.5, 'root_development': 0.5, 'plant_architecture': 0.5, <GeneticTrait.GROWTH_RATE: 'growth_rate'>: 0.7}",{},0.0000,0.0000,"{'growth_rate': 0.5, 'leaf_size': 0.5, 'yield_potential': 0.5, 'disease_resistance': 0.5, 'heat_tolerance': 0.5, 'cold_tolerance': 0.5, 'bolting_tolerance': 0.5, 'chlorophyll_content': 0.5, 'root_development': 0.5, 'plant_architecture': 0.5, <GeneticTrait.GROWTH_RATE: 'growth_rate'>: 0.7}",{},{},2482200.0000,60480.0000,986,2025-10-06T15:30:23.131097
494,21,13,2025-10-06 15:30:23.442580,Boston Bibb,butterhead,{},"{'cultivar_name': 'Boston Bibb', 'lettuce_type': 'butterhead', 'maturity_days': 60}","{'growth_rate': 0.5, 'leaf_size': 0.5, 'yield_potential': 0.5, 'disease_resistance': 0.5, 'heat_tolerance': 0.5, 'cold_tolerance': 0.5, 'bolting_tolerance': 0.5, 'chlorophyll_content': 0.5, 'root_development': 0.5, 'plant_architecture': 0.5, <GeneticTrait.GROWTH_RATE: 'growth_rate'>: 0.7}",{},0.0000,0.0000,"{'growth_rate': 0.5, 'leaf_size': 0.5, 'yield_potential': 0.5, 'disease_resistance': 0.5, 'heat_tolerance': 0.5, 'cold_tolerance': 0.5, 'bolting_tolerance': 0.5, 'chlorophyll_content': 0.5, 'root_development': 0.5, 'plant_architecture': 0.5, <GeneticTrait.GROWTH_RATE: 'growth_rate'>: 0.7}",{},{},2487240.0000,65520.0000,988,2025-10-06T15:30:23.292403
495,21,14,2025-10-06 15:30:23.600464,Boston Bibb,butterhead,{},"{'cultivar_name': 'Boston Bibb', 'lettuce_type': 'butterhead', 'maturity_days': 60}","{'growth_rate': 0.5, 'leaf_size': 0.5, 'yield_potential': 0.5, 'disease_resistance': 0.5, 'heat_tolerance': 0.5, 'cold_tolerance': 0.5, 'bolting_tolerance': 0.5, 'chlorophyll_content': 0.5, 'root_development': 0.5, 'plant_architecture': 0.5, <GeneticTrait.GROWTH_RATE: 'growth_rate'>: 0.7}",{},0.0000,0.0000,"{'growth_rate': 0.5, 'leaf_size': 0.5, 'yield_potential': 0.5, 'disease_resistance': 0.5, 'heat_tolerance': 0.5, 'cold_tolerance': 0.5, 'bolting_tolerance': 0.5, 'chlorophyll_content': 0.5, 'root_development': 0.5, 'plant_architecture': 0.5, <GeneticTrait.GROWTH_RATE: 'growth_rate'>: 0.7}",{},{},2492280.0000,70560.0000,990,2025-10-06T15:30:23.456305
496,21,15,2025-10-06 15:30:23.758816,Boston Bibb,butterhead,{},"{'cultivar_name': 'Boston Bibb', 'lettuce_type': 'butterhead', 'maturity_days': 60}","{'growth_rate': 0.5, 'leaf_size': 0.5, 'yield_potential': 0.5, 'disease_resistance': 0.5, 'heat_tolerance': 0.5, 'cold_tolerance': 0.5, 'bolting_tolerance': 0.5, 'chlorophyll_content': 0.5, 'root_development': 0.5, 'plant_architecture': 0.5, <GeneticTrait.GROWTH_RATE: 'growth_rate'>: 0.7}",{},0.0000,0.0000,"{'growth_rate': 0.5, 'leaf_size': 0.5, 'yield_potential': 0.5, 'disease_resistance': 0.5, 'heat_tolerance': 0.5, 'cold_tolerance': 0.5, 'bolting_tolerance': 0.5, 'chlorophyll_content': 0.5, 'root_development': 0.5, 'plant_architecture': 0.5, <GeneticTrait.GROWTH_RATE: 'growth_rate'>: 0.7}",{},{},2497320.0000,75600.0000,992,2025-10-06T15:30:23.614651
497,21,16,2025-10-06 15:30:23.921371,Boston Bibb,butterhead,{},"{'cultivar_name': 'Boston Bibb', 'lettuce_type': 'butterhead', 'maturity_days': 60}","{'growth_rate': 0.5, 'leaf_size': 0.5, 'yield_potential': 0.5, 'disease_resistance': 0.5, 'heat_tolerance': 0.5, 'cold_tolerance': 0.5, 'bolting_tolerance': 0.5, 'chlorophyll_content': 0.5, 'root_development': 0.5, 'plant_architecture': 0.5, <GeneticTrait.GROWTH_RATE: 'growth_rate'>: 0.7}",{},0.0000,0.0000,"{'growth_rate': 0.5, 'leaf_size': 0.5, 'yield_potential': 0.5, 'disease_resistance': 0.5, 'heat_tolerance': 0.5, 'cold_tolerance': 0.5, 'bolting_tolerance': 0.5, 'chlorophyll_content': 0.5, 'root_development': 0.5, 'plant_architecture': 0.5, <GeneticTrait.GROWTH_RATE: 'growth_rate'>: 0.7}",{},{},2502360.0000,80640.0000,994,2025-10-06T15:30:23.773058
498,21,17,2025-10-06 15:30:24.082962,Boston Bibb,butterhead,{},"{'cultivar_name': 'Boston Bibb', 'lettuce_type': 'butterhead', 'maturity_days': 60}","{'growth_rate': 0.5, 'leaf_size': 0.5, 'yield_potential': 0.5, 'disease_resistance': 0.5, 'heat_tolerance': 0.5, 'cold_tolerance': 0.5, 'bolting_tolerance': 0.5, 'chlorophyll_content': 0.5, 'root_development': 0.5, 'plant_architecture': 0.5, <GeneticTrait.GROWTH_RATE: 'growth_rate'>: 0.7}",{},0.0000,0.0000,"{'growth_rate': 0.5, 'leaf_size': 0.5, 'yield_potential': 0.5, 'disease_resistance': 0.5, 'heat_tolerance': 0.5, 'cold_tolerance': 0.5, 'bolting_tolerance': 0.5, 'chlorophyll_content': 0.5, 'root_development': 0.5, 'plant_architecture': 0.5, <GeneticTrait.GROWTH_RATE: 'growth_rate'>: 0.7}",{},{},2507400.0000,85680.0000,996,2025-10-06T15:30:23.935118
499,21,18,2025-10-06 15:30:24.244005,Boston Bibb,butterhead,{},"{'cultivar_name': 'Boston Bibb', 'lettuce_type': 'butterhead', 'maturity_days': 60}","{'growth_rate': 0.5, 'leaf_size': 0.5, 'yield_potential': 0.5, 'disease_resistance': 0.5, 'heat_tolerance': 0.5, 'cold_tolerance': 0.5, 'bolting_tolerance': 0.5, 'chlorophyll_content': 0.5, 'root_development': 0.5, 'plant_architecture': 0.5, <GeneticTrait.GROWTH_RATE: 'growth_rate'>: 0.7}",{},0.0000,0.0000,"{'growth_rate': 0.5, 'leaf_size': 0.5, 'yield_potential': 0.5, 'disease_resistance': 0.5, 'heat_tolerance': 0.5, 'cold_tolerance': 0.5, 'bolting_tolerance': 0.5, 'chlorophyll_content': 0.5, 'root_development': 0.5, 'plant_architecture': 0.5, <GeneticTrait.GROWTH_RATE: 'growth_rate'>: 0.7}",{},{},2512440.0000,90720.0000,998,2025-10-06T15:30:24.095425
500,21,19,2025-10-06 15:30:24.403226,Boston Bibb,butterhead,{},"{'cultivar_name': 'Boston Bibb', 'lettuce_type': 'butterhead', 'maturity_days': 60}","{'growth_rate': 0.5, 'leaf_size': 0.5, 'yield_potential': 0.5, 'disease_resistance': 0.5, 'heat_tolerance': 0.5, 'cold_tolerance': 0.5, 'bolting_tolerance': 0.5, 'chlorophyll_content': 0.5, 'root_development': 0.5, 'plant_architecture': 0.5, <GeneticTrait.GROWTH_RATE: 'growth_rate'>: 0.7}",{},0.0000,0.0000,"{'growth_rate': 0.5, 'leaf_size': 0.5, 'yield_potential': 0.5, 'disease_resistance': 0.5, 'heat_tolerance': 0.5, 'cold_tolerance': 0.5, 'bolting_tolerance': 0.5, 'chlorophyll_content': 0.5, 'root_development': 0.5, 'plant_architecture': 0.5, <GeneticTrait.GROWTH_RATE: 'growth_rate'>: 0.7}",{},{},2517480.0000,95760.0000,1000,2025-10-06T15:30:24.255824
501,21,20,2025-10-06 15:30:24.562745,Boston Bibb,butterhead,{},"{'cultivar_name': 'Boston Bibb', 'lettuce_type': 'butterhead', 'maturity_days': 60}","{'growth_rate': 0.5, 'leaf_size': 0.5, 'yield_potential': 0.5, 'disease_resistance': 0.5, 'heat_tolerance': 0.5, 'cold_tolerance': 0.5, 'bolting_tolerance': 0.5, 'chlorophyll_content': 0.5, 'root_development': 0.5, 'plant_architecture': 0.5, <GeneticTrait.GROWTH_RATE: 'growth_rate'>: 0.7}",{},0.0000,0.0000,"{'growth_rate': 0.5, 'leaf_size': 0.5, 'yield_potential': 0.5, 'disease_resistance': 0.5, 'heat_tolerance': 0.5, 'cold_tolerance': 0.5, 'bolting_tolerance': 0.5, 'chlorophyll_content': 0.5, 'root_development': 0.5, 'plant_architecture': 0.5, <GeneticTrait.GROWTH_RATE: 'growth_rate'>: 0.7}",{},{},2522520.0000,100800.0000,1002,2025-10-06T15:30:24.416824
502,21,21,2025-10-06 15:30:24.724877,Boston Bibb,butterhead,{},"{'cultivar_name': 'Boston Bibb', 'lettuce_type': 'butterhead', 'maturity_days': 60}","{'growth_rate': 0.5, 'leaf_size': 0.5, 'yield_potential': 0.5, 'disease_resistance': 0.5, 'heat_tolerance': 0.5, 'cold_tolerance': 0.5, 'bolting_tolerance': 0.5, 'chlorophyll_content': 0.5, 'root_development': 0.5, 'plant_architecture': 0.5, <GeneticTrait.GROWTH_RATE: 'growth_rate'>: 0.7}",{},0.0000,0.0000,"{'growth_rate': 0.5, 'leaf_size': 0.5, 'yield_potential': 0.5, 'disease_resistance': 0.5, 'heat_tolerance': 0.5, 'cold_tolerance': 0.5, 'bolting_tolerance': 0.5, 'chlorophyll_content': 0.5, 'root_development': 0.5, 'plant_architecture': 0.5, <GeneticTrait.GROWTH_RATE: 'growth_rate'>: 0.7}",{},{},2527560.0000,105840.0000,1004,2025-10-06T15:30:24.576773
503,21,22,2025-10-06 15:30:24.880580,Boston Bibb,butterhead,{},"{'cultivar_name': 'Boston Bibb', 'lettuce_type': 'butterhead', 'maturity_days': 60}","{'growth_rate': 0.5, 'leaf_size': 0.5, 'yield_potential': 0.5, 'disease_resistance': 0.5, 'heat_tolerance': 0.5, 'cold_tolerance': 0.5, 'bolting_tolerance': 0.5, 'chlorophyll_content': 0.5, 'root_development': 0.5, 'plant_architecture': 0.5, <GeneticTrait.GROWTH_RATE: 'growth_rate'>: 0.7}",{},0.0000,0.0000,"{'growth_rate': 0.5, 'leaf_size': 0.5, 'yield_potential': 0.5, 'disease_resistance': 0.5, 'heat_tolerance': 0.5, 'cold_tolerance': 0.5, 'bolting_tolerance': 0.5, 'chlorophyll_content': 0.5, 'root_development': 0.5, 'plant_architecture': 0.5, <GeneticTrait.GROWTH_RATE: 'growth_rate'>: 0.7}",{},{},2532600.0000,110880.0000,1006,2025-10-06T15:30:24.736942
504,21,23,2025-10-06 15:30:25.042071,Boston Bibb,butterhead,{},"{'cultivar_name': 'Boston Bibb', 'lettuce_type': 'butterhead', 'maturity_days': 60}","{'growth_rate': 0.5, 'leaf_size': 0.5, 'yield_potential': 0.5, 'disease_resistance': 0.5, 'heat_tolerance': 0.5, 'cold_tolerance': 0.5, 'bolting_tolerance': 0.5, 'chlorophyll_content': 0.5, 'root_development': 0.5, 'plant_architecture': 0.5, <GeneticTrait.GROWTH_RATE: 'growth_rate'>: 0.7}",{},0.0000,0.0000,"{'growth_rate': 0.5, 'leaf_size': 0.5, 'yield_potential': 0.5, 'disease_resistance': 0.5, 'heat_tolerance': 0.5, 'cold_tolerance': 0.5, 'bolting_tolerance': 0.5, 'chlorophyll_content': 0.5, 'root_development': 0.5, 'plant_architecture': 0.5, <GeneticTrait.GROWTH_RATE: 'growth_rate'>: 0.7}",{},{},2537640.0000,115920.0000,1008,2025-10-06T15:30:24.894902
505,22,0,2025-10-06 15:30:25.205352,Boston Bibb,butterhead,{},"{'cultivar_name': 'Boston Bibb', 'lettuce_type': 'butterhead', 'maturity_days': 60}","{'growth_rate': 0.5, 'leaf_size': 0.5, 'yield_potential': 0.5, 'disease_resistance': 0.5, 'heat_tolerance': 0.5, 'cold_tolerance': 0.5, 'bolting_tolerance': 0.5, 'chlorophyll_content': 0.5, 'root_development': 0.5, 'plant_architecture': 0.5, <GeneticTrait.GROWTH_RATE: 'growth_rate'>: 0.7}",{},0.0000,0.0000,"{'growth_rate': 0.5, 'leaf_size': 0.5, 'yield_potential': 0.5, 'disease_resistance': 0.5, 'heat_tolerance': 0.5, 'cold_tolerance': 0.5, 'bolting_tolerance': 0.5, 'chlorophyll_content': 0.5, 'root_development': 0.5, 'plant_architecture': 0.5, <GeneticTrait.GROWTH_RATE: 'growth_rate'>: 0.7}",{},{},2542680.0000,0.0000,1010,2025-10-06T15:30:25.056610
506,22,1,2025-10-06 15:30:25.349084,Boston Bibb,butterhead,{},"{'cultivar_name': 'Boston Bibb', 'lettuce_type': 'butterhead', 'maturity_days': 60}","{'growth_rate': 0.5, 'leaf_size': 0.5, 'yield_potential': 0.5, 'disease_resistance': 0.5, 'heat_tolerance': 0.5, 'cold_tolerance': 0.5, 'bolting_tolerance': 0.5, 'chlorophyll_content': 0.5, 'root_development': 0.5, 'plant_architecture': 0.5, <GeneticTrait.GROWTH_RATE: 'growth_rate'>: 0.7}",{},0.0000,0.0000,"{'growth_rate': 0.5, 'leaf_size': 0.5, 'yield_potential': 0.5, 'disease_resistance': 0.5, 'heat_tolerance': 0.5, 'cold_tolerance': 0.5, 'bolting_tolerance': 0.5, 'chlorophyll_content': 0.5, 'root_development': 0.5, 'plant_architecture': 0.5, <GeneticTrait.GROWTH_RATE: 'growth_rate'>: 0.7}",{},{},2547720.0000,5040.0000,1012,2025-10-06T15:30:25.219604
507,22,2,2025-10-06 15:30:25.499365,Boston Bibb,butterhead,{},"{'cultivar_name': 'Boston Bibb', 'lettuce_type': 'butterhead', 'maturity_days': 60}","{'growth_rate': 0.5, 'leaf_size': 0.5, 'yield_potential': 0.5, 'disease_resistance': 0.5, 'heat_tolerance': 0.5, 'cold_tolerance': 0.5, 'bolting_tolerance': 0.5, 'chlorophyll_content': 0.5, 'root_development': 0.5, 'plant_architecture': 0.5, <GeneticTrait.GROWTH_RATE: 'growth_rate'>: 0.7}",{},0.0000,0.0000,"{'growth_rate': 0.5, 'leaf_size': 0.5, 'yield_potential': 0.5, 'disease_resistance': 0.5, 'heat_tolerance': 0.5, 'cold_tolerance': 0.5, 'bolting_tolerance': 0.5, 'chlorophyll_content': 0.5, 'root_development': 0.5, 'plant_architecture': 0.5, <GeneticTrait.GROWTH_RATE: 'growth_rate'>: 0.7}",{},{},2552760.0000,10080.0000,1014,2025-10-06T15:30:25.361483
508,22,3,2025-10-06 15:30:25.642007,Boston Bibb,butterhead,{},"{'cultivar_name': 'Boston Bibb', 'lettuce_type': 'butterhead', 'maturity_days': 60}","{'growth_rate': 0.5, 'leaf_size': 0.5, 'yield_potential': 0.5, 'disease_resistance': 0.5, 'heat_tolerance': 0.5, 'cold_tolerance': 0.5, 'bolting_tolerance': 0.5, 'chlorophyll_content': 0.5, 'root_development': 0.5, 'plant_architecture': 0.5, <GeneticTrait.GROWTH_RATE: 'growth_rate'>: 0.7}",{},0.0000,0.0000,"{'growth_rate': 0.5, 'leaf_size': 0.5, 'yield_potential': 0.5, 'disease_resistance': 0.5, 'heat_tolerance': 0.5, 'cold_tolerance': 0.5, 'bolting_tolerance': 0.5, 'chlorophyll_content': 0.5, 'root_development': 0.5, 'plant_architecture': 0.5, <GeneticTrait.GROWTH_RATE: 'growth_rate'>: 0.7}",{},{},2557800.0000,15120.0000,1016,2025-10-06T15:30:25.511564
509,22,4,2025-10-06 15:30:25.790036,Boston Bibb,butterhead,{},"{'cultivar_name': 'Boston Bibb', 'lettuce_type': 'butterhead', 'maturity_days': 60}","{'growth_rate': 0.5, 'leaf_size': 0.5, 'yield_potential': 0.5, 'disease_resistance': 0.5, 'heat_tolerance': 0.5, 'cold_tolerance': 0.5, 'bolting_tolerance': 0.5, 'chlorophyll_content': 0.5, 'root_development': 0.5, 'plant_architecture': 0.5, <GeneticTrait.GROWTH_RATE: 'growth_rate'>: 0.7}",{},0.0000,0.0000,"{'growth_rate': 0.5, 'leaf_size': 0.5, 'yield_potential': 0.5, 'disease_resistance': 0.5, 'heat_tolerance': 0.5, 'cold_tolerance': 0.5, 'bolting_tolerance': 0.5, 'chlorophyll_content': 0.5, 'root_development': 0.5, 'plant_architecture': 0.5, <GeneticTrait.GROWTH_RATE: 'growth_rate'>: 0.7}",{},{},2562840.0000,20160.0000,1018,2025-10-06T15:30:25.655031
510,22,5,2025-10-06 15:30:25.937842,Boston Bibb,butterhead,{},"{'cultivar_name': 'Boston Bibb', 'lettuce_type': 'butterhead', 'maturity_days': 60}","{'growth_rate': 0.5, 'leaf_size': 0.5, 'yield_potential': 0.5, 'disease_resistance': 0.5, 'heat_tolerance': 0.5, 'cold_tolerance': 0.5, 'bolting_tolerance': 0.5, 'chlorophyll_content': 0.5, 'root_development': 0.5, 'plant_architecture': 0.5, <GeneticTrait.GROWTH_RATE: 'growth_rate'>: 0.7}",{},0.0000,0.0000,"{'growth_rate': 0.5, 'leaf_size': 0.5, 'yield_potential': 0.5, 'disease_resistance': 0.5, 'heat_tolerance': 0.5, 'cold_tolerance': 0.5, 'bolting_tolerance': 0.5, 'chlorophyll_content': 0.5, 'root_development': 0.5, 'plant_architecture': 0.5, <GeneticTrait.GROWTH_RATE: 'growth_rate'>: 0.7}",{},{},2567880.0000,25200.0000,1020,2025-10-06T15:30:25.804242
511,22,6,2025-10-06 15:30:26.083446,Boston Bibb,butterhead,{},"{'cultivar_name': 'Boston Bibb', 'lettuce_type': 'butterhead', 'maturity_days': 60}","{'growth_rate': 0.5, 'leaf_size': 0.5, 'yield_potential': 0.5, 'disease_resistance': 0.5, 'heat_tolerance': 0.5, 'cold_tolerance': 0.5, 'bolting_tolerance': 0.5, 'chlorophyll_content': 0.5, 'root_development': 0.5, 'plant_architecture': 0.5, <GeneticTrait.GROWTH_RATE: 'growth_rate'>: 0.7}",{},0.0000,0.0000,"{'growth_rate': 0.5, 'leaf_size': 0.5, 'yield_potential': 0.5, 'disease_resistance': 0.5, 'heat_tolerance': 0.5, 'cold_tolerance': 0.5, 'bolting_tolerance': 0.5, 'chlorophyll_content': 0.5, 'root_development': 0.5, 'plant_architecture': 0.5, <GeneticTrait.GROWTH_RATE: 'growth_rate'>: 0.7}",{},{},2572920.0000,30240.0000,1022,2025-10-06T15:30:25.950770
512,22,7,2025-10-06 15:30:26.231658,Boston Bibb,butterhead,{},"{'cultivar_name': 'Boston Bibb', 'lettuce_type': 'butterhead', 'maturity_days': 60}","{'growth_rate': 0.5, 'leaf_size': 0.5, 'yield_potential': 0.5, 'disease_resistance': 0.5, 'heat_tolerance': 0.5, 'cold_tolerance': 0.5, 'bolting_tolerance': 0.5, 'chlorophyll_content': 0.5, 'root_development': 0.5, 'plant_architecture': 0.5, <GeneticTrait.GROWTH_RATE: 'growth_rate'>: 0.7}",{},0.0000,0.0000,"{'growth_rate': 0.5, 'leaf_size': 0.5, 'yield_potential': 0.5, 'disease_resistance': 0.5, 'heat_tolerance': 0.5, 'cold_tolerance': 0.5, 'bolting_tolerance': 0.5, 'chlorophyll_content': 0.5, 'root_development': 0.5, 'plant_architecture': 0.5, <GeneticTrait.GROWTH_RATE: 'growth_rate'>: 0.7}",{},{},2577960.0000,35280.0000,1024,2025-10-06T15:30:26.097037
513,22,8,2025-10-06 15:30:26.382721,Boston Bibb,butterhead,{},"{'cultivar_name': 'Boston Bibb', 'lettuce_type': 'butterhead', 'maturity_days': 60}","{'growth_rate': 0.5, 'leaf_size': 0.5, 'yield_potential': 0.5, 'disease_resistance': 0.5, 'heat_tolerance': 0.5, 'cold_tolerance': 0.5, 'bolting_tolerance': 0.5, 'chlorophyll_content': 0.5, 'root_development': 0.5, 'plant_architecture': 0.5, <GeneticTrait.GROWTH_RATE: 'growth_rate'>: 0.7}",{},0.0000,0.0000,"{'growth_rate': 0.5, 'leaf_size': 0.5, 'yield_potential': 0.5, 'disease_resistance': 0.5, 'heat_tolerance': 0.5, 'cold_tolerance': 0.5, 'bolting_tolerance': 0.5, 'chlorophyll_content': 0.5, 'root_development': 0.5, 'plant_architecture': 0.5, <GeneticTrait.GROWTH_RATE: 'growth_rate'>: 0.7}",{},{},2583000.0000,40320.0000,1026,2025-10-06T15:30:26.245909
514,22,9,2025-10-06 15:30:26.524891,Boston Bibb,butterhead,{},"{'cultivar_name': 'Boston Bibb', 'lettuce_type': 'butterhead', 'maturity_days': 60}","{'growth_rate': 0.5, 'leaf_size': 0.5, 'yield_potential': 0.5, 'disease_resistance': 0.5, 'heat_tolerance': 0.5, 'cold_tolerance': 0.5, 'bolting_tolerance': 0.5, 'chlorophyll_content': 0.5, 'root_development': 0.5, 'plant_architecture': 0.5, <GeneticTrait.GROWTH_RATE: 'growth_rate'>: 0.7}",{},0.0000,0.0000,"{'growth_rate': 0.5, 'leaf_size': 0.5, 'yield_potential': 0.5, 'disease_resistance': 0.5, 'heat_tolerance': 0.5, 'cold_tolerance': 0.5, 'bolting_tolerance': 0.5, 'chlorophyll_content': 0.5, 'root_development': 0.5, 'plant_architecture': 0.5, <GeneticTrait.GROWTH_RATE: 'growth_rate'>: 0.7}",{},{},2588040.0000,45360.0000,1028,2025-10-06T15:30:26.396939
515,22,10,2025-10-06 15:30:26.674376,Boston Bibb,butterhead,{},"{'cultivar_name': 'Boston Bibb', 'lettuce_type': 'butterhead', 'maturity_days': 60}","{'growth_rate': 0.5, 'leaf_size': 0.5, 'yield_potential': 0.5, 'disease_resistance': 0.5, 'heat_tolerance': 0.5, 'cold_tolerance': 0.5, 'bolting_tolerance': 0.5, 'chlorophyll_content': 0.5, 'root_development': 0.5, 'plant_architecture': 0.5, <GeneticTrait.GROWTH_RATE: 'growth_rate'>: 0.7}",{},0.0000,0.0000,"{'growth_rate': 0.5, 'leaf_size': 0.5, 'yield_potential': 0.5, 'disease_resistance': 0.5, 'heat_tolerance': 0.5, 'cold_tolerance': 0.5, 'bolting_tolerance': 0.5, 'chlorophyll_content': 0.5, 'root_development': 0.5, 'plant_architecture': 0.5, <GeneticTrait.GROWTH_RATE: 'growth_rate'>: 0.7}",{},{},2593080.0000,50400.0000,1030,2025-10-06T15:30:26.538427
516,22,11,2025-10-06 15:30:26.817211,Boston Bibb,butterhead,{},"{'cultivar_name': 'Boston Bibb', 'lettuce_type': 'butterhead', 'maturity_days': 60}","{'growth_rate': 0.5, 'leaf_size': 0.5, 'yield_potential': 0.5, 'disease_resistance': 0.5, 'heat_tolerance': 0.5, 'cold_tolerance': 0.5, 'bolting_tolerance': 0.5, 'chlorophyll_content': 0.5, 'root_development': 0.5, 'plant_architecture': 0.5, <GeneticTrait.GROWTH_RATE: 'growth_rate'>: 0.7}",{},0.0000,0.0000,"{'growth_rate': 0.5, 'leaf_size': 0.5, 'yield_potential': 0.5, 'disease_resistance': 0.5, 'heat_tolerance': 0.5, 'cold_tolerance': 0.5, 'bolting_tolerance': 0.5, 'chlorophyll_content': 0.5, 'root_development': 0.5, 'plant_architecture': 0.5, <GeneticTrait.GROWTH_RATE: 'growth_rate'>: 0.7}",{},{},2598120.0000,55440.0000,1032,2025-10-06T15:30:26.686877
517,22,12,2025-10-06 15:30:26.962070,Boston Bibb,butterhead,{},"{'cultivar_name': 'Boston Bibb', 'lettuce_type': 'butterhead', 'maturity_days': 60}","{'growth_rate': 0.5, 'leaf_size': 0.5, 'yield_potential': 0.5, 'disease_resistance': 0.5, 'heat_tolerance': 0.5, 'cold_tolerance': 0.5, 'bolting_tolerance': 0.5, 'chlorophyll_content': 0.5, 'root_development': 0.5, 'plant_architecture': 0.5, <GeneticTrait.GROWTH_RATE: 'growth_rate'>: 0.7}",{},0.0000,0.0000,"{'growth_rate': 0.5, 'leaf_size': 0.5, 'yield_potential': 0.5, 'disease_resistance': 0.5, 'heat_tolerance': 0.5, 'cold_tolerance': 0.5, 'bolting_tolerance': 0.5, 'chlorophyll_content': 0.5, 'root_development': 0.5, 'plant_architecture': 0.5, <GeneticTrait.GROWTH_RATE: 'growth_rate'>: 0.7}",{},{},2603160.0000,60480.0000,1034,2025-10-06T15:30:26.829612
518,22,13,2025-10-06 15:30:27.110163,Boston Bibb,butterhead,{},"{'cultivar_name': 'Boston Bibb', 'lettuce_type': 'butterhead', 'maturity_days': 60}","{'growth_rate': 0.5, 'leaf_size': 0.5, 'yield_potential': 0.5, 'disease_resistance': 0.5, 'heat_tolerance': 0.5, 'cold_tolerance': 0.5, 'bolting_tolerance': 0.5, 'chlorophyll_content': 0.5, 'root_development': 0.5, 'plant_architecture': 0.5, <GeneticTrait.GROWTH_RATE: 'growth_rate'>: 0.7}",{},0.0000,0.0000,"{'growth_rate': 0.5, 'leaf_size': 0.5, 'yield_potential': 0.5, 'disease_resistance': 0.5, 'heat_tolerance': 0.5, 'cold_tolerance': 0.5, 'bolting_tolerance': 0.5, 'chlorophyll_content': 0.5, 'root_development': 0.5, 'plant_architecture': 0.5, <GeneticTrait.GROWTH_RATE: 'growth_rate'>: 0.7}",{},{},2608200.0000,65520.0000,1036,2025-10-06T15:30:26.976304
519,22,14,2025-10-06 15:30:27.257421,Boston Bibb,butterhead,{},"{'cultivar_name': 'Boston Bibb', 'lettuce_type': 'butterhead', 'maturity_days': 60}","{'growth_rate': 0.5, 'leaf_size': 0.5, 'yield_potential': 0.5, 'disease_resistance': 0.5, 'heat_tolerance': 0.5, 'cold_tolerance': 0.5, 'bolting_tolerance': 0.5, 'chlorophyll_content': 0.5, 'root_development': 0.5, 'plant_architecture': 0.5, <GeneticTrait.GROWTH_RATE: 'growth_rate'>: 0.7}",{},0.0000,0.0000,"{'growth_rate': 0.5, 'leaf_size': 0.5, 'yield_potential': 0.5, 'disease_resistance': 0.5, 'heat_tolerance': 0.5, 'cold_tolerance': 0.5, 'bolting_tolerance': 0.5, 'chlorophyll_content': 0.5, 'root_development': 0.5, 'plant_architecture': 0.5, <GeneticTrait.GROWTH_RATE: 'growth_rate'>: 0.7}",{},{},2613240.0000,70560.0000,1038,2025-10-06T15:30:27.124396
520,22,15,2025-10-06 15:30:27.405857,Boston Bibb,butterhead,{},"{'cultivar_name': 'Boston Bibb', 'lettuce_type': 'butterhead', 'maturity_days': 60}","{'growth_rate': 0.5, 'leaf_size': 0.5, 'yield_potential': 0.5, 'disease_resistance': 0.5, 'heat_tolerance': 0.5, 'cold_tolerance': 0.5, 'bolting_tolerance': 0.5, 'chlorophyll_content': 0.5, 'root_development': 0.5, 'plant_architecture': 0.5, <GeneticTrait.GROWTH_RATE: 'growth_rate'>: 0.7}",{},0.0000,0.0000,"{'growth_rate': 0.5, 'leaf_size': 0.5, 'yield_potential': 0.5, 'disease_resistance': 0.5, 'heat_tolerance': 0.5, 'cold_tolerance': 0.5, 'bolting_tolerance': 0.5, 'chlorophyll_content': 0.5, 'root_development': 0.5, 'plant_architecture': 0.5, <GeneticTrait.GROWTH_RATE: 'growth_rate'>: 0.7}",{},{},2618280.0000,75600.0000,1040,2025-10-06T15:30:27.271607
521,22,16,2025-10-06 15:30:27.557878,Boston Bibb,butterhead,{},"{'cultivar_name': 'Boston Bibb', 'lettuce_type': 'butterhead', 'maturity_days': 60}","{'growth_rate': 0.5, 'leaf_size': 0.5, 'yield_potential': 0.5, 'disease_resistance': 0.5, 'heat_tolerance': 0.5, 'cold_tolerance': 0.5, 'bolting_tolerance': 0.5, 'chlorophyll_content': 0.5, 'root_development': 0.5, 'plant_architecture': 0.5, <GeneticTrait.GROWTH_RATE: 'growth_rate'>: 0.7}",{},0.0000,0.0000,"{'growth_rate': 0.5, 'leaf_size': 0.5, 'yield_potential': 0.5, 'disease_resistance': 0.5, 'heat_tolerance': 0.5, 'cold_tolerance': 0.5, 'bolting_tolerance': 0.5, 'chlorophyll_content': 0.5, 'root_development': 0.5, 'plant_architecture': 0.5, <GeneticTrait.GROWTH_RATE: 'growth_rate'>: 0.7}",{},{},2623320.0000,80640.0000,1042,2025-10-06T15:30:27.418820
522,22,17,2025-10-06 15:30:27.704454,Boston Bibb,butterhead,{},"{'cultivar_name': 'Boston Bibb', 'lettuce_type': 'butterhead', 'maturity_days': 60}","{'growth_rate': 0.5, 'leaf_size': 0.5, 'yield_potential': 0.5, 'disease_resistance': 0.5, 'heat_tolerance': 0.5, 'cold_tolerance': 0.5, 'bolting_tolerance': 0.5, 'chlorophyll_content': 0.5, 'root_development': 0.5, 'plant_architecture': 0.5, <GeneticTrait.GROWTH_RATE: 'growth_rate'>: 0.7}",{},0.0000,0.0000,"{'growth_rate': 0.5, 'leaf_size': 0.5, 'yield_potential': 0.5, 'disease_resistance': 0.5, 'heat_tolerance': 0.5, 'cold_tolerance': 0.5, 'bolting_tolerance': 0.5, 'chlorophyll_content': 0.5, 'root_development': 0.5, 'plant_architecture': 0.5, <GeneticTrait.GROWTH_RATE: 'growth_rate'>: 0.7}",{},{},2628360.0000,85680.0000,1044,2025-10-06T15:30:27.570373
523,22,18,2025-10-06 15:30:27.850746,Boston Bibb,butterhead,{},"{'cultivar_name': 'Boston Bibb', 'lettuce_type': 'butterhead', 'maturity_days': 60}","{'growth_rate': 0.5, 'leaf_size': 0.5, 'yield_potential': 0.5, 'disease_resistance': 0.5, 'heat_tolerance': 0.5, 'cold_tolerance': 0.5, 'bolting_tolerance': 0.5, 'chlorophyll_content': 0.5, 'root_development': 0.5, 'plant_architecture': 0.5, <GeneticTrait.GROWTH_RATE: 'growth_rate'>: 0.7}",{},0.0000,0.0000,"{'growth_rate': 0.5, 'leaf_size': 0.5, 'yield_potential': 0.5, 'disease_resistance': 0.5, 'heat_tolerance': 0.5, 'cold_tolerance': 0.5, 'bolting_tolerance': 0.5, 'chlorophyll_content': 0.5, 'root_development': 0.5, 'plant_architecture': 0.5, <GeneticTrait.GROWTH_RATE: 'growth_rate'>: 0.7}",{},{},2633400.0000,90720.0000,1046,2025-10-06T15:30:27.718090
524,22,19,2025-10-06 15:30:27.995666,Boston Bibb,butterhead,{},"{'cultivar_name': 'Boston Bibb', 'lettuce_type': 'butterhead', 'maturity_days': 60}","{'growth_rate': 0.5, 'leaf_size': 0.5, 'yield_potential': 0.5, 'disease_resistance': 0.5, 'heat_tolerance': 0.5, 'cold_tolerance': 0.5, 'bolting_tolerance': 0.5, 'chlorophyll_content': 0.5, 'root_development': 0.5, 'plant_architecture': 0.5, <GeneticTrait.GROWTH_RATE: 'growth_rate'>: 0.7}",{},0.0000,0.0000,"{'growth_rate': 0.5, 'leaf_size': 0.5, 'yield_potential': 0.5, 'disease_resistance': 0.5, 'heat_tolerance': 0.5, 'cold_tolerance': 0.5, 'bolting_tolerance': 0.5, 'chlorophyll_content': 0.5, 'root_development': 0.5, 'plant_architecture': 0.5, <GeneticTrait.GROWTH_RATE: 'growth_rate'>: 0.7}",{},{},2638440.0000,95760.0000,1048,2025-10-06T15:30:27.864936
525,22,20,2025-10-06 15:30:28.140718,Boston Bibb,butterhead,{},"{'cultivar_name': 'Boston Bibb', 'lettuce_type': 'butterhead', 'maturity_days': 60}","{'growth_rate': 0.5, 'leaf_size': 0.5, 'yield_potential': 0.5, 'disease_resistance': 0.5, 'heat_tolerance': 0.5, 'cold_tolerance': 0.5, 'bolting_tolerance': 0.5, 'chlorophyll_content': 0.5, 'root_development': 0.5, 'plant_architecture': 0.5, <GeneticTrait.GROWTH_RATE: 'growth_rate'>: 0.7}",{},0.0000,0.0000,"{'growth_rate': 0.5, 'leaf_size': 0.5, 'yield_potential': 0.5, 'disease_resistance': 0.5, 'heat_tolerance': 0.5, 'cold_tolerance': 0.5, 'bolting_tolerance': 0.5, 'chlorophyll_content': 0.5, 'root_development': 0.5, 'plant_architecture': 0.5, <GeneticTrait.GROWTH_RATE: 'growth_rate'>: 0.7}",{},{},2643480.0000,100800.0000,1050,2025-10-06T15:30:28.007790
526,22,21,2025-10-06 15:30:28.285293,Boston Bibb,butterhead,{},"{'cultivar_name': 'Boston Bibb', 'lettuce_type': 'butterhead', 'maturity_days': 60}","{'growth_rate': 0.5, 'leaf_size': 0.5, 'yield_potential': 0.5, 'disease_resistance': 0.5, 'heat_tolerance': 0.5, 'cold_tolerance': 0.5, 'bolting_tolerance': 0.5, 'chlorophyll_content': 0.5, 'root_development': 0.5, 'plant_architecture': 0.5, <GeneticTrait.GROWTH_RATE: 'growth_rate'>: 0.7}",{},0.0000,0.0000,"{'growth_rate': 0.5, 'leaf_size': 0.5, 'yield_potential': 0.5, 'disease_resistance': 0.5, 'heat_tolerance': 0.5, 'cold_tolerance': 0.5, 'bolting_tolerance': 0.5, 'chlorophyll_content': 0.5, 'root_development': 0.5, 'plant_architecture': 0.5, <GeneticTrait.GROWTH_RATE: 'growth_rate'>: 0.7}",{},{},2648520.0000,105840.0000,1052,2025-10-06T15:30:28.154480
527,22,22,2025-10-06 15:30:28.435109,Boston Bibb,butterhead,{},"{'cultivar_name': 'Boston Bibb', 'lettuce_type': 'butterhead', 'maturity_days': 60}","{'growth_rate': 0.5, 'leaf_size': 0.5, 'yield_potential': 0.5, 'disease_resistance': 0.5, 'heat_tolerance': 0.5, 'cold_tolerance': 0.5, 'bolting_tolerance': 0.5, 'chlorophyll_content': 0.5, 'root_development': 0.5, 'plant_architecture': 0.5, <GeneticTrait.GROWTH_RATE: 'growth_rate'>: 0.7}",{},0.0000,0.0000,"{'growth_rate': 0.5, 'leaf_size': 0.5, 'yield_potential': 0.5, 'disease_resistance': 0.5, 'heat_tolerance': 0.5, 'cold_tolerance': 0.5, 'bolting_tolerance': 0.5, 'chlorophyll_content': 0.5, 'root_development': 0.5, 'plant_architecture': 0.5, <GeneticTrait.GROWTH_RATE: 'growth_rate'>: 0.7}",{},{},2653560.0000,110880.0000,1054,2025-10-06T15:30:28.299275
528,22,23,2025-10-06 15:30:28.581851,Boston Bibb,butterhead,{},"{'cultivar_name': 'Boston Bibb', 'lettuce_type': 'butterhead', 'maturity_days': 60}","{'growth_rate': 0.5, 'leaf_size': 0.5, 'yield_potential': 0.5, 'disease_resistance': 0.5, 'heat_tolerance': 0.5, 'cold_tolerance': 0.5, 'bolting_tolerance': 0.5, 'chlorophyll_content': 0.5, 'root_development': 0.5, 'plant_architecture': 0.5, <GeneticTrait.GROWTH_RATE: 'growth_rate'>: 0.7}",{},0.0000,0.0000,"{'growth_rate': 0.5, 'leaf_size': 0.5, 'yield_potential': 0.5, 'disease_resistance': 0.5, 'heat_tolerance': 0.5, 'cold_tolerance': 0.5, 'bolting_tolerance': 0.5, 'chlorophyll_content': 0.5, 'root_development': 0.5, 'plant_architecture': 0.5, <GeneticTrait.GROWTH_RATE: 'growth_rate'>: 0.7}",{},{},2658600.0000,115920.0000,1056,2025-10-06T15:30:28.446850
529,23,0,2025-10-06 15:30:28.731085,Boston Bibb,butterhead,{},"{'cultivar_name': 'Boston Bibb', 'lettuce_type': 'butterhead', 'maturity_days': 60}","{'growth_rate': 0.5, 'leaf_size': 0.5, 'yield_potential': 0.5, 'disease_resistance': 0.5, 'heat_tolerance': 0.5, 'cold_tolerance': 0.5, 'bolting_tolerance': 0.5, 'chlorophyll_content': 0.5, 'root_development': 0.5, 'plant_architecture': 0.5, <GeneticTrait.GROWTH_RATE: 'growth_rate'>: 0.7}",{},0.0000,0.0000,"{'growth_rate': 0.5, 'leaf_size': 0.5, 'yield_potential': 0.5, 'disease_resistance': 0.5, 'heat_tolerance': 0.5, 'cold_tolerance': 0.5, 'bolting_tolerance': 0.5, 'chlorophyll_content': 0.5, 'root_development': 0.5, 'plant_architecture': 0.5, <GeneticTrait.GROWTH_RATE: 'growth_rate'>: 0.7}",{},{},2663640.0000,0.0000,1058,2025-10-06T15:30:28.596169
530,23,1,2025-10-06 15:30:28.876205,Boston Bibb,butterhead,{},"{'cultivar_name': 'Boston Bibb', 'lettuce_type': 'butterhead', 'maturity_days': 60}","{'growth_rate': 0.5, 'leaf_size': 0.5, 'yield_potential': 0.5, 'disease_resistance': 0.5, 'heat_tolerance': 0.5, 'cold_tolerance': 0.5, 'bolting_tolerance': 0.5, 'chlorophyll_content': 0.5, 'root_development': 0.5, 'plant_architecture': 0.5, <GeneticTrait.GROWTH_RATE: 'growth_rate'>: 0.7}",{},0.0000,0.0000,"{'growth_rate': 0.5, 'leaf_size': 0.5, 'yield_potential': 0.5, 'disease_resistance': 0.5, 'heat_tolerance': 0.5, 'cold_tolerance': 0.5, 'bolting_tolerance': 0.5, 'chlorophyll_content': 0.5, 'root_development': 0.5, 'plant_architecture': 0.5, <GeneticTrait.GROWTH_RATE: 'growth_rate'>: 0.7}",{},{},2668680.0000,5040.0000,1060,2025-10-06T15:30:28.743370
531,23,2,2025-10-06 15:30:29.022795,Boston Bibb,butterhead,{},"{'cultivar_name': 'Boston Bibb', 'lettuce_type': 'butterhead', 'maturity_days': 60}","{'growth_rate': 0.5, 'leaf_size': 0.5, 'yield_potential': 0.5, 'disease_resistance': 0.5, 'heat_tolerance': 0.5, 'cold_tolerance': 0.5, 'bolting_tolerance': 0.5, 'chlorophyll_content': 0.5, 'root_development': 0.5, 'plant_architecture': 0.5, <GeneticTrait.GROWTH_RATE: 'growth_rate'>: 0.7}",{},0.0000,0.0000,"{'growth_rate': 0.5, 'leaf_size': 0.5, 'yield_potential': 0.5, 'disease_resistance': 0.5, 'heat_tolerance': 0.5, 'cold_tolerance': 0.5, 'bolting_tolerance': 0.5, 'chlorophyll_content': 0.5, 'root_development': 0.5, 'plant_architecture': 0.5, <GeneticTrait.GROWTH_RATE: 'growth_rate'>: 0.7}",{},{},2673720.0000,10080.0000,1062,2025-10-06T15:30:28.889741
532,23,3,2025-10-06 15:30:29.171087,Boston Bibb,butterhead,{},"{'cultivar_name': 'Boston Bibb', 'lettuce_type': 'butterhead', 'maturity_days': 60}","{'growth_rate': 0.5, 'leaf_size': 0.5, 'yield_potential': 0.5, 'disease_resistance': 0.5, 'heat_tolerance': 0.5, 'cold_tolerance': 0.5, 'bolting_tolerance': 0.5, 'chlorophyll_content': 0.5, 'root_development': 0.5, 'plant_architecture': 0.5, <GeneticTrait.GROWTH_RATE: 'growth_rate'>: 0.7}",{},0.0000,0.0000,"{'growth_rate': 0.5, 'leaf_size': 0.5, 'yield_potential': 0.5, 'disease_resistance': 0.5, 'heat_tolerance': 0.5, 'cold_tolerance': 0.5, 'bolting_tolerance': 0.5, 'chlorophyll_content': 0.5, 'root_development': 0.5, 'plant_architecture': 0.5, <GeneticTrait.GROWTH_RATE: 'growth_rate'>: 0.7}",{},{},2678760.0000,15120.0000,1064,2025-10-06T15:30:29.036818
533,23,4,2025-10-06 15:30:29.320248,Boston Bibb,butterhead,{},"{'cultivar_name': 'Boston Bibb', 'lettuce_type': 'butterhead', 'maturity_days': 60}","{'growth_rate': 0.5, 'leaf_size': 0.5, 'yield_potential': 0.5, 'disease_resistance': 0.5, 'heat_tolerance': 0.5, 'cold_tolerance': 0.5, 'bolting_tolerance': 0.5, 'chlorophyll_content': 0.5, 'root_development': 0.5, 'plant_architecture': 0.5, <GeneticTrait.GROWTH_RATE: 'growth_rate'>: 0.7}",{},0.0000,0.0000,"{'growth_rate': 0.5, 'leaf_size': 0.5, 'yield_potential': 0.5, 'disease_resistance': 0.5, 'heat_tolerance': 0.5, 'cold_tolerance': 0.5, 'bolting_tolerance': 0.5, 'chlorophyll_content': 0.5, 'root_development': 0.5, 'plant_architecture': 0.5, <GeneticTrait.GROWTH_RATE: 'growth_rate'>: 0.7}",{},{},2683800.0000,20160.0000,1066,2025-10-06T15:30:29.185259
534,23,5,2025-10-06 15:30:29.471962,Boston Bibb,butterhead,{},"{'cultivar_name': 'Boston Bibb', 'lettuce_type': 'butterhead', 'maturity_days': 60}","{'growth_rate': 0.5, 'leaf_size': 0.5, 'yield_potential': 0.5, 'disease_resistance': 0.5, 'heat_tolerance': 0.5, 'cold_tolerance': 0.5, 'bolting_tolerance': 0.5, 'chlorophyll_content': 0.5, 'root_development': 0.5, 'plant_architecture': 0.5, <GeneticTrait.GROWTH_RATE: 'growth_rate'>: 0.7}",{},0.0000,0.0000,"{'growth_rate': 0.5, 'leaf_size': 0.5, 'yield_potential': 0.5, 'disease_resistance': 0.5, 'heat_tolerance': 0.5, 'cold_tolerance': 0.5, 'bolting_tolerance': 0.5, 'chlorophyll_content': 0.5, 'root_development': 0.5, 'plant_architecture': 0.5, <GeneticTrait.GROWTH_RATE: 'growth_rate'>: 0.7}",{},{},2688840.0000,25200.0000,1068,2025-10-06T15:30:29.332926
535,23,6,2025-10-06 15:30:29.624247,Boston Bibb,butterhead,{},"{'cultivar_name': 'Boston Bibb', 'lettuce_type': 'butterhead', 'maturity_days': 60}","{'growth_rate': 0.5, 'leaf_size': 0.5, 'yield_potential': 0.5, 'disease_resistance': 0.5, 'heat_tolerance': 0.5, 'cold_tolerance': 0.5, 'bolting_tolerance': 0.5, 'chlorophyll_content': 0.5, 'root_development': 0.5, 'plant_architecture': 0.5, <GeneticTrait.GROWTH_RATE: 'growth_rate'>: 0.7}",{},0.0000,0.0000,"{'growth_rate': 0.5, 'leaf_size': 0.5, 'yield_potential': 0.5, 'disease_resistance': 0.5, 'heat_tolerance': 0.5, 'cold_tolerance': 0.5, 'bolting_tolerance': 0.5, 'chlorophyll_content': 0.5, 'root_development': 0.5, 'plant_architecture': 0.5, <GeneticTrait.GROWTH_RATE: 'growth_rate'>: 0.7}",{},{},2693880.0000,30240.0000,1070,2025-10-06T15:30:29.485984
536,23,7,2025-10-06 15:30:29.771379,Boston Bibb,butterhead,{},"{'cultivar_name': 'Boston Bibb', 'lettuce_type': 'butterhead', 'maturity_days': 60}","{'growth_rate': 0.5, 'leaf_size': 0.5, 'yield_potential': 0.5, 'disease_resistance': 0.5, 'heat_tolerance': 0.5, 'cold_tolerance': 0.5, 'bolting_tolerance': 0.5, 'chlorophyll_content': 0.5, 'root_development': 0.5, 'plant_architecture': 0.5, <GeneticTrait.GROWTH_RATE: 'growth_rate'>: 0.7}",{},0.0000,0.0000,"{'growth_rate': 0.5, 'leaf_size': 0.5, 'yield_potential': 0.5, 'disease_resistance': 0.5, 'heat_tolerance': 0.5, 'cold_tolerance': 0.5, 'bolting_tolerance': 0.5, 'chlorophyll_content': 0.5, 'root_development': 0.5, 'plant_architecture': 0.5, <GeneticTrait.GROWTH_RATE: 'growth_rate'>: 0.7}",{},{},2698920.0000,35280.0000,1072,2025-10-06T15:30:29.637784
537,23,8,2025-10-06 15:30:29.921065,Boston Bibb,butterhead,{},"{'cultivar_name': 'Boston Bibb', 'lettuce_type': 'butterhead', 'maturity_days': 60}","{'growth_rate': 0.5, 'leaf_size': 0.5, 'yield_potential': 0.5, 'disease_resistance': 0.5, 'heat_tolerance': 0.5, 'cold_tolerance': 0.5, 'bolting_tolerance': 0.5, 'chlorophyll_content': 0.5, 'root_development': 0.5, 'plant_architecture': 0.5, <GeneticTrait.GROWTH_RATE: 'growth_rate'>: 0.7}",{},0.0000,0.0000,"{'growth_rate': 0.5, 'leaf_size': 0.5, 'yield_potential': 0.5, 'disease_resistance': 0.5, 'heat_tolerance': 0.5, 'cold_tolerance': 0.5, 'bolting_tolerance': 0.5, 'chlorophyll_content': 0.5, 'root_development': 0.5, 'plant_architecture': 0.5, <GeneticTrait.GROWTH_RATE: 'growth_rate'>: 0.7}",{},{},2703960.0000,40320.0000,1074,2025-10-06T15:30:29.785532
538,23,9,2025-10-06 15:30:30.069277,Boston Bibb,butterhead,{},"{'cultivar_name': 'Boston Bibb', 'lettuce_type': 'butterhead', 'maturity_days': 60}","{'growth_rate': 0.5, 'leaf_size': 0.5, 'yield_potential': 0.5, 'disease_resistance': 0.5, 'heat_tolerance': 0.5, 'cold_tolerance': 0.5, 'bolting_tolerance': 0.5, 'chlorophyll_content': 0.5, 'root_development': 0.5, 'plant_architecture': 0.5, <GeneticTrait.GROWTH_RATE: 'growth_rate'>: 0.7}",{},0.0000,0.0000,"{'growth_rate': 0.5, 'leaf_size': 0.5, 'yield_potential': 0.5, 'disease_resistance': 0.5, 'heat_tolerance': 0.5, 'cold_tolerance': 0.5, 'bolting_tolerance': 0.5, 'chlorophyll_content': 0.5, 'root_development': 0.5, 'plant_architecture': 0.5, <GeneticTrait.GROWTH_RATE: 'growth_rate'>: 0.7}",{},{},2709000.0000,45360.0000,1076,2025-10-06T15:30:29.933811
539,23,10,2025-10-06 15:30:30.221042,Boston Bibb,butterhead,{},"{'cultivar_name': 'Boston Bibb', 'lettuce_type': 'butterhead', 'maturity_days': 60}","{'growth_rate': 0.5, 'leaf_size': 0.5, 'yield_potential': 0.5, 'disease_resistance': 0.5, 'heat_tolerance': 0.5, 'cold_tolerance': 0.5, 'bolting_tolerance': 0.5, 'chlorophyll_content': 0.5, 'root_development': 0.5, 'plant_architecture': 0.5, <GeneticTrait.GROWTH_RATE: 'growth_rate'>: 0.7}",{},0.0000,0.0000,"{'growth_rate': 0.5, 'leaf_size': 0.5, 'yield_potential': 0.5, 'disease_resistance': 0.5, 'heat_tolerance': 0.5, 'cold_tolerance': 0.5, 'bolting_tolerance': 0.5, 'chlorophyll_content': 0.5, 'root_development': 0.5, 'plant_architecture': 0.5, <GeneticTrait.GROWTH_RATE: 'growth_rate'>: 0.7}",{},{},2714040.0000,50400.0000,1078,2025-10-06T15:30:30.083286
540,23,11,2025-10-06 15:30:30.370318,Boston Bibb,butterhead,{},"{'cultivar_name': 'Boston Bibb', 'lettuce_type': 'butterhead', 'maturity_days': 60}","{'growth_rate': 0.5, 'leaf_size': 0.5, 'yield_potential': 0.5, 'disease_resistance': 0.5, 'heat_tolerance': 0.5, 'cold_tolerance': 0.5, 'bolting_tolerance': 0.5, 'chlorophyll_content': 0.5, 'root_development': 0.5, 'plant_architecture': 0.5, <GeneticTrait.GROWTH_RATE: 'growth_rate'>: 0.7}",{},0.0000,0.0000,"{'growth_rate': 0.5, 'leaf_size': 0.5, 'yield_potential': 0.5, 'disease_resistance': 0.5, 'heat_tolerance': 0.5, 'cold_tolerance': 0.5, 'bolting_tolerance': 0.5, 'chlorophyll_content': 0.5, 'root_development': 0.5, 'plant_architecture': 0.5, <GeneticTrait.GROWTH_RATE: 'growth_rate'>: 0.7}",{},{},2719080.0000,55440.0000,1080,2025-10-06T15:30:30.234992
541,23,12,2025-10-06 15:30:30.519993,Boston Bibb,butterhead,{},"{'cultivar_name': 'Boston Bibb', 'lettuce_type': 'butterhead', 'maturity_days': 60}","{'growth_rate': 0.5, 'leaf_size': 0.5, 'yield_potential': 0.5, 'disease_resistance': 0.5, 'heat_tolerance': 0.5, 'cold_tolerance': 0.5, 'bolting_tolerance': 0.5, 'chlorophyll_content': 0.5, 'root_development': 0.5, 'plant_architecture': 0.5, <GeneticTrait.GROWTH_RATE: 'growth_rate'>: 0.7}",{},0.0000,0.0000,"{'growth_rate': 0.5, 'leaf_size': 0.5, 'yield_potential': 0.5, 'disease_resistance': 0.5, 'heat_tolerance': 0.5, 'cold_tolerance': 0.5, 'bolting_tolerance': 0.5, 'chlorophyll_content': 0.5, 'root_development': 0.5, 'plant_architecture': 0.5, <GeneticTrait.GROWTH_RATE: 'growth_rate'>: 0.7}",{},{},2724120.0000,60480.0000,1082,2025-10-06T15:30:30.384298
542,23,13,2025-10-06 15:30:30.669256,Boston Bibb,butterhead,{},"{'cultivar_name': 'Boston Bibb', 'lettuce_type': 'butterhead', 'maturity_days': 60}","{'growth_rate': 0.5, 'leaf_size': 0.5, 'yield_potential': 0.5, 'disease_resistance': 0.5, 'heat_tolerance': 0.5, 'cold_tolerance': 0.5, 'bolting_tolerance': 0.5, 'chlorophyll_content': 0.5, 'root_development': 0.5, 'plant_architecture': 0.5, <GeneticTrait.GROWTH_RATE: 'growth_rate'>: 0.7}",{},0.0000,0.0000,"{'growth_rate': 0.5, 'leaf_size': 0.5, 'yield_potential': 0.5, 'disease_resistance': 0.5, 'heat_tolerance': 0.5, 'cold_tolerance': 0.5, 'bolting_tolerance': 0.5, 'chlorophyll_content': 0.5, 'root_development': 0.5, 'plant_architecture': 0.5, <GeneticTrait.GROWTH_RATE: 'growth_rate'>: 0.7}",{},{},2729160.0000,65520.0000,1084,2025-10-06T15:30:30.533982
543,23,14,2025-10-06 15:30:30.812455,Boston Bibb,butterhead,{},"{'cultivar_name': 'Boston Bibb', 'lettuce_type': 'butterhead', 'maturity_days': 60}","{'growth_rate': 0.5, 'leaf_size': 0.5, 'yield_potential': 0.5, 'disease_resistance': 0.5, 'heat_tolerance': 0.5, 'cold_tolerance': 0.5, 'bolting_tolerance': 0.5, 'chlorophyll_content': 0.5, 'root_development': 0.5, 'plant_architecture': 0.5, <GeneticTrait.GROWTH_RATE: 'growth_rate'>: 0.7}",{},0.0000,0.0000,"{'growth_rate': 0.5, 'leaf_size': 0.5, 'yield_potential': 0.5, 'disease_resistance': 0.5, 'heat_tolerance': 0.5, 'cold_tolerance': 0.5, 'bolting_tolerance': 0.5, 'chlorophyll_content': 0.5, 'root_development': 0.5, 'plant_architecture': 0.5, <GeneticTrait.GROWTH_RATE: 'growth_rate'>: 0.7}",{},{},2734200.0000,70560.0000,1086,2025-10-06T15:30:30.683216
544,23,15,2025-10-06 15:30:30.960076,Boston Bibb,butterhead,{},"{'cultivar_name': 'Boston Bibb', 'lettuce_type': 'butterhead', 'maturity_days': 60}","{'growth_rate': 0.5, 'leaf_size': 0.5, 'yield_potential': 0.5, 'disease_resistance': 0.5, 'heat_tolerance': 0.5, 'cold_tolerance': 0.5, 'bolting_tolerance': 0.5, 'chlorophyll_content': 0.5, 'root_development': 0.5, 'plant_architecture': 0.5, <GeneticTrait.GROWTH_RATE: 'growth_rate'>: 0.7}",{},0.0000,0.0000,"{'growth_rate': 0.5, 'leaf_size': 0.5, 'yield_potential': 0.5, 'disease_resistance': 0.5, 'heat_tolerance': 0.5, 'cold_tolerance': 0.5, 'bolting_tolerance': 0.5, 'chlorophyll_content': 0.5, 'root_development': 0.5, 'plant_architecture': 0.5, <GeneticTrait.GROWTH_RATE: 'growth_rate'>: 0.7}",{},{},2739240.0000,75600.0000,1088,2025-10-06T15:30:30.826439
545,23,16,2025-10-06 15:30:31.110900,Boston Bibb,butterhead,{},"{'cultivar_name': 'Boston Bibb', 'lettuce_type': 'butterhead', 'maturity_days': 60}","{'growth_rate': 0.5, 'leaf_size': 0.5, 'yield_potential': 0.5, 'disease_resistance': 0.5, 'heat_tolerance': 0.5, 'cold_tolerance': 0.5, 'bolting_tolerance': 0.5, 'chlorophyll_content': 0.5, 'root_development': 0.5, 'plant_architecture': 0.5, <GeneticTrait.GROWTH_RATE: 'growth_rate'>: 0.7}",{},0.0000,0.0000,"{'growth_rate': 0.5, 'leaf_size': 0.5, 'yield_potential': 0.5, 'disease_resistance': 0.5, 'heat_tolerance': 0.5, 'cold_tolerance': 0.5, 'bolting_tolerance': 0.5, 'chlorophyll_content': 0.5, 'root_development': 0.5, 'plant_architecture': 0.5, <GeneticTrait.GROWTH_RATE: 'growth_rate'>: 0.7}",{},{},2744280.0000,80640.0000,1090,2025-10-06T15:30:30.974218
546,23,17,2025-10-06 15:30:31.259187,Boston Bibb,butterhead,{},"{'cultivar_name': 'Boston Bibb', 'lettuce_type': 'butterhead', 'maturity_days': 60}","{'growth_rate': 0.5, 'leaf_size': 0.5, 'yield_potential': 0.5, 'disease_resistance': 0.5, 'heat_tolerance': 0.5, 'cold_tolerance': 0.5, 'bolting_tolerance': 0.5, 'chlorophyll_content': 0.5, 'root_development': 0.5, 'plant_architecture': 0.5, <GeneticTrait.GROWTH_RATE: 'growth_rate'>: 0.7}",{},0.0000,0.0000,"{'growth_rate': 0.5, 'leaf_size': 0.5, 'yield_potential': 0.5, 'disease_resistance': 0.5, 'heat_tolerance': 0.5, 'cold_tolerance': 0.5, 'bolting_tolerance': 0.5, 'chlorophyll_content': 0.5, 'root_development': 0.5, 'plant_architecture': 0.5, <GeneticTrait.GROWTH_RATE: 'growth_rate'>: 0.7}",{},{},2749320.0000,85680.0000,1092,2025-10-06T15:30:31.125135
547,23,18,2025-10-06 15:30:31.408188,Boston Bibb,butterhead,{},"{'cultivar_name': 'Boston Bibb', 'lettuce_type': 'butterhead', 'maturity_days': 60}","{'growth_rate': 0.5, 'leaf_size': 0.5, 'yield_potential': 0.5, 'disease_resistance': 0.5, 'heat_tolerance': 0.5, 'cold_tolerance': 0.5, 'bolting_tolerance': 0.5, 'chlorophyll_content': 0.5, 'root_development': 0.5, 'plant_architecture': 0.5, <GeneticTrait.GROWTH_RATE: 'growth_rate'>: 0.7}",{},0.0000,0.0000,"{'growth_rate': 0.5, 'leaf_size': 0.5, 'yield_potential': 0.5, 'disease_resistance': 0.5, 'heat_tolerance': 0.5, 'cold_tolerance': 0.5, 'bolting_tolerance': 0.5, 'chlorophyll_content': 0.5, 'root_development': 0.5, 'plant_architecture': 0.5, <GeneticTrait.GROWTH_RATE: 'growth_rate'>: 0.7}",{},{},2754360.0000,90720.0000,1094,2025-10-06T15:30:31.273304
548,23,19,2025-10-06 15:30:31.556814,Boston Bibb,butterhead,{},"{'cultivar_name': 'Boston Bibb', 'lettuce_type': 'butterhead', 'maturity_days': 60}","{'growth_rate': 0.5, 'leaf_size': 0.5, 'yield_potential': 0.5, 'disease_resistance': 0.5, 'heat_tolerance': 0.5, 'cold_tolerance': 0.5, 'bolting_tolerance': 0.5, 'chlorophyll_content': 0.5, 'root_development': 0.5, 'plant_architecture': 0.5, <GeneticTrait.GROWTH_RATE: 'growth_rate'>: 0.7}",{},0.0000,0.0000,"{'growth_rate': 0.5, 'leaf_size': 0.5, 'yield_potential': 0.5, 'disease_resistance': 0.5, 'heat_tolerance': 0.5, 'cold_tolerance': 0.5, 'bolting_tolerance': 0.5, 'chlorophyll_content': 0.5, 'root_development': 0.5, 'plant_architecture': 0.5, <GeneticTrait.GROWTH_RATE: 'growth_rate'>: 0.7}",{},{},2759400.0000,95760.0000,1096,2025-10-06T15:30:31.422277
549,23,20,2025-10-06 15:30:31.710017,Boston Bibb,butterhead,{},"{'cultivar_name': 'Boston Bibb', 'lettuce_type': 'butterhead', 'maturity_days': 60}","{'growth_rate': 0.5, 'leaf_size': 0.5, 'yield_potential': 0.5, 'disease_resistance': 0.5, 'heat_tolerance': 0.5, 'cold_tolerance': 0.5, 'bolting_tolerance': 0.5, 'chlorophyll_content': 0.5, 'root_development': 0.5, 'plant_architecture': 0.5, <GeneticTrait.GROWTH_RATE: 'growth_rate'>: 0.7}",{},0.0000,0.0000,"{'growth_rate': 0.5, 'leaf_size': 0.5, 'yield_potential': 0.5, 'disease_resistance': 0.5, 'heat_tolerance': 0.5, 'cold_tolerance': 0.5, 'bolting_tolerance': 0.5, 'chlorophyll_content': 0.5, 'root_development': 0.5, 'plant_architecture': 0.5, <GeneticTrait.GROWTH_RATE: 'growth_rate'>: 0.7}",{},{},2764440.0000,100800.0000,1098,2025-10-06T15:30:31.570774
550,23,21,2025-10-06 15:30:31.853485,Boston Bibb,butterhead,{},"{'cultivar_name': 'Boston Bibb', 'lettuce_type': 'butterhead', 'maturity_days': 60}","{'growth_rate': 0.5, 'leaf_size': 0.5, 'yield_potential': 0.5, 'disease_resistance': 0.5, 'heat_tolerance': 0.5, 'cold_tolerance': 0.5, 'bolting_tolerance': 0.5, 'chlorophyll_content': 0.5, 'root_development': 0.5, 'plant_architecture': 0.5, <GeneticTrait.GROWTH_RATE: 'growth_rate'>: 0.7}",{},0.0000,0.0000,"{'growth_rate': 0.5, 'leaf_size': 0.5, 'yield_potential': 0.5, 'disease_resistance': 0.5, 'heat_tolerance': 0.5, 'cold_tolerance': 0.5, 'bolting_tolerance': 0.5, 'chlorophyll_content': 0.5, 'root_development': 0.5, 'plant_architecture': 0.5, <GeneticTrait.GROWTH_RATE: 'growth_rate'>: 0.7}",{},{},2769480.0000,105840.0000,1100,2025-10-06T15:30:31.722809
551,23,22,2025-10-06 15:30:32.003730,Boston Bibb,butterhead,{},"{'cultivar_name': 'Boston Bibb', 'lettuce_type': 'butterhead', 'maturity_days': 60}","{'growth_rate': 0.5, 'leaf_size': 0.5, 'yield_potential': 0.5, 'disease_resistance': 0.5, 'heat_tolerance': 0.5, 'cold_tolerance': 0.5, 'bolting_tolerance': 0.5, 'chlorophyll_content': 0.5, 'root_development': 0.5, 'plant_architecture': 0.5, <GeneticTrait.GROWTH_RATE: 'growth_rate'>: 0.7}",{},0.0000,0.0000,"{'growth_rate': 0.5, 'leaf_size': 0.5, 'yield_potential': 0.5, 'disease_resistance': 0.5, 'heat_tolerance': 0.5, 'cold_tolerance': 0.5, 'bolting_tolerance': 0.5, 'chlorophyll_content': 0.5, 'root_development': 0.5, 'plant_architecture': 0.5, <GeneticTrait.GROWTH_RATE: 'growth_rate'>: 0.7}",{},{},2774520.0000,110880.0000,1102,2025-10-06T15:30:31.867260
552,23,23,2025-10-06 15:30:32.149335,Boston Bibb,butterhead,{},"{'cultivar_name': 'Boston Bibb', 'lettuce_type': 'butterhead', 'maturity_days': 60}","{'growth_rate': 0.5, 'leaf_size': 0.5, 'yield_potential': 0.5, 'disease_resistance': 0.5, 'heat_tolerance': 0.5, 'cold_tolerance': 0.5, 'bolting_tolerance': 0.5, 'chlorophyll_content': 0.5, 'root_development': 0.5, 'plant_architecture': 0.5, <GeneticTrait.GROWTH_RATE: 'growth_rate'>: 0.7}",{},0.0000,0.0000,"{'growth_rate': 0.5, 'leaf_size': 0.5, 'yield_potential': 0.5, 'disease_resistance': 0.5, 'heat_tolerance': 0.5, 'cold_tolerance': 0.5, 'bolting_tolerance': 0.5, 'chlorophyll_content': 0.5, 'root_development': 0.5, 'plant_architecture': 0.5, <GeneticTrait.GROWTH_RATE: 'growth_rate'>: 0.7}",{},{},2779560.0000,115920.0000,1104,2025-10-06T15:30:32.016531
553,24,0,2025-10-06 15:30:32.298590,Boston Bibb,butterhead,{},"{'cultivar_name': 'Boston Bibb', 'lettuce_type': 'butterhead', 'maturity_days': 60}","{'growth_rate': 0.5, 'leaf_size': 0.5, 'yield_potential': 0.5, 'disease_resistance': 0.5, 'heat_tolerance': 0.5, 'cold_tolerance': 0.5, 'bolting_tolerance': 0.5, 'chlorophyll_content': 0.5, 'root_development': 0.5, 'plant_architecture': 0.5, <GeneticTrait.GROWTH_RATE: 'growth_rate'>: 0.7}",{},0.0000,0.0000,"{'growth_rate': 0.5, 'leaf_size': 0.5, 'yield_potential': 0.5, 'disease_resistance': 0.5, 'heat_tolerance': 0.5, 'cold_tolerance': 0.5, 'bolting_tolerance': 0.5, 'chlorophyll_content': 0.5, 'root_development': 0.5, 'plant_architecture': 0.5, <GeneticTrait.GROWTH_RATE: 'growth_rate'>: 0.7}",{},{},2784600.0000,0.0000,1106,2025-10-06T15:30:32.163680
554,24,1,2025-10-06 15:30:32.449072,Boston Bibb,butterhead,{},"{'cultivar_name': 'Boston Bibb', 'lettuce_type': 'butterhead', 'maturity_days': 60}","{'growth_rate': 0.5, 'leaf_size': 0.5, 'yield_potential': 0.5, 'disease_resistance': 0.5, 'heat_tolerance': 0.5, 'cold_tolerance': 0.5, 'bolting_tolerance': 0.5, 'chlorophyll_content': 0.5, 'root_development': 0.5, 'plant_architecture': 0.5, <GeneticTrait.GROWTH_RATE: 'growth_rate'>: 0.7}",{},0.0000,0.0000,"{'growth_rate': 0.5, 'leaf_size': 0.5, 'yield_potential': 0.5, 'disease_resistance': 0.5, 'heat_tolerance': 0.5, 'cold_tolerance': 0.5, 'bolting_tolerance': 0.5, 'chlorophyll_content': 0.5, 'root_development': 0.5, 'plant_architecture': 0.5, <GeneticTrait.GROWTH_RATE: 'growth_rate'>: 0.7}",{},{},2789640.0000,5040.0000,1108,2025-10-06T15:30:32.311738
555,24,2,2025-10-06 15:30:32.596201,Boston Bibb,butterhead,{},"{'cultivar_name': 'Boston Bibb', 'lettuce_type': 'butterhead', 'maturity_days': 60}","{'growth_rate': 0.5, 'leaf_size': 0.5, 'yield_potential': 0.5, 'disease_resistance': 0.5, 'heat_tolerance': 0.5, 'cold_tolerance': 0.5, 'bolting_tolerance': 0.5, 'chlorophyll_content': 0.5, 'root_development': 0.5, 'plant_architecture': 0.5, <GeneticTrait.GROWTH_RATE: 'growth_rate'>: 0.7}",{},0.0000,0.0000,"{'growth_rate': 0.5, 'leaf_size': 0.5, 'yield_potential': 0.5, 'disease_resistance': 0.5, 'heat_tolerance': 0.5, 'cold_tolerance': 0.5, 'bolting_tolerance': 0.5, 'chlorophyll_content': 0.5, 'root_development': 0.5, 'plant_architecture': 0.5, <GeneticTrait.GROWTH_RATE: 'growth_rate'>: 0.7}",{},{},2794680.0000,10080.0000,1110,2025-10-06T15:30:32.463024
556,24,3,2025-10-06 15:30:32.747392,Boston Bibb,butterhead,{},"{'cultivar_name': 'Boston Bibb', 'lettuce_type': 'butterhead', 'maturity_days': 60}","{'growth_rate': 0.5, 'leaf_size': 0.5, 'yield_potential': 0.5, 'disease_resistance': 0.5, 'heat_tolerance': 0.5, 'cold_tolerance': 0.5, 'bolting_tolerance': 0.5, 'chlorophyll_content': 0.5, 'root_development': 0.5, 'plant_architecture': 0.5, <GeneticTrait.GROWTH_RATE: 'growth_rate'>: 0.7}",{},0.0000,0.0000,"{'growth_rate': 0.5, 'leaf_size': 0.5, 'yield_potential': 0.5, 'disease_resistance': 0.5, 'heat_tolerance': 0.5, 'cold_tolerance': 0.5, 'bolting_tolerance': 0.5, 'chlorophyll_content': 0.5, 'root_development': 0.5, 'plant_architecture': 0.5, <GeneticTrait.GROWTH_RATE: 'growth_rate'>: 0.7}",{},{},2799720.0000,15120.0000,1112,2025-10-06T15:30:32.610317
557,24,4,2025-10-06 15:30:32.896140,Boston Bibb,butterhead,{},"{'cultivar_name': 'Boston Bibb', 'lettuce_type': 'butterhead', 'maturity_days': 60}","{'growth_rate': 0.5, 'leaf_size': 0.5, 'yield_potential': 0.5, 'disease_resistance': 0.5, 'heat_tolerance': 0.5, 'cold_tolerance': 0.5, 'bolting_tolerance': 0.5, 'chlorophyll_content': 0.5, 'root_development': 0.5, 'plant_architecture': 0.5, <GeneticTrait.GROWTH_RATE: 'growth_rate'>: 0.7}",{},0.0000,0.0000,"{'growth_rate': 0.5, 'leaf_size': 0.5, 'yield_potential': 0.5, 'disease_resistance': 0.5, 'heat_tolerance': 0.5, 'cold_tolerance': 0.5, 'bolting_tolerance': 0.5, 'chlorophyll_content': 0.5, 'root_development': 0.5, 'plant_architecture': 0.5, <GeneticTrait.GROWTH_RATE: 'growth_rate'>: 0.7}",{},{},2804760.0000,20160.0000,1114,2025-10-06T15:30:32.761531
558,24,5,2025-10-06 15:30:33.041670,Boston Bibb,butterhead,{},"{'cultivar_name': 'Boston Bibb', 'lettuce_type': 'butterhead', 'maturity_days': 60}","{'growth_rate': 0.5, 'leaf_size': 0.5, 'yield_potential': 0.5, 'disease_resistance': 0.5, 'heat_tolerance': 0.5, 'cold_tolerance': 0.5, 'bolting_tolerance': 0.5, 'chlorophyll_content': 0.5, 'root_development': 0.5, 'plant_architecture': 0.5, <GeneticTrait.GROWTH_RATE: 'growth_rate'>: 0.7}",{},0.0000,0.0000,"{'growth_rate': 0.5, 'leaf_size': 0.5, 'yield_potential': 0.5, 'disease_resistance': 0.5, 'heat_tolerance': 0.5, 'cold_tolerance': 0.5, 'bolting_tolerance': 0.5, 'chlorophyll_content': 0.5, 'root_development': 0.5, 'plant_architecture': 0.5, <GeneticTrait.GROWTH_RATE: 'growth_rate'>: 0.7}",{},{},2809800.0000,25200.0000,1116,2025-10-06T15:30:32.909182
559,24,6,2025-10-06 15:30:33.187831,Boston Bibb,butterhead,{},"{'cultivar_name': 'Boston Bibb', 'lettuce_type': 'butterhead', 'maturity_days': 60}","{'growth_rate': 0.5, 'leaf_size': 0.5, 'yield_potential': 0.5, 'disease_resistance': 0.5, 'heat_tolerance': 0.5, 'cold_tolerance': 0.5, 'bolting_tolerance': 0.5, 'chlorophyll_content': 0.5, 'root_development': 0.5, 'plant_architecture': 0.5, <GeneticTrait.GROWTH_RATE: 'growth_rate'>: 0.7}",{},0.0000,0.0000,"{'growth_rate': 0.5, 'leaf_size': 0.5, 'yield_potential': 0.5, 'disease_resistance': 0.5, 'heat_tolerance': 0.5, 'cold_tolerance': 0.5, 'bolting_tolerance': 0.5, 'chlorophyll_content': 0.5, 'root_development': 0.5, 'plant_architecture': 0.5, <GeneticTrait.GROWTH_RATE: 'growth_rate'>: 0.7}",{},{},2814840.0000,30240.0000,1118,2025-10-06T15:30:33.054075
560,24,7,2025-10-06 15:30:33.335744,Boston Bibb,butterhead,{},"{'cultivar_name': 'Boston Bibb', 'lettuce_type': 'butterhead', 'maturity_days': 60}","{'growth_rate': 0.5, 'leaf_size': 0.5, 'yield_potential': 0.5, 'disease_resistance': 0.5, 'heat_tolerance': 0.5, 'cold_tolerance': 0.5, 'bolting_tolerance': 0.5, 'chlorophyll_content': 0.5, 'root_development': 0.5, 'plant_architecture': 0.5, <GeneticTrait.GROWTH_RATE: 'growth_rate'>: 0.7}",{},0.0000,0.0000,"{'growth_rate': 0.5, 'leaf_size': 0.5, 'yield_potential': 0.5, 'disease_resistance': 0.5, 'heat_tolerance': 0.5, 'cold_tolerance': 0.5, 'bolting_tolerance': 0.5, 'chlorophyll_content': 0.5, 'root_development': 0.5, 'plant_architecture': 0.5, <GeneticTrait.GROWTH_RATE: 'growth_rate'>: 0.7}",{},{},2819880.0000,35280.0000,1120,2025-10-06T15:30:33.202040
561,24,8,2025-10-06 15:30:33.485713,Boston Bibb,butterhead,{},"{'cultivar_name': 'Boston Bibb', 'lettuce_type': 'butterhead', 'maturity_days': 60}","{'growth_rate': 0.5, 'leaf_size': 0.5, 'yield_potential': 0.5, 'disease_resistance': 0.5, 'heat_tolerance': 0.5, 'cold_tolerance': 0.5, 'bolting_tolerance': 0.5, 'chlorophyll_content': 0.5, 'root_development': 0.5, 'plant_architecture': 0.5, <GeneticTrait.GROWTH_RATE: 'growth_rate'>: 0.7}",{},0.0000,0.0000,"{'growth_rate': 0.5, 'leaf_size': 0.5, 'yield_potential': 0.5, 'disease_resistance': 0.5, 'heat_tolerance': 0.5, 'cold_tolerance': 0.5, 'bolting_tolerance': 0.5, 'chlorophyll_content': 0.5, 'root_development': 0.5, 'plant_architecture': 0.5, <GeneticTrait.GROWTH_RATE: 'growth_rate'>: 0.7}",{},{},2824920.0000,40320.0000,1122,2025-10-06T15:30:33.349736
562,24,9,2025-10-06 15:30:33.634284,Boston Bibb,butterhead,{},"{'cultivar_name': 'Boston Bibb', 'lettuce_type': 'butterhead', 'maturity_days': 60}","{'growth_rate': 0.5, 'leaf_size': 0.5, 'yield_potential': 0.5, 'disease_resistance': 0.5, 'heat_tolerance': 0.5, 'cold_tolerance': 0.5, 'bolting_tolerance': 0.5, 'chlorophyll_content': 0.5, 'root_development': 0.5, 'plant_architecture': 0.5, <GeneticTrait.GROWTH_RATE: 'growth_rate'>: 0.7}",{},0.0000,0.0000,"{'growth_rate': 0.5, 'leaf_size': 0.5, 'yield_potential': 0.5, 'disease_resistance': 0.5, 'heat_tolerance': 0.5, 'cold_tolerance': 0.5, 'bolting_tolerance': 0.5, 'chlorophyll_content': 0.5, 'root_development': 0.5, 'plant_architecture': 0.5, <GeneticTrait.GROWTH_RATE: 'growth_rate'>: 0.7}",{},{},2829960.0000,45360.0000,1124,2025-10-06T15:30:33.499664
563,24,10,2025-10-06 15:30:33.776846,Boston Bibb,butterhead,{},"{'cultivar_name': 'Boston Bibb', 'lettuce_type': 'butterhead', 'maturity_days': 60}","{'growth_rate': 0.5, 'leaf_size': 0.5, 'yield_potential': 0.5, 'disease_resistance': 0.5, 'heat_tolerance': 0.5, 'cold_tolerance': 0.5, 'bolting_tolerance': 0.5, 'chlorophyll_content': 0.5, 'root_development': 0.5, 'plant_architecture': 0.5, <GeneticTrait.GROWTH_RATE: 'growth_rate'>: 0.7}",{},0.0000,0.0000,"{'growth_rate': 0.5, 'leaf_size': 0.5, 'yield_potential': 0.5, 'disease_resistance': 0.5, 'heat_tolerance': 0.5, 'cold_tolerance': 0.5, 'bolting_tolerance': 0.5, 'chlorophyll_content': 0.5, 'root_development': 0.5, 'plant_architecture': 0.5, <GeneticTrait.GROWTH_RATE: 'growth_rate'>: 0.7}",{},{},2835000.0000,50400.0000,1126,2025-10-06T15:30:33.647948
564,24,11,2025-10-06 15:30:33.929402,Boston Bibb,butterhead,{},"{'cultivar_name': 'Boston Bibb', 'lettuce_type': 'butterhead', 'maturity_days': 60}","{'growth_rate': 0.5, 'leaf_size': 0.5, 'yield_potential': 0.5, 'disease_resistance': 0.5, 'heat_tolerance': 0.5, 'cold_tolerance': 0.5, 'bolting_tolerance': 0.5, 'chlorophyll_content': 0.5, 'root_development': 0.5, 'plant_architecture': 0.5, <GeneticTrait.GROWTH_RATE: 'growth_rate'>: 0.7}",{},0.0000,0.0000,"{'growth_rate': 0.5, 'leaf_size': 0.5, 'yield_potential': 0.5, 'disease_resistance': 0.5, 'heat_tolerance': 0.5, 'cold_tolerance': 0.5, 'bolting_tolerance': 0.5, 'chlorophyll_content': 0.5, 'root_development': 0.5, 'plant_architecture': 0.5, <GeneticTrait.GROWTH_RATE: 'growth_rate'>: 0.7}",{},{},2840040.0000,55440.0000,1128,2025-10-06T15:30:33.790848
565,24,12,2025-10-06 15:30:34.079279,Boston Bibb,butterhead,{},"{'cultivar_name': 'Boston Bibb', 'lettuce_type': 'butterhead', 'maturity_days': 60}","{'growth_rate': 0.5, 'leaf_size': 0.5, 'yield_potential': 0.5, 'disease_resistance': 0.5, 'heat_tolerance': 0.5, 'cold_tolerance': 0.5, 'bolting_tolerance': 0.5, 'chlorophyll_content': 0.5, 'root_development': 0.5, 'plant_architecture': 0.5, <GeneticTrait.GROWTH_RATE: 'growth_rate'>: 0.7}",{},0.0000,0.0000,"{'growth_rate': 0.5, 'leaf_size': 0.5, 'yield_potential': 0.5, 'disease_resistance': 0.5, 'heat_tolerance': 0.5, 'cold_tolerance': 0.5, 'bolting_tolerance': 0.5, 'chlorophyll_content': 0.5, 'root_development': 0.5, 'plant_architecture': 0.5, <GeneticTrait.GROWTH_RATE: 'growth_rate'>: 0.7}",{},{},2845080.0000,60480.0000,1130,2025-10-06T15:30:33.943435
566,24,13,2025-10-06 15:30:34.224102,Boston Bibb,butterhead,{},"{'cultivar_name': 'Boston Bibb', 'lettuce_type': 'butterhead', 'maturity_days': 60}","{'growth_rate': 0.5, 'leaf_size': 0.5, 'yield_potential': 0.5, 'disease_resistance': 0.5, 'heat_tolerance': 0.5, 'cold_tolerance': 0.5, 'bolting_tolerance': 0.5, 'chlorophyll_content': 0.5, 'root_development': 0.5, 'plant_architecture': 0.5, <GeneticTrait.GROWTH_RATE: 'growth_rate'>: 0.7}",{},0.0000,0.0000,"{'growth_rate': 0.5, 'leaf_size': 0.5, 'yield_potential': 0.5, 'disease_resistance': 0.5, 'heat_tolerance': 0.5, 'cold_tolerance': 0.5, 'bolting_tolerance': 0.5, 'chlorophyll_content': 0.5, 'root_development': 0.5, 'plant_architecture': 0.5, <GeneticTrait.GROWTH_RATE: 'growth_rate'>: 0.7}",{},{},2850120.0000,65520.0000,1132,2025-10-06T15:30:34.093066
567,24,14,2025-10-06 15:30:34.370061,Boston Bibb,butterhead,{},"{'cultivar_name': 'Boston Bibb', 'lettuce_type': 'butterhead', 'maturity_days': 60}","{'growth_rate': 0.5, 'leaf_size': 0.5, 'yield_potential': 0.5, 'disease_resistance': 0.5, 'heat_tolerance': 0.5, 'cold_tolerance': 0.5, 'bolting_tolerance': 0.5, 'chlorophyll_content': 0.5, 'root_development': 0.5, 'plant_architecture': 0.5, <GeneticTrait.GROWTH_RATE: 'growth_rate'>: 0.7}",{},0.0000,0.0000,"{'growth_rate': 0.5, 'leaf_size': 0.5, 'yield_potential': 0.5, 'disease_resistance': 0.5, 'heat_tolerance': 0.5, 'cold_tolerance': 0.5, 'bolting_tolerance': 0.5, 'chlorophyll_content': 0.5, 'root_development': 0.5, 'plant_architecture': 0.5, <GeneticTrait.GROWTH_RATE: 'growth_rate'>: 0.7}",{},{},2855160.0000,70560.0000,1134,2025-10-06T15:30:34.236986
568,24,15,2025-10-06 15:30:34.519328,Boston Bibb,butterhead,{},"{'cultivar_name': 'Boston Bibb', 'lettuce_type': 'butterhead', 'maturity_days': 60}","{'growth_rate': 0.5, 'leaf_size': 0.5, 'yield_potential': 0.5, 'disease_resistance': 0.5, 'heat_tolerance': 0.5, 'cold_tolerance': 0.5, 'bolting_tolerance': 0.5, 'chlorophyll_content': 0.5, 'root_development': 0.5, 'plant_architecture': 0.5, <GeneticTrait.GROWTH_RATE: 'growth_rate'>: 0.7}",{},0.0000,0.0000,"{'growth_rate': 0.5, 'leaf_size': 0.5, 'yield_potential': 0.5, 'disease_resistance': 0.5, 'heat_tolerance': 0.5, 'cold_tolerance': 0.5, 'bolting_tolerance': 0.5, 'chlorophyll_content': 0.5, 'root_development': 0.5, 'plant_architecture': 0.5, <GeneticTrait.GROWTH_RATE: 'growth_rate'>: 0.7}",{},{},2860200.0000,75600.0000,1136,2025-10-06T15:30:34.383684
569,24,16,2025-10-06 15:30:34.663215,Boston Bibb,butterhead,{},"{'cultivar_name': 'Boston Bibb', 'lettuce_type': 'butterhead', 'maturity_days': 60}","{'growth_rate': 0.5, 'leaf_size': 0.5, 'yield_potential': 0.5, 'disease_resistance': 0.5, 'heat_tolerance': 0.5, 'cold_tolerance': 0.5, 'bolting_tolerance': 0.5, 'chlorophyll_content': 0.5, 'root_development': 0.5, 'plant_architecture': 0.5, <GeneticTrait.GROWTH_RATE: 'growth_rate'>: 0.7}",{},0.0000,0.0000,"{'growth_rate': 0.5, 'leaf_size': 0.5, 'yield_potential': 0.5, 'disease_resistance': 0.5, 'heat_tolerance': 0.5, 'cold_tolerance': 0.5, 'bolting_tolerance': 0.5, 'chlorophyll_content': 0.5, 'root_development': 0.5, 'plant_architecture': 0.5, <GeneticTrait.GROWTH_RATE: 'growth_rate'>: 0.7}",{},{},2865240.0000,80640.0000,1138,2025-10-06T15:30:34.531976
570,24,17,2025-10-06 15:30:34.813315,Boston Bibb,butterhead,{},"{'cultivar_name': 'Boston Bibb', 'lettuce_type': 'butterhead', 'maturity_days': 60}","{'growth_rate': 0.5, 'leaf_size': 0.5, 'yield_potential': 0.5, 'disease_resistance': 0.5, 'heat_tolerance': 0.5, 'cold_tolerance': 0.5, 'bolting_tolerance': 0.5, 'chlorophyll_content': 0.5, 'root_development': 0.5, 'plant_architecture': 0.5, <GeneticTrait.GROWTH_RATE: 'growth_rate'>: 0.7}",{},0.0000,0.0000,"{'growth_rate': 0.5, 'leaf_size': 0.5, 'yield_potential': 0.5, 'disease_resistance': 0.5, 'heat_tolerance': 0.5, 'cold_tolerance': 0.5, 'bolting_tolerance': 0.5, 'chlorophyll_content': 0.5, 'root_development': 0.5, 'plant_architecture': 0.5, <GeneticTrait.GROWTH_RATE: 'growth_rate'>: 0.7}",{},{},2870280.0000,85680.0000,1140,2025-10-06T15:30:34.675332
571,24,18,2025-10-06 15:30:34.959567,Boston Bibb,butterhead,{},"{'cultivar_name': 'Boston Bibb', 'lettuce_type': 'butterhead', 'maturity_days': 60}","{'growth_rate': 0.5, 'leaf_size': 0.5, 'yield_potential': 0.5, 'disease_resistance': 0.5, 'heat_tolerance': 0.5, 'cold_tolerance': 0.5, 'bolting_tolerance': 0.5, 'chlorophyll_content': 0.5, 'root_development': 0.5, 'plant_architecture': 0.5, <GeneticTrait.GROWTH_RATE: 'growth_rate'>: 0.7}",{},0.0000,0.0000,"{'growth_rate': 0.5, 'leaf_size': 0.5, 'yield_potential': 0.5, 'disease_resistance': 0.5, 'heat_tolerance': 0.5, 'cold_tolerance': 0.5, 'bolting_tolerance': 0.5, 'chlorophyll_content': 0.5, 'root_development': 0.5, 'plant_architecture': 0.5, <GeneticTrait.GROWTH_RATE: 'growth_rate'>: 0.7}",{},{},2875320.0000,90720.0000,1142,2025-10-06T15:30:34.827062
572,24,19,2025-10-06 15:30:35.104892,Boston Bibb,butterhead,{},"{'cultivar_name': 'Boston Bibb', 'lettuce_type': 'butterhead', 'maturity_days': 60}","{'growth_rate': 0.5, 'leaf_size': 0.5, 'yield_potential': 0.5, 'disease_resistance': 0.5, 'heat_tolerance': 0.5, 'cold_tolerance': 0.5, 'bolting_tolerance': 0.5, 'chlorophyll_content': 0.5, 'root_development': 0.5, 'plant_architecture': 0.5, <GeneticTrait.GROWTH_RATE: 'growth_rate'>: 0.7}",{},0.0000,0.0000,"{'growth_rate': 0.5, 'leaf_size': 0.5, 'yield_potential': 0.5, 'disease_resistance': 0.5, 'heat_tolerance': 0.5, 'cold_tolerance': 0.5, 'bolting_tolerance': 0.5, 'chlorophyll_content': 0.5, 'root_development': 0.5, 'plant_architecture': 0.5, <GeneticTrait.GROWTH_RATE: 'growth_rate'>: 0.7}",{},{},2880360.0000,95760.0000,1144,2025-10-06T15:30:34.971462
573,24,20,2025-10-06 15:30:35.250417,Boston Bibb,butterhead,{},"{'cultivar_name': 'Boston Bibb', 'lettuce_type': 'butterhead', 'maturity_days': 60}","{'growth_rate': 0.5, 'leaf_size': 0.5, 'yield_potential': 0.5, 'disease_resistance': 0.5, 'heat_tolerance': 0.5, 'cold_tolerance': 0.5, 'bolting_tolerance': 0.5, 'chlorophyll_content': 0.5, 'root_development': 0.5, 'plant_architecture': 0.5, <GeneticTrait.GROWTH_RATE: 'growth_rate'>: 0.7}",{},0.0000,0.0000,"{'growth_rate': 0.5, 'leaf_size': 0.5, 'yield_potential': 0.5, 'disease_resistance': 0.5, 'heat_tolerance': 0.5, 'cold_tolerance': 0.5, 'bolting_tolerance': 0.5, 'chlorophyll_content': 0.5, 'root_development': 0.5, 'plant_architecture': 0.5, <GeneticTrait.GROWTH_RATE: 'growth_rate'>: 0.7}",{},{},2885400.0000,100800.0000,1146,2025-10-06T15:30:35.117303
574,24,21,2025-10-06 15:30:35.398226,Boston Bibb,butterhead,{},"{'cultivar_name': 'Boston Bibb', 'lettuce_type': 'butterhead', 'maturity_days': 60}","{'growth_rate': 0.5, 'leaf_size': 0.5, 'yield_potential': 0.5, 'disease_resistance': 0.5, 'heat_tolerance': 0.5, 'cold_tolerance': 0.5, 'bolting_tolerance': 0.5, 'chlorophyll_content': 0.5, 'root_development': 0.5, 'plant_architecture': 0.5, <GeneticTrait.GROWTH_RATE: 'growth_rate'>: 0.7}",{},0.0000,0.0000,"{'growth_rate': 0.5, 'leaf_size': 0.5, 'yield_potential': 0.5, 'disease_resistance': 0.5, 'heat_tolerance': 0.5, 'cold_tolerance': 0.5, 'bolting_tolerance': 0.5, 'chlorophyll_content': 0.5, 'root_development': 0.5, 'plant_architecture': 0.5, <GeneticTrait.GROWTH_RATE: 'growth_rate'>: 0.7}",{},{},2890440.0000,105840.0000,1148,2025-10-06T15:30:35.264484
575,24,22,2025-10-06 15:30:35.546158,Boston Bibb,butterhead,{},"{'cultivar_name': 'Boston Bibb', 'lettuce_type': 'butterhead', 'maturity_days': 60}","{'growth_rate': 0.5, 'leaf_size': 0.5, 'yield_potential': 0.5, 'disease_resistance': 0.5, 'heat_tolerance': 0.5, 'cold_tolerance': 0.5, 'bolting_tolerance': 0.5, 'chlorophyll_content': 0.5, 'root_development': 0.5, 'plant_architecture': 0.5, <GeneticTrait.GROWTH_RATE: 'growth_rate'>: 0.7}",{},0.0000,0.0000,"{'growth_rate': 0.5, 'leaf_size': 0.5, 'yield_potential': 0.5, 'disease_resistance': 0.5, 'heat_tolerance': 0.5, 'cold_tolerance': 0.5, 'bolting_tolerance': 0.5, 'chlorophyll_content': 0.5, 'root_development': 0.5, 'plant_architecture': 0.5, <GeneticTrait.GROWTH_RATE: 'growth_rate'>: 0.7}",{},{},2895480.0000,110880.0000,1150,2025-10-06T15:30:35.411783
576,24,23,2025-10-06 15:30:35.692805,Boston Bibb,butterhead,{},"{'cultivar_name': 'Boston Bibb', 'lettuce_type': 'butterhead', 'maturity_days': 60}","{'growth_rate': 0.5, 'leaf_size': 0.5, 'yield_potential': 0.5, 'disease_resistance': 0.5, 'heat_tolerance': 0.5, 'cold_tolerance': 0.5, 'bolting_tolerance': 0.5, 'chlorophyll_content': 0.5, 'root_development': 0.5, 'plant_architecture': 0.5, <GeneticTrait.GROWTH_RATE: 'growth_rate'>: 0.7}",{},0.0000,0.0000,"{'growth_rate': 0.5, 'leaf_size': 0.5, 'yield_potential': 0.5, 'disease_resistance': 0.5, 'heat_tolerance': 0.5, 'cold_tolerance': 0.5, 'bolting_tolerance': 0.5, 'chlorophyll_content': 0.5, 'root_development': 0.5, 'plant_architecture': 0.5, <GeneticTrait.GROWTH_RATE: 'growth_rate'>: 0.7}",{},{},2900520.0000,115920.0000,1152,2025-10-06T15:30:35.559987
577,25,0,2025-10-06 15:30:35.840188,Boston Bibb,butterhead,{},"{'cultivar_name': 'Boston Bibb', 'lettuce_type': 'butterhead', 'maturity_days': 60}","{'growth_rate': 0.5, 'leaf_size': 0.5, 'yield_potential': 0.5, 'disease_resistance': 0.5, 'heat_tolerance': 0.5, 'cold_tolerance': 0.5, 'bolting_tolerance': 0.5, 'chlorophyll_content': 0.5, 'root_development': 0.5, 'plant_architecture': 0.5, <GeneticTrait.GROWTH_RATE: 'growth_rate'>: 0.7}",{},0.0000,0.0000,"{'growth_rate': 0.5, 'leaf_size': 0.5, 'yield_potential': 0.5, 'disease_resistance': 0.5, 'heat_tolerance': 0.5, 'cold_tolerance': 0.5, 'bolting_tolerance': 0.5, 'chlorophyll_content': 0.5, 'root_development': 0.5, 'plant_architecture': 0.5, <GeneticTrait.GROWTH_RATE: 'growth_rate'>: 0.7}",{},{},2905560.0000,0.0000,1154,2025-10-06T15:30:35.707191
578,25,1,2025-10-06 15:30:35.986107,Boston Bibb,butterhead,{},"{'cultivar_name': 'Boston Bibb', 'lettuce_type': 'butterhead', 'maturity_days': 60}","{'growth_rate': 0.5, 'leaf_size': 0.5, 'yield_potential': 0.5, 'disease_resistance': 0.5, 'heat_tolerance': 0.5, 'cold_tolerance': 0.5, 'bolting_tolerance': 0.5, 'chlorophyll_content': 0.5, 'root_development': 0.5, 'plant_architecture': 0.5, <GeneticTrait.GROWTH_RATE: 'growth_rate'>: 0.7}",{},0.0000,0.0000,"{'growth_rate': 0.5, 'leaf_size': 0.5, 'yield_potential': 0.5, 'disease_resistance': 0.5, 'heat_tolerance': 0.5, 'cold_tolerance': 0.5, 'bolting_tolerance': 0.5, 'chlorophyll_content': 0.5, 'root_development': 0.5, 'plant_architecture': 0.5, <GeneticTrait.GROWTH_RATE: 'growth_rate'>: 0.7}",{},{},2910600.0000,5040.0000,1156,2025-10-06T15:30:35.854057
579,25,2,2025-10-06 15:30:36.130084,Boston Bibb,butterhead,{},"{'cultivar_name': 'Boston Bibb', 'lettuce_type': 'butterhead', 'maturity_days': 60}","{'growth_rate': 0.5, 'leaf_size': 0.5, 'yield_potential': 0.5, 'disease_resistance': 0.5, 'heat_tolerance': 0.5, 'cold_tolerance': 0.5, 'bolting_tolerance': 0.5, 'chlorophyll_content': 0.5, 'root_development': 0.5, 'plant_architecture': 0.5, <GeneticTrait.GROWTH_RATE: 'growth_rate'>: 0.7}",{},0.0000,0.0000,"{'growth_rate': 0.5, 'leaf_size': 0.5, 'yield_potential': 0.5, 'disease_resistance': 0.5, 'heat_tolerance': 0.5, 'cold_tolerance': 0.5, 'bolting_tolerance': 0.5, 'chlorophyll_content': 0.5, 'root_development': 0.5, 'plant_architecture': 0.5, <GeneticTrait.GROWTH_RATE: 'growth_rate'>: 0.7}",{},{},2915640.0000,10080.0000,1158,2025-10-06T15:30:35.999265
580,25,3,2025-10-06 15:30:36.273794,Boston Bibb,butterhead,{},"{'cultivar_name': 'Boston Bibb', 'lettuce_type': 'butterhead', 'maturity_days': 60}","{'growth_rate': 0.5, 'leaf_size': 0.5, 'yield_potential': 0.5, 'disease_resistance': 0.5, 'heat_tolerance': 0.5, 'cold_tolerance': 0.5, 'bolting_tolerance': 0.5, 'chlorophyll_content': 0.5, 'root_development': 0.5, 'plant_architecture': 0.5, <GeneticTrait.GROWTH_RATE: 'growth_rate'>: 0.7}",{},0.0000,0.0000,"{'growth_rate': 0.5, 'leaf_size': 0.5, 'yield_potential': 0.5, 'disease_resistance': 0.5, 'heat_tolerance': 0.5, 'cold_tolerance': 0.5, 'bolting_tolerance': 0.5, 'chlorophyll_content': 0.5, 'root_development': 0.5, 'plant_architecture': 0.5, <GeneticTrait.GROWTH_RATE: 'growth_rate'>: 0.7}",{},{},2920680.0000,15120.0000,1160,2025-10-06T15:30:36.142113
581,25,4,2025-10-06 15:30:36.413373,Boston Bibb,butterhead,{},"{'cultivar_name': 'Boston Bibb', 'lettuce_type': 'butterhead', 'maturity_days': 60}","{'growth_rate': 0.5, 'leaf_size': 0.5, 'yield_potential': 0.5, 'disease_resistance': 0.5, 'heat_tolerance': 0.5, 'cold_tolerance': 0.5, 'bolting_tolerance': 0.5, 'chlorophyll_content': 0.5, 'root_development': 0.5, 'plant_architecture': 0.5, <GeneticTrait.GROWTH_RATE: 'growth_rate'>: 0.7}",{},0.0000,0.0000,"{'growth_rate': 0.5, 'leaf_size': 0.5, 'yield_potential': 0.5, 'disease_resistance': 0.5, 'heat_tolerance': 0.5, 'cold_tolerance': 0.5, 'bolting_tolerance': 0.5, 'chlorophyll_content': 0.5, 'root_development': 0.5, 'plant_architecture': 0.5, <GeneticTrait.GROWTH_RATE: 'growth_rate'>: 0.7}",{},{},2925720.0000,20160.0000,1162,2025-10-06T15:30:36.286601
582,25,5,2025-10-06 15:30:36.557175,Boston Bibb,butterhead,{},"{'cultivar_name': 'Boston Bibb', 'lettuce_type': 'butterhead', 'maturity_days': 60}","{'growth_rate': 0.5, 'leaf_size': 0.5, 'yield_potential': 0.5, 'disease_resistance': 0.5, 'heat_tolerance': 0.5, 'cold_tolerance': 0.5, 'bolting_tolerance': 0.5, 'chlorophyll_content': 0.5, 'root_development': 0.5, 'plant_architecture': 0.5, <GeneticTrait.GROWTH_RATE: 'growth_rate'>: 0.7}",{},0.0000,0.0000,"{'growth_rate': 0.5, 'leaf_size': 0.5, 'yield_potential': 0.5, 'disease_resistance': 0.5, 'heat_tolerance': 0.5, 'cold_tolerance': 0.5, 'bolting_tolerance': 0.5, 'chlorophyll_content': 0.5, 'root_development': 0.5, 'plant_architecture': 0.5, <GeneticTrait.GROWTH_RATE: 'growth_rate'>: 0.7}",{},{},2930760.0000,25200.0000,1164,2025-10-06T15:30:36.425297
583,25,6,2025-10-06 15:30:36.705006,Boston Bibb,butterhead,{},"{'cultivar_name': 'Boston Bibb', 'lettuce_type': 'butterhead', 'maturity_days': 60}","{'growth_rate': 0.5, 'leaf_size': 0.5, 'yield_potential': 0.5, 'disease_resistance': 0.5, 'heat_tolerance': 0.5, 'cold_tolerance': 0.5, 'bolting_tolerance': 0.5, 'chlorophyll_content': 0.5, 'root_development': 0.5, 'plant_architecture': 0.5, <GeneticTrait.GROWTH_RATE: 'growth_rate'>: 0.7}",{},0.0000,0.0000,"{'growth_rate': 0.5, 'leaf_size': 0.5, 'yield_potential': 0.5, 'disease_resistance': 0.5, 'heat_tolerance': 0.5, 'cold_tolerance': 0.5, 'bolting_tolerance': 0.5, 'chlorophyll_content': 0.5, 'root_development': 0.5, 'plant_architecture': 0.5, <GeneticTrait.GROWTH_RATE: 'growth_rate'>: 0.7}",{},{},2935800.0000,30240.0000,1166,2025-10-06T15:30:36.570945
584,25,7,2025-10-06 15:30:36.847434,Boston Bibb,butterhead,{},"{'cultivar_name': 'Boston Bibb', 'lettuce_type': 'butterhead', 'maturity_days': 60}","{'growth_rate': 0.5, 'leaf_size': 0.5, 'yield_potential': 0.5, 'disease_resistance': 0.5, 'heat_tolerance': 0.5, 'cold_tolerance': 0.5, 'bolting_tolerance': 0.5, 'chlorophyll_content': 0.5, 'root_development': 0.5, 'plant_architecture': 0.5, <GeneticTrait.GROWTH_RATE: 'growth_rate'>: 0.7}",{},0.0000,0.0000,"{'growth_rate': 0.5, 'leaf_size': 0.5, 'yield_potential': 0.5, 'disease_resistance': 0.5, 'heat_tolerance': 0.5, 'cold_tolerance': 0.5, 'bolting_tolerance': 0.5, 'chlorophyll_content': 0.5, 'root_development': 0.5, 'plant_architecture': 0.5, <GeneticTrait.GROWTH_RATE: 'growth_rate'>: 0.7}",{},{},2940840.0000,35280.0000,1168,2025-10-06T15:30:36.719049
585,25,8,2025-10-06 15:30:36.994405,Boston Bibb,butterhead,{},"{'cultivar_name': 'Boston Bibb', 'lettuce_type': 'butterhead', 'maturity_days': 60}","{'growth_rate': 0.5, 'leaf_size': 0.5, 'yield_potential': 0.5, 'disease_resistance': 0.5, 'heat_tolerance': 0.5, 'cold_tolerance': 0.5, 'bolting_tolerance': 0.5, 'chlorophyll_content': 0.5, 'root_development': 0.5, 'plant_architecture': 0.5, <GeneticTrait.GROWTH_RATE: 'growth_rate'>: 0.7}",{},0.0000,0.0000,"{'growth_rate': 0.5, 'leaf_size': 0.5, 'yield_potential': 0.5, 'disease_resistance': 0.5, 'heat_tolerance': 0.5, 'cold_tolerance': 0.5, 'bolting_tolerance': 0.5, 'chlorophyll_content': 0.5, 'root_development': 0.5, 'plant_architecture': 0.5, <GeneticTrait.GROWTH_RATE: 'growth_rate'>: 0.7}",{},{},2945880.0000,40320.0000,1170,2025-10-06T15:30:36.861647
586,25,9,2025-10-06 15:30:37.141867,Boston Bibb,butterhead,{},"{'cultivar_name': 'Boston Bibb', 'lettuce_type': 'butterhead', 'maturity_days': 60}","{'growth_rate': 0.5, 'leaf_size': 0.5, 'yield_potential': 0.5, 'disease_resistance': 0.5, 'heat_tolerance': 0.5, 'cold_tolerance': 0.5, 'bolting_tolerance': 0.5, 'chlorophyll_content': 0.5, 'root_development': 0.5, 'plant_architecture': 0.5, <GeneticTrait.GROWTH_RATE: 'growth_rate'>: 0.7}",{},0.0000,0.0000,"{'growth_rate': 0.5, 'leaf_size': 0.5, 'yield_potential': 0.5, 'disease_resistance': 0.5, 'heat_tolerance': 0.5, 'cold_tolerance': 0.5, 'bolting_tolerance': 0.5, 'chlorophyll_content': 0.5, 'root_development': 0.5, 'plant_architecture': 0.5, <GeneticTrait.GROWTH_RATE: 'growth_rate'>: 0.7}",{},{},2950920.0000,45360.0000,1172,2025-10-06T15:30:37.007838
587,25,10,2025-10-06 15:30:37.290665,Boston Bibb,butterhead,{},"{'cultivar_name': 'Boston Bibb', 'lettuce_type': 'butterhead', 'maturity_days': 60}","{'growth_rate': 0.5, 'leaf_size': 0.5, 'yield_potential': 0.5, 'disease_resistance': 0.5, 'heat_tolerance': 0.5, 'cold_tolerance': 0.5, 'bolting_tolerance': 0.5, 'chlorophyll_content': 0.5, 'root_development': 0.5, 'plant_architecture': 0.5, <GeneticTrait.GROWTH_RATE: 'growth_rate'>: 0.7}",{},0.0000,0.0000,"{'growth_rate': 0.5, 'leaf_size': 0.5, 'yield_potential': 0.5, 'disease_resistance': 0.5, 'heat_tolerance': 0.5, 'cold_tolerance': 0.5, 'bolting_tolerance': 0.5, 'chlorophyll_content': 0.5, 'root_development': 0.5, 'plant_architecture': 0.5, <GeneticTrait.GROWTH_RATE: 'growth_rate'>: 0.7}",{},{},2955960.0000,50400.0000,1174,2025-10-06T15:30:37.154980
588,25,11,2025-10-06 15:30:37.437136,Boston Bibb,butterhead,{},"{'cultivar_name': 'Boston Bibb', 'lettuce_type': 'butterhead', 'maturity_days': 60}","{'growth_rate': 0.5, 'leaf_size': 0.5, 'yield_potential': 0.5, 'disease_resistance': 0.5, 'heat_tolerance': 0.5, 'cold_tolerance': 0.5, 'bolting_tolerance': 0.5, 'chlorophyll_content': 0.5, 'root_development': 0.5, 'plant_architecture': 0.5, <GeneticTrait.GROWTH_RATE: 'growth_rate'>: 0.7}",{},0.0000,0.0000,"{'growth_rate': 0.5, 'leaf_size': 0.5, 'yield_potential': 0.5, 'disease_resistance': 0.5, 'heat_tolerance': 0.5, 'cold_tolerance': 0.5, 'bolting_tolerance': 0.5, 'chlorophyll_content': 0.5, 'root_development': 0.5, 'plant_architecture': 0.5, <GeneticTrait.GROWTH_RATE: 'growth_rate'>: 0.7}",{},{},2961000.0000,55440.0000,1176,2025-10-06T15:30:37.304683
589,25,12,2025-10-06 15:30:37.589268,Boston Bibb,butterhead,{},"{'cultivar_name': 'Boston Bibb', 'lettuce_type': 'butterhead', 'maturity_days': 60}","{'growth_rate': 0.5, 'leaf_size': 0.5, 'yield_potential': 0.5, 'disease_resistance': 0.5, 'heat_tolerance': 0.5, 'cold_tolerance': 0.5, 'bolting_tolerance': 0.5, 'chlorophyll_content': 0.5, 'root_development': 0.5, 'plant_architecture': 0.5, <GeneticTrait.GROWTH_RATE: 'growth_rate'>: 0.7}",{},0.0000,0.0000,"{'growth_rate': 0.5, 'leaf_size': 0.5, 'yield_potential': 0.5, 'disease_resistance': 0.5, 'heat_tolerance': 0.5, 'cold_tolerance': 0.5, 'bolting_tolerance': 0.5, 'chlorophyll_content': 0.5, 'root_development': 0.5, 'plant_architecture': 0.5, <GeneticTrait.GROWTH_RATE: 'growth_rate'>: 0.7}",{},{},2966040.0000,60480.0000,1178,2025-10-06T15:30:37.451028
590,25,13,2025-10-06 15:30:37.735584,Boston Bibb,butterhead,{},"{'cultivar_name': 'Boston Bibb', 'lettuce_type': 'butterhead', 'maturity_days': 60}","{'growth_rate': 0.5, 'leaf_size': 0.5, 'yield_potential': 0.5, 'disease_resistance': 0.5, 'heat_tolerance': 0.5, 'cold_tolerance': 0.5, 'bolting_tolerance': 0.5, 'chlorophyll_content': 0.5, 'root_development': 0.5, 'plant_architecture': 0.5, <GeneticTrait.GROWTH_RATE: 'growth_rate'>: 0.7}",{},0.0000,0.0000,"{'growth_rate': 0.5, 'leaf_size': 0.5, 'yield_potential': 0.5, 'disease_resistance': 0.5, 'heat_tolerance': 0.5, 'cold_tolerance': 0.5, 'bolting_tolerance': 0.5, 'chlorophyll_content': 0.5, 'root_development': 0.5, 'plant_architecture': 0.5, <GeneticTrait.GROWTH_RATE: 'growth_rate'>: 0.7}",{},{},2971080.0000,65520.0000,1180,2025-10-06T15:30:37.602461
591,25,14,2025-10-06 15:30:37.883266,Boston Bibb,butterhead,{},"{'cultivar_name': 'Boston Bibb', 'lettuce_type': 'butterhead', 'maturity_days': 60}","{'growth_rate': 0.5, 'leaf_size': 0.5, 'yield_potential': 0.5, 'disease_resistance': 0.5, 'heat_tolerance': 0.5, 'cold_tolerance': 0.5, 'bolting_tolerance': 0.5, 'chlorophyll_content': 0.5, 'root_development': 0.5, 'plant_architecture': 0.5, <GeneticTrait.GROWTH_RATE: 'growth_rate'>: 0.7}",{},0.0000,0.0000,"{'growth_rate': 0.5, 'leaf_size': 0.5, 'yield_potential': 0.5, 'disease_resistance': 0.5, 'heat_tolerance': 0.5, 'cold_tolerance': 0.5, 'bolting_tolerance': 0.5, 'chlorophyll_content': 0.5, 'root_development': 0.5, 'plant_architecture': 0.5, <GeneticTrait.GROWTH_RATE: 'growth_rate'>: 0.7}",{},{},2976120.0000,70560.0000,1182,2025-10-06T15:30:37.748601
592,25,15,2025-10-06 15:30:38.034255,Boston Bibb,butterhead,{},"{'cultivar_name': 'Boston Bibb', 'lettuce_type': 'butterhead', 'maturity_days': 60}","{'growth_rate': 0.5, 'leaf_size': 0.5, 'yield_potential': 0.5, 'disease_resistance': 0.5, 'heat_tolerance': 0.5, 'cold_tolerance': 0.5, 'bolting_tolerance': 0.5, 'chlorophyll_content': 0.5, 'root_development': 0.5, 'plant_architecture': 0.5, <GeneticTrait.GROWTH_RATE: 'growth_rate'>: 0.7}",{},0.0000,0.0000,"{'growth_rate': 0.5, 'leaf_size': 0.5, 'yield_potential': 0.5, 'disease_resistance': 0.5, 'heat_tolerance': 0.5, 'cold_tolerance': 0.5, 'bolting_tolerance': 0.5, 'chlorophyll_content': 0.5, 'root_development': 0.5, 'plant_architecture': 0.5, <GeneticTrait.GROWTH_RATE: 'growth_rate'>: 0.7}",{},{},2981160.0000,75600.0000,1184,2025-10-06T15:30:37.897259
593,25,16,2025-10-06 15:30:38.182020,Boston Bibb,butterhead,{},"{'cultivar_name': 'Boston Bibb', 'lettuce_type': 'butterhead', 'maturity_days': 60}","{'growth_rate': 0.5, 'leaf_size': 0.5, 'yield_potential': 0.5, 'disease_resistance': 0.5, 'heat_tolerance': 0.5, 'cold_tolerance': 0.5, 'bolting_tolerance': 0.5, 'chlorophyll_content': 0.5, 'root_development': 0.5, 'plant_architecture': 0.5, <GeneticTrait.GROWTH_RATE: 'growth_rate'>: 0.7}",{},0.0000,0.0000,"{'growth_rate': 0.5, 'leaf_size': 0.5, 'yield_potential': 0.5, 'disease_resistance': 0.5, 'heat_tolerance': 0.5, 'cold_tolerance': 0.5, 'bolting_tolerance': 0.5, 'chlorophyll_content': 0.5, 'root_development': 0.5, 'plant_architecture': 0.5, <GeneticTrait.GROWTH_RATE: 'growth_rate'>: 0.7}",{},{},2986200.0000,80640.0000,1186,2025-10-06T15:30:38.048446
594,25,17,2025-10-06 15:30:38.328438,Boston Bibb,butterhead,{},"{'cultivar_name': 'Boston Bibb', 'lettuce_type': 'butterhead', 'maturity_days': 60}","{'growth_rate': 0.5, 'leaf_size': 0.5, 'yield_potential': 0.5, 'disease_resistance': 0.5, 'heat_tolerance': 0.5, 'cold_tolerance': 0.5, 'bolting_tolerance': 0.5, 'chlorophyll_content': 0.5, 'root_development': 0.5, 'plant_architecture': 0.5, <GeneticTrait.GROWTH_RATE: 'growth_rate'>: 0.7}",{},0.0000,0.0000,"{'growth_rate': 0.5, 'leaf_size': 0.5, 'yield_potential': 0.5, 'disease_resistance': 0.5, 'heat_tolerance': 0.5, 'cold_tolerance': 0.5, 'bolting_tolerance': 0.5, 'chlorophyll_content': 0.5, 'root_development': 0.5, 'plant_architecture': 0.5, <GeneticTrait.GROWTH_RATE: 'growth_rate'>: 0.7}",{},{},2991240.0000,85680.0000,1188,2025-10-06T15:30:38.196200
595,25,18,2025-10-06 15:30:38.477847,Boston Bibb,butterhead,{},"{'cultivar_name': 'Boston Bibb', 'lettuce_type': 'butterhead', 'maturity_days': 60}","{'growth_rate': 0.5, 'leaf_size': 0.5, 'yield_potential': 0.5, 'disease_resistance': 0.5, 'heat_tolerance': 0.5, 'cold_tolerance': 0.5, 'bolting_tolerance': 0.5, 'chlorophyll_content': 0.5, 'root_development': 0.5, 'plant_architecture': 0.5, <GeneticTrait.GROWTH_RATE: 'growth_rate'>: 0.7}",{},0.0000,0.0000,"{'growth_rate': 0.5, 'leaf_size': 0.5, 'yield_potential': 0.5, 'disease_resistance': 0.5, 'heat_tolerance': 0.5, 'cold_tolerance': 0.5, 'bolting_tolerance': 0.5, 'chlorophyll_content': 0.5, 'root_development': 0.5, 'plant_architecture': 0.5, <GeneticTrait.GROWTH_RATE: 'growth_rate'>: 0.7}",{},{},2996280.0000,90720.0000,1190,2025-10-06T15:30:38.341855
596,25,19,2025-10-06 15:30:38.625189,Boston Bibb,butterhead,{},"{'cultivar_name': 'Boston Bibb', 'lettuce_type': 'butterhead', 'maturity_days': 60}","{'growth_rate': 0.5, 'leaf_size': 0.5, 'yield_potential': 0.5, 'disease_resistance': 0.5, 'heat_tolerance': 0.5, 'cold_tolerance': 0.5, 'bolting_tolerance': 0.5, 'chlorophyll_content': 0.5, 'root_development': 0.5, 'plant_architecture': 0.5, <GeneticTrait.GROWTH_RATE: 'growth_rate'>: 0.7}",{},0.0000,0.0000,"{'growth_rate': 0.5, 'leaf_size': 0.5, 'yield_potential': 0.5, 'disease_resistance': 0.5, 'heat_tolerance': 0.5, 'cold_tolerance': 0.5, 'bolting_tolerance': 0.5, 'chlorophyll_content': 0.5, 'root_development': 0.5, 'plant_architecture': 0.5, <GeneticTrait.GROWTH_RATE: 'growth_rate'>: 0.7}",{},{},3001320.0000,95760.0000,1192,2025-10-06T15:30:38.490931
597,25,20,2025-10-06 15:30:38.770812,Boston Bibb,butterhead,{},"{'cultivar_name': 'Boston Bibb', 'lettuce_type': 'butterhead', 'maturity_days': 60}","{'growth_rate': 0.5, 'leaf_size': 0.5, 'yield_potential': 0.5, 'disease_resistance': 0.5, 'heat_tolerance': 0.5, 'cold_tolerance': 0.5, 'bolting_tolerance': 0.5, 'chlorophyll_content': 0.5, 'root_development': 0.5, 'plant_architecture': 0.5, <GeneticTrait.GROWTH_RATE: 'growth_rate'>: 0.7}",{},0.0000,0.0000,"{'growth_rate': 0.5, 'leaf_size': 0.5, 'yield_potential': 0.5, 'disease_resistance': 0.5, 'heat_tolerance': 0.5, 'cold_tolerance': 0.5, 'bolting_tolerance': 0.5, 'chlorophyll_content': 0.5, 'root_development': 0.5, 'plant_architecture': 0.5, <GeneticTrait.GROWTH_RATE: 'growth_rate'>: 0.7}",{},{},3006360.0000,100800.0000,1194,2025-10-06T15:30:38.637062
598,25,21,2025-10-06 15:30:38.919660,Boston Bibb,butterhead,{},"{'cultivar_name': 'Boston Bibb', 'lettuce_type': 'butterhead', 'maturity_days': 60}","{'growth_rate': 0.5, 'leaf_size': 0.5, 'yield_potential': 0.5, 'disease_resistance': 0.5, 'heat_tolerance': 0.5, 'cold_tolerance': 0.5, 'bolting_tolerance': 0.5, 'chlorophyll_content': 0.5, 'root_development': 0.5, 'plant_architecture': 0.5, <GeneticTrait.GROWTH_RATE: 'growth_rate'>: 0.7}",{},0.0000,0.0000,"{'growth_rate': 0.5, 'leaf_size': 0.5, 'yield_potential': 0.5, 'disease_resistance': 0.5, 'heat_tolerance': 0.5, 'cold_tolerance': 0.5, 'bolting_tolerance': 0.5, 'chlorophyll_content': 0.5, 'root_development': 0.5, 'plant_architecture': 0.5, <GeneticTrait.GROWTH_RATE: 'growth_rate'>: 0.7}",{},{},3011400.0000,105840.0000,1196,2025-10-06T15:30:38.783112
599,25,22,2025-10-06 15:30:39.070491,Boston Bibb,butterhead,{},"{'cultivar_name': 'Boston Bibb', 'lettuce_type': 'butterhead', 'maturity_days': 60}","{'growth_rate': 0.5, 'leaf_size': 0.5, 'yield_potential': 0.5, 'disease_resistance': 0.5, 'heat_tolerance': 0.5, 'cold_tolerance': 0.5, 'bolting_tolerance': 0.5, 'chlorophyll_content': 0.5, 'root_development': 0.5, 'plant_architecture': 0.5, <GeneticTrait.GROWTH_RATE: 'growth_rate'>: 0.7}",{},0.0000,0.0000,"{'growth_rate': 0.5, 'leaf_size': 0.5, 'yield_potential': 0.5, 'disease_resistance': 0.5, 'heat_tolerance': 0.5, 'cold_tolerance': 0.5, 'bolting_tolerance': 0.5, 'chlorophyll_content': 0.5, 'root_development': 0.5, 'plant_architecture': 0.5, <GeneticTrait.GROWTH_RATE: 'growth_rate'>: 0.7}",{},{},3016440.0000,110880.0000,1198,2025-10-06T15:30:38.933545
600,25,23,2025-10-06 15:30:39.220337,Boston Bibb,butterhead,{},"{'cultivar_name': 'Boston Bibb', 'lettuce_type': 'butterhead', 'maturity_days': 60}","{'growth_rate': 0.5, 'leaf_size': 0.5, 'yield_potential': 0.5, 'disease_resistance': 0.5, 'heat_tolerance': 0.5, 'cold_tolerance': 0.5, 'bolting_tolerance': 0.5, 'chlorophyll_content': 0.5, 'root_development': 0.5, 'plant_architecture': 0.5, <GeneticTrait.GROWTH_RATE: 'growth_rate'>: 0.7}",{},0.0000,0.0000,"{'growth_rate': 0.5, 'leaf_size': 0.5, 'yield_potential': 0.5, 'disease_resistance': 0.5, 'heat_tolerance': 0.5, 'cold_tolerance': 0.5, 'bolting_tolerance': 0.5, 'chlorophyll_content': 0.5, 'root_development': 0.5, 'plant_architecture': 0.5, <GeneticTrait.GROWTH_RATE: 'growth_rate'>: 0.7}",{},{},3021480.0000,115920.0000,1200,2025-10-06T15:30:39.084650
601,26,0,2025-10-06 15:30:39.370615,Boston Bibb,butterhead,{},"{'cultivar_name': 'Boston Bibb', 'lettuce_type': 'butterhead', 'maturity_days': 60}","{'growth_rate': 0.5, 'leaf_size': 0.5, 'yield_potential': 0.5, 'disease_resistance': 0.5, 'heat_tolerance': 0.5, 'cold_tolerance': 0.5, 'bolting_tolerance': 0.5, 'chlorophyll_content': 0.5, 'root_development': 0.5, 'plant_architecture': 0.5, <GeneticTrait.GROWTH_RATE: 'growth_rate'>: 0.7}",{},0.0000,0.0000,"{'growth_rate': 0.5, 'leaf_size': 0.5, 'yield_potential': 0.5, 'disease_resistance': 0.5, 'heat_tolerance': 0.5, 'cold_tolerance': 0.5, 'bolting_tolerance': 0.5, 'chlorophyll_content': 0.5, 'root_development': 0.5, 'plant_architecture': 0.5, <GeneticTrait.GROWTH_RATE: 'growth_rate'>: 0.7}",{},{},3026520.0000,0.0000,1202,2025-10-06T15:30:39.234446
602,26,1,2025-10-06 15:30:39.524404,Boston Bibb,butterhead,{},"{'cultivar_name': 'Boston Bibb', 'lettuce_type': 'butterhead', 'maturity_days': 60}","{'growth_rate': 0.5, 'leaf_size': 0.5, 'yield_potential': 0.5, 'disease_resistance': 0.5, 'heat_tolerance': 0.5, 'cold_tolerance': 0.5, 'bolting_tolerance': 0.5, 'chlorophyll_content': 0.5, 'root_development': 0.5, 'plant_architecture': 0.5, <GeneticTrait.GROWTH_RATE: 'growth_rate'>: 0.7}",{},0.0000,0.0000,"{'growth_rate': 0.5, 'leaf_size': 0.5, 'yield_potential': 0.5, 'disease_resistance': 0.5, 'heat_tolerance': 0.5, 'cold_tolerance': 0.5, 'bolting_tolerance': 0.5, 'chlorophyll_content': 0.5, 'root_development': 0.5, 'plant_architecture': 0.5, <GeneticTrait.GROWTH_RATE: 'growth_rate'>: 0.7}",{},{},3031560.0000,5040.0000,1204,2025-10-06T15:30:39.384598
603,26,2,2025-10-06 15:30:39.674173,Boston Bibb,butterhead,{},"{'cultivar_name': 'Boston Bibb', 'lettuce_type': 'butterhead', 'maturity_days': 60}","{'growth_rate': 0.5, 'leaf_size': 0.5, 'yield_potential': 0.5, 'disease_resistance': 0.5, 'heat_tolerance': 0.5, 'cold_tolerance': 0.5, 'bolting_tolerance': 0.5, 'chlorophyll_content': 0.5, 'root_development': 0.5, 'plant_architecture': 0.5, <GeneticTrait.GROWTH_RATE: 'growth_rate'>: 0.7}",{},0.0000,0.0000,"{'growth_rate': 0.5, 'leaf_size': 0.5, 'yield_potential': 0.5, 'disease_resistance': 0.5, 'heat_tolerance': 0.5, 'cold_tolerance': 0.5, 'bolting_tolerance': 0.5, 'chlorophyll_content': 0.5, 'root_development': 0.5, 'plant_architecture': 0.5, <GeneticTrait.GROWTH_RATE: 'growth_rate'>: 0.7}",{},{},3036600.0000,10080.0000,1206,2025-10-06T15:30:39.537212
604,26,3,2025-10-06 15:30:39.824787,Boston Bibb,butterhead,{},"{'cultivar_name': 'Boston Bibb', 'lettuce_type': 'butterhead', 'maturity_days': 60}","{'growth_rate': 0.5, 'leaf_size': 0.5, 'yield_potential': 0.5, 'disease_resistance': 0.5, 'heat_tolerance': 0.5, 'cold_tolerance': 0.5, 'bolting_tolerance': 0.5, 'chlorophyll_content': 0.5, 'root_development': 0.5, 'plant_architecture': 0.5, <GeneticTrait.GROWTH_RATE: 'growth_rate'>: 0.7}",{},0.0000,0.0000,"{'growth_rate': 0.5, 'leaf_size': 0.5, 'yield_potential': 0.5, 'disease_resistance': 0.5, 'heat_tolerance': 0.5, 'cold_tolerance': 0.5, 'bolting_tolerance': 0.5, 'chlorophyll_content': 0.5, 'root_development': 0.5, 'plant_architecture': 0.5, <GeneticTrait.GROWTH_RATE: 'growth_rate'>: 0.7}",{},{},3041640.0000,15120.0000,1208,2025-10-06T15:30:39.688345
605,26,4,2025-10-06 15:30:39.971002,Boston Bibb,butterhead,{},"{'cultivar_name': 'Boston Bibb', 'lettuce_type': 'butterhead', 'maturity_days': 60}","{'growth_rate': 0.5, 'leaf_size': 0.5, 'yield_potential': 0.5, 'disease_resistance': 0.5, 'heat_tolerance': 0.5, 'cold_tolerance': 0.5, 'bolting_tolerance': 0.5, 'chlorophyll_content': 0.5, 'root_development': 0.5, 'plant_architecture': 0.5, <GeneticTrait.GROWTH_RATE: 'growth_rate'>: 0.7}",{},0.0000,0.0000,"{'growth_rate': 0.5, 'leaf_size': 0.5, 'yield_potential': 0.5, 'disease_resistance': 0.5, 'heat_tolerance': 0.5, 'cold_tolerance': 0.5, 'bolting_tolerance': 0.5, 'chlorophyll_content': 0.5, 'root_development': 0.5, 'plant_architecture': 0.5, <GeneticTrait.GROWTH_RATE: 'growth_rate'>: 0.7}",{},{},3046680.0000,20160.0000,1210,2025-10-06T15:30:39.837730
606,26,5,2025-10-06 15:30:40.120050,Boston Bibb,butterhead,{},"{'cultivar_name': 'Boston Bibb', 'lettuce_type': 'butterhead', 'maturity_days': 60}","{'growth_rate': 0.5, 'leaf_size': 0.5, 'yield_potential': 0.5, 'disease_resistance': 0.5, 'heat_tolerance': 0.5, 'cold_tolerance': 0.5, 'bolting_tolerance': 0.5, 'chlorophyll_content': 0.5, 'root_development': 0.5, 'plant_architecture': 0.5, <GeneticTrait.GROWTH_RATE: 'growth_rate'>: 0.7}",{},0.0000,0.0000,"{'growth_rate': 0.5, 'leaf_size': 0.5, 'yield_potential': 0.5, 'disease_resistance': 0.5, 'heat_tolerance': 0.5, 'cold_tolerance': 0.5, 'bolting_tolerance': 0.5, 'chlorophyll_content': 0.5, 'root_development': 0.5, 'plant_architecture': 0.5, <GeneticTrait.GROWTH_RATE: 'growth_rate'>: 0.7}",{},{},3051720.0000,25200.0000,1212,2025-10-06T15:30:39.985139
607,26,6,2025-10-06 15:30:40.268032,Boston Bibb,butterhead,{},"{'cultivar_name': 'Boston Bibb', 'lettuce_type': 'butterhead', 'maturity_days': 60}","{'growth_rate': 0.5, 'leaf_size': 0.5, 'yield_potential': 0.5, 'disease_resistance': 0.5, 'heat_tolerance': 0.5, 'cold_tolerance': 0.5, 'bolting_tolerance': 0.5, 'chlorophyll_content': 0.5, 'root_development': 0.5, 'plant_architecture': 0.5, <GeneticTrait.GROWTH_RATE: 'growth_rate'>: 0.7}",{},0.0000,0.0000,"{'growth_rate': 0.5, 'leaf_size': 0.5, 'yield_potential': 0.5, 'disease_resistance': 0.5, 'heat_tolerance': 0.5, 'cold_tolerance': 0.5, 'bolting_tolerance': 0.5, 'chlorophyll_content': 0.5, 'root_development': 0.5, 'plant_architecture': 0.5, <GeneticTrait.GROWTH_RATE: 'growth_rate'>: 0.7}",{},{},3056760.0000,30240.0000,1214,2025-10-06T15:30:40.133282
608,26,7,2025-10-06 15:30:40.419671,Boston Bibb,butterhead,{},"{'cultivar_name': 'Boston Bibb', 'lettuce_type': 'butterhead', 'maturity_days': 60}","{'growth_rate': 0.5, 'leaf_size': 0.5, 'yield_potential': 0.5, 'disease_resistance': 0.5, 'heat_tolerance': 0.5, 'cold_tolerance': 0.5, 'bolting_tolerance': 0.5, 'chlorophyll_content': 0.5, 'root_development': 0.5, 'plant_architecture': 0.5, <GeneticTrait.GROWTH_RATE: 'growth_rate'>: 0.7}",{},0.0000,0.0000,"{'growth_rate': 0.5, 'leaf_size': 0.5, 'yield_potential': 0.5, 'disease_resistance': 0.5, 'heat_tolerance': 0.5, 'cold_tolerance': 0.5, 'bolting_tolerance': 0.5, 'chlorophyll_content': 0.5, 'root_development': 0.5, 'plant_architecture': 0.5, <GeneticTrait.GROWTH_RATE: 'growth_rate'>: 0.7}",{},{},3061800.0000,35280.0000,1216,2025-10-06T15:30:40.282307
609,26,8,2025-10-06 15:30:40.567900,Boston Bibb,butterhead,{},"{'cultivar_name': 'Boston Bibb', 'lettuce_type': 'butterhead', 'maturity_days': 60}","{'growth_rate': 0.5, 'leaf_size': 0.5, 'yield_potential': 0.5, 'disease_resistance': 0.5, 'heat_tolerance': 0.5, 'cold_tolerance': 0.5, 'bolting_tolerance': 0.5, 'chlorophyll_content': 0.5, 'root_development': 0.5, 'plant_architecture': 0.5, <GeneticTrait.GROWTH_RATE: 'growth_rate'>: 0.7}",{},0.0000,0.0000,"{'growth_rate': 0.5, 'leaf_size': 0.5, 'yield_potential': 0.5, 'disease_resistance': 0.5, 'heat_tolerance': 0.5, 'cold_tolerance': 0.5, 'bolting_tolerance': 0.5, 'chlorophyll_content': 0.5, 'root_development': 0.5, 'plant_architecture': 0.5, <GeneticTrait.GROWTH_RATE: 'growth_rate'>: 0.7}",{},{},3066840.0000,40320.0000,1218,2025-10-06T15:30:40.433754
610,26,9,2025-10-06 15:30:40.715808,Boston Bibb,butterhead,{},"{'cultivar_name': 'Boston Bibb', 'lettuce_type': 'butterhead', 'maturity_days': 60}","{'growth_rate': 0.5, 'leaf_size': 0.5, 'yield_potential': 0.5, 'disease_resistance': 0.5, 'heat_tolerance': 0.5, 'cold_tolerance': 0.5, 'bolting_tolerance': 0.5, 'chlorophyll_content': 0.5, 'root_development': 0.5, 'plant_architecture': 0.5, <GeneticTrait.GROWTH_RATE: 'growth_rate'>: 0.7}",{},0.0000,0.0000,"{'growth_rate': 0.5, 'leaf_size': 0.5, 'yield_potential': 0.5, 'disease_resistance': 0.5, 'heat_tolerance': 0.5, 'cold_tolerance': 0.5, 'bolting_tolerance': 0.5, 'chlorophyll_content': 0.5, 'root_development': 0.5, 'plant_architecture': 0.5, <GeneticTrait.GROWTH_RATE: 'growth_rate'>: 0.7}",{},{},3071880.0000,45360.0000,1220,2025-10-06T15:30:40.581039
611,26,10,2025-10-06 15:30:40.858143,Boston Bibb,butterhead,{},"{'cultivar_name': 'Boston Bibb', 'lettuce_type': 'butterhead', 'maturity_days': 60}","{'growth_rate': 0.5, 'leaf_size': 0.5, 'yield_potential': 0.5, 'disease_resistance': 0.5, 'heat_tolerance': 0.5, 'cold_tolerance': 0.5, 'bolting_tolerance': 0.5, 'chlorophyll_content': 0.5, 'root_development': 0.5, 'plant_architecture': 0.5, <GeneticTrait.GROWTH_RATE: 'growth_rate'>: 0.7}",{},0.0000,0.0000,"{'growth_rate': 0.5, 'leaf_size': 0.5, 'yield_potential': 0.5, 'disease_resistance': 0.5, 'heat_tolerance': 0.5, 'cold_tolerance': 0.5, 'bolting_tolerance': 0.5, 'chlorophyll_content': 0.5, 'root_development': 0.5, 'plant_architecture': 0.5, <GeneticTrait.GROWTH_RATE: 'growth_rate'>: 0.7}",{},{},3076920.0000,50400.0000,1222,2025-10-06T15:30:40.729316
612,26,11,2025-10-06 15:30:41.005077,Boston Bibb,butterhead,{},"{'cultivar_name': 'Boston Bibb', 'lettuce_type': 'butterhead', 'maturity_days': 60}","{'growth_rate': 0.5, 'leaf_size': 0.5, 'yield_potential': 0.5, 'disease_resistance': 0.5, 'heat_tolerance': 0.5, 'cold_tolerance': 0.5, 'bolting_tolerance': 0.5, 'chlorophyll_content': 0.5, 'root_development': 0.5, 'plant_architecture': 0.5, <GeneticTrait.GROWTH_RATE: 'growth_rate'>: 0.7}",{},0.0000,0.0000,"{'growth_rate': 0.5, 'leaf_size': 0.5, 'yield_potential': 0.5, 'disease_resistance': 0.5, 'heat_tolerance': 0.5, 'cold_tolerance': 0.5, 'bolting_tolerance': 0.5, 'chlorophyll_content': 0.5, 'root_development': 0.5, 'plant_architecture': 0.5, <GeneticTrait.GROWTH_RATE: 'growth_rate'>: 0.7}",{},{},3081960.0000,55440.0000,1224,2025-10-06T15:30:40.870394
613,26,12,2025-10-06 15:30:41.154942,Boston Bibb,butterhead,{},"{'cultivar_name': 'Boston Bibb', 'lettuce_type': 'butterhead', 'maturity_days': 60}","{'growth_rate': 0.5, 'leaf_size': 0.5, 'yield_potential': 0.5, 'disease_resistance': 0.5, 'heat_tolerance': 0.5, 'cold_tolerance': 0.5, 'bolting_tolerance': 0.5, 'chlorophyll_content': 0.5, 'root_development': 0.5, 'plant_architecture': 0.5, <GeneticTrait.GROWTH_RATE: 'growth_rate'>: 0.7}",{},0.0000,0.0000,"{'growth_rate': 0.5, 'leaf_size': 0.5, 'yield_potential': 0.5, 'disease_resistance': 0.5, 'heat_tolerance': 0.5, 'cold_tolerance': 0.5, 'bolting_tolerance': 0.5, 'chlorophyll_content': 0.5, 'root_development': 0.5, 'plant_architecture': 0.5, <GeneticTrait.GROWTH_RATE: 'growth_rate'>: 0.7}",{},{},3087000.0000,60480.0000,1226,2025-10-06T15:30:41.019217
614,26,13,2025-10-06 15:30:41.303039,Boston Bibb,butterhead,{},"{'cultivar_name': 'Boston Bibb', 'lettuce_type': 'butterhead', 'maturity_days': 60}","{'growth_rate': 0.5, 'leaf_size': 0.5, 'yield_potential': 0.5, 'disease_resistance': 0.5, 'heat_tolerance': 0.5, 'cold_tolerance': 0.5, 'bolting_tolerance': 0.5, 'chlorophyll_content': 0.5, 'root_development': 0.5, 'plant_architecture': 0.5, <GeneticTrait.GROWTH_RATE: 'growth_rate'>: 0.7}",{},0.0000,0.0000,"{'growth_rate': 0.5, 'leaf_size': 0.5, 'yield_potential': 0.5, 'disease_resistance': 0.5, 'heat_tolerance': 0.5, 'cold_tolerance': 0.5, 'bolting_tolerance': 0.5, 'chlorophyll_content': 0.5, 'root_development': 0.5, 'plant_architecture': 0.5, <GeneticTrait.GROWTH_RATE: 'growth_rate'>: 0.7}",{},{},3092040.0000,65520.0000,1228,2025-10-06T15:30:41.169024
615,26,14,2025-10-06 15:30:41.453103,Boston Bibb,butterhead,{},"{'cultivar_name': 'Boston Bibb', 'lettuce_type': 'butterhead', 'maturity_days': 60}","{'growth_rate': 0.5, 'leaf_size': 0.5, 'yield_potential': 0.5, 'disease_resistance': 0.5, 'heat_tolerance': 0.5, 'cold_tolerance': 0.5, 'bolting_tolerance': 0.5, 'chlorophyll_content': 0.5, 'root_development': 0.5, 'plant_architecture': 0.5, <GeneticTrait.GROWTH_RATE: 'growth_rate'>: 0.7}",{},0.0000,0.0000,"{'growth_rate': 0.5, 'leaf_size': 0.5, 'yield_potential': 0.5, 'disease_resistance': 0.5, 'heat_tolerance': 0.5, 'cold_tolerance': 0.5, 'bolting_tolerance': 0.5, 'chlorophyll_content': 0.5, 'root_development': 0.5, 'plant_architecture': 0.5, <GeneticTrait.GROWTH_RATE: 'growth_rate'>: 0.7}",{},{},3097080.0000,70560.0000,1230,2025-10-06T15:30:41.316389
616,26,15,2025-10-06 15:30:41.600518,Boston Bibb,butterhead,{},"{'cultivar_name': 'Boston Bibb', 'lettuce_type': 'butterhead', 'maturity_days': 60}","{'growth_rate': 0.5, 'leaf_size': 0.5, 'yield_potential': 0.5, 'disease_resistance': 0.5, 'heat_tolerance': 0.5, 'cold_tolerance': 0.5, 'bolting_tolerance': 0.5, 'chlorophyll_content': 0.5, 'root_development': 0.5, 'plant_architecture': 0.5, <GeneticTrait.GROWTH_RATE: 'growth_rate'>: 0.7}",{},0.0000,0.0000,"{'growth_rate': 0.5, 'leaf_size': 0.5, 'yield_potential': 0.5, 'disease_resistance': 0.5, 'heat_tolerance': 0.5, 'cold_tolerance': 0.5, 'bolting_tolerance': 0.5, 'chlorophyll_content': 0.5, 'root_development': 0.5, 'plant_architecture': 0.5, <GeneticTrait.GROWTH_RATE: 'growth_rate'>: 0.7}",{},{},3102120.0000,75600.0000,1232,2025-10-06T15:30:41.466915
617,26,16,2025-10-06 15:30:41.749836,Boston Bibb,butterhead,{},"{'cultivar_name': 'Boston Bibb', 'lettuce_type': 'butterhead', 'maturity_days': 60}","{'growth_rate': 0.5, 'leaf_size': 0.5, 'yield_potential': 0.5, 'disease_resistance': 0.5, 'heat_tolerance': 0.5, 'cold_tolerance': 0.5, 'bolting_tolerance': 0.5, 'chlorophyll_content': 0.5, 'root_development': 0.5, 'plant_architecture': 0.5, <GeneticTrait.GROWTH_RATE: 'growth_rate'>: 0.7}",{},0.0000,0.0000,"{'growth_rate': 0.5, 'leaf_size': 0.5, 'yield_potential': 0.5, 'disease_resistance': 0.5, 'heat_tolerance': 0.5, 'cold_tolerance': 0.5, 'bolting_tolerance': 0.5, 'chlorophyll_content': 0.5, 'root_development': 0.5, 'plant_architecture': 0.5, <GeneticTrait.GROWTH_RATE: 'growth_rate'>: 0.7}",{},{},3107160.0000,80640.0000,1234,2025-10-06T15:30:41.614756
618,26,17,2025-10-06 15:30:41.896583,Boston Bibb,butterhead,{},"{'cultivar_name': 'Boston Bibb', 'lettuce_type': 'butterhead', 'maturity_days': 60}","{'growth_rate': 0.5, 'leaf_size': 0.5, 'yield_potential': 0.5, 'disease_resistance': 0.5, 'heat_tolerance': 0.5, 'cold_tolerance': 0.5, 'bolting_tolerance': 0.5, 'chlorophyll_content': 0.5, 'root_development': 0.5, 'plant_architecture': 0.5, <GeneticTrait.GROWTH_RATE: 'growth_rate'>: 0.7}",{},0.0000,0.0000,"{'growth_rate': 0.5, 'leaf_size': 0.5, 'yield_potential': 0.5, 'disease_resistance': 0.5, 'heat_tolerance': 0.5, 'cold_tolerance': 0.5, 'bolting_tolerance': 0.5, 'chlorophyll_content': 0.5, 'root_development': 0.5, 'plant_architecture': 0.5, <GeneticTrait.GROWTH_RATE: 'growth_rate'>: 0.7}",{},{},3112200.0000,85680.0000,1236,2025-10-06T15:30:41.762758
619,26,18,2025-10-06 15:30:42.040812,Boston Bibb,butterhead,{},"{'cultivar_name': 'Boston Bibb', 'lettuce_type': 'butterhead', 'maturity_days': 60}","{'growth_rate': 0.5, 'leaf_size': 0.5, 'yield_potential': 0.5, 'disease_resistance': 0.5, 'heat_tolerance': 0.5, 'cold_tolerance': 0.5, 'bolting_tolerance': 0.5, 'chlorophyll_content': 0.5, 'root_development': 0.5, 'plant_architecture': 0.5, <GeneticTrait.GROWTH_RATE: 'growth_rate'>: 0.7}",{},0.0000,0.0000,"{'growth_rate': 0.5, 'leaf_size': 0.5, 'yield_potential': 0.5, 'disease_resistance': 0.5, 'heat_tolerance': 0.5, 'cold_tolerance': 0.5, 'bolting_tolerance': 0.5, 'chlorophyll_content': 0.5, 'root_development': 0.5, 'plant_architecture': 0.5, <GeneticTrait.GROWTH_RATE: 'growth_rate'>: 0.7}",{},{},3117240.0000,90720.0000,1238,2025-10-06T15:30:41.908917
620,26,19,2025-10-06 15:30:42.187681,Boston Bibb,butterhead,{},"{'cultivar_name': 'Boston Bibb', 'lettuce_type': 'butterhead', 'maturity_days': 60}","{'growth_rate': 0.5, 'leaf_size': 0.5, 'yield_potential': 0.5, 'disease_resistance': 0.5, 'heat_tolerance': 0.5, 'cold_tolerance': 0.5, 'bolting_tolerance': 0.5, 'chlorophyll_content': 0.5, 'root_development': 0.5, 'plant_architecture': 0.5, <GeneticTrait.GROWTH_RATE: 'growth_rate'>: 0.7}",{},0.0000,0.0000,"{'growth_rate': 0.5, 'leaf_size': 0.5, 'yield_potential': 0.5, 'disease_resistance': 0.5, 'heat_tolerance': 0.5, 'cold_tolerance': 0.5, 'bolting_tolerance': 0.5, 'chlorophyll_content': 0.5, 'root_development': 0.5, 'plant_architecture': 0.5, <GeneticTrait.GROWTH_RATE: 'growth_rate'>: 0.7}",{},{},3122280.0000,95760.0000,1240,2025-10-06T15:30:42.053452
621,26,20,2025-10-06 15:30:42.338549,Boston Bibb,butterhead,{},"{'cultivar_name': 'Boston Bibb', 'lettuce_type': 'butterhead', 'maturity_days': 60}","{'growth_rate': 0.5, 'leaf_size': 0.5, 'yield_potential': 0.5, 'disease_resistance': 0.5, 'heat_tolerance': 0.5, 'cold_tolerance': 0.5, 'bolting_tolerance': 0.5, 'chlorophyll_content': 0.5, 'root_development': 0.5, 'plant_architecture': 0.5, <GeneticTrait.GROWTH_RATE: 'growth_rate'>: 0.7}",{},0.0000,0.0000,"{'growth_rate': 0.5, 'leaf_size': 0.5, 'yield_potential': 0.5, 'disease_resistance': 0.5, 'heat_tolerance': 0.5, 'cold_tolerance': 0.5, 'bolting_tolerance': 0.5, 'chlorophyll_content': 0.5, 'root_development': 0.5, 'plant_architecture': 0.5, <GeneticTrait.GROWTH_RATE: 'growth_rate'>: 0.7}",{},{},3127320.0000,100800.0000,1242,2025-10-06T15:30:42.201897
622,26,21,2025-10-06 15:30:42.480249,Boston Bibb,butterhead,{},"{'cultivar_name': 'Boston Bibb', 'lettuce_type': 'butterhead', 'maturity_days': 60}","{'growth_rate': 0.5, 'leaf_size': 0.5, 'yield_potential': 0.5, 'disease_resistance': 0.5, 'heat_tolerance': 0.5, 'cold_tolerance': 0.5, 'bolting_tolerance': 0.5, 'chlorophyll_content': 0.5, 'root_development': 0.5, 'plant_architecture': 0.5, <GeneticTrait.GROWTH_RATE: 'growth_rate'>: 0.7}",{},0.0000,0.0000,"{'growth_rate': 0.5, 'leaf_size': 0.5, 'yield_potential': 0.5, 'disease_resistance': 0.5, 'heat_tolerance': 0.5, 'cold_tolerance': 0.5, 'bolting_tolerance': 0.5, 'chlorophyll_content': 0.5, 'root_development': 0.5, 'plant_architecture': 0.5, <GeneticTrait.GROWTH_RATE: 'growth_rate'>: 0.7}",{},{},3132360.0000,105840.0000,1244,2025-10-06T15:30:42.351261
623,26,22,2025-10-06 15:30:42.624705,Boston Bibb,butterhead,{},"{'cultivar_name': 'Boston Bibb', 'lettuce_type': 'butterhead', 'maturity_days': 60}","{'growth_rate': 0.5, 'leaf_size': 0.5, 'yield_potential': 0.5, 'disease_resistance': 0.5, 'heat_tolerance': 0.5, 'cold_tolerance': 0.5, 'bolting_tolerance': 0.5, 'chlorophyll_content': 0.5, 'root_development': 0.5, 'plant_architecture': 0.5, <GeneticTrait.GROWTH_RATE: 'growth_rate'>: 0.7}",{},0.0000,0.0000,"{'growth_rate': 0.5, 'leaf_size': 0.5, 'yield_potential': 0.5, 'disease_resistance': 0.5, 'heat_tolerance': 0.5, 'cold_tolerance': 0.5, 'bolting_tolerance': 0.5, 'chlorophyll_content': 0.5, 'root_development': 0.5, 'plant_architecture': 0.5, <GeneticTrait.GROWTH_RATE: 'growth_rate'>: 0.7}",{},{},3137400.0000,110880.0000,1246,2025-10-06T15:30:42.494525
624,26,23,2025-10-06 15:30:42.771736,Boston Bibb,butterhead,{},"{'cultivar_name': 'Boston Bibb', 'lettuce_type': 'butterhead', 'maturity_days': 60}","{'growth_rate': 0.5, 'leaf_size': 0.5, 'yield_potential': 0.5, 'disease_resistance': 0.5, 'heat_tolerance': 0.5, 'cold_tolerance': 0.5, 'bolting_tolerance': 0.5, 'chlorophyll_content': 0.5, 'root_development': 0.5, 'plant_architecture': 0.5, <GeneticTrait.GROWTH_RATE: 'growth_rate'>: 0.7}",{},0.0000,0.0000,"{'growth_rate': 0.5, 'leaf_size': 0.5, 'yield_potential': 0.5, 'disease_resistance': 0.5, 'heat_tolerance': 0.5, 'cold_tolerance': 0.5, 'bolting_tolerance': 0.5, 'chlorophyll_content': 0.5, 'root_development': 0.5, 'plant_architecture': 0.5, <GeneticTrait.GROWTH_RATE: 'growth_rate'>: 0.7}",{},{},3142440.0000,115920.0000,1248,2025-10-06T15:30:42.637680
