step,day,hour,timestamp,total_leaves,leaf_appearance_rate,leaf_expansion_rate,leaf_senescence_rate,total_leaf_area,total_leaf_weight,leaf_weight_ratio,leaf_nitrogen_content,leaf_nitrogen_ratio,leaf_age_distribution,leaf_size_distribution,leaf_nitrogen_distribution,cumulative_thermal_time,phyllochron_adjusted,leaf_growth_stress,leaf_senescence_stress,step_count,last_update
1,1,0,2025-10-07 08:47:26.693148,2,2.0000,0.0024,0.0000,0.0024,0.0000,1.0000,0.0000,0.0000,{},{},{},18.4418,80,1.0000,1.0000,2,2025-10-07T08:47:26.597006
2,1,1,2025-10-07 08:47:26.850571,2,2.0000,0.0024,0.0000,0.0024,0.0000,1.0000,0.0000,0.0000,{},{},{},55.3255,80,1.0000,1.0000,4,2025-10-07T08:47:26.758031
3,1,2,2025-10-07 08:47:27.010746,2,0.0000,0.0024,0.0000,0.0024,0.0000,1.0000,0.0000,0.0000,{},{},{},92.2091,80,1.0000,1.0000,6,2025-10-07T08:47:26.918887
4,1,3,2025-10-07 08:47:27.175503,2,0.0000,0.0024,0.0000,0.0024,0.0000,1.0000,0.0000,0.0000,{},{},{},129.0927,80,1.0000,1.0000,8,2025-10-07T08:47:27.079174
5,1,4,2025-10-07 08:47:27.336480,2,0.0000,0.0024,0.0000,0.0024,0.0000,1.0000,0.0000,0.0000,{},{},{},165.9764,80,1.0000,1.0000,10,2025-10-07T08:47:27.242210
6,1,5,2025-10-07 08:47:27.499770,2,0.0000,0.0024,0.0000,0.0024,0.0000,1.0000,0.0000,0.0000,{},{},{},202.8600,80,1.0000,1.0000,12,2025-10-07T08:47:27.406378
7,1,6,2025-10-07 08:47:27.663844,2,0.0000,0.0024,0.0000,0.0024,0.0000,1.0000,0.0000,0.0000,{},{},{},239.7436,80,1.0000,1.0000,14,2025-10-07T08:47:27.567366
8,1,7,2025-10-07 08:47:27.825495,2,0.0000,0.0024,0.0000,0.0024,0.0000,1.0000,0.0000,0.0000,{},{},{},276.6273,80,1.0000,1.0000,16,2025-10-07T08:47:27.732625
9,1,8,2025-10-07 08:47:27.986283,2,0.0000,0.0024,0.0000,0.0024,0.0000,1.0000,0.0000,0.0000,{},{},{},313.5109,80,1.0000,1.0000,18,2025-10-07T08:47:27.892455
10,1,9,2025-10-07 08:47:28.150716,2,0.0000,0.0024,0.0000,0.0024,0.0000,1.0000,0.0000,0.0000,{},{},{},350.3945,80,1.0000,1.0000,20,2025-10-07T08:47:28.054597
11,1,10,2025-10-07 08:47:28.313279,2,0.0000,0.0024,0.0000,0.0024,0.0000,1.0000,0.0000,0.0000,{},{},{},387.2782,80,1.0000,1.0000,22,2025-10-07T08:47:28.217313
12,1,11,2025-10-07 08:47:28.477097,2,0.0000,0.0024,0.0000,0.0024,0.0000,1.0000,0.0000,0.0000,{},{},{},424.1618,80,1.0000,1.0000,24,2025-10-07T08:47:28.380941
13,1,12,2025-10-07 08:47:28.637407,2,0.0000,0.0024,0.0000,0.0024,0.0000,1.0000,0.0000,0.0000,{},{},{},461.0455,80,1.0000,1.0000,26,2025-10-07T08:47:28.544211
14,1,13,2025-10-07 08:47:28.800674,2,0.0000,0.0024,0.0000,0.0024,0.0000,1.0000,0.0000,0.0000,{},{},{},497.9291,80,1.0000,1.0000,28,2025-10-07T08:47:28.706524
15,1,14,2025-10-07 08:47:28.956402,2,0.0000,0.0024,0.0000,0.0024,0.0000,1.0000,0.0000,0.0000,{},{},{},534.8127,80,1.0000,1.0000,30,2025-10-07T08:47:28.864757
16,1,15,2025-10-07 08:47:29.123004,2,0.0000,0.0024,0.0000,0.0024,0.0000,1.0000,0.0000,0.0000,{},{},{},571.6964,80,1.0000,1.0000,32,2025-10-07T08:47:29.026824
17,1,16,2025-10-07 08:47:29.282316,2,0.0000,0.0024,0.0000,0.0024,0.0000,1.0000,0.0000,0.0000,{},{},{},608.5800,80,1.0000,1.0000,34,2025-10-07T08:47:29.188200
18,1,17,2025-10-07 08:47:29.450896,2,0.0000,0.0024,0.0000,0.0024,0.0000,1.0000,0.0000,0.0000,{},{},{},645.4636,80,1.0000,1.0000,36,2025-10-07T08:47:29.352503
19,1,18,2025-10-07 08:47:29.616947,2,0.0000,0.0024,0.0000,0.0024,0.0000,1.0000,0.0000,0.0000,{},{},{},682.3473,80,1.0000,1.0000,38,2025-10-07T08:47:29.521030
20,1,19,2025-10-07 08:47:29.780844,2,0.0000,0.0024,0.0000,0.0024,0.0000,1.0000,0.0000,0.0000,{},{},{},719.2309,80,1.0000,1.0000,40,2025-10-07T08:47:29.684335
21,1,20,2025-10-07 08:47:29.946228,2,0.0000,0.0024,0.0000,0.0024,0.0000,1.0000,0.0000,0.0000,{},{},{},756.1145,80,1.0000,1.0000,42,2025-10-07T08:47:29.850827
22,1,21,2025-10-07 08:47:30.106379,2,0.0000,0.0024,0.0000,0.0024,0.0000,1.0000,0.0000,0.0000,{},{},{},792.9982,80,1.0000,1.0000,44,2025-10-07T08:47:30.012505
23,1,22,2025-10-07 08:47:30.269643,2,0.0000,0.0024,0.0000,0.0024,0.0000,1.0000,0.0000,0.0000,{},{},{},829.8818,80,1.0000,1.0000,46,2025-10-07T08:47:30.173938
24,1,23,2025-10-07 08:47:30.430988,2,0.0000,0.0024,0.0000,0.0024,0.0000,1.0000,0.0000,0.0000,{},{},{},866.7655,80,1.0000,1.0000,48,2025-10-07T08:47:30.336492
25,2,0,2025-10-07 08:47:30.593037,2,0.0000,0.0024,0.0000,0.0024,0.0000,1.0000,0.0000,0.0000,{},{},{},899.4927,80,1.0000,1.0000,50,2025-10-07T08:47:30.498297
26,2,1,2025-10-07 08:47:30.752295,2,0.0000,0.0024,0.0000,0.0024,0.0000,1.0000,0.0000,0.0000,{},{},{},932.2200,80,1.0000,1.0000,52,2025-10-07T08:47:30.660420
27,2,2,2025-10-07 08:47:30.910642,2,0.0000,0.0024,0.0000,0.0024,0.0000,1.0000,0.0000,0.0000,{},{},{},964.9473,80,1.0000,1.0000,54,2025-10-07T08:47:30.819964
28,2,3,2025-10-07 08:47:31.072896,2,0.0000,0.0024,0.0000,0.0024,0.0000,1.0000,0.0000,0.0000,{},{},{},997.6745,80,1.0000,1.0000,56,2025-10-07T08:47:30.976811
29,2,4,2025-10-07 08:47:31.233010,2,0.0000,0.0024,0.0000,0.0024,0.0000,1.0000,0.0000,0.0000,{},{},{},1030.4018,80,1.0000,1.0000,58,2025-10-07T08:47:31.139964
30,2,5,2025-10-07 08:47:31.390351,2,0.0000,0.0024,0.0000,0.0024,0.0000,1.0000,0.0000,0.0000,{},{},{},1063.1291,80,1.0000,1.0000,60,2025-10-07T08:47:31.296117
31,2,6,2025-10-07 08:47:31.554001,2,0.0000,0.0024,0.0000,0.0024,0.0000,1.0000,0.0000,0.0000,{},{},{},1095.8564,80,1.0000,1.0000,62,2025-10-07T08:47:31.458988
32,2,7,2025-10-07 08:47:31.715211,2,0.0000,0.0024,0.0000,0.0024,0.0000,1.0000,0.0000,0.0000,{},{},{},1128.5836,80,1.0000,1.0000,64,2025-10-07T08:47:31.619701
33,2,8,2025-10-07 08:47:31.879066,2,0.0000,0.0024,0.0000,0.0024,0.0000,1.0000,0.0000,0.0000,{},{},{},1161.3109,80,1.0000,1.0000,66,2025-10-07T08:47:31.784686
34,2,9,2025-10-07 08:47:32.041824,2,0.0000,0.0024,0.0000,0.0024,0.0000,1.0000,0.0000,0.0000,{},{},{},1194.0382,80,1.0000,1.0000,68,2025-10-07T08:47:31.945528
35,2,10,2025-10-07 08:47:32.205477,2,0.0000,0.0024,0.0000,0.0024,0.0000,1.0000,0.0000,0.0000,{},{},{},1226.7655,80,1.0000,1.0000,70,2025-10-07T08:47:32.108957
36,2,11,2025-10-07 08:47:32.371531,2,0.0000,0.0024,0.0000,0.0024,0.0000,1.0000,0.0000,0.0000,{},{},{},1259.4927,80,1.0000,1.0000,72,2025-10-07T08:47:32.275726
37,2,12,2025-10-07 08:47:32.535264,2,0.0000,0.0024,0.0000,0.0024,0.0000,1.0000,0.0000,0.0000,{},{},{},1292.2200,80,1.0000,1.0000,74,2025-10-07T08:47:32.439679
38,2,13,2025-10-07 08:47:32.700705,2,0.0000,0.0024,0.0000,0.0024,0.0000,1.0000,0.0000,0.0000,{},{},{},1324.9473,80,1.0000,1.0000,76,2025-10-07T08:47:32.607008
39,2,14,2025-10-07 08:47:32.858879,2,0.0000,0.0024,0.0000,0.0024,0.0000,1.0000,0.0000,0.0000,{},{},{},1357.6745,80,1.0000,1.0000,78,2025-10-07T08:47:32.770523
40,2,15,2025-10-07 08:47:33.022832,2,0.0000,0.0024,0.0000,0.0024,0.0000,1.0000,0.0000,0.0000,{},{},{},1390.4018,80,1.0000,1.0000,80,2025-10-07T08:47:32.928611
41,2,16,2025-10-07 08:47:33.180510,2,0.0000,0.0024,0.0000,0.0024,0.0000,1.0000,0.0000,0.0000,{},{},{},1423.1291,80,1.0000,1.0000,82,2025-10-07T08:47:33.087382
42,2,17,2025-10-07 08:47:33.344729,2,0.0000,0.0024,0.0000,0.0024,0.0000,1.0000,0.0000,0.0000,{},{},{},1455.8564,80,1.0000,1.0000,84,2025-10-07T08:47:33.248342
43,2,18,2025-10-07 08:47:33.504310,2,0.0000,0.0024,0.0000,0.0024,0.0000,1.0000,0.0000,0.0000,{},{},{},1488.5836,80,1.0000,1.0000,86,2025-10-07T08:47:33.411652
44,2,19,2025-10-07 08:47:33.666557,2,0.0000,0.0024,0.0000,0.0024,0.0000,1.0000,0.0000,0.0000,{},{},{},1521.3109,80,1.0000,1.0000,88,2025-10-07T08:47:33.571212
45,2,20,2025-10-07 08:47:33.830390,2,0.0000,0.0024,0.0000,0.0024,0.0000,1.0000,0.0000,0.0000,{},{},{},1554.0382,80,1.0000,1.0000,90,2025-10-07T08:47:33.733955
46,2,21,2025-10-07 08:47:33.993381,2,0.0000,0.0024,0.0000,0.0024,0.0000,1.0000,0.0000,0.0000,{},{},{},1586.7655,80,1.0000,1.0000,92,2025-10-07T08:47:33.898040
47,2,22,2025-10-07 08:47:34.158051,2,0.0000,0.0024,0.0000,0.0024,0.0000,1.0000,0.0000,0.0000,{},{},{},1619.4927,80,1.0000,1.0000,94,2025-10-07T08:47:34.063622
48,2,23,2025-10-07 08:47:34.319009,2,0.0000,0.0024,0.0000,0.0024,0.0000,1.0000,0.0000,0.0000,{},{},{},1652.2200,80,1.0000,1.0000,96,2025-10-07T08:47:34.226166
49,3,0,2025-10-07 08:47:34.481179,2,0.0000,0.0024,0.0000,0.0024,0.0000,1.0000,0.0000,0.0000,{},{},{},1688.0673,80,1.0000,1.0000,98,2025-10-07T08:47:34.385821
50,3,1,2025-10-07 08:47:34.643791,2,0.0000,0.0024,0.0000,0.0024,0.0000,1.0000,0.0000,0.0000,{},{},{},1723.9145,80,1.0000,1.0000,100,2025-10-07T08:47:34.550814
51,3,2,2025-10-07 08:47:34.802456,2,0.0000,0.0024,0.0000,0.0024,0.0000,1.0000,0.0000,0.0000,{},{},{},1759.7618,80,1.0000,1.0000,102,2025-10-07T08:47:34.712800
52,3,3,2025-10-07 08:47:34.967891,2,0.0000,0.0024,0.0000,0.0024,0.0000,1.0000,0.0000,0.0000,{},{},{},1795.6091,80,1.0000,1.0000,104,2025-10-07T08:47:34.872395
53,3,4,2025-10-07 08:47:35.128743,2,0.0000,0.0024,0.0000,0.0024,0.0000,1.0000,0.0000,0.0000,{},{},{},1831.4564,80,1.0000,1.0000,106,2025-10-07T08:47:35.034144
54,3,5,2025-10-07 08:47:35.290877,2,0.0000,0.0024,0.0000,0.0024,0.0000,1.0000,0.0000,0.0000,{},{},{},1867.3036,80,1.0000,1.0000,108,2025-10-07T08:47:35.196918
55,3,6,2025-10-07 08:47:35.456522,2,0.0000,0.0024,0.0000,0.0024,0.0000,1.0000,0.0000,0.0000,{},{},{},1903.1509,80,1.0000,1.0000,110,2025-10-07T08:47:35.359712
56,3,7,2025-10-07 08:47:35.617104,2,0.0000,0.0024,0.0000,0.0024,0.0000,1.0000,0.0000,0.0000,{},{},{},1938.9982,80,1.0000,1.0000,112,2025-10-07T08:47:35.523827
57,3,8,2025-10-07 08:47:35.782176,2,0.0000,0.0024,0.0000,0.0024,0.0000,1.0000,0.0000,0.0000,{},{},{},1974.8455,80,1.0000,1.0000,114,2025-10-07T08:47:35.684318
58,3,9,2025-10-07 08:47:35.939489,2,0.0000,0.0024,0.0000,0.0024,0.0000,1.0000,0.0000,0.0000,{},{},{},2010.6927,80,1.0000,1.0000,116,2025-10-07T08:47:35.850647
59,3,10,2025-10-07 08:47:36.103391,2,0.0000,0.0024,0.0000,0.0024,0.0000,1.0000,0.0000,0.0000,{},{},{},2046.5400,80,1.0000,1.0000,118,2025-10-07T08:47:36.008979
60,3,11,2025-10-07 08:47:36.270481,2,0.0000,0.0024,0.0000,0.0024,0.0000,1.0000,0.0000,0.0000,{},{},{},2082.3873,80,1.0000,1.0000,120,2025-10-07T08:47:36.173818
61,3,12,2025-10-07 08:47:36.434084,2,0.0000,0.0024,0.0000,0.0024,0.0000,1.0000,0.0000,0.0000,{},{},{},2118.2345,80,1.0000,1.0000,122,2025-10-07T08:47:36.340593
62,3,13,2025-10-07 08:47:36.597514,2,0.0000,0.0024,0.0000,0.0024,0.0000,1.0000,0.0000,0.0000,{},{},{},2154.0818,80,1.0000,1.0000,124,2025-10-07T08:47:36.503299
63,3,14,2025-10-07 08:47:36.760447,2,0.0000,0.0024,0.0000,0.0024,0.0000,1.0000,0.0000,0.0000,{},{},{},2189.9291,80,1.0000,1.0000,126,2025-10-07T08:47:36.665991
64,3,15,2025-10-07 08:47:36.925718,2,0.0000,0.0024,0.0000,0.0024,0.0000,1.0000,0.0000,0.0000,{},{},{},2225.7764,80,1.0000,1.0000,128,2025-10-07T08:47:36.830462
65,3,16,2025-10-07 08:47:37.087712,2,0.0000,0.0024,0.0000,0.0024,0.0000,1.0000,0.0000,0.0000,{},{},{},2261.6236,80,1.0000,1.0000,130,2025-10-07T08:47:36.994029
66,3,17,2025-10-07 08:47:37.247905,2,0.0000,0.0024,0.0000,0.0024,0.0000,1.0000,0.0000,0.0000,{},{},{},2297.4709,80,1.0000,1.0000,132,2025-10-07T08:47:37.154372
67,3,18,2025-10-07 08:47:37.407636,2,0.0000,0.0024,0.0000,0.0024,0.0000,1.0000,0.0000,0.0000,{},{},{},2333.3182,80,1.0000,1.0000,134,2025-10-07T08:47:37.314490
68,3,19,2025-10-07 08:47:37.572920,2,0.0000,0.0024,0.0000,0.0024,0.0000,1.0000,0.0000,0.0000,{},{},{},2369.1655,80,1.0000,1.0000,136,2025-10-07T08:47:37.477626
69,3,20,2025-10-07 08:47:37.735154,2,0.0000,0.0024,0.0000,0.0024,0.0000,1.0000,0.0000,0.0000,{},{},{},2405.0127,80,1.0000,1.0000,138,2025-10-07T08:47:37.642753
70,3,21,2025-10-07 08:47:37.896509,2,0.0000,0.0024,0.0000,0.0024,0.0000,1.0000,0.0000,0.0000,{},{},{},2440.8600,80,1.0000,1.0000,140,2025-10-07T08:47:37.803347
71,3,22,2025-10-07 08:47:38.054315,2,0.0000,0.0024,0.0000,0.0024,0.0000,1.0000,0.0000,0.0000,{},{},{},2476.7073,80,1.0000,1.0000,142,2025-10-07T08:47:37.964713
72,3,23,2025-10-07 08:47:38.217462,2,0.0000,0.0024,0.0000,0.0024,0.0000,1.0000,0.0000,0.0000,{},{},{},2512.5545,80,1.0000,1.0000,144,2025-10-07T08:47:38.122738
73,4,0,2025-10-07 08:47:38.377891,2,0.0000,0.0024,0.0000,0.0024,0.0000,1.0000,0.0000,0.0000,{},{},{},2549.8273,80,1.0000,1.0000,146,2025-10-07T08:47:38.284166
74,4,1,2025-10-07 08:47:38.539518,2,0.0000,0.0024,0.0000,0.0024,0.0000,1.0000,0.0000,0.0000,{},{},{},2587.1000,80,1.0000,1.0000,148,2025-10-07T08:47:38.444228
75,4,2,2025-10-07 08:47:38.701169,2,0.0000,0.0024,0.0000,0.0024,0.0000,1.0000,0.0000,0.0000,{},{},{},2624.3727,80,1.0000,1.0000,150,2025-10-07T08:47:38.606714
76,4,3,2025-10-07 08:47:38.862942,2,0.0000,0.0024,0.0000,0.0024,0.0000,1.0000,0.0000,0.0000,{},{},{},2661.6455,80,1.0000,1.0000,152,2025-10-07T08:47:38.767682
77,4,4,2025-10-07 08:47:39.025611,2,0.0000,0.0024,0.0000,0.0024,0.0000,1.0000,0.0000,0.0000,{},{},{},2698.9182,80,1.0000,1.0000,154,2025-10-07T08:47:38.929383
78,4,5,2025-10-07 08:47:39.190206,2,0.0000,0.0024,0.0000,0.0024,0.0000,1.0000,0.0000,0.0000,{},{},{},2736.1909,80,1.0000,1.0000,156,2025-10-07T08:47:39.096148
79,4,6,2025-10-07 08:47:39.350411,2,0.0000,0.0024,0.0000,0.0024,0.0000,1.0000,0.0000,0.0000,{},{},{},2773.4636,80,1.0000,1.0000,158,2025-10-07T08:47:39.258005
80,4,7,2025-10-07 08:47:39.512040,2,0.0000,0.0024,0.0000,0.0024,0.0000,1.0000,0.0000,0.0000,{},{},{},2810.7364,80,1.0000,1.0000,160,2025-10-07T08:47:39.415403
81,4,8,2025-10-07 08:47:39.671552,2,0.0000,0.0024,0.0000,0.0024,0.0000,1.0000,0.0000,0.0000,{},{},{},2848.0091,80,1.0000,1.0000,162,2025-10-07T08:47:39.579006
82,4,9,2025-10-07 08:47:39.832811,2,0.0000,0.0024,0.0000,0.0024,0.0000,1.0000,0.0000,0.0000,{},{},{},2885.2818,80,1.0000,1.0000,164,2025-10-07T08:47:39.738680
83,4,10,2025-10-07 08:47:39.990704,2,0.0000,0.0024,0.0000,0.0024,0.0000,1.0000,0.0000,0.0000,{},{},{},2922.5545,80,1.0000,1.0000,166,2025-10-07T08:47:39.895854
84,4,11,2025-10-07 08:47:40.149476,2,0.0000,0.0024,0.0000,0.0024,0.0000,1.0000,0.0000,0.0000,{},{},{},2959.8273,80,1.0000,1.0000,168,2025-10-07T08:47:40.057379
85,4,12,2025-10-07 08:47:40.308211,2,0.0000,0.0024,0.0000,0.0024,0.0000,1.0000,0.0000,0.0000,{},{},{},2997.1000,80,1.0000,1.0000,170,2025-10-07T08:47:40.215857
86,4,13,2025-10-07 08:47:40.471369,2,0.0000,0.0024,0.0000,0.0024,0.0000,1.0000,0.0000,0.0000,{},{},{},3034.3727,80,1.0000,1.0000,172,2025-10-07T08:47:40.374630
87,4,14,2025-10-07 08:47:40.635468,2,0.0000,0.0024,0.0000,0.0024,0.0000,1.0000,0.0000,0.0000,{},{},{},3071.6455,80,1.0000,1.0000,174,2025-10-07T08:47:40.540716
88,4,15,2025-10-07 08:47:40.796324,2,0.0000,0.0024,0.0000,0.0024,0.0000,1.0000,0.0000,0.0000,{},{},{},3108.9182,80,1.0000,1.0000,176,2025-10-07T08:47:40.702420
89,4,16,2025-10-07 08:47:40.960141,2,0.0000,0.0024,0.0000,0.0024,0.0000,1.0000,0.0000,0.0000,{},{},{},3146.1909,80,1.0000,1.0000,178,2025-10-07T08:47:40.863252
90,4,17,2025-10-07 08:47:41.123054,2,0.0000,0.0024,0.0000,0.0024,0.0000,1.0000,0.0000,0.0000,{},{},{},3183.4636,80,1.0000,1.0000,180,2025-10-07T08:47:41.027473
91,4,18,2025-10-07 08:47:41.287947,2,0.0000,0.0024,0.0000,0.0024,0.0000,1.0000,0.0000,0.0000,{},{},{},3220.7364,80,1.0000,1.0000,182,2025-10-07T08:47:41.192280
92,4,19,2025-10-07 08:47:41.453892,2,0.0000,0.0024,0.0000,0.0024,0.0000,1.0000,0.0000,0.0000,{},{},{},3258.0091,80,1.0000,1.0000,184,2025-10-07T08:47:41.358304
93,4,20,2025-10-07 08:47:41.614524,2,0.0000,0.0024,0.0000,0.0024,0.0000,1.0000,0.0000,0.0000,{},{},{},3295.2818,80,1.0000,1.0000,186,2025-10-07T08:47:41.520279
94,4,21,2025-10-07 08:47:41.779306,2,0.0000,0.0024,0.0000,0.0024,0.0000,1.0000,0.0000,0.0000,{},{},{},3332.5545,80,1.0000,1.0000,188,2025-10-07T08:47:41.685149
95,4,22,2025-10-07 08:47:41.944785,2,0.0000,0.0024,0.0000,0.0024,0.0000,1.0000,0.0000,0.0000,{},{},{},3369.8273,80,1.0000,1.0000,190,2025-10-07T08:47:41.848609
96,4,23,2025-10-07 08:47:42.108930,2,0.0000,0.0024,0.0000,0.0024,0.0000,1.0000,0.0000,0.0000,{},{},{},3407.1000,80,1.0000,1.0000,192,2025-10-07T08:47:42.014462
97,5,0,2025-10-07 08:47:42.275334,2,0.0000,0.0024,0.0000,0.0024,0.0000,1.0000,0.0000,0.0000,{},{},{},3445.3000,80,1.0000,1.0000,194,2025-10-07T08:47:42.180093
98,5,1,2025-10-07 08:47:42.439594,2,0.0000,0.0024,0.0000,0.0024,0.0000,1.0000,0.0000,0.0000,{},{},{},3483.5000,80,1.0000,1.0000,196,2025-10-07T08:47:42.343900
99,5,2,2025-10-07 08:47:42.600831,2,0.0000,0.0024,0.0000,0.0024,0.0000,1.0000,0.0000,0.0000,{},{},{},3521.7000,80,1.0000,1.0000,198,2025-10-07T08:47:42.504378
100,5,3,2025-10-07 08:47:42.764931,2,0.0000,0.0024,0.0000,0.0024,0.0000,1.0000,0.0000,0.0000,{},{},{},3559.9000,80,1.0000,1.0000,200,2025-10-07T08:47:42.668820
101,5,4,2025-10-07 08:47:42.926869,2,0.0000,0.0024,0.0000,0.0024,0.0000,1.0000,0.0000,0.0000,{},{},{},3598.1000,80,1.0000,1.0000,202,2025-10-07T08:47:42.830984
102,5,5,2025-10-07 08:47:43.088565,2,0.0000,0.0024,0.0000,0.0024,0.0000,1.0000,0.0000,0.0000,{},{},{},3636.3000,80,1.0000,1.0000,204,2025-10-07T08:47:42.994487
103,5,6,2025-10-07 08:47:43.252205,2,0.0000,0.0024,0.0000,0.0024,0.0000,1.0000,0.0000,0.0000,{},{},{},3674.5000,80,1.0000,1.0000,206,2025-10-07T08:47:43.155977
104,5,7,2025-10-07 08:47:43.413461,2,0.0000,0.0024,0.0000,0.0024,0.0000,1.0000,0.0000,0.0000,{},{},{},3712.7000,80,1.0000,1.0000,208,2025-10-07T08:47:43.320465
105,5,8,2025-10-07 08:47:43.577200,2,0.0000,0.0024,0.0000,0.0024,0.0000,1.0000,0.0000,0.0000,{},{},{},3750.9000,80,1.0000,1.0000,210,2025-10-07T08:47:43.482566
106,5,9,2025-10-07 08:47:43.739290,2,0.0000,0.0024,0.0000,0.0024,0.0000,1.0000,0.0000,0.0000,{},{},{},3789.1000,80,1.0000,1.0000,212,2025-10-07T08:47:43.641916
107,5,10,2025-10-07 08:47:43.904495,2,0.0000,0.0024,0.0000,0.0024,0.0000,1.0000,0.0000,0.0000,{},{},{},3827.3000,80,1.0000,1.0000,214,2025-10-07T08:47:43.808955
108,5,11,2025-10-07 08:47:44.066791,2,0.0000,0.0024,0.0000,0.0024,0.0000,1.0000,0.0000,0.0000,{},{},{},3865.5000,80,1.0000,1.0000,216,2025-10-07T08:47:43.971046
109,5,12,2025-10-07 08:47:44.230489,2,0.0000,0.0024,0.0000,0.0024,0.0000,1.0000,0.0000,0.0000,{},{},{},3903.7000,80,1.0000,1.0000,218,2025-10-07T08:47:44.134782
110,5,13,2025-10-07 08:47:44.389788,2,0.0000,0.0024,0.0000,0.0024,0.0000,1.0000,0.0000,0.0000,{},{},{},3941.9000,80,1.0000,1.0000,220,2025-10-07T08:47:44.292442
111,5,14,2025-10-07 08:47:44.553833,2,0.0000,0.0024,0.0000,0.0024,0.0000,1.0000,0.0000,0.0000,{},{},{},3980.1000,80,1.0000,1.0000,222,2025-10-07T08:47:44.459045
112,5,15,2025-10-07 08:47:44.714778,2,0.0000,0.0024,0.0000,0.0024,0.0000,1.0000,0.0000,0.0000,{},{},{},4018.3000,80,1.0000,1.0000,224,2025-10-07T08:47:44.623270
113,5,16,2025-10-07 08:47:44.876551,2,0.0000,0.0024,0.0000,0.0024,0.0000,1.0000,0.0000,0.0000,{},{},{},4056.5000,80,1.0000,1.0000,226,2025-10-07T08:47:44.781266
114,5,17,2025-10-07 08:47:45.042103,2,0.0000,0.0024,0.0000,0.0024,0.0000,1.0000,0.0000,0.0000,{},{},{},4094.7000,80,1.0000,1.0000,228,2025-10-07T08:47:44.945653
115,5,18,2025-10-07 08:47:45.204139,2,0.0000,0.0024,0.0000,0.0024,0.0000,1.0000,0.0000,0.0000,{},{},{},4132.9000,80,1.0000,1.0000,230,2025-10-07T08:47:45.111858
116,5,19,2025-10-07 08:47:45.364716,2,0.0000,0.0024,0.0000,0.0024,0.0000,1.0000,0.0000,0.0000,{},{},{},4171.1000,80,1.0000,1.0000,232,2025-10-07T08:47:45.271097
117,5,20,2025-10-07 08:47:45.528919,2,0.0000,0.0024,0.0000,0.0024,0.0000,1.0000,0.0000,0.0000,{},{},{},4209.3000,80,1.0000,1.0000,234,2025-10-07T08:47:45.431462
118,5,21,2025-10-07 08:47:45.694934,2,0.0000,0.0024,0.0000,0.0024,0.0000,1.0000,0.0000,0.0000,{},{},{},4247.5000,80,1.0000,1.0000,236,2025-10-07T08:47:45.598372
119,5,22,2025-10-07 08:47:45.858361,2,0.0000,0.0024,0.0000,0.0024,0.0000,1.0000,0.0000,0.0000,{},{},{},4285.7000,80,1.0000,1.0000,238,2025-10-07T08:47:45.763392
120,5,23,2025-10-07 08:47:46.021326,2,0.0000,0.0024,0.0000,0.0024,0.0000,1.0000,0.0000,0.0000,{},{},{},4323.9000,80,1.0000,1.0000,240,2025-10-07T08:47:45.925972
121,6,0,2025-10-07 08:47:46.187364,2,0.0000,0.0024,0.0000,0.0024,0.0000,1.0000,0.0000,0.0000,{},{},{},4361.7291,80,1.0000,1.0000,242,2025-10-07T08:47:46.090540
122,6,1,2025-10-07 08:47:46.349387,2,0.0000,0.0024,0.0000,0.0024,0.0000,1.0000,0.0000,0.0000,{},{},{},4399.5582,80,1.0000,1.0000,244,2025-10-07T08:47:46.255592
123,6,2,2025-10-07 08:47:46.514622,2,0.0000,0.0024,0.0000,0.0024,0.0000,1.0000,0.0000,0.0000,{},{},{},4437.3873,80,1.0000,1.0000,246,2025-10-07T08:47:46.419905
124,6,3,2025-10-07 08:47:46.681625,2,0.0000,0.0024,0.0000,0.0024,0.0000,1.0000,0.0000,0.0000,{},{},{},4475.2164,80,1.0000,1.0000,248,2025-10-07T08:47:46.585329
125,6,4,2025-10-07 08:47:46.845427,2,0.0000,0.0024,0.0000,0.0024,0.0000,1.0000,0.0000,0.0000,{},{},{},4513.0455,80,1.0000,1.0000,250,2025-10-07T08:47:46.751443
126,6,5,2025-10-07 08:47:47.003764,2,0.0000,0.0024,0.0000,0.0024,0.0000,1.0000,0.0000,0.0000,{},{},{},4550.8745,80,1.0000,1.0000,252,2025-10-07T08:47:46.908951
127,6,6,2025-10-07 08:47:47.164548,2,0.0000,0.0024,0.0000,0.0024,0.0000,1.0000,0.0000,0.0000,{},{},{},4588.7036,80,1.0000,1.0000,254,2025-10-07T08:47:47.070598
128,6,7,2025-10-07 08:47:47.326900,2,0.0000,0.0024,0.0000,0.0024,0.0000,1.0000,0.0000,0.0000,{},{},{},4626.5327,80,1.0000,1.0000,256,2025-10-07T08:47:47.232728
129,6,8,2025-10-07 08:47:47.486675,2,0.0000,0.0024,0.0000,0.0024,0.0000,1.0000,0.0000,0.0000,{},{},{},4664.3618,80,1.0000,1.0000,258,2025-10-07T08:47:47.393757
130,6,9,2025-10-07 08:47:47.652122,2,0.0000,0.0024,0.0000,0.0024,0.0000,1.0000,0.0000,0.0000,{},{},{},4702.1909,80,1.0000,1.0000,260,2025-10-07T08:47:47.556618
131,6,10,2025-10-07 08:47:47.814871,2,0.0000,0.0024,0.0000,0.0024,0.0000,1.0000,0.0000,0.0000,{},{},{},4740.0200,80,1.0000,1.0000,262,2025-10-07T08:47:47.716993
132,6,11,2025-10-07 08:47:47.980020,2,0.0000,0.0024,0.0000,0.0024,0.0000,1.0000,0.0000,0.0000,{},{},{},4777.8491,80,1.0000,1.0000,264,2025-10-07T08:47:47.884163
133,6,12,2025-10-07 08:47:48.145117,2,0.0000,0.0024,0.0000,0.0024,0.0000,1.0000,0.0000,0.0000,{},{},{},4815.6782,80,1.0000,1.0000,266,2025-10-07T08:47:48.048824
134,6,13,2025-10-07 08:47:48.309953,2,0.0000,0.0024,0.0000,0.0024,0.0000,1.0000,0.0000,0.0000,{},{},{},4853.5073,80,1.0000,1.0000,268,2025-10-07T08:47:48.213992
135,6,14,2025-10-07 08:47:48.469181,2,0.0000,0.0024,0.0000,0.0024,0.0000,1.0000,0.0000,0.0000,{},{},{},4891.3364,80,1.0000,1.0000,270,2025-10-07T08:47:48.375669
136,6,15,2025-10-07 08:47:48.637118,2,0.0000,0.0024,0.0000,0.0024,0.0000,1.0000,0.0000,0.0000,{},{},{},4929.1655,80,1.0000,1.0000,272,2025-10-07T08:47:48.540277
137,6,16,2025-10-07 08:47:48.796385,2,0.0000,0.0024,0.0000,0.0024,0.0000,1.0000,0.0000,0.0000,{},{},{},4966.9945,80,1.0000,1.0000,274,2025-10-07T08:47:48.701646
138,6,17,2025-10-07 08:47:48.960992,2,0.0000,0.0024,0.0000,0.0024,0.0000,1.0000,0.0000,0.0000,{},{},{},5004.8236,80,1.0000,1.0000,276,2025-10-07T08:47:48.866408
139,6,18,2025-10-07 08:47:49.127902,2,0.0000,0.0024,0.0000,0.0024,0.0000,1.0000,0.0000,0.0000,{},{},{},5042.6527,80,1.0000,1.0000,278,2025-10-07T08:47:49.031228
140,6,19,2025-10-07 08:47:49.292516,2,0.0000,0.0024,0.0000,0.0024,0.0000,1.0000,0.0000,0.0000,{},{},{},5080.4818,80,1.0000,1.0000,280,2025-10-07T08:47:49.198167
141,6,20,2025-10-07 08:47:49.456318,2,0.0000,0.0024,0.0000,0.0024,0.0000,1.0000,0.0000,0.0000,{},{},{},5118.3109,80,1.0000,1.0000,282,2025-10-07T08:47:49.362106
142,6,21,2025-10-07 08:47:49.617638,2,0.0000,0.0024,0.0000,0.0024,0.0000,1.0000,0.0000,0.0000,{},{},{},5156.1400,80,1.0000,1.0000,284,2025-10-07T08:47:49.524890
143,6,22,2025-10-07 08:47:49.779910,2,0.0000,0.0024,0.0000,0.0024,0.0000,1.0000,0.0000,0.0000,{},{},{},5193.9691,80,1.0000,1.0000,286,2025-10-07T08:47:49.684093
144,6,23,2025-10-07 08:47:49.943917,2,0.0000,0.0024,0.0000,0.0024,0.0000,1.0000,0.0000,0.0000,{},{},{},5231.7982,80,1.0000,1.0000,288,2025-10-07T08:47:49.848165
145,7,0,2025-10-07 08:47:50.107562,2,0.0000,0.0024,0.0000,0.0024,0.0000,1.0000,0.0000,0.0000,{},{},{},5266.2818,80,1.0000,1.0000,290,2025-10-07T08:47:50.012081
146,7,1,2025-10-07 08:47:50.270505,2,0.0000,0.0024,0.0000,0.0024,0.0000,1.0000,0.0000,0.0000,{},{},{},5300.7655,80,1.0000,1.0000,292,2025-10-07T08:47:50.176986
147,7,2,2025-10-07 08:47:50.432322,2,0.0000,0.0024,0.0000,0.0024,0.0000,1.0000,0.0000,0.0000,{},{},{},5335.2491,80,1.0000,1.0000,294,2025-10-07T08:47:50.336387
148,7,3,2025-10-07 08:47:50.590960,2,0.0000,0.0024,0.0000,0.0024,0.0000,1.0000,0.0000,0.0000,{},{},{},5369.7327,80,1.0000,1.0000,296,2025-10-07T08:47:50.500424
149,7,4,2025-10-07 08:47:50.752961,2,0.0000,0.0024,0.0000,0.0024,0.0000,1.0000,0.0000,0.0000,{},{},{},5404.2164,80,1.0000,1.0000,298,2025-10-07T08:47:50.656635
150,7,5,2025-10-07 08:47:50.917244,2,0.0000,0.0024,0.0000,0.0024,0.0000,1.0000,0.0000,0.0000,{},{},{},5438.7000,80,1.0000,1.0000,300,2025-10-07T08:47:50.821773
151,7,6,2025-10-07 08:47:51.075221,2,0.0000,0.0024,0.0000,0.0024,0.0000,1.0000,0.0000,0.0000,{},{},{},5473.1836,80,1.0000,1.0000,302,2025-10-07T08:47:50.980584
152,7,7,2025-10-07 08:47:51.240103,2,0.0000,0.0024,0.0000,0.0024,0.0000,1.0000,0.0000,0.0000,{},{},{},5507.6673,80,1.0000,1.0000,304,2025-10-07T08:47:51.145844
153,7,8,2025-10-07 08:47:51.404430,2,0.0000,0.0024,0.0000,0.0024,0.0000,1.0000,0.0000,0.0000,{},{},{},5542.1509,80,1.0000,1.0000,306,2025-10-07T08:47:51.307863
154,7,9,2025-10-07 08:47:51.563264,2,0.0000,0.0024,0.0000,0.0024,0.0000,1.0000,0.0000,0.0000,{},{},{},5576.6345,80,1.0000,1.0000,308,2025-10-07T08:47:51.469143
155,7,10,2025-10-07 08:47:51.726979,2,0.0000,0.0024,0.0000,0.0024,0.0000,1.0000,0.0000,0.0000,{},{},{},5611.1182,80,1.0000,1.0000,310,2025-10-07T08:47:51.632951
156,7,11,2025-10-07 08:47:51.894628,2,0.0000,0.0024,0.0000,0.0024,0.0000,1.0000,0.0000,0.0000,{},{},{},5645.6018,80,1.0000,1.0000,312,2025-10-07T08:47:51.797055
157,7,12,2025-10-07 08:47:52.054923,2,0.0000,0.0024,0.0000,0.0024,0.0000,1.0000,0.0000,0.0000,{},{},{},5680.0855,80,1.0000,1.0000,314,2025-10-07T08:47:51.958979
158,7,13,2025-10-07 08:47:52.214405,2,0.0000,0.0024,0.0000,0.0024,0.0000,1.0000,0.0000,0.0000,{},{},{},5714.5691,80,1.0000,1.0000,316,2025-10-07T08:47:52.121237
159,7,14,2025-10-07 08:47:52.371116,2,0.0000,0.0024,0.0000,0.0024,0.0000,1.0000,0.0000,0.0000,{},{},{},5749.0527,80,1.0000,1.0000,318,2025-10-07T08:47:52.277555
160,7,15,2025-10-07 08:47:52.533898,2,0.0000,0.0024,0.0000,0.0024,0.0000,1.0000,0.0000,0.0000,{},{},{},5783.5364,80,1.0000,1.0000,320,2025-10-07T08:47:52.439905
161,7,16,2025-10-07 08:47:52.698342,2,0.0000,0.0024,0.0000,0.0024,0.0000,1.0000,0.0000,0.0000,{},{},{},5818.0200,80,1.0000,1.0000,322,2025-10-07T08:47:52.602470
162,7,17,2025-10-07 08:47:52.861981,2,0.0000,0.0024,0.0000,0.0024,0.0000,1.0000,0.0000,0.0000,{},{},{},5852.5036,80,1.0000,1.0000,324,2025-10-07T08:47:52.765536
163,7,18,2025-10-07 08:47:53.024824,2,0.0000,0.0024,0.0000,0.0024,0.0000,1.0000,0.0000,0.0000,{},{},{},5886.9873,80,1.0000,1.0000,326,2025-10-07T08:47:52.929395
164,7,19,2025-10-07 08:47:53.180754,2,0.0000,0.0024,0.0000,0.0024,0.0000,1.0000,0.0000,0.0000,{},{},{},5921.4709,80,1.0000,1.0000,328,2025-10-07T08:47:53.087731
165,7,20,2025-10-07 08:47:53.340160,2,0.0000,0.0024,0.0000,0.0024,0.0000,1.0000,0.0000,0.0000,{},{},{},5955.9545,80,1.0000,1.0000,330,2025-10-07T08:47:53.248171
166,7,21,2025-10-07 08:47:53.505026,2,0.0000,0.0024,0.0000,0.0024,0.0000,1.0000,0.0000,0.0000,{},{},{},5990.4382,80,1.0000,1.0000,332,2025-10-07T08:47:53.408645
167,7,22,2025-10-07 08:47:53.666869,2,0.0000,0.0024,0.0000,0.0024,0.0000,1.0000,0.0000,0.0000,{},{},{},6024.9218,80,1.0000,1.0000,334,2025-10-07T08:47:53.573395
168,7,23,2025-10-07 08:47:53.829439,2,0.0000,0.0024,0.0000,0.0024,0.0000,1.0000,0.0000,0.0000,{},{},{},6059.4055,80,1.0000,1.0000,336,2025-10-07T08:47:53.734608
169,8,0,2025-10-07 08:47:53.989545,2,0.0000,0.0024,0.0000,0.0024,0.0000,1.0000,0.0000,0.0000,{},{},{},6097.7582,80,1.0000,1.0000,338,2025-10-07T08:47:53.895537
170,8,1,2025-10-07 08:47:54.152927,2,0.0000,0.0024,0.0000,0.0024,0.0000,1.0000,0.0000,0.0000,{},{},{},6136.1109,80,1.0000,1.0000,340,2025-10-07T08:47:54.057511
171,8,2,2025-10-07 08:47:54.315681,2,0.0000,0.0024,0.0000,0.0024,0.0000,1.0000,0.0000,0.0000,{},{},{},6174.4636,80,1.0000,1.0000,342,2025-10-07T08:47:54.222832
172,8,3,2025-10-07 08:47:54.479829,2,0.0000,0.0024,0.0000,0.0024,0.0000,1.0000,0.0000,0.0000,{},{},{},6212.8164,80,1.0000,1.0000,344,2025-10-07T08:47:54.384204
173,8,4,2025-10-07 08:47:54.643311,2,0.0000,0.0024,0.0000,0.0024,0.0000,1.0000,0.0000,0.0000,{},{},{},6251.1691,80,1.0000,1.0000,346,2025-10-07T08:47:54.546988
174,8,5,2025-10-07 08:47:54.805595,2,0.0000,0.0024,0.0000,0.0024,0.0000,1.0000,0.0000,0.0000,{},{},{},6289.5218,80,1.0000,1.0000,348,2025-10-07T08:47:54.711153
175,8,6,2025-10-07 08:47:54.968894,2,0.0000,0.0024,0.0000,0.0024,0.0000,1.0000,0.0000,0.0000,{},{},{},6327.8745,80,1.0000,1.0000,350,2025-10-07T08:47:54.873950
176,8,7,2025-10-07 08:47:55.141582,2,0.0000,0.0024,0.0000,0.0024,0.0000,1.0000,0.0000,0.0000,{},{},{},6366.2273,80,1.0000,1.0000,352,2025-10-07T08:47:55.037186
177,8,8,2025-10-07 08:47:55.334213,2,0.0000,0.0024,0.0000,0.0024,0.0000,1.0000,0.0000,0.0000,{},{},{},6404.5800,80,1.0000,1.0000,354,2025-10-07T08:47:55.223163
178,8,9,2025-10-07 08:47:55.511460,2,0.0000,0.0024,0.0000,0.0024,0.0000,1.0000,0.0000,0.0000,{},{},{},6442.9327,80,1.0000,1.0000,356,2025-10-07T08:47:55.409090
179,8,10,2025-10-07 08:47:55.704737,2,0.0000,0.0024,0.0000,0.0024,0.0000,1.0000,0.0000,0.0000,{},{},{},6481.2855,80,1.0000,1.0000,358,2025-10-07T08:47:55.592048
180,8,11,2025-10-07 08:47:55.889992,2,0.0000,0.0024,0.0000,0.0024,0.0000,1.0000,0.0000,0.0000,{},{},{},6519.6382,80,1.0000,1.0000,360,2025-10-07T08:47:55.778157
181,8,12,2025-10-07 08:47:56.071528,2,0.0000,0.0024,0.0000,0.0024,0.0000,1.0000,0.0000,0.0000,{},{},{},6557.9909,80,1.0000,1.0000,362,2025-10-07T08:47:55.964143
182,8,13,2025-10-07 08:47:56.248997,2,0.0000,0.0024,0.0000,0.0024,0.0000,1.0000,0.0000,0.0000,{},{},{},6596.3436,80,1.0000,1.0000,364,2025-10-07T08:47:56.145611
183,8,14,2025-10-07 08:47:56.437522,2,0.0000,0.0024,0.0000,0.0024,0.0000,1.0000,0.0000,0.0000,{},{},{},6634.6964,80,1.0000,1.0000,366,2025-10-07T08:47:56.328890
184,8,15,2025-10-07 08:47:56.616288,2,0.0000,0.0024,0.0000,0.0024,0.0000,1.0000,0.0000,0.0000,{},{},{},6673.0491,80,1.0000,1.0000,368,2025-10-07T08:47:56.510996
185,8,16,2025-10-07 08:47:56.792457,2,0.0000,0.0024,0.0000,0.0024,0.0000,1.0000,0.0000,0.0000,{},{},{},6711.4018,80,1.0000,1.0000,370,2025-10-07T08:47:56.691120
186,8,17,2025-10-07 08:47:56.972403,2,0.0000,0.0024,0.0000,0.0024,0.0000,1.0000,0.0000,0.0000,{},{},{},6749.7545,80,1.0000,1.0000,372,2025-10-07T08:47:56.870816
187,8,18,2025-10-07 08:47:57.162186,2,0.0000,0.0024,0.0000,0.0024,0.0000,1.0000,0.0000,0.0000,{},{},{},6788.1073,80,1.0000,1.0000,374,2025-10-07T08:47:57.053898
188,8,19,2025-10-07 08:47:57.339860,2,0.0000,0.0024,0.0000,0.0024,0.0000,1.0000,0.0000,0.0000,{},{},{},6826.4600,80,1.0000,1.0000,376,2025-10-07T08:47:57.240410
189,8,20,2025-10-07 08:47:57.527865,2,0.0000,0.0024,0.0000,0.0024,0.0000,1.0000,0.0000,0.0000,{},{},{},6864.8127,80,1.0000,1.0000,378,2025-10-07T08:47:57.416672
190,8,21,2025-10-07 08:47:57.713985,2,0.0000,0.0024,0.0000,0.0024,0.0000,1.0000,0.0000,0.0000,{},{},{},6903.1655,80,1.0000,1.0000,380,2025-10-07T08:47:57.606984
191,8,22,2025-10-07 08:47:57.900674,2,0.0000,0.0024,0.0000,0.0024,0.0000,1.0000,0.0000,0.0000,{},{},{},6941.5182,80,1.0000,1.0000,382,2025-10-07T08:47:57.790515
192,8,23,2025-10-07 08:47:58.086670,2,0.0000,0.0024,0.0000,0.0024,0.0000,1.0000,0.0000,0.0000,{},{},{},6979.8709,80,1.0000,1.0000,384,2025-10-07T08:47:57.981375
193,9,0,2025-10-07 08:47:58.261620,2,0.0000,0.0024,0.0000,0.0024,0.0000,1.0000,0.0000,0.0000,{},{},{},7014.1145,80,1.0000,1.0000,386,2025-10-07T08:47:58.157558
194,9,1,2025-10-07 08:47:58.444788,2,0.0000,0.0024,0.0000,0.0024,0.0000,1.0000,0.0000,0.0000,{},{},{},7048.3582,80,1.0000,1.0000,388,2025-10-07T08:47:58.342520
195,9,2,2025-10-07 08:47:58.624921,2,0.0000,0.0024,0.0000,0.0024,0.0000,1.0000,0.0000,0.0000,{},{},{},7082.6018,80,1.0000,1.0000,390,2025-10-07T08:47:58.519798
196,9,3,2025-10-07 08:47:58.823896,2,0.0000,0.0024,0.0000,0.0024,0.0000,1.0000,0.0000,0.0000,{},{},{},7116.8455,80,1.0000,1.0000,392,2025-10-07T08:47:58.709024
197,9,4,2025-10-07 08:47:59.016612,2,0.0000,0.0024,0.0000,0.0024,0.0000,1.0000,0.0000,0.0000,{},{},{},7151.0891,80,1.0000,1.0000,394,2025-10-07T08:47:58.907540
198,9,5,2025-10-07 08:47:59.202255,2,0.0000,0.0024,0.0000,0.0024,0.0000,1.0000,0.0000,0.0000,{},{},{},7185.3327,80,1.0000,1.0000,396,2025-10-07T08:47:59.097544
199,9,6,2025-10-07 08:47:59.388956,2,0.0000,0.0024,0.0000,0.0024,0.0000,1.0000,0.0000,0.0000,{},{},{},7219.5764,80,1.0000,1.0000,398,2025-10-07T08:47:59.282040
200,9,7,2025-10-07 08:47:59.572041,2,0.0000,0.0024,0.0000,0.0024,0.0000,1.0000,0.0000,0.0000,{},{},{},7253.8200,80,1.0000,1.0000,400,2025-10-07T08:47:59.468014
201,9,8,2025-10-07 08:47:59.756110,2,0.0000,0.0024,0.0000,0.0024,0.0000,1.0000,0.0000,0.0000,{},{},{},7288.0636,80,1.0000,1.0000,402,2025-10-07T08:47:59.651801
202,9,9,2025-10-07 08:47:59.934885,2,0.0000,0.0024,0.0000,0.0024,0.0000,1.0000,0.0000,0.0000,{},{},{},7322.3073,80,1.0000,1.0000,404,2025-10-07T08:47:59.830440
203,9,10,2025-10-07 08:48:00.119479,2,0.0000,0.0024,0.0000,0.0024,0.0000,1.0000,0.0000,0.0000,{},{},{},7356.5509,80,1.0000,1.0000,406,2025-10-07T08:48:00.011028
204,9,11,2025-10-07 08:48:00.308020,2,0.0000,0.0024,0.0000,0.0024,0.0000,1.0000,0.0000,0.0000,{},{},{},7390.7945,80,1.0000,1.0000,408,2025-10-07T08:48:00.202799
205,9,12,2025-10-07 08:48:00.505432,2,0.0000,0.0024,0.0000,0.0024,0.0000,1.0000,0.0000,0.0000,{},{},{},7425.0382,80,1.0000,1.0000,410,2025-10-07T08:48:00.389694
206,9,13,2025-10-07 08:48:00.684886,2,0.0000,0.0024,0.0000,0.0024,0.0000,1.0000,0.0000,0.0000,{},{},{},7459.2818,80,1.0000,1.0000,412,2025-10-07T08:48:00.587487
207,9,14,2025-10-07 08:48:00.872108,2,0.0000,0.0024,0.0000,0.0024,0.0000,1.0000,0.0000,0.0000,{},{},{},7493.5255,80,1.0000,1.0000,414,2025-10-07T08:48:00.763886
208,9,15,2025-10-07 08:48:01.055038,2,0.0000,0.0024,0.0000,0.0024,0.0000,1.0000,0.0000,0.0000,{},{},{},7527.7691,80,1.0000,1.0000,416,2025-10-07T08:48:00.949107
209,9,16,2025-10-07 08:48:01.238742,2,0.0000,0.0024,0.0000,0.0024,0.0000,1.0000,0.0000,0.0000,{},{},{},7562.0127,80,1.0000,1.0000,418,2025-10-07T08:48:01.133366
210,9,17,2025-10-07 08:48:01.427217,2,0.0000,0.0024,0.0000,0.0024,0.0000,1.0000,0.0000,0.0000,{},{},{},7596.2564,80,1.0000,1.0000,420,2025-10-07T08:48:01.313636
211,9,18,2025-10-07 08:48:01.610938,2,0.0000,0.0024,0.0000,0.0024,0.0000,1.0000,0.0000,0.0000,{},{},{},7630.5000,80,1.0000,1.0000,422,2025-10-07T08:48:01.501600
212,9,19,2025-10-07 08:48:01.800947,2,0.0000,0.0024,0.0000,0.0024,0.0000,1.0000,0.0000,0.0000,{},{},{},7664.7436,80,1.0000,1.0000,424,2025-10-07T08:48:01.687315
213,9,20,2025-10-07 08:50:50.495232,2,0.0000,0.0024,0.0000,0.0024,0.0000,1.0000,0.0000,0.0000,{},{},{},7698.9873,80,1.0000,1.0000,426,2025-10-07T08:48:01.874632
214,9,21,2025-10-07 08:50:50.664576,2,0.0000,0.0024,0.0000,0.0024,0.0000,1.0000,0.0000,0.0000,{},{},{},7733.2309,80,1.0000,1.0000,428,2025-10-07T08:50:50.570661
215,9,22,2025-10-07 08:50:50.823580,2,0.0000,0.0024,0.0000,0.0024,0.0000,1.0000,0.0000,0.0000,{},{},{},7767.4745,80,1.0000,1.0000,430,2025-10-07T08:50:50.730973
216,9,23,2025-10-07 08:50:50.986328,2,0.0000,0.0024,0.0000,0.0024,0.0000,1.0000,0.0000,0.0000,{},{},{},7801.7182,80,1.0000,1.0000,432,2025-10-07T08:50:50.890798
217,10,0,2025-10-07 08:50:51.141124,2,0.0000,0.0024,0.0000,0.0024,0.0000,1.0000,0.0000,0.0000,{},{},{},7838.3182,80,1.0000,1.0000,434,2025-10-07T08:50:51.052192
218,10,1,2025-10-07 08:50:51.308277,2,0.0000,0.0024,0.0000,0.0024,0.0000,1.0000,0.0000,0.0000,{},{},{},7874.9182,80,1.0000,1.0000,436,2025-10-07T08:50:51.206058
219,10,2,2025-10-07 08:50:51.466357,2,0.0000,0.0024,0.0000,0.0024,0.0000,1.0000,0.0000,0.0000,{},{},{},7911.5182,80,1.0000,1.0000,438,2025-10-07T08:50:51.372662
220,10,3,2025-10-07 08:50:51.622242,2,0.0000,0.0024,0.0000,0.0024,0.0000,1.0000,0.0000,0.0000,{},{},{},7948.1182,80,1.0000,1.0000,440,2025-10-07T08:50:51.534048
221,10,4,2025-10-07 08:50:51.778589,2,0.0000,0.0024,0.0000,0.0024,0.0000,1.0000,0.0000,0.0000,{},{},{},7984.7182,80,1.0000,1.0000,442,2025-10-07T08:50:51.687695
222,10,5,2025-10-07 08:50:51.938259,2,0.0000,0.0024,0.0000,0.0024,0.0000,1.0000,0.0000,0.0000,{},{},{},8021.3182,80,1.0000,1.0000,444,2025-10-07T08:50:51.846713
223,10,6,2025-10-07 08:50:52.100438,2,0.0000,0.0024,0.0000,0.0024,0.0000,1.0000,0.0000,0.0000,{},{},{},8057.9182,80,1.0000,1.0000,446,2025-10-07T08:50:52.005963
224,10,7,2025-10-07 08:50:52.260833,2,0.0000,0.0024,0.0000,0.0024,0.0000,1.0000,0.0000,0.0000,{},{},{},8094.5182,80,1.0000,1.0000,448,2025-10-07T08:50:52.165950
225,10,8,2025-10-07 08:50:52.418761,2,0.0000,0.0024,0.0000,0.0024,0.0000,1.0000,0.0000,0.0000,{},{},{},8131.1182,80,1.0000,1.0000,450,2025-10-07T08:50:52.326370
226,10,9,2025-10-07 08:50:52.582369,2,0.0000,0.0024,0.0000,0.0024,0.0000,1.0000,0.0000,0.0000,{},{},{},8167.7182,80,1.0000,1.0000,452,2025-10-07T08:50:52.488638
227,10,10,2025-10-07 08:50:52.742208,2,0.0000,0.0024,0.0000,0.0024,0.0000,1.0000,0.0000,0.0000,{},{},{},8204.3182,80,1.0000,1.0000,454,2025-10-07T08:50:52.650468
228,10,11,2025-10-07 08:50:52.899442,2,0.0000,0.0024,0.0000,0.0024,0.0000,1.0000,0.0000,0.0000,{},{},{},8240.9182,80,1.0000,1.0000,456,2025-10-07T08:50:52.807091
229,10,12,2025-10-07 08:50:53.056773,2,0.0000,0.0024,0.0000,0.0024,0.0000,1.0000,0.0000,0.0000,{},{},{},8277.5182,80,1.0000,1.0000,458,2025-10-07T08:50:52.964102
230,10,13,2025-10-07 08:50:53.214149,2,0.0000,0.0024,0.0000,0.0024,0.0000,1.0000,0.0000,0.0000,{},{},{},8314.1182,80,1.0000,1.0000,460,2025-10-07T08:50:53.124406
231,10,14,2025-10-07 08:50:53.370930,2,0.0000,0.0024,0.0000,0.0024,0.0000,1.0000,0.0000,0.0000,{},{},{},8350.7182,80,1.0000,1.0000,462,2025-10-07T08:50:53.275855
232,10,15,2025-10-07 08:50:53.530837,2,0.0000,0.0024,0.0000,0.0024,0.0000,1.0000,0.0000,0.0000,{},{},{},8387.3182,80,1.0000,1.0000,464,2025-10-07T08:50:53.437627
233,10,16,2025-10-07 08:50:53.691023,2,0.0000,0.0024,0.0000,0.0024,0.0000,1.0000,0.0000,0.0000,{},{},{},8423.9182,80,1.0000,1.0000,466,2025-10-07T08:50:53.595804
234,10,17,2025-10-07 08:50:53.846634,2,0.0000,0.0024,0.0000,0.0024,0.0000,1.0000,0.0000,0.0000,{},{},{},8460.5182,80,1.0000,1.0000,468,2025-10-07T08:50:53.754458
235,10,18,2025-10-07 08:50:54.001956,2,0.0000,0.0024,0.0000,0.0024,0.0000,1.0000,0.0000,0.0000,{},{},{},8497.1182,80,1.0000,1.0000,470,2025-10-07T08:50:53.911788
236,10,19,2025-10-07 08:50:54.161069,2,0.0000,0.0024,0.0000,0.0024,0.0000,1.0000,0.0000,0.0000,{},{},{},8533.7182,80,1.0000,1.0000,472,2025-10-07T08:50:54.069784
237,10,20,2025-10-07 08:50:54.315322,2,0.0000,0.0024,0.0000,0.0024,0.0000,1.0000,0.0000,0.0000,{},{},{},8570.3182,80,1.0000,1.0000,474,2025-10-07T08:50:54.226361
238,10,21,2025-10-07 08:50:54.471577,2,0.0000,0.0024,0.0000,0.0024,0.0000,1.0000,0.0000,0.0000,{},{},{},8606.9182,80,1.0000,1.0000,476,2025-10-07T08:50:54.381395
239,10,22,2025-10-07 08:50:54.630553,2,0.0000,0.0024,0.0000,0.0024,0.0000,1.0000,0.0000,0.0000,{},{},{},8643.5182,80,1.0000,1.0000,478,2025-10-07T08:50:54.539744
240,10,23,2025-10-07 08:50:54.788801,2,0.0000,0.0024,0.0000,0.0024,0.0000,1.0000,0.0000,0.0000,{},{},{},8680.1182,80,1.0000,1.0000,480,2025-10-07T08:50:54.695751
241,11,0,2025-10-07 08:50:54.950954,2,0.0000,0.0024,0.0000,0.0024,0.0000,1.0000,0.0000,0.0000,{},{},{},8716.1800,80,1.0000,1.0000,482,2025-10-07T08:50:54.857341
242,11,1,2025-10-07 08:50:55.111451,2,0.0000,0.0024,0.0000,0.0024,0.0000,1.0000,0.0000,0.0000,{},{},{},8752.2418,80,1.0000,1.0000,484,2025-10-07T08:50:55.014283
243,11,2,2025-10-07 08:50:55.273681,2,0.0000,0.0024,0.0000,0.0024,0.0000,1.0000,0.0000,0.0000,{},{},{},8788.3036,80,1.0000,1.0000,486,2025-10-07T08:50:55.177461
244,11,3,2025-10-07 08:50:55.430821,2,0.0000,0.0024,0.0000,0.0024,0.0000,1.0000,0.0000,0.0000,{},{},{},8824.3655,80,1.0000,1.0000,488,2025-10-07T08:50:55.339674
245,11,4,2025-10-07 08:50:55.591087,2,0.0000,0.0024,0.0000,0.0024,0.0000,1.0000,0.0000,0.0000,{},{},{},8860.4273,80,1.0000,1.0000,490,2025-10-07T08:50:55.494902
246,11,5,2025-10-07 08:50:55.751693,2,0.0000,0.0024,0.0000,0.0024,0.0000,1.0000,0.0000,0.0000,{},{},{},8896.4891,80,1.0000,1.0000,492,2025-10-07T08:50:55.656989
247,11,6,2025-10-07 08:50:55.913835,2,0.0000,0.0024,0.0000,0.0024,0.0000,1.0000,0.0000,0.0000,{},{},{},8932.5509,80,1.0000,1.0000,494,2025-10-07T08:50:55.818148
248,11,7,2025-10-07 08:50:56.075829,2,0.0000,0.0024,0.0000,0.0024,0.0000,1.0000,0.0000,0.0000,{},{},{},8968.6127,80,1.0000,1.0000,496,2025-10-07T08:50:55.982768
249,11,8,2025-10-07 08:50:56.235786,2,0.0000,0.0024,0.0000,0.0024,0.0000,1.0000,0.0000,0.0000,{},{},{},9004.6745,80,1.0000,1.0000,498,2025-10-07T08:50:56.142942
250,11,9,2025-10-07 08:50:56.393276,2,0.0000,0.0024,0.0000,0.0024,0.0000,1.0000,0.0000,0.0000,{},{},{},9040.7364,80,1.0000,1.0000,500,2025-10-07T08:50:56.301598
251,11,10,2025-10-07 08:50:56.551342,2,0.0000,0.0024,0.0000,0.0024,0.0000,1.0000,0.0000,0.0000,{},{},{},9076.7982,80,1.0000,1.0000,502,2025-10-07T08:50:56.458397
252,11,11,2025-10-07 08:50:56.704677,2,0.0000,0.0024,0.0000,0.0024,0.0000,1.0000,0.0000,0.0000,{},{},{},9112.8600,80,1.0000,1.0000,504,2025-10-07T08:50:56.616730
253,11,12,2025-10-07 08:50:56.856262,2,0.0000,0.0024,0.0000,0.0024,0.0000,1.0000,0.0000,0.0000,{},{},{},9148.9218,80,1.0000,1.0000,506,2025-10-07T08:50:56.768223
254,11,13,2025-10-07 08:50:57.013615,2,0.0000,0.0024,0.0000,0.0024,0.0000,1.0000,0.0000,0.0000,{},{},{},9184.9836,80,1.0000,1.0000,508,2025-10-07T08:50:56.922001
255,11,14,2025-10-07 08:50:57.168151,2,0.0000,0.0024,0.0000,0.0024,0.0000,1.0000,0.0000,0.0000,{},{},{},9221.0455,80,1.0000,1.0000,510,2025-10-07T08:50:57.080179
256,11,15,2025-10-07 08:50:57.331400,2,0.0000,0.0024,0.0000,0.0024,0.0000,1.0000,0.0000,0.0000,{},{},{},9257.1073,80,1.0000,1.0000,512,2025-10-07T08:50:57.237590
257,11,16,2025-10-07 08:50:57.494254,2,0.0000,0.0024,0.0000,0.0024,0.0000,1.0000,0.0000,0.0000,{},{},{},9293.1691,80,1.0000,1.0000,514,2025-10-07T08:50:57.398792
258,11,17,2025-10-07 08:50:57.655068,2,0.0000,0.0024,0.0000,0.0024,0.0000,1.0000,0.0000,0.0000,{},{},{},9329.2309,80,1.0000,1.0000,516,2025-10-07T08:50:57.562377
259,11,18,2025-10-07 08:50:57.812237,2,0.0000,0.0024,0.0000,0.0024,0.0000,1.0000,0.0000,0.0000,{},{},{},9365.2927,80,1.0000,1.0000,518,2025-10-07T08:50:57.721429
260,11,19,2025-10-07 08:50:57.971722,2,0.0000,0.0024,0.0000,0.0024,0.0000,1.0000,0.0000,0.0000,{},{},{},9401.3545,80,1.0000,1.0000,520,2025-10-07T08:50:57.881967
261,11,20,2025-10-07 08:50:58.135892,2,0.0000,0.0024,0.0000,0.0024,0.0000,1.0000,0.0000,0.0000,{},{},{},9437.4164,80,1.0000,1.0000,522,2025-10-07T08:50:58.038845
262,11,21,2025-10-07 08:50:58.295403,2,0.0000,0.0024,0.0000,0.0024,0.0000,1.0000,0.0000,0.0000,{},{},{},9473.4782,80,1.0000,1.0000,524,2025-10-07T08:50:58.202302
263,11,22,2025-10-07 08:50:58.456670,2,0.0000,0.0024,0.0000,0.0024,0.0000,1.0000,0.0000,0.0000,{},{},{},9509.5400,80,1.0000,1.0000,526,2025-10-07T08:50:58.359668
264,11,23,2025-10-07 08:50:58.615886,2,0.0000,0.0024,0.0000,0.0024,0.0000,1.0000,0.0000,0.0000,{},{},{},9545.6018,80,1.0000,1.0000,528,2025-10-07T08:50:58.526749
265,12,0,2025-10-07 08:50:58.770913,2,0.0000,0.0024,0.0000,0.0024,0.0000,1.0000,0.0000,0.0000,{},{},{},9583.4309,80,1.0000,1.0000,530,2025-10-07T08:50:58.679739
266,12,1,2025-10-07 08:50:58.933723,2,0.0000,0.0024,0.0000,0.0024,0.0000,1.0000,0.0000,0.0000,{},{},{},9621.2600,80,1.0000,1.0000,532,2025-10-07T08:50:58.837785
267,12,2,2025-10-07 08:50:59.093854,2,0.0000,0.0024,0.0000,0.0024,0.0000,1.0000,0.0000,0.0000,{},{},{},9659.0891,80,1.0000,1.0000,534,2025-10-07T08:50:59.001252
268,12,3,2025-10-07 08:50:59.257894,2,0.0000,0.0024,0.0000,0.0024,0.0000,1.0000,0.0000,0.0000,{},{},{},9696.9182,80,1.0000,1.0000,536,2025-10-07T08:50:59.161853
269,12,4,2025-10-07 08:50:59.419197,2,0.0000,0.0024,0.0000,0.0024,0.0000,1.0000,0.0000,0.0000,{},{},{},9734.7473,80,1.0000,1.0000,538,2025-10-07T08:50:59.324137
270,12,5,2025-10-07 08:50:59.579793,2,0.0000,0.0024,0.0000,0.0024,0.0000,1.0000,0.0000,0.0000,{},{},{},9772.5764,80,1.0000,1.0000,540,2025-10-07T08:50:59.485204
271,12,6,2025-10-07 08:50:59.736133,2,0.0000,0.0024,0.0000,0.0024,0.0000,1.0000,0.0000,0.0000,{},{},{},9810.4055,80,1.0000,1.0000,542,2025-10-07T08:50:59.643993
272,12,7,2025-10-07 08:50:59.901105,2,0.0000,0.0024,0.0000,0.0024,0.0000,1.0000,0.0000,0.0000,{},{},{},9848.2345,80,1.0000,1.0000,544,2025-10-07T08:50:59.804579
273,12,8,2025-10-07 08:51:00.057938,2,0.0000,0.0024,0.0000,0.0024,0.0000,1.0000,0.0000,0.0000,{},{},{},9886.0636,80,1.0000,1.0000,546,2025-10-07T08:50:59.966549
274,12,9,2025-10-07 08:51:00.221753,2,0.0000,0.0024,0.0000,0.0024,0.0000,1.0000,0.0000,0.0000,{},{},{},9923.8927,80,1.0000,1.0000,548,2025-10-07T08:51:00.124778
275,12,10,2025-10-07 08:51:00.384044,2,0.0000,0.0024,0.0000,0.0024,0.0000,1.0000,0.0000,0.0000,{},{},{},9961.7218,80,1.0000,1.0000,550,2025-10-07T08:51:00.288853
276,12,11,2025-10-07 08:51:00.545075,2,0.0000,0.0024,0.0000,0.0024,0.0000,1.0000,0.0000,0.0000,{},{},{},9999.5509,80,1.0000,1.0000,552,2025-10-07T08:51:00.451868
277,12,12,2025-10-07 08:51:00.700955,2,0.0000,0.0024,0.0000,0.0024,0.0000,1.0000,0.0000,0.0000,{},{},{},10037.3800,80,1.0000,1.0000,554,2025-10-07T08:51:00.608545
278,12,13,2025-10-07 08:51:00.863065,2,0.0000,0.0024,0.0000,0.0024,0.0000,1.0000,0.0000,0.0000,{},{},{},10075.2091,80,1.0000,1.0000,556,2025-10-07T08:51:00.767992
279,12,14,2025-10-07 08:51:01.016057,2,0.0000,0.0024,0.0000,0.0024,0.0000,1.0000,0.0000,0.0000,{},{},{},10113.0382,80,1.0000,1.0000,558,2025-10-07T08:51:00.925959
280,12,15,2025-10-07 08:51:01.176354,2,0.0000,0.0024,0.0000,0.0024,0.0000,1.0000,0.0000,0.0000,{},{},{},10150.8673,80,1.0000,1.0000,560,2025-10-07T08:51:01.080807
281,12,16,2025-10-07 08:51:01.334474,2,0.0000,0.0024,0.0000,0.0024,0.0000,1.0000,0.0000,0.0000,{},{},{},10188.6964,80,1.0000,1.0000,562,2025-10-07T08:51:01.243798
282,12,17,2025-10-07 08:51:01.496234,2,0.0000,0.0024,0.0000,0.0024,0.0000,1.0000,0.0000,0.0000,{},{},{},10226.5255,80,1.0000,1.0000,564,2025-10-07T08:51:01.400067
283,12,18,2025-10-07 08:51:01.654723,2,0.0000,0.0024,0.0000,0.0024,0.0000,1.0000,0.0000,0.0000,{},{},{},10264.3545,80,1.0000,1.0000,566,2025-10-07T08:51:01.565543
284,12,19,2025-10-07 08:51:01.817364,2,0.0000,0.0024,0.0000,0.0024,0.0000,1.0000,0.0000,0.0000,{},{},{},10302.1836,80,1.0000,1.0000,568,2025-10-07T08:51:01.722408
285,12,20,2025-10-07 08:51:01.979765,2,0.0000,0.0024,0.0000,0.0024,0.0000,1.0000,0.0000,0.0000,{},{},{},10340.0127,80,1.0000,1.0000,570,2025-10-07T08:51:01.885981
286,12,21,2025-10-07 08:51:02.141593,2,0.0000,0.0024,0.0000,0.0024,0.0000,1.0000,0.0000,0.0000,{},{},{},10377.8418,80,1.0000,1.0000,572,2025-10-07T08:51:02.046239
287,12,22,2025-10-07 08:51:02.303462,2,0.0000,0.0024,0.0000,0.0024,0.0000,1.0000,0.0000,0.0000,{},{},{},10415.6709,80,1.0000,1.0000,574,2025-10-07T08:51:02.208856
288,12,23,2025-10-07 08:51:02.466266,2,0.0000,0.0024,0.0000,0.0024,0.0000,1.0000,0.0000,0.0000,{},{},{},10453.5000,80,1.0000,1.0000,576,2025-10-07T08:51:02.371619
289,13,0,2025-10-07 08:51:02.629432,2,0.0000,0.0024,0.0000,0.0024,0.0000,1.0000,0.0000,0.0000,{},{},{},10489.3473,80,1.0000,1.0000,578,2025-10-07T08:51:02.536617
290,13,1,2025-10-07 08:51:02.788686,2,0.0000,0.0024,0.0000,0.0024,0.0000,1.0000,0.0000,0.0000,{},{},{},10525.1945,80,1.0000,1.0000,580,2025-10-07T08:51:02.692561
291,13,2,2025-10-07 08:51:02.950314,2,0.0000,0.0024,0.0000,0.0024,0.0000,1.0000,0.0000,0.0000,{},{},{},10561.0418,80,1.0000,1.0000,582,2025-10-07T08:51:02.857710
292,13,3,2025-10-07 08:51:03.105007,2,0.0000,0.0024,0.0000,0.0024,0.0000,1.0000,0.0000,0.0000,{},{},{},10596.8891,80,1.0000,1.0000,584,2025-10-07T08:51:03.016797
293,13,4,2025-10-07 08:51:03.268299,2,0.0000,0.0024,0.0000,0.0024,0.0000,1.0000,0.0000,0.0000,{},{},{},10632.7364,80,1.0000,1.0000,586,2025-10-07T08:51:03.173077
294,13,5,2025-10-07 08:51:03.425005,2,0.0000,0.0024,0.0000,0.0024,0.0000,1.0000,0.0000,0.0000,{},{},{},10668.5836,80,1.0000,1.0000,588,2025-10-07T08:51:03.334007
295,13,6,2025-10-07 08:51:03.586140,2,0.0000,0.0024,0.0000,0.0024,0.0000,1.0000,0.0000,0.0000,{},{},{},10704.4309,80,1.0000,1.0000,590,2025-10-07T08:51:03.492305
296,13,7,2025-10-07 08:51:03.752885,2,0.0000,0.0024,0.0000,0.0024,0.0000,1.0000,0.0000,0.0000,{},{},{},10740.2782,80,1.0000,1.0000,592,2025-10-07T08:51:03.654425
297,13,8,2025-10-07 08:51:03.916046,2,0.0000,0.0024,0.0000,0.0024,0.0000,1.0000,0.0000,0.0000,{},{},{},10776.1255,80,1.0000,1.0000,594,2025-10-07T08:51:03.821061
298,13,9,2025-10-07 08:51:04.076893,2,0.0000,0.0024,0.0000,0.0024,0.0000,1.0000,0.0000,0.0000,{},{},{},10811.9727,80,1.0000,1.0000,596,2025-10-07T08:51:03.981142
299,13,10,2025-10-07 08:51:04.238868,2,0.0000,0.0024,0.0000,0.0024,0.0000,1.0000,0.0000,0.0000,{},{},{},10847.8200,80,1.0000,1.0000,598,2025-10-07T08:51:04.143603
300,13,11,2025-10-07 08:51:04.395235,2,0.0000,0.0024,0.0000,0.0024,0.0000,1.0000,0.0000,0.0000,{},{},{},10883.6673,80,1.0000,1.0000,600,2025-10-07T08:51:04.307632
301,13,12,2025-10-07 08:51:04.554977,2,0.0000,0.0024,0.0000,0.0024,0.0000,1.0000,0.0000,0.0000,{},{},{},10919.5145,80,1.0000,1.0000,602,2025-10-07T08:51:04.462329
302,13,13,2025-10-07 08:51:04.712564,2,0.0000,0.0024,0.0000,0.0024,0.0000,1.0000,0.0000,0.0000,{},{},{},10955.3618,80,1.0000,1.0000,604,2025-10-07T08:51:04.618707
303,13,14,2025-10-07 08:51:04.866558,2,0.0000,0.0024,0.0000,0.0024,0.0000,1.0000,0.0000,0.0000,{},{},{},10991.2091,80,1.0000,1.0000,606,2025-10-07T08:51:04.777827
304,13,15,2025-10-07 08:51:05.028836,2,0.0000,0.0024,0.0000,0.0024,0.0000,1.0000,0.0000,0.0000,{},{},{},11027.0564,80,1.0000,1.0000,608,2025-10-07T08:51:04.934166
305,13,16,2025-10-07 08:51:05.188568,2,0.0000,0.0024,0.0000,0.0024,0.0000,1.0000,0.0000,0.0000,{},{},{},11062.9036,80,1.0000,1.0000,610,2025-10-07T08:51:05.096048
306,13,17,2025-10-07 08:51:05.349468,2,0.0000,0.0024,0.0000,0.0024,0.0000,1.0000,0.0000,0.0000,{},{},{},11098.7509,80,1.0000,1.0000,612,2025-10-07T08:51:05.258033
307,13,18,2025-10-07 08:51:05.509471,2,0.0000,0.0024,0.0000,0.0024,0.0000,1.0000,0.0000,0.0000,{},{},{},11134.5982,80,1.0000,1.0000,614,2025-10-07T08:51:05.417208
308,13,19,2025-10-07 08:51:05.675491,2,0.0000,0.0024,0.0000,0.0024,0.0000,1.0000,0.0000,0.0000,{},{},{},11170.4455,80,1.0000,1.0000,616,2025-10-07T08:51:05.578734
309,13,20,2025-10-07 08:51:05.835337,2,0.0000,0.0024,0.0000,0.0024,0.0000,1.0000,0.0000,0.0000,{},{},{},11206.2927,80,1.0000,1.0000,618,2025-10-07T08:51:05.743436
310,13,21,2025-10-07 08:51:05.991672,2,0.0000,0.0024,0.0000,0.0024,0.0000,1.0000,0.0000,0.0000,{},{},{},11242.1400,80,1.0000,1.0000,620,2025-10-07T08:51:05.899153
311,13,22,2025-10-07 08:51:06.155082,2,0.0000,0.0024,0.0000,0.0024,0.0000,1.0000,0.0000,0.0000,{},{},{},11277.9873,80,1.0000,1.0000,622,2025-10-07T08:51:06.058781
312,13,23,2025-10-07 08:51:06.318837,2,0.0000,0.0024,0.0000,0.0024,0.0000,1.0000,0.0000,0.0000,{},{},{},11313.8345,80,1.0000,1.0000,624,2025-10-07T08:51:06.223651
313,14,0,2025-10-07 08:51:06.484676,2,0.0000,0.0024,0.0000,0.0024,0.0000,1.0000,0.0000,0.0000,{},{},{},11352.1873,80,1.0000,1.0000,626,2025-10-07T08:51:06.387826
314,14,1,2025-10-07 08:51:06.647664,2,0.0000,0.0024,0.0000,0.0024,0.0000,1.0000,0.0000,0.0000,{},{},{},11390.5400,80,1.0000,1.0000,628,2025-10-07T08:51:06.552948
315,14,2,2025-10-07 08:51:06.807459,2,0.0000,0.0024,0.0000,0.0024,0.0000,1.0000,0.0000,0.0000,{},{},{},11428.8927,80,1.0000,1.0000,630,2025-10-07T08:51:06.714554
316,14,3,2025-10-07 08:51:06.966347,2,0.0000,0.0024,0.0000,0.0024,0.0000,1.0000,0.0000,0.0000,{},{},{},11467.2455,80,1.0000,1.0000,632,2025-10-07T08:51:06.874458
317,14,4,2025-10-07 08:51:07.126345,2,0.0000,0.0024,0.0000,0.0024,0.0000,1.0000,0.0000,0.0000,{},{},{},11505.5982,80,1.0000,1.0000,634,2025-10-07T08:51:07.034898
318,14,5,2025-10-07 08:51:07.284709,2,0.0000,0.0024,0.0000,0.0024,0.0000,1.0000,0.0000,0.0000,{},{},{},11543.9509,80,1.0000,1.0000,636,2025-10-07T08:51:07.195725
319,14,6,2025-10-07 08:51:07.444301,2,0.0000,0.0024,0.0000,0.0024,0.0000,1.0000,0.0000,0.0000,{},{},{},11582.3036,80,1.0000,1.0000,638,2025-10-07T08:51:07.353341
320,14,7,2025-10-07 08:51:07.602938,2,0.0000,0.0024,0.0000,0.0024,0.0000,1.0000,0.0000,0.0000,{},{},{},11620.6564,80,1.0000,1.0000,640,2025-10-07T08:51:07.510128
321,14,8,2025-10-07 08:51:07.766371,2,0.0000,0.0024,0.0000,0.0024,0.0000,1.0000,0.0000,0.0000,{},{},{},11659.0091,80,1.0000,1.0000,642,2025-10-07T08:51:07.671589
322,14,9,2025-10-07 08:51:07.923405,2,0.0000,0.0024,0.0000,0.0024,0.0000,1.0000,0.0000,0.0000,{},{},{},11697.3618,80,1.0000,1.0000,644,2025-10-07T08:51:07.832144
323,14,10,2025-10-07 08:51:08.084835,2,0.0000,0.0024,0.0000,0.0024,0.0000,1.0000,0.0000,0.0000,{},{},{},11735.7145,80,1.0000,1.0000,646,2025-10-07T08:51:07.989409
324,14,11,2025-10-07 08:51:08.246231,2,0.0000,0.0024,0.0000,0.0024,0.0000,1.0000,0.0000,0.0000,{},{},{},11774.0673,80,1.0000,1.0000,648,2025-10-07T08:51:08.152711
325,14,12,2025-10-07 08:51:08.409557,2,0.0000,0.0024,0.0000,0.0024,0.0000,1.0000,0.0000,0.0000,{},{},{},11812.4200,80,1.0000,1.0000,650,2025-10-07T08:51:08.316748
326,14,13,2025-10-07 08:51:08.569591,2,0.0000,0.0024,0.0000,0.0024,0.0000,1.0000,0.0000,0.0000,{},{},{},11850.7727,80,1.0000,1.0000,652,2025-10-07T08:51:08.475427
327,14,14,2025-10-07 08:51:08.733214,2,0.0000,0.0024,0.0000,0.0024,0.0000,1.0000,0.0000,0.0000,{},{},{},11889.1255,80,1.0000,1.0000,654,2025-10-07T08:51:08.636784
328,14,15,2025-10-07 08:51:08.893639,2,0.0000,0.0024,0.0000,0.0024,0.0000,1.0000,0.0000,0.0000,{},{},{},11927.4782,80,1.0000,1.0000,656,2025-10-07T08:51:08.798816
329,14,16,2025-10-07 08:51:09.052779,2,0.0000,0.0024,0.0000,0.0024,0.0000,1.0000,0.0000,0.0000,{},{},{},11965.8309,80,1.0000,1.0000,658,2025-10-07T08:51:08.961161
330,14,17,2025-10-07 08:51:09.212191,2,0.0000,0.0024,0.0000,0.0024,0.0000,1.0000,0.0000,0.0000,{},{},{},12004.1836,80,1.0000,1.0000,660,2025-10-07T08:51:09.118249
331,14,18,2025-10-07 08:51:09.371385,2,0.0000,0.0024,0.0000,0.0024,0.0000,1.0000,0.0000,0.0000,{},{},{},12042.5364,80,1.0000,1.0000,662,2025-10-07T08:51:09.278933
332,14,19,2025-10-07 08:51:09.533387,2,0.0000,0.0024,0.0000,0.0024,0.0000,1.0000,0.0000,0.0000,{},{},{},12080.8891,80,1.0000,1.0000,664,2025-10-07T08:51:09.440318
333,14,20,2025-10-07 08:51:09.692844,2,0.0000,0.0024,0.0000,0.0024,0.0000,1.0000,0.0000,0.0000,{},{},{},12119.2418,80,1.0000,1.0000,666,2025-10-07T08:51:09.598861
334,14,21,2025-10-07 08:51:09.857349,2,0.0000,0.0024,0.0000,0.0024,0.0000,1.0000,0.0000,0.0000,{},{},{},12157.5945,80,1.0000,1.0000,668,2025-10-07T08:51:09.762222
335,14,22,2025-10-07 08:51:10.015739,2,0.0000,0.0024,0.0000,0.0024,0.0000,1.0000,0.0000,0.0000,{},{},{},12195.9473,80,1.0000,1.0000,670,2025-10-07T08:51:09.924764
336,14,23,2025-10-07 08:51:10.173753,2,0.0000,0.0024,0.0000,0.0024,0.0000,1.0000,0.0000,0.0000,{},{},{},12234.3000,80,1.0000,1.0000,672,2025-10-07T08:51:10.079253
337,15,0,2025-10-07 08:51:10.334605,2,0.0000,0.0024,0.0000,0.0024,0.0000,1.0000,0.0000,0.0000,{},{},{},12270.3618,80,1.0000,1.0000,674,2025-10-07T08:51:10.240519
338,15,1,2025-10-07 08:51:10.497240,2,0.0000,0.0024,0.0000,0.0024,0.0000,1.0000,0.0000,0.0000,{},{},{},12306.4236,80,1.0000,1.0000,676,2025-10-07T08:51:10.402388
339,15,2,2025-10-07 08:51:10.660749,2,0.0000,0.0024,0.0000,0.0024,0.0000,1.0000,0.0000,0.0000,{},{},{},12342.4855,80,1.0000,1.0000,678,2025-10-07T08:51:10.564307
340,15,3,2025-10-07 08:51:10.820423,2,0.0000,0.0024,0.0000,0.0024,0.0000,1.0000,0.0000,0.0000,{},{},{},12378.5473,80,1.0000,1.0000,680,2025-10-07T08:51:10.725507
341,15,4,2025-10-07 08:51:10.984736,2,0.0000,0.0024,0.0000,0.0024,0.0000,1.0000,0.0000,0.0000,{},{},{},12414.6091,80,1.0000,1.0000,682,2025-10-07T08:51:10.890880
342,15,5,2025-10-07 08:51:11.149802,2,0.0000,0.0024,0.0000,0.0024,0.0000,1.0000,0.0000,0.0000,{},{},{},12450.6709,80,1.0000,1.0000,684,2025-10-07T08:51:11.053825
343,15,6,2025-10-07 08:51:11.311864,2,0.0000,0.0024,0.0000,0.0024,0.0000,1.0000,0.0000,0.0000,{},{},{},12486.7327,80,1.0000,1.0000,686,2025-10-07T08:51:11.216436
344,15,7,2025-10-07 08:51:11.473874,2,0.0000,0.0024,0.0000,0.0024,0.0000,1.0000,0.0000,0.0000,{},{},{},12522.7945,80,1.0000,1.0000,688,2025-10-07T08:51:11.380184
345,15,8,2025-10-07 08:51:11.631789,2,0.0000,0.0024,0.0000,0.0024,0.0000,1.0000,0.0000,0.0000,{},{},{},12558.8564,80,1.0000,1.0000,690,2025-10-07T08:51:11.539711
346,15,9,2025-10-07 08:51:11.795089,2,0.0000,0.0024,0.0000,0.0024,0.0000,1.0000,0.0000,0.0000,{},{},{},12594.9182,80,1.0000,1.0000,692,2025-10-07T08:51:11.699533
347,15,10,2025-10-07 08:51:11.958614,2,0.0000,0.0024,0.0000,0.0024,0.0000,1.0000,0.0000,0.0000,{},{},{},12630.9800,80,1.0000,1.0000,694,2025-10-07T08:51:11.865363
348,15,11,2025-10-07 08:51:12.118462,2,0.0000,0.0024,0.0000,0.0024,0.0000,1.0000,0.0000,0.0000,{},{},{},12667.0418,80,1.0000,1.0000,696,2025-10-07T08:51:12.026614
349,15,12,2025-10-07 08:51:12.276155,2,0.0000,0.0024,0.0000,0.0024,0.0000,1.0000,0.0000,0.0000,{},{},{},12703.1036,80,1.0000,1.0000,698,2025-10-07T08:51:12.185700
350,15,13,2025-10-07 08:51:12.437884,2,0.0000,0.0024,0.0000,0.0024,0.0000,1.0000,0.0000,0.0000,{},{},{},12739.1655,80,1.0000,1.0000,700,2025-10-07T08:51:12.343768
351,15,14,2025-10-07 08:51:12.602876,2,0.0000,0.0024,0.0000,0.0024,0.0000,1.0000,0.0000,0.0000,{},{},{},12775.2273,80,1.0000,1.0000,702,2025-10-07T08:51:12.506300
352,15,15,2025-10-07 08:51:12.767616,2,0.0000,0.0024,0.0000,0.0024,0.0000,1.0000,0.0000,0.0000,{},{},{},12811.2891,80,1.0000,1.0000,704,2025-10-07T08:51:12.671318
353,15,16,2025-10-07 08:51:12.928253,2,0.0000,0.0024,0.0000,0.0024,0.0000,1.0000,0.0000,0.0000,{},{},{},12847.3509,80,1.0000,1.0000,706,2025-10-07T08:51:12.834970
354,15,17,2025-10-07 08:51:13.092414,2,0.0000,0.0024,0.0000,0.0024,0.0000,1.0000,0.0000,0.0000,{},{},{},12883.4127,80,1.0000,1.0000,708,2025-10-07T08:51:12.998049
355,15,18,2025-10-07 08:51:13.251526,2,0.0000,0.0024,0.0000,0.0024,0.0000,1.0000,0.0000,0.0000,{},{},{},12919.4745,80,1.0000,1.0000,710,2025-10-07T08:51:13.158735
356,15,19,2025-10-07 08:51:13.411743,2,0.0000,0.0024,0.0000,0.0024,0.0000,1.0000,0.0000,0.0000,{},{},{},12955.5364,80,1.0000,1.0000,712,2025-10-07T08:51:13.316856
357,15,20,2025-10-07 08:51:13.571727,2,0.0000,0.0024,0.0000,0.0024,0.0000,1.0000,0.0000,0.0000,{},{},{},12991.5982,80,1.0000,1.0000,714,2025-10-07T08:51:13.480898
358,15,21,2025-10-07 08:51:13.735491,2,0.0000,0.0024,0.0000,0.0024,0.0000,1.0000,0.0000,0.0000,{},{},{},13027.6600,80,1.0000,1.0000,716,2025-10-07T08:51:13.640229
359,15,22,2025-10-07 08:51:13.899657,2,0.0000,0.0024,0.0000,0.0024,0.0000,1.0000,0.0000,0.0000,{},{},{},13063.7218,80,1.0000,1.0000,718,2025-10-07T08:51:13.803637
360,15,23,2025-10-07 08:51:14.062167,2,0.0000,0.0024,0.0000,0.0024,0.0000,1.0000,0.0000,0.0000,{},{},{},13099.7836,80,1.0000,1.0000,720,2025-10-07T08:51:13.966878
361,16,0,2025-10-07 08:51:14.225199,2,0.0000,0.0024,0.0000,0.0024,0.0000,1.0000,0.0000,0.0000,{},{},{},13137.1836,80,1.0000,1.0000,722,2025-10-07T08:51:14.132254
362,16,1,2025-10-07 08:51:14.383626,2,0.0000,0.0024,0.0000,0.0024,0.0000,1.0000,0.0000,0.0000,{},{},{},13174.5836,80,1.0000,1.0000,724,2025-10-07T08:51:14.292655
363,16,2,2025-10-07 08:51:14.545260,2,0.0000,0.0024,0.0000,0.0024,0.0000,1.0000,0.0000,0.0000,{},{},{},13211.9836,80,1.0000,1.0000,726,2025-10-07T08:51:14.451107
364,16,3,2025-10-07 08:51:14.712415,2,0.0000,0.0024,0.0000,0.0024,0.0000,1.0000,0.0000,0.0000,{},{},{},13249.3836,80,1.0000,1.0000,728,2025-10-07T08:51:14.613722
365,16,4,2025-10-07 08:51:14.875814,2,0.0000,0.0024,0.0000,0.0024,0.0000,1.0000,0.0000,0.0000,{},{},{},13286.7836,80,1.0000,1.0000,730,2025-10-07T08:51:14.779879
366,16,5,2025-10-07 08:51:15.038308,2,0.0000,0.0024,0.0000,0.0024,0.0000,1.0000,0.0000,0.0000,{},{},{},13324.1836,80,1.0000,1.0000,732,2025-10-07T08:51:14.944521
367,16,6,2025-10-07 08:51:15.201791,2,0.0000,0.0024,0.0000,0.0024,0.0000,1.0000,0.0000,0.0000,{},{},{},13361.5836,80,1.0000,1.0000,734,2025-10-07T08:51:15.105041
368,16,7,2025-10-07 08:51:15.357329,2,0.0000,0.0024,0.0000,0.0024,0.0000,1.0000,0.0000,0.0000,{},{},{},13398.9836,80,1.0000,1.0000,736,2025-10-07T08:51:15.265584
369,16,8,2025-10-07 08:51:15.522797,2,0.0000,0.0024,0.0000,0.0024,0.0000,1.0000,0.0000,0.0000,{},{},{},13436.3836,80,1.0000,1.0000,738,2025-10-07T08:51:15.426046
370,16,9,2025-10-07 08:51:15.682302,2,0.0000,0.0024,0.0000,0.0024,0.0000,1.0000,0.0000,0.0000,{},{},{},13473.7836,80,1.0000,1.0000,740,2025-10-07T08:51:15.587046
371,16,10,2025-10-07 08:51:15.842422,2,0.0000,0.0024,0.0000,0.0024,0.0000,1.0000,0.0000,0.0000,{},{},{},13511.1836,80,1.0000,1.0000,742,2025-10-07T08:51:15.747952
372,16,11,2025-10-07 08:51:16.005807,2,0.0000,0.0024,0.0000,0.0024,0.0000,1.0000,0.0000,0.0000,{},{},{},13548.5836,80,1.0000,1.0000,744,2025-10-07T08:51:15.909280
373,16,12,2025-10-07 08:51:16.163485,2,0.0000,0.0024,0.0000,0.0024,0.0000,1.0000,0.0000,0.0000,{},{},{},13585.9836,80,1.0000,1.0000,746,2025-10-07T08:51:16.073363
374,16,13,2025-10-07 08:51:16.325494,2,0.0000,0.0024,0.0000,0.0024,0.0000,1.0000,0.0000,0.0000,{},{},{},13623.3836,80,1.0000,1.0000,748,2025-10-07T08:51:16.228507
375,16,14,2025-10-07 08:51:16.487317,2,0.0000,0.0024,0.0000,0.0024,0.0000,1.0000,0.0000,0.0000,{},{},{},13660.7836,80,1.0000,1.0000,750,2025-10-07T08:51:16.395324
376,16,15,2025-10-07 08:51:16.648295,2,0.0000,0.0024,0.0000,0.0024,0.0000,1.0000,0.0000,0.0000,{},{},{},13698.1836,80,1.0000,1.0000,752,2025-10-07T08:51:16.553763
377,16,16,2025-10-07 08:51:16.811821,2,0.0000,0.0024,0.0000,0.0024,0.0000,1.0000,0.0000,0.0000,{},{},{},13735.5836,80,1.0000,1.0000,754,2025-10-07T08:51:16.717283
378,16,17,2025-10-07 08:51:16.974778,2,0.0000,0.0024,0.0000,0.0024,0.0000,1.0000,0.0000,0.0000,{},{},{},13772.9836,80,1.0000,1.0000,756,2025-10-07T08:51:16.881504
379,16,18,2025-10-07 08:51:17.134798,2,0.0000,0.0024,0.0000,0.0024,0.0000,1.0000,0.0000,0.0000,{},{},{},13810.3836,80,1.0000,1.0000,758,2025-10-07T08:51:17.041460
380,16,19,2025-10-07 08:51:17.293365,2,0.0000,0.0024,0.0000,0.0024,0.0000,1.0000,0.0000,0.0000,{},{},{},13847.7836,80,1.0000,1.0000,760,2025-10-07T08:51:17.199141
381,16,20,2025-10-07 08:51:17.457995,2,0.0000,0.0024,0.0000,0.0024,0.0000,1.0000,0.0000,0.0000,{},{},{},13885.1836,80,1.0000,1.0000,762,2025-10-07T08:51:17.362495
382,16,21,2025-10-07 08:51:17.620094,2,0.0000,0.0024,0.0000,0.0024,0.0000,1.0000,0.0000,0.0000,{},{},{},13922.5836,80,1.0000,1.0000,764,2025-10-07T08:51:17.527216
383,16,22,2025-10-07 08:51:17.778415,2,0.0000,0.0024,0.0000,0.0024,0.0000,1.0000,0.0000,0.0000,{},{},{},13959.9836,80,1.0000,1.0000,766,2025-10-07T08:51:17.684174
384,16,23,2025-10-07 08:51:17.939551,2,0.0000,0.0024,0.0000,0.0024,0.0000,1.0000,0.0000,0.0000,{},{},{},13997.3836,80,1.0000,1.0000,768,2025-10-07T08:51:17.845177
385,17,0,2025-10-07 08:51:18.100041,2,0.0000,0.0024,0.0000,0.0024,0.0000,1.0000,0.0000,0.0000,{},{},{},14035.3909,80,1.0000,1.0000,770,2025-10-07T08:51:18.004988
386,17,1,2025-10-07 08:51:18.262689,2,0.0000,0.0024,0.0000,0.0024,0.0000,1.0000,0.0000,0.0000,{},{},{},14073.3982,80,1.0000,1.0000,772,2025-10-07T08:51:18.166954
387,17,2,2025-10-07 08:51:18.425880,2,0.0000,0.0024,0.0000,0.0024,0.0000,1.0000,0.0000,0.0000,{},{},{},14111.4055,80,1.0000,1.0000,774,2025-10-07T08:51:18.329299
388,17,3,2025-10-07 08:51:18.585448,2,0.0000,0.0024,0.0000,0.0024,0.0000,1.0000,0.0000,0.0000,{},{},{},14149.4127,80,1.0000,1.0000,776,2025-10-07T08:51:18.493844
389,17,4,2025-10-07 08:51:18.747557,2,0.0000,0.0024,0.0000,0.0024,0.0000,1.0000,0.0000,0.0000,{},{},{},14187.4200,80,1.0000,1.0000,778,2025-10-07T08:51:18.652157
390,17,5,2025-10-07 08:51:18.910190,2,0.0000,0.0024,0.0000,0.0024,0.0000,1.0000,0.0000,0.0000,{},{},{},14225.4273,80,1.0000,1.0000,780,2025-10-07T08:51:18.814009
391,17,6,2025-10-07 08:51:19.072883,2,0.0000,0.0024,0.0000,0.0024,0.0000,1.0000,0.0000,0.0000,{},{},{},14263.4345,80,1.0000,1.0000,782,2025-10-07T08:51:18.978637
392,17,7,2025-10-07 08:51:19.231174,2,0.0000,0.0024,0.0000,0.0024,0.0000,1.0000,0.0000,0.0000,{},{},{},14301.4418,80,1.0000,1.0000,784,2025-10-07T08:51:19.141709
393,17,8,2025-10-07 08:51:19.391155,2,0.0000,0.0024,0.0000,0.0024,0.0000,1.0000,0.0000,0.0000,{},{},{},14339.4491,80,1.0000,1.0000,786,2025-10-07T08:51:19.300352
394,17,9,2025-10-07 08:51:19.552914,2,0.0000,0.0024,0.0000,0.0024,0.0000,1.0000,0.0000,0.0000,{},{},{},14377.4564,80,1.0000,1.0000,788,2025-10-07T08:51:19.457181
395,17,10,2025-10-07 08:51:19.714283,2,0.0000,0.0024,0.0000,0.0024,0.0000,1.0000,0.0000,0.0000,{},{},{},14415.4636,80,1.0000,1.0000,790,2025-10-07T08:51:19.619727
396,17,11,2025-10-07 08:51:19.875260,2,0.0000,0.0024,0.0000,0.0024,0.0000,1.0000,0.0000,0.0000,{},{},{},14453.4709,80,1.0000,1.0000,792,2025-10-07T08:51:19.778383
397,17,12,2025-10-07 08:51:20.034844,2,0.0000,0.0024,0.0000,0.0024,0.0000,1.0000,0.0000,0.0000,{},{},{},14491.4782,80,1.0000,1.0000,794,2025-10-07T08:51:19.941426
398,17,13,2025-10-07 08:51:20.199439,2,0.0000,0.0024,0.0000,0.0024,0.0000,1.0000,0.0000,0.0000,{},{},{},14529.4855,80,1.0000,1.0000,796,2025-10-07T08:51:20.103299
399,17,14,2025-10-07 08:51:20.360936,2,0.0000,0.0024,0.0000,0.0024,0.0000,1.0000,0.0000,0.0000,{},{},{},14567.4927,80,1.0000,1.0000,798,2025-10-07T08:51:20.264782
400,17,15,2025-10-07 08:51:20.523206,2,0.0000,0.0024,0.0000,0.0024,0.0000,1.0000,0.0000,0.0000,{},{},{},14605.5000,80,1.0000,1.0000,800,2025-10-07T08:51:20.429017
401,17,16,2025-10-07 08:51:20.679977,2,0.0000,0.0024,0.0000,0.0024,0.0000,1.0000,0.0000,0.0000,{},{},{},14643.5073,80,1.0000,1.0000,802,2025-10-07T08:51:20.587123
402,17,17,2025-10-07 08:51:20.836572,2,0.0000,0.0024,0.0000,0.0024,0.0000,1.0000,0.0000,0.0000,{},{},{},14681.5145,80,1.0000,1.0000,804,2025-10-07T08:51:20.748809
403,17,18,2025-10-07 08:51:20.994485,2,0.0000,0.0024,0.0000,0.0024,0.0000,1.0000,0.0000,0.0000,{},{},{},14719.5218,80,1.0000,1.0000,806,2025-10-07T08:51:20.900700
404,17,19,2025-10-07 08:51:21.153297,2,0.0000,0.0024,0.0000,0.0024,0.0000,1.0000,0.0000,0.0000,{},{},{},14757.5291,80,1.0000,1.0000,808,2025-10-07T08:51:21.062883
405,17,20,2025-10-07 08:51:21.311233,2,0.0000,0.0024,0.0000,0.0024,0.0000,1.0000,0.0000,0.0000,{},{},{},14795.5364,80,1.0000,1.0000,810,2025-10-07T08:51:21.219086
406,17,21,2025-10-07 08:51:21.469932,2,0.0000,0.0024,0.0000,0.0024,0.0000,1.0000,0.0000,0.0000,{},{},{},14833.5436,80,1.0000,1.0000,812,2025-10-07T08:51:21.377690
407,17,22,2025-10-07 08:51:21.630493,2,0.0000,0.0024,0.0000,0.0024,0.0000,1.0000,0.0000,0.0000,{},{},{},14871.5509,80,1.0000,1.0000,814,2025-10-07T08:51:21.536382
408,17,23,2025-10-07 08:51:21.789879,2,0.0000,0.0024,0.0000,0.0024,0.0000,1.0000,0.0000,0.0000,{},{},{},14909.5582,80,1.0000,1.0000,816,2025-10-07T08:51:21.699865
409,18,0,2025-10-07 08:51:21.956029,2,0.0000,0.0024,0.0000,0.0024,0.0000,1.0000,0.0000,0.0000,{},{},{},14946.4418,80,1.0000,1.0000,818,2025-10-07T08:51:21.859526
410,18,1,2025-10-07 08:51:22.119713,2,0.0000,0.0024,0.0000,0.0024,0.0000,1.0000,0.0000,0.0000,{},{},{},14983.3255,80,1.0000,1.0000,820,2025-10-07T08:51:22.025398
411,18,2,2025-10-07 08:51:22.281336,2,0.0000,0.0024,0.0000,0.0024,0.0000,1.0000,0.0000,0.0000,{},{},{},15020.2091,80,1.0000,1.0000,822,2025-10-07T08:51:22.186384
412,18,3,2025-10-07 08:51:22.440097,2,0.0000,0.0024,0.0000,0.0024,0.0000,1.0000,0.0000,0.0000,{},{},{},15057.0927,80,1.0000,1.0000,824,2025-10-07T08:51:22.348894
413,18,4,2025-10-07 08:51:22.601636,2,0.0000,0.0024,0.0000,0.0024,0.0000,1.0000,0.0000,0.0000,{},{},{},15093.9764,80,1.0000,1.0000,826,2025-10-07T08:51:22.508214
414,18,5,2025-10-07 08:51:22.762269,2,0.0000,0.0024,0.0000,0.0024,0.0000,1.0000,0.0000,0.0000,{},{},{},15130.8600,80,1.0000,1.0000,828,2025-10-07T08:51:22.669293
415,18,6,2025-10-07 08:51:22.919869,2,0.0000,0.0024,0.0000,0.0024,0.0000,1.0000,0.0000,0.0000,{},{},{},15167.7436,80,1.0000,1.0000,830,2025-10-07T08:51:22.827385
416,18,7,2025-10-07 08:51:23.080580,2,0.0000,0.0024,0.0000,0.0024,0.0000,1.0000,0.0000,0.0000,{},{},{},15204.6273,80,1.0000,1.0000,832,2025-10-07T08:51:22.986614
417,18,8,2025-10-07 08:51:23.244825,2,0.0000,0.0024,0.0000,0.0024,0.0000,1.0000,0.0000,0.0000,{},{},{},15241.5109,80,1.0000,1.0000,834,2025-10-07T08:51:23.147690
418,18,9,2025-10-07 08:51:23.408267,2,0.0000,0.0024,0.0000,0.0024,0.0000,1.0000,0.0000,0.0000,{},{},{},15278.3945,80,1.0000,1.0000,836,2025-10-07T08:51:23.314493
419,18,10,2025-10-07 08:51:23.569825,2,0.0000,0.0024,0.0000,0.0024,0.0000,1.0000,0.0000,0.0000,{},{},{},15315.2782,80,1.0000,1.0000,838,2025-10-07T08:51:23.478045
420,18,11,2025-10-07 08:51:23.731010,2,0.0000,0.0024,0.0000,0.0024,0.0000,1.0000,0.0000,0.0000,{},{},{},15352.1618,80,1.0000,1.0000,840,2025-10-07T08:51:23.634983
421,18,12,2025-10-07 08:51:23.894075,2,0.0000,0.0024,0.0000,0.0024,0.0000,1.0000,0.0000,0.0000,{},{},{},15389.0455,80,1.0000,1.0000,842,2025-10-07T08:51:23.800625
422,18,13,2025-10-07 08:51:24.051074,2,0.0000,0.0024,0.0000,0.0024,0.0000,1.0000,0.0000,0.0000,{},{},{},15425.9291,80,1.0000,1.0000,844,2025-10-07T08:51:23.957671
423,18,14,2025-10-07 08:51:24.211228,2,0.0000,0.0024,0.0000,0.0024,0.0000,1.0000,0.0000,0.0000,{},{},{},15462.8127,80,1.0000,1.0000,846,2025-10-07T08:51:24.119906
424,18,15,2025-10-07 08:51:24.375548,2,0.0000,0.0024,0.0000,0.0024,0.0000,1.0000,0.0000,0.0000,{},{},{},15499.6964,80,1.0000,1.0000,848,2025-10-07T08:51:24.280551
425,18,16,2025-10-07 08:51:24.541886,2,0.0000,0.0024,0.0000,0.0024,0.0000,1.0000,0.0000,0.0000,{},{},{},15536.5800,80,1.0000,1.0000,850,2025-10-07T08:51:24.444444
426,18,17,2025-10-07 08:51:24.698391,2,0.0000,0.0024,0.0000,0.0024,0.0000,1.0000,0.0000,0.0000,{},{},{},15573.4636,80,1.0000,1.0000,852,2025-10-07T08:51:24.607114
427,18,18,2025-10-07 08:51:24.853785,2,0.0000,0.0024,0.0000,0.0024,0.0000,1.0000,0.0000,0.0000,{},{},{},15610.3473,80,1.0000,1.0000,854,2025-10-07T08:51:24.762517
428,18,19,2025-10-07 08:51:25.016889,2,0.0000,0.0024,0.0000,0.0024,0.0000,1.0000,0.0000,0.0000,{},{},{},15647.2309,80,1.0000,1.0000,856,2025-10-07T08:51:24.922773
429,18,20,2025-10-07 08:51:25.177771,2,0.0000,0.0024,0.0000,0.0024,0.0000,1.0000,0.0000,0.0000,{},{},{},15684.1145,80,1.0000,1.0000,858,2025-10-07T08:51:25.083746
430,18,21,2025-10-07 08:51:25.338336,2,0.0000,0.0024,0.0000,0.0024,0.0000,1.0000,0.0000,0.0000,{},{},{},15720.9982,80,1.0000,1.0000,860,2025-10-07T08:51:25.244007
431,18,22,2025-10-07 08:51:25.499125,2,0.0000,0.0024,0.0000,0.0024,0.0000,1.0000,0.0000,0.0000,{},{},{},15757.8818,80,1.0000,1.0000,862,2025-10-07T08:51:25.406038
432,18,23,2025-10-07 08:51:25.660595,2,0.0000,0.0024,0.0000,0.0024,0.0000,1.0000,0.0000,0.0000,{},{},{},15794.7655,80,1.0000,1.0000,864,2025-10-07T08:51:25.567218
433,19,0,2025-10-07 08:51:25.822046,2,0.0000,0.0024,0.0000,0.0024,0.0000,1.0000,0.0000,0.0000,{},{},{},15833.7655,80,1.0000,1.0000,866,2025-10-07T08:51:25.728359
434,19,1,2025-10-07 08:51:25.983740,2,0.0000,0.0024,0.0000,0.0024,0.0000,1.0000,0.0000,0.0000,{},{},{},15872.7655,80,1.0000,1.0000,868,2025-10-07T08:51:25.887422
435,19,2,2025-10-07 08:51:26.138217,2,0.0000,0.0024,0.0000,0.0024,0.0000,1.0000,0.0000,0.0000,{},{},{},15911.7655,80,1.0000,1.0000,870,2025-10-07T08:51:26.049614
436,19,3,2025-10-07 08:51:26.297897,2,0.0000,0.0024,0.0000,0.0024,0.0000,1.0000,0.0000,0.0000,{},{},{},15950.7655,80,1.0000,1.0000,872,2025-10-07T08:51:26.207022
437,19,4,2025-10-07 08:51:26.461105,2,0.0000,0.0024,0.0000,0.0024,0.0000,1.0000,0.0000,0.0000,{},{},{},15989.7655,80,1.0000,1.0000,874,2025-10-07T08:51:26.367203
438,19,5,2025-10-07 08:51:26.622916,2,0.0000,0.0024,0.0000,0.0024,0.0000,1.0000,0.0000,0.0000,{},{},{},16028.7655,80,1.0000,1.0000,876,2025-10-07T08:51:26.527765
439,19,6,2025-10-07 08:51:26.786512,2,0.0000,0.0024,0.0000,0.0024,0.0000,1.0000,0.0000,0.0000,{},{},{},16067.7655,80,1.0000,1.0000,878,2025-10-07T08:51:26.691524
440,19,7,2025-10-07 08:51:26.944779,2,0.0000,0.0024,0.0000,0.0024,0.0000,1.0000,0.0000,0.0000,{},{},{},16106.7655,80,1.0000,1.0000,880,2025-10-07T08:51:26.852938
441,19,8,2025-10-07 08:51:27.107537,2,0.0000,0.0024,0.0000,0.0024,0.0000,1.0000,0.0000,0.0000,{},{},{},16145.7655,80,1.0000,1.0000,882,2025-10-07T08:51:27.013587
442,19,9,2025-10-07 08:51:27.269658,2,0.0000,0.0024,0.0000,0.0024,0.0000,1.0000,0.0000,0.0000,{},{},{},16184.7655,80,1.0000,1.0000,884,2025-10-07T08:51:27.176519
443,19,10,2025-10-07 08:51:27.431910,2,0.0000,0.0024,0.0000,0.0024,0.0000,1.0000,0.0000,0.0000,{},{},{},16223.7655,80,1.0000,1.0000,886,2025-10-07T08:51:27.336723
444,19,11,2025-10-07 08:51:27.594828,2,0.0000,0.0024,0.0000,0.0024,0.0000,1.0000,0.0000,0.0000,{},{},{},16262.7655,80,1.0000,1.0000,888,2025-10-07T08:51:27.500527
445,19,12,2025-10-07 08:51:27.758714,2,0.0000,0.0024,0.0000,0.0024,0.0000,1.0000,0.0000,0.0000,{},{},{},16301.7655,80,1.0000,1.0000,890,2025-10-07T08:51:27.664461
446,19,13,2025-10-07 08:51:27.915549,2,0.0000,0.0024,0.0000,0.0024,0.0000,1.0000,0.0000,0.0000,{},{},{},16340.7655,80,1.0000,1.0000,892,2025-10-07T08:51:27.822734
447,19,14,2025-10-07 08:51:28.073327,2,0.0000,0.0024,0.0000,0.0024,0.0000,1.0000,0.0000,0.0000,{},{},{},16379.7655,80,1.0000,1.0000,894,2025-10-07T08:51:27.981683
448,19,15,2025-10-07 08:51:28.233691,2,0.0000,0.0024,0.0000,0.0024,0.0000,1.0000,0.0000,0.0000,{},{},{},16418.7655,80,1.0000,1.0000,896,2025-10-07T08:51:28.140893
449,19,16,2025-10-07 08:51:28.386970,2,0.0000,0.0024,0.0000,0.0024,0.0000,1.0000,0.0000,0.0000,{},{},{},16457.7655,80,1.0000,1.0000,898,2025-10-07T08:51:28.298030
450,19,17,2025-10-07 08:51:28.549025,2,0.0000,0.0024,0.0000,0.0024,0.0000,1.0000,0.0000,0.0000,{},{},{},16496.7655,80,1.0000,1.0000,900,2025-10-07T08:51:28.452725
451,19,18,2025-10-07 08:51:28.712000,2,0.0000,0.0024,0.0000,0.0024,0.0000,1.0000,0.0000,0.0000,{},{},{},16535.7655,80,1.0000,1.0000,902,2025-10-07T08:51:28.617012
452,19,19,2025-10-07 08:51:28.870931,2,0.0000,0.0024,0.0000,0.0024,0.0000,1.0000,0.0000,0.0000,{},{},{},16574.7655,80,1.0000,1.0000,904,2025-10-07T08:51:28.779225
453,19,20,2025-10-07 08:51:29.031874,2,0.0000,0.0024,0.0000,0.0024,0.0000,1.0000,0.0000,0.0000,{},{},{},16613.7655,80,1.0000,1.0000,906,2025-10-07T08:51:28.936446
454,19,21,2025-10-07 08:51:29.194117,2,0.0000,0.0024,0.0000,0.0024,0.0000,1.0000,0.0000,0.0000,{},{},{},16652.7655,80,1.0000,1.0000,908,2025-10-07T08:51:29.099322
455,19,22,2025-10-07 08:51:29.353936,2,0.0000,0.0024,0.0000,0.0024,0.0000,1.0000,0.0000,0.0000,{},{},{},16691.7655,80,1.0000,1.0000,910,2025-10-07T08:51:29.260923
456,19,23,2025-10-07 08:51:29.511482,2,0.0000,0.0024,0.0000,0.0024,0.0000,1.0000,0.0000,0.0000,{},{},{},16730.7655,80,1.0000,1.0000,912,2025-10-07T08:51:29.419386
457,20,0,2025-10-07 08:51:29.669667,2,0.0000,0.0024,0.0000,0.0024,0.0000,1.0000,0.0000,0.0000,{},{},{},16769.7655,80,1.0000,1.0000,914,2025-10-07T08:51:29.578127
458,20,1,2025-10-07 08:51:29.827997,2,0.0000,0.0024,0.0000,0.0024,0.0000,1.0000,0.0000,0.0000,{},{},{},16808.7655,80,1.0000,1.0000,916,2025-10-07T08:51:29.735255
459,20,2,2025-10-07 08:51:29.986300,2,0.0000,0.0024,0.0000,0.0024,0.0000,1.0000,0.0000,0.0000,{},{},{},16847.7655,80,1.0000,1.0000,918,2025-10-07T08:51:29.894422
460,20,3,2025-10-07 08:51:30.146121,2,0.0000,0.0024,0.0000,0.0024,0.0000,1.0000,0.0000,0.0000,{},{},{},16886.7655,80,1.0000,1.0000,920,2025-10-07T08:51:30.056141
461,20,4,2025-10-07 08:51:30.311361,2,0.0000,0.0024,0.0000,0.0024,0.0000,1.0000,0.0000,0.0000,{},{},{},16925.7655,80,1.0000,1.0000,922,2025-10-07T08:51:30.215269
462,20,5,2025-10-07 08:51:30.469723,2,0.0000,0.0024,0.0000,0.0024,0.0000,1.0000,0.0000,0.0000,{},{},{},16964.7655,80,1.0000,1.0000,924,2025-10-07T08:51:30.378099
463,20,6,2025-10-07 08:51:30.628878,2,0.0000,0.0024,0.0000,0.0024,0.0000,1.0000,0.0000,0.0000,{},{},{},17003.7655,80,1.0000,1.0000,926,2025-10-07T08:51:30.538649
464,20,7,2025-10-07 08:51:30.786321,2,0.0000,0.0024,0.0000,0.0024,0.0000,1.0000,0.0000,0.0000,{},{},{},17042.7655,80,1.0000,1.0000,928,2025-10-07T08:51:30.694756
465,20,8,2025-10-07 08:51:30.944664,2,0.0000,0.0024,0.0000,0.0024,0.0000,1.0000,0.0000,0.0000,{},{},{},17081.7655,80,1.0000,1.0000,930,2025-10-07T08:51:30.853073
466,20,9,2025-10-07 08:51:31.102590,2,0.0000,0.0024,0.0000,0.0024,0.0000,1.0000,0.0000,0.0000,{},{},{},17120.7655,80,1.0000,1.0000,932,2025-10-07T08:51:31.011425
467,20,10,2025-10-07 08:51:31.261347,2,0.0000,0.0024,0.0000,0.0024,0.0000,1.0000,0.0000,0.0000,{},{},{},17159.7655,80,1.0000,1.0000,934,2025-10-07T08:51:31.166346
468,20,11,2025-10-07 08:51:31.415578,2,0.0000,0.0024,0.0000,0.0024,0.0000,1.0000,0.0000,0.0000,{},{},{},17198.7655,80,1.0000,1.0000,936,2025-10-07T08:51:31.325267
469,20,12,2025-10-07 08:51:31.573847,2,0.0000,0.0024,0.0000,0.0024,0.0000,1.0000,0.0000,0.0000,{},{},{},17237.7655,80,1.0000,1.0000,938,2025-10-07T08:51:31.479403
470,20,13,2025-10-07 08:51:31.729055,2,0.0000,0.0024,0.0000,0.0024,0.0000,1.0000,0.0000,0.0000,{},{},{},17276.7655,80,1.0000,1.0000,940,2025-10-07T08:51:31.636060
471,20,14,2025-10-07 08:51:31.891920,2,0.0000,0.0024,0.0000,0.0024,0.0000,1.0000,0.0000,0.0000,{},{},{},17315.7655,80,1.0000,1.0000,942,2025-10-07T08:51:31.797600
472,20,15,2025-10-07 08:51:32.050300,2,0.0000,0.0024,0.0000,0.0024,0.0000,1.0000,0.0000,0.0000,{},{},{},17354.7655,80,1.0000,1.0000,944,2025-10-07T08:51:31.957536
473,20,16,2025-10-07 08:51:32.211285,2,0.0000,0.0024,0.0000,0.0024,0.0000,1.0000,0.0000,0.0000,{},{},{},17393.7655,80,1.0000,1.0000,946,2025-10-07T08:51:32.115922
474,20,17,2025-10-07 08:51:32.372678,2,0.0000,0.0024,0.0000,0.0024,0.0000,1.0000,0.0000,0.0000,{},{},{},17432.7655,80,1.0000,1.0000,948,2025-10-07T08:51:32.277498
475,20,18,2025-10-07 08:51:32.532972,2,0.0000,0.0024,0.0000,0.0024,0.0000,1.0000,0.0000,0.0000,{},{},{},17471.7655,80,1.0000,1.0000,950,2025-10-07T08:51:32.441772
476,20,19,2025-10-07 08:51:32.689288,2,0.0000,0.0024,0.0000,0.0024,0.0000,1.0000,0.0000,0.0000,{},{},{},17510.7655,80,1.0000,1.0000,952,2025-10-07T08:51:32.599226
477,20,20,2025-10-07 08:51:32.846753,2,0.0000,0.0024,0.0000,0.0024,0.0000,1.0000,0.0000,0.0000,{},{},{},17549.7655,80,1.0000,1.0000,954,2025-10-07T08:51:32.753984
478,20,21,2025-10-07 08:51:33.003853,2,0.0000,0.0024,0.0000,0.0024,0.0000,1.0000,0.0000,0.0000,{},{},{},17588.7655,80,1.0000,1.0000,956,2025-10-07T08:51:32.911854
479,20,22,2025-10-07 08:51:33.167145,2,0.0000,0.0024,0.0000,0.0024,0.0000,1.0000,0.0000,0.0000,{},{},{},17627.7655,80,1.0000,1.0000,958,2025-10-07T08:51:33.072590
480,20,23,2025-10-07 08:51:33.325572,2,0.0000,0.0024,0.0000,0.0024,0.0000,1.0000,0.0000,0.0000,{},{},{},17666.7655,80,1.0000,1.0000,960,2025-10-07T08:51:33.234376
481,21,0,2025-10-07 08:51:33.482217,2,0.0000,0.0024,0.0000,0.0024,0.0000,1.0000,0.0000,0.0000,{},{},{},17704.1655,80,1.0000,1.0000,962,2025-10-07T08:51:33.391387
482,21,1,2025-10-07 08:51:33.641699,2,0.0000,0.0024,0.0000,0.0024,0.0000,1.0000,0.0000,0.0000,{},{},{},17741.5655,80,1.0000,1.0000,964,2025-10-07T08:51:33.549183
483,21,2,2025-10-07 08:51:33.800258,2,0.0000,0.0024,0.0000,0.0024,0.0000,1.0000,0.0000,0.0000,{},{},{},17778.9655,80,1.0000,1.0000,966,2025-10-07T08:51:33.707099
484,21,3,2025-10-07 08:51:33.965399,2,0.0000,0.0024,0.0000,0.0024,0.0000,1.0000,0.0000,0.0000,{},{},{},17816.3655,80,1.0000,1.0000,968,2025-10-07T08:51:33.869352
485,21,4,2025-10-07 08:51:34.128036,2,0.0000,0.0024,0.0000,0.0024,0.0000,1.0000,0.0000,0.0000,{},{},{},17853.7655,80,1.0000,1.0000,970,2025-10-07T08:51:34.035558
486,21,5,2025-10-07 08:51:34.289746,2,0.0000,0.0024,0.0000,0.0024,0.0000,1.0000,0.0000,0.0000,{},{},{},17891.1655,80,1.0000,1.0000,972,2025-10-07T08:51:34.193952
487,21,6,2025-10-07 08:51:34.448468,2,0.0000,0.0024,0.0000,0.0024,0.0000,1.0000,0.0000,0.0000,{},{},{},17928.5655,80,1.0000,1.0000,974,2025-10-07T08:51:34.358598
488,21,7,2025-10-07 08:51:34.603714,2,0.0000,0.0024,0.0000,0.0024,0.0000,1.0000,0.0000,0.0000,{},{},{},17965.9655,80,1.0000,1.0000,976,2025-10-07T08:51:34.511372
489,21,8,2025-10-07 08:51:34.765756,2,0.0000,0.0024,0.0000,0.0024,0.0000,1.0000,0.0000,0.0000,{},{},{},18003.3655,80,1.0000,1.0000,978,2025-10-07T08:51:34.671236
490,21,9,2025-10-07 08:51:34.928025,2,0.0000,0.0024,0.0000,0.0024,0.0000,1.0000,0.0000,0.0000,{},{},{},18040.7655,80,1.0000,1.0000,980,2025-10-07T08:51:34.833794
491,21,10,2025-10-07 08:51:35.089831,2,0.0000,0.0024,0.0000,0.0024,0.0000,1.0000,0.0000,0.0000,{},{},{},18078.1655,80,1.0000,1.0000,982,2025-10-07T08:51:34.994757
492,21,11,2025-10-07 08:51:35.251268,2,0.0000,0.0024,0.0000,0.0024,0.0000,1.0000,0.0000,0.0000,{},{},{},18115.5655,80,1.0000,1.0000,984,2025-10-07T08:51:35.156731
493,21,12,2025-10-07 08:51:35.411258,2,0.0000,0.0024,0.0000,0.0024,0.0000,1.0000,0.0000,0.0000,{},{},{},18152.9655,80,1.0000,1.0000,986,2025-10-07T08:51:35.317167
494,21,13,2025-10-07 08:51:35.569577,2,0.0000,0.0024,0.0000,0.0024,0.0000,1.0000,0.0000,0.0000,{},{},{},18190.3655,80,1.0000,1.0000,988,2025-10-07T08:51:35.480554
495,21,14,2025-10-07 08:51:35.729879,2,0.0000,0.0024,0.0000,0.0024,0.0000,1.0000,0.0000,0.0000,{},{},{},18227.7655,80,1.0000,1.0000,990,2025-10-07T08:51:35.634864
496,21,15,2025-10-07 08:51:35.891917,2,0.0000,0.0024,0.0000,0.0024,0.0000,1.0000,0.0000,0.0000,{},{},{},18265.1655,80,1.0000,1.0000,992,2025-10-07T08:51:35.800271
497,21,16,2025-10-07 08:51:36.050621,2,0.0000,0.0024,0.0000,0.0024,0.0000,1.0000,0.0000,0.0000,{},{},{},18302.5655,80,1.0000,1.0000,994,2025-10-07T08:51:35.954380
498,21,17,2025-10-07 08:51:36.212879,2,0.0000,0.0024,0.0000,0.0024,0.0000,1.0000,0.0000,0.0000,{},{},{},18339.9655,80,1.0000,1.0000,996,2025-10-07T08:51:36.116594
499,21,18,2025-10-07 08:51:36.377405,2,0.0000,0.0024,0.0000,0.0024,0.0000,1.0000,0.0000,0.0000,{},{},{},18377.3655,80,1.0000,1.0000,998,2025-10-07T08:51:36.282807
500,21,19,2025-10-07 08:51:36.537945,2,0.0000,0.0024,0.0000,0.0024,0.0000,1.0000,0.0000,0.0000,{},{},{},18414.7655,80,1.0000,1.0000,1000,2025-10-07T08:51:36.444859
501,21,20,2025-10-07 08:51:36.701313,2,0.0000,0.0024,0.0000,0.0024,0.0000,1.0000,0.0000,0.0000,{},{},{},18452.1655,80,1.0000,1.0000,1002,2025-10-07T08:51:36.606542
502,21,21,2025-10-07 08:51:36.861294,2,0.0000,0.0024,0.0000,0.0024,0.0000,1.0000,0.0000,0.0000,{},{},{},18489.5655,80,1.0000,1.0000,1004,2025-10-07T08:51:36.769861
503,21,22,2025-10-07 08:51:37.027919,2,0.0000,0.0024,0.0000,0.0024,0.0000,1.0000,0.0000,0.0000,{},{},{},18526.9655,80,1.0000,1.0000,1006,2025-10-07T08:51:36.931344
504,21,23,2025-10-07 08:51:37.187380,2,0.0000,0.0024,0.0000,0.0024,0.0000,1.0000,0.0000,0.0000,{},{},{},18564.3655,80,1.0000,1.0000,1008,2025-10-07T08:51:37.092958
505,22,0,2025-10-07 08:51:37.344688,2,0.0000,0.0024,0.0000,0.0024,0.0000,1.0000,0.0000,0.0000,{},{},{},18602.1945,80,1.0000,1.0000,1010,2025-10-07T08:51:37.256086
506,22,1,2025-10-07 08:51:37.503358,2,0.0000,0.0024,0.0000,0.0024,0.0000,1.0000,0.0000,0.0000,{},{},{},18640.0236,80,1.0000,1.0000,1012,2025-10-07T08:51:37.409879
507,22,2,2025-10-07 08:51:37.665583,2,0.0000,0.0024,0.0000,0.0024,0.0000,1.0000,0.0000,0.0000,{},{},{},18677.8527,80,1.0000,1.0000,1014,2025-10-07T08:51:37.572086
508,22,3,2025-10-07 08:51:37.820945,2,0.0000,0.0024,0.0000,0.0024,0.0000,1.0000,0.0000,0.0000,{},{},{},18715.6818,80,1.0000,1.0000,1016,2025-10-07T08:51:37.731274
509,22,4,2025-10-07 08:51:37.985497,2,0.0000,0.0024,0.0000,0.0024,0.0000,1.0000,0.0000,0.0000,{},{},{},18753.5109,80,1.0000,1.0000,1018,2025-10-07T08:51:37.890007
510,22,5,2025-10-07 08:51:38.136245,2,0.0000,0.0024,0.0000,0.0024,0.0000,1.0000,0.0000,0.0000,{},{},{},18791.3400,80,1.0000,1.0000,1020,2025-10-07T08:51:38.048353
511,22,6,2025-10-07 08:51:38.294221,2,0.0000,0.0024,0.0000,0.0024,0.0000,1.0000,0.0000,0.0000,{},{},{},18829.1691,80,1.0000,1.0000,1022,2025-10-07T08:51:38.201912
512,22,7,2025-10-07 08:51:38.456881,2,0.0000,0.0024,0.0000,0.0024,0.0000,1.0000,0.0000,0.0000,{},{},{},18866.9982,80,1.0000,1.0000,1024,2025-10-07T08:51:38.360255
513,22,8,2025-10-07 08:51:38.616653,2,0.0000,0.0024,0.0000,0.0024,0.0000,1.0000,0.0000,0.0000,{},{},{},18904.8273,80,1.0000,1.0000,1026,2025-10-07T08:51:38.524964
514,22,9,2025-10-07 08:51:38.774634,2,0.0000,0.0024,0.0000,0.0024,0.0000,1.0000,0.0000,0.0000,{},{},{},18942.6564,80,1.0000,1.0000,1028,2025-10-07T08:51:38.679092
515,22,10,2025-10-07 08:51:38.933468,2,0.0000,0.0024,0.0000,0.0024,0.0000,1.0000,0.0000,0.0000,{},{},{},18980.4855,80,1.0000,1.0000,1030,2025-10-07T08:51:38.840541
516,22,11,2025-10-07 08:51:39.093710,2,0.0000,0.0024,0.0000,0.0024,0.0000,1.0000,0.0000,0.0000,{},{},{},19018.3145,80,1.0000,1.0000,1032,2025-10-07T08:51:38.999837
517,22,12,2025-10-07 08:51:39.251073,2,0.0000,0.0024,0.0000,0.0024,0.0000,1.0000,0.0000,0.0000,{},{},{},19056.1436,80,1.0000,1.0000,1034,2025-10-07T08:51:39.160472
518,22,13,2025-10-07 08:51:39.410903,2,0.0000,0.0024,0.0000,0.0024,0.0000,1.0000,0.0000,0.0000,{},{},{},19093.9727,80,1.0000,1.0000,1036,2025-10-07T08:51:39.317241
519,22,14,2025-10-07 08:51:39.569544,2,0.0000,0.0024,0.0000,0.0024,0.0000,1.0000,0.0000,0.0000,{},{},{},19131.8018,80,1.0000,1.0000,1038,2025-10-07T08:51:39.477900
520,22,15,2025-10-07 08:51:39.730921,2,0.0000,0.0024,0.0000,0.0024,0.0000,1.0000,0.0000,0.0000,{},{},{},19169.6309,80,1.0000,1.0000,1040,2025-10-07T08:51:39.638756
521,22,16,2025-10-07 08:51:39.891978,2,0.0000,0.0024,0.0000,0.0024,0.0000,1.0000,0.0000,0.0000,{},{},{},19207.4600,80,1.0000,1.0000,1042,2025-10-07T08:51:39.800568
522,22,17,2025-10-07 08:51:40.055450,2,0.0000,0.0024,0.0000,0.0024,0.0000,1.0000,0.0000,0.0000,{},{},{},19245.2891,80,1.0000,1.0000,1044,2025-10-07T08:51:39.960859
523,22,18,2025-10-07 08:51:40.222323,2,0.0000,0.0024,0.0000,0.0024,0.0000,1.0000,0.0000,0.0000,{},{},{},19283.1182,80,1.0000,1.0000,1046,2025-10-07T08:51:40.125197
524,22,19,2025-10-07 08:51:40.382282,2,0.0000,0.0024,0.0000,0.0024,0.0000,1.0000,0.0000,0.0000,{},{},{},19320.9473,80,1.0000,1.0000,1048,2025-10-07T08:51:40.291564
525,22,20,2025-10-07 08:51:40.541348,2,0.0000,0.0024,0.0000,0.0024,0.0000,1.0000,0.0000,0.0000,{},{},{},19358.7764,80,1.0000,1.0000,1050,2025-10-07T08:51:40.446639
526,22,21,2025-10-07 08:51:40.701467,2,0.0000,0.0024,0.0000,0.0024,0.0000,1.0000,0.0000,0.0000,{},{},{},19396.6055,80,1.0000,1.0000,1052,2025-10-07T08:51:40.609853
527,22,22,2025-10-07 08:51:40.864823,2,0.0000,0.0024,0.0000,0.0024,0.0000,1.0000,0.0000,0.0000,{},{},{},19434.4345,80,1.0000,1.0000,1054,2025-10-07T08:51:40.769028
528,22,23,2025-10-07 08:51:41.025279,2,0.0000,0.0024,0.0000,0.0024,0.0000,1.0000,0.0000,0.0000,{},{},{},19472.2636,80,1.0000,1.0000,1056,2025-10-07T08:51:40.931259
529,23,0,2025-10-07 08:51:41.186343,2,0.0000,0.0024,0.0000,0.0024,0.0000,1.0000,0.0000,0.0000,{},{},{},19510.4636,80,1.0000,1.0000,1058,2025-10-07T08:51:41.094590
530,23,1,2025-10-07 08:51:41.349740,2,0.0000,0.0024,0.0000,0.0024,0.0000,1.0000,0.0000,0.0000,{},{},{},19548.6636,80,1.0000,1.0000,1060,2025-10-07T08:51:41.256641
531,23,2,2025-10-07 08:51:41.516923,2,0.0000,0.0024,0.0000,0.0024,0.0000,1.0000,0.0000,0.0000,{},{},{},19586.8636,80,1.0000,1.0000,1062,2025-10-07T08:51:41.419964
532,23,3,2025-10-07 08:51:41.679161,2,0.0000,0.0024,0.0000,0.0024,0.0000,1.0000,0.0000,0.0000,{},{},{},19625.0636,80,1.0000,1.0000,1064,2025-10-07T08:51:41.586069
533,23,4,2025-10-07 08:51:41.843892,2,0.0000,0.0024,0.0000,0.0024,0.0000,1.0000,0.0000,0.0000,{},{},{},19663.2636,80,1.0000,1.0000,1066,2025-10-07T08:51:41.747783
534,23,5,2025-10-07 08:51:42.007915,2,0.0000,0.0024,0.0000,0.0024,0.0000,1.0000,0.0000,0.0000,{},{},{},19701.4636,80,1.0000,1.0000,1068,2025-10-07T08:51:41.910431
535,23,6,2025-10-07 08:51:42.172346,2,0.0000,0.0024,0.0000,0.0024,0.0000,1.0000,0.0000,0.0000,{},{},{},19739.6636,80,1.0000,1.0000,1070,2025-10-07T08:51:42.074738
536,23,7,2025-10-07 08:51:42.334551,2,0.0000,0.0024,0.0000,0.0024,0.0000,1.0000,0.0000,0.0000,{},{},{},19777.8636,80,1.0000,1.0000,1072,2025-10-07T08:51:42.242114
537,23,8,2025-10-07 08:51:42.497373,2,0.0000,0.0024,0.0000,0.0024,0.0000,1.0000,0.0000,0.0000,{},{},{},19816.0636,80,1.0000,1.0000,1074,2025-10-07T08:51:42.402265
538,23,9,2025-10-07 08:51:42.658549,2,0.0000,0.0024,0.0000,0.0024,0.0000,1.0000,0.0000,0.0000,{},{},{},19854.2636,80,1.0000,1.0000,1076,2025-10-07T08:51:42.566079
539,23,10,2025-10-07 08:51:42.814948,2,0.0000,0.0024,0.0000,0.0024,0.0000,1.0000,0.0000,0.0000,{},{},{},19892.4636,80,1.0000,1.0000,1078,2025-10-07T08:51:42.726717
540,23,11,2025-10-07 08:51:42.978884,2,0.0000,0.0024,0.0000,0.0024,0.0000,1.0000,0.0000,0.0000,{},{},{},19930.6636,80,1.0000,1.0000,1080,2025-10-07T08:51:42.882747
541,23,12,2025-10-07 08:51:43.133631,2,0.0000,0.0024,0.0000,0.0024,0.0000,1.0000,0.0000,0.0000,{},{},{},19968.8636,80,1.0000,1.0000,1082,2025-10-07T08:51:43.041751
542,23,13,2025-10-07 08:51:43.291793,2,0.0000,0.0024,0.0000,0.0024,0.0000,1.0000,0.0000,0.0000,{},{},{},20007.0636,80,1.0000,1.0000,1084,2025-10-07T08:51:43.199290
543,23,14,2025-10-07 08:51:43.452505,2,0.0000,0.0024,0.0000,0.0024,0.0000,1.0000,0.0000,0.0000,{},{},{},20045.2636,80,1.0000,1.0000,1086,2025-10-07T08:51:43.358848
544,23,15,2025-10-07 08:51:43.613984,2,0.0000,0.0024,0.0000,0.0024,0.0000,1.0000,0.0000,0.0000,{},{},{},20083.4636,80,1.0000,1.0000,1088,2025-10-07T08:51:43.519062
545,23,16,2025-10-07 08:51:43.777912,2,0.0000,0.0024,0.0000,0.0024,0.0000,1.0000,0.0000,0.0000,{},{},{},20121.6636,80,1.0000,1.0000,1090,2025-10-07T08:51:43.682786
546,23,17,2025-10-07 08:51:43.941821,2,0.0000,0.0024,0.0000,0.0024,0.0000,1.0000,0.0000,0.0000,{},{},{},20159.8636,80,1.0000,1.0000,1092,2025-10-07T08:51:43.846529
547,23,18,2025-10-07 08:51:44.101635,2,0.0000,0.0024,0.0000,0.0024,0.0000,1.0000,0.0000,0.0000,{},{},{},20198.0636,80,1.0000,1.0000,1094,2025-10-07T08:51:44.010030
548,23,19,2025-10-07 08:51:44.259872,2,0.0000,0.0024,0.0000,0.0024,0.0000,1.0000,0.0000,0.0000,{},{},{},20236.2636,80,1.0000,1.0000,1096,2025-10-07T08:51:44.169182
549,23,20,2025-10-07 08:51:44.424233,2,0.0000,0.0024,0.0000,0.0024,0.0000,1.0000,0.0000,0.0000,{},{},{},20274.4636,80,1.0000,1.0000,1098,2025-10-07T08:51:44.327880
550,23,21,2025-10-07 08:51:44.586586,2,0.0000,0.0024,0.0000,0.0024,0.0000,1.0000,0.0000,0.0000,{},{},{},20312.6636,80,1.0000,1.0000,1100,2025-10-07T08:51:44.492532
551,23,22,2025-10-07 08:51:44.750144,2,0.0000,0.0024,0.0000,0.0024,0.0000,1.0000,0.0000,0.0000,{},{},{},20350.8636,80,1.0000,1.0000,1102,2025-10-07T08:51:44.655826
552,23,23,2025-10-07 08:51:44.911849,2,0.0000,0.0024,0.0000,0.0024,0.0000,1.0000,0.0000,0.0000,{},{},{},20389.0636,80,1.0000,1.0000,1104,2025-10-07T08:51:44.819020
553,24,0,2025-10-07 08:51:45.073427,2,0.0000,0.0024,0.0000,0.0024,0.0000,1.0000,0.0000,0.0000,{},{},{},20427.2636,80,1.0000,1.0000,1106,2025-10-07T08:51:44.981126
554,24,1,2025-10-07 08:51:45.232056,2,0.0000,0.0024,0.0000,0.0024,0.0000,1.0000,0.0000,0.0000,{},{},{},20465.4636,80,1.0000,1.0000,1108,2025-10-07T08:51:45.137698
555,24,2,2025-10-07 08:51:45.386598,2,0.0000,0.0024,0.0000,0.0024,0.0000,1.0000,0.0000,0.0000,{},{},{},20503.6636,80,1.0000,1.0000,1110,2025-10-07T08:51:45.299728
556,24,3,2025-10-07 08:51:45.548952,2,0.0000,0.0024,0.0000,0.0024,0.0000,1.0000,0.0000,0.0000,{},{},{},20541.8636,80,1.0000,1.0000,1112,2025-10-07T08:51:45.454633
557,24,4,2025-10-07 08:51:45.702828,2,0.0000,0.0024,0.0000,0.0024,0.0000,1.0000,0.0000,0.0000,{},{},{},20580.0636,80,1.0000,1.0000,1114,2025-10-07T08:51:45.610913
558,24,5,2025-10-07 08:51:45.866629,2,0.0000,0.0024,0.0000,0.0024,0.0000,1.0000,0.0000,0.0000,{},{},{},20618.2636,80,1.0000,1.0000,1116,2025-10-07T08:51:45.772663
559,24,6,2025-10-07 08:51:46.032231,2,0.0000,0.0024,0.0000,0.0024,0.0000,1.0000,0.0000,0.0000,{},{},{},20656.4636,80,1.0000,1.0000,1118,2025-10-07T08:51:45.934465
560,24,7,2025-10-07 08:51:46.193100,2,0.0000,0.0024,0.0000,0.0024,0.0000,1.0000,0.0000,0.0000,{},{},{},20694.6636,80,1.0000,1.0000,1120,2025-10-07T08:51:46.100532
561,24,8,2025-10-07 08:51:46.354353,2,0.0000,0.0024,0.0000,0.0024,0.0000,1.0000,0.0000,0.0000,{},{},{},20732.8636,80,1.0000,1.0000,1122,2025-10-07T08:51:46.259911
562,24,9,2025-10-07 08:51:46.514439,2,0.0000,0.0024,0.0000,0.0024,0.0000,1.0000,0.0000,0.0000,{},{},{},20771.0636,80,1.0000,1.0000,1124,2025-10-07T08:51:46.422626
563,24,10,2025-10-07 08:51:46.671128,2,0.0000,0.0024,0.0000,0.0024,0.0000,1.0000,0.0000,0.0000,{},{},{},20809.2636,80,1.0000,1.0000,1126,2025-10-07T08:51:46.578055
564,24,11,2025-10-07 08:51:46.836196,2,0.0000,0.0024,0.0000,0.0024,0.0000,1.0000,0.0000,0.0000,{},{},{},20847.4636,80,1.0000,1.0000,1128,2025-10-07T08:51:46.741476
565,24,12,2025-10-07 08:51:47.000270,2,0.0000,0.0024,0.0000,0.0024,0.0000,1.0000,0.0000,0.0000,{},{},{},20885.6636,80,1.0000,1.0000,1130,2025-10-07T08:51:46.904656
566,24,13,2025-10-07 08:51:47.165118,2,0.0000,0.0024,0.0000,0.0024,0.0000,1.0000,0.0000,0.0000,{},{},{},20923.8636,80,1.0000,1.0000,1132,2025-10-07T08:51:47.069578
567,24,14,2025-10-07 08:51:47.327876,2,0.0000,0.0024,0.0000,0.0024,0.0000,1.0000,0.0000,0.0000,{},{},{},20962.0636,80,1.0000,1.0000,1134,2025-10-07T08:51:47.233781
568,24,15,2025-10-07 08:51:47.488510,2,0.0000,0.0024,0.0000,0.0024,0.0000,1.0000,0.0000,0.0000,{},{},{},21000.2636,80,1.0000,1.0000,1136,2025-10-07T08:51:47.393338
569,24,16,2025-10-07 08:51:47.648993,2,0.0000,0.0024,0.0000,0.0024,0.0000,1.0000,0.0000,0.0000,{},{},{},21038.4636,80,1.0000,1.0000,1138,2025-10-07T08:51:47.556005
570,24,17,2025-10-07 08:51:47.809936,2,0.0000,0.0024,0.0000,0.0024,0.0000,1.0000,0.0000,0.0000,{},{},{},21076.6636,80,1.0000,1.0000,1140,2025-10-07T08:51:47.716152
571,24,18,2025-10-07 08:51:47.966390,2,0.0000,0.0024,0.0000,0.0024,0.0000,1.0000,0.0000,0.0000,{},{},{},21114.8636,80,1.0000,1.0000,1142,2025-10-07T08:51:47.874219
572,24,19,2025-10-07 08:51:48.120875,2,0.0000,0.0024,0.0000,0.0024,0.0000,1.0000,0.0000,0.0000,{},{},{},21153.0636,80,1.0000,1.0000,1144,2025-10-07T08:51:48.028984
573,24,20,2025-10-07 08:51:48.277802,2,0.0000,0.0024,0.0000,0.0024,0.0000,1.0000,0.0000,0.0000,{},{},{},21191.2636,80,1.0000,1.0000,1146,2025-10-07T08:51:48.189755
574,24,21,2025-10-07 08:51:48.434459,2,0.0000,0.0024,0.0000,0.0024,0.0000,1.0000,0.0000,0.0000,{},{},{},21229.4636,80,1.0000,1.0000,1148,2025-10-07T08:51:48.344640
575,24,22,2025-10-07 08:51:48.591977,2,0.0000,0.0024,0.0000,0.0024,0.0000,1.0000,0.0000,0.0000,{},{},{},21267.6636,80,1.0000,1.0000,1150,2025-10-07T08:51:48.501095
576,24,23,2025-10-07 08:51:48.752821,2,0.0000,0.0024,0.0000,0.0024,0.0000,1.0000,0.0000,0.0000,{},{},{},21305.8636,80,1.0000,1.0000,1152,2025-10-07T08:51:48.658718
577,25,0,2025-10-07 08:51:48.911056,2,0.0000,0.0024,0.0000,0.0024,0.0000,1.0000,0.0000,0.0000,{},{},{},21344.5473,80,1.0000,1.0000,1154,2025-10-07T08:51:48.821537
578,25,1,2025-10-07 08:51:49.071446,2,0.0000,0.0024,0.0000,0.0024,0.0000,1.0000,0.0000,0.0000,{},{},{},21383.2309,80,1.0000,1.0000,1156,2025-10-07T08:51:48.975415
579,25,2,2025-10-07 08:51:49.233589,2,0.0000,0.0024,0.0000,0.0024,0.0000,1.0000,0.0000,0.0000,{},{},{},21421.9145,80,1.0000,1.0000,1158,2025-10-07T08:51:49.139393
580,25,3,2025-10-07 08:51:49.395261,2,0.0000,0.0024,0.0000,0.0024,0.0000,1.0000,0.0000,0.0000,{},{},{},21460.5982,80,1.0000,1.0000,1160,2025-10-07T08:51:49.302629
581,25,4,2025-10-07 08:51:49.556132,2,0.0000,0.0024,0.0000,0.0024,0.0000,1.0000,0.0000,0.0000,{},{},{},21499.2818,80,1.0000,1.0000,1162,2025-10-07T08:51:49.464424
582,25,5,2025-10-07 08:51:49.718917,2,0.0000,0.0024,0.0000,0.0024,0.0000,1.0000,0.0000,0.0000,{},{},{},21537.9655,80,1.0000,1.0000,1164,2025-10-07T08:51:49.621422
583,25,6,2025-10-07 08:51:49.880440,2,0.0000,0.0024,0.0000,0.0024,0.0000,1.0000,0.0000,0.0000,{},{},{},21576.6491,80,1.0000,1.0000,1166,2025-10-07T08:51:49.786409
584,25,7,2025-10-07 08:51:50.039511,2,0.0000,0.0024,0.0000,0.0024,0.0000,1.0000,0.0000,0.0000,{},{},{},21615.3327,80,1.0000,1.0000,1168,2025-10-07T08:51:49.949021
585,25,8,2025-10-07 08:51:50.203274,2,0.0000,0.0024,0.0000,0.0024,0.0000,1.0000,0.0000,0.0000,{},{},{},21654.0164,80,1.0000,1.0000,1170,2025-10-07T08:51:50.107113
586,25,9,2025-10-07 08:51:50.368814,2,0.0000,0.0024,0.0000,0.0024,0.0000,1.0000,0.0000,0.0000,{},{},{},21692.7000,80,1.0000,1.0000,1172,2025-10-07T08:51:50.271131
587,25,10,2025-10-07 08:51:50.531893,2,0.0000,0.0024,0.0000,0.0024,0.0000,1.0000,0.0000,0.0000,{},{},{},21731.3836,80,1.0000,1.0000,1174,2025-10-07T08:51:50.436469
588,25,11,2025-10-07 08:51:50.692727,2,0.0000,0.0024,0.0000,0.0024,0.0000,1.0000,0.0000,0.0000,{},{},{},21770.0673,80,1.0000,1.0000,1176,2025-10-07T08:51:50.599733
589,25,12,2025-10-07 08:51:50.853074,2,0.0000,0.0024,0.0000,0.0024,0.0000,1.0000,0.0000,0.0000,{},{},{},21808.7509,80,1.0000,1.0000,1178,2025-10-07T08:51:50.759275
590,25,13,2025-10-07 08:51:51.011505,2,0.0000,0.0024,0.0000,0.0024,0.0000,1.0000,0.0000,0.0000,{},{},{},21847.4345,80,1.0000,1.0000,1180,2025-10-07T08:51:50.919562
591,25,14,2025-10-07 08:51:51.173132,2,0.0000,0.0024,0.0000,0.0024,0.0000,1.0000,0.0000,0.0000,{},{},{},21886.1182,80,1.0000,1.0000,1182,2025-10-07T08:51:51.077875
592,25,15,2025-10-07 08:51:51.337497,2,0.0000,0.0024,0.0000,0.0024,0.0000,1.0000,0.0000,0.0000,{},{},{},21924.8018,80,1.0000,1.0000,1184,2025-10-07T08:51:51.241907
593,25,16,2025-10-07 08:51:51.500221,2,0.0000,0.0024,0.0000,0.0024,0.0000,1.0000,0.0000,0.0000,{},{},{},21963.4855,80,1.0000,1.0000,1186,2025-10-07T08:51:51.405529
594,25,17,2025-10-07 08:51:51.658562,2,0.0000,0.0024,0.0000,0.0024,0.0000,1.0000,0.0000,0.0000,{},{},{},22002.1691,80,1.0000,1.0000,1188,2025-10-07T08:51:51.565804
595,25,18,2025-10-07 08:51:51.816791,2,0.0000,0.0024,0.0000,0.0024,0.0000,1.0000,0.0000,0.0000,{},{},{},22040.8527,80,1.0000,1.0000,1190,2025-10-07T08:51:51.725447
596,25,19,2025-10-07 08:51:51.979790,2,0.0000,0.0024,0.0000,0.0024,0.0000,1.0000,0.0000,0.0000,{},{},{},22079.5364,80,1.0000,1.0000,1192,2025-10-07T08:51:51.886016
597,25,20,2025-10-07 08:51:52.147395,2,0.0000,0.0024,0.0000,0.0024,0.0000,1.0000,0.0000,0.0000,{},{},{},22118.2200,80,1.0000,1.0000,1194,2025-10-07T08:51:52.048749
598,25,21,2025-10-07 08:51:52.309793,2,0.0000,0.0024,0.0000,0.0024,0.0000,1.0000,0.0000,0.0000,{},{},{},22156.9036,80,1.0000,1.0000,1196,2025-10-07T08:51:52.216558
599,25,22,2025-10-07 08:51:52.473841,2,0.0000,0.0024,0.0000,0.0024,0.0000,1.0000,0.0000,0.0000,{},{},{},22195.5873,80,1.0000,1.0000,1198,2025-10-07T08:51:52.380183
600,25,23,2025-10-07 08:51:52.636894,2,0.0000,0.0024,0.0000,0.0024,0.0000,1.0000,0.0000,0.0000,{},{},{},22234.2709,80,1.0000,1.0000,1200,2025-10-07T08:51:52.540846
601,26,0,2025-10-07 08:51:52.798382,2,0.0000,0.0024,0.0000,0.0024,0.0000,1.0000,0.0000,0.0000,{},{},{},22268.2709,80,1.0000,1.0000,1202,2025-10-07T08:51:52.706600
602,26,1,2025-10-07 08:51:52.956169,2,0.0000,0.0024,0.0000,0.0024,0.0000,1.0000,0.0000,0.0000,{},{},{},22302.2709,80,1.0000,1.0000,1204,2025-10-07T08:51:52.864147
603,26,2,2025-10-07 08:51:53.112714,2,0.0000,0.0024,0.0000,0.0024,0.0000,1.0000,0.0000,0.0000,{},{},{},22336.2709,80,1.0000,1.0000,1206,2025-10-07T08:51:53.019683
604,26,3,2025-10-07 08:51:53.274134,2,0.0000,0.0024,0.0000,0.0024,0.0000,1.0000,0.0000,0.0000,{},{},{},22370.2709,80,1.0000,1.0000,1208,2025-10-07T08:51:53.180618
605,26,4,2025-10-07 08:51:53.441005,2,0.0000,0.0024,0.0000,0.0024,0.0000,1.0000,0.0000,0.0000,{},{},{},22404.2709,80,1.0000,1.0000,1210,2025-10-07T08:51:53.344534
606,26,5,2025-10-07 08:51:53.606153,2,0.0000,0.0024,0.0000,0.0024,0.0000,1.0000,0.0000,0.0000,{},{},{},22438.2709,80,1.0000,1.0000,1212,2025-10-07T08:51:53.508923
607,26,6,2025-10-07 08:51:53.773953,2,0.0000,0.0024,0.0000,0.0024,0.0000,1.0000,0.0000,0.0000,{},{},{},22472.2709,80,1.0000,1.0000,1214,2025-10-07T08:51:53.676227
608,26,7,2025-10-07 08:51:53.936016,2,0.0000,0.0024,0.0000,0.0024,0.0000,1.0000,0.0000,0.0000,{},{},{},22506.2709,80,1.0000,1.0000,1216,2025-10-07T08:51:53.843499
609,26,8,2025-10-07 08:51:54.094430,2,0.0000,0.0024,0.0000,0.0024,0.0000,1.0000,0.0000,0.0000,{},{},{},22540.2709,80,1.0000,1.0000,1218,2025-10-07T08:51:54.004621
610,26,9,2025-10-07 08:51:54.250165,2,0.0000,0.0024,0.0000,0.0024,0.0000,1.0000,0.0000,0.0000,{},{},{},22574.2709,80,1.0000,1.0000,1220,2025-10-07T08:51:54.159026
611,26,10,2025-10-07 08:51:54.408443,2,0.0000,0.0024,0.0000,0.0024,0.0000,1.0000,0.0000,0.0000,{},{},{},22608.2709,80,1.0000,1.0000,1222,2025-10-07T08:51:54.314448
612,26,11,2025-10-07 08:51:54.572754,2,0.0000,0.0024,0.0000,0.0024,0.0000,1.0000,0.0000,0.0000,{},{},{},22642.2709,80,1.0000,1.0000,1224,2025-10-07T08:51:54.478377
613,26,12,2025-10-07 08:51:54.734411,2,0.0000,0.0024,0.0000,0.0024,0.0000,1.0000,0.0000,0.0000,{},{},{},22676.2709,80,1.0000,1.0000,1226,2025-10-07T08:51:54.639974
614,26,13,2025-10-07 08:51:54.899870,2,0.0000,0.0024,0.0000,0.0024,0.0000,1.0000,0.0000,0.0000,{},{},{},22710.2709,80,1.0000,1.0000,1228,2025-10-07T08:51:54.802233
615,26,14,2025-10-07 08:51:55.059173,2,0.0000,0.0024,0.0000,0.0024,0.0000,1.0000,0.0000,0.0000,{},{},{},22744.2709,80,1.0000,1.0000,1230,2025-10-07T08:51:54.967260
616,26,15,2025-10-07 08:51:55.219880,2,0.0000,0.0024,0.0000,0.0024,0.0000,1.0000,0.0000,0.0000,{},{},{},22778.2709,80,1.0000,1.0000,1232,2025-10-07T08:51:55.127866
617,26,16,2025-10-07 08:51:55.379057,2,0.0000,0.0024,0.0000,0.0024,0.0000,1.0000,0.0000,0.0000,{},{},{},22812.2709,80,1.0000,1.0000,1234,2025-10-07T08:51:55.286325
618,26,17,2025-10-07 08:51:55.539525,2,0.0000,0.0024,0.0000,0.0024,0.0000,1.0000,0.0000,0.0000,{},{},{},22846.2709,80,1.0000,1.0000,1236,2025-10-07T08:51:55.444460
619,26,18,2025-10-07 08:51:55.703334,2,0.0000,0.0024,0.0000,0.0024,0.0000,1.0000,0.0000,0.0000,{},{},{},22880.2709,80,1.0000,1.0000,1238,2025-10-07T08:51:55.608949
620,26,19,2025-10-07 08:51:55.858648,2,0.0000,0.0024,0.0000,0.0024,0.0000,1.0000,0.0000,0.0000,{},{},{},22914.2709,80,1.0000,1.0000,1240,2025-10-07T08:51:55.767289
621,26,20,2025-10-07 08:51:56.022292,2,0.0000,0.0024,0.0000,0.0024,0.0000,1.0000,0.0000,0.0000,{},{},{},22948.2709,80,1.0000,1.0000,1242,2025-10-07T08:51:55.928414
622,26,21,2025-10-07 08:51:56.182881,2,0.0000,0.0024,0.0000,0.0024,0.0000,1.0000,0.0000,0.0000,{},{},{},22982.2709,80,1.0000,1.0000,1244,2025-10-07T08:51:56.090854
623,26,22,2025-10-07 08:51:56.336212,2,0.0000,0.0024,0.0000,0.0024,0.0000,1.0000,0.0000,0.0000,{},{},{},23016.2709,80,1.0000,1.0000,1246,2025-10-07T08:51:56.248996
624,26,23,2025-10-07 08:51:56.500174,2,0.0000,0.0024,0.0000,0.0024,0.0000,1.0000,0.0000,0.0000,{},{},{},23050.2709,80,1.0000,1.0000,1248,2025-10-07T08:51:56.405162
625,27,0,2025-10-07 08:51:56.661143,2,0.0000,0.0024,0.0000,0.0024,0.0000,1.0000,0.0000,0.0000,{},{},{},23087.9182,80,1.0000,1.0000,1250,2025-10-07T08:51:56.570336
626,27,1,2025-10-07 08:51:56.822667,2,0.0000,0.0024,0.0000,0.0024,0.0000,1.0000,0.0000,0.0000,{},{},{},23125.5655,80,1.0000,1.0000,1252,2025-10-07T08:51:56.731224
627,27,2,2025-10-07 08:51:56.987127,2,0.0000,0.0024,0.0000,0.0024,0.0000,1.0000,0.0000,0.0000,{},{},{},23163.2127,80,1.0000,1.0000,1254,2025-10-07T08:51:56.892350
628,27,3,2025-10-07 08:51:57.149196,2,0.0000,0.0024,0.0000,0.0024,0.0000,1.0000,0.0000,0.0000,{},{},{},23200.8600,80,1.0000,1.0000,1256,2025-10-07T08:51:57.056085
629,27,4,2025-10-07 08:51:57.308488,2,0.0000,0.0024,0.0000,0.0024,0.0000,1.0000,0.0000,0.0000,{},{},{},23238.5073,80,1.0000,1.0000,1258,2025-10-07T08:51:57.213358
630,27,5,2025-10-07 08:51:57.468640,2,0.0000,0.0024,0.0000,0.0024,0.0000,1.0000,0.0000,0.0000,{},{},{},23276.1545,80,1.0000,1.0000,1260,2025-10-07T08:51:57.375486
631,27,6,2025-10-07 08:51:57.633433,2,0.0000,0.0024,0.0000,0.0024,0.0000,1.0000,0.0000,0.0000,{},{},{},23313.8018,80,1.0000,1.0000,1262,2025-10-07T08:51:57.536165
632,27,7,2025-10-07 08:51:57.793267,2,0.0000,0.0024,0.0000,0.0024,0.0000,1.0000,0.0000,0.0000,{},{},{},23351.4491,80,1.0000,1.0000,1264,2025-10-07T08:51:57.699747
633,27,8,2025-10-07 08:51:57.953283,2,0.0000,0.0024,0.0000,0.0024,0.0000,1.0000,0.0000,0.0000,{},{},{},23389.0964,80,1.0000,1.0000,1266,2025-10-07T08:51:57.861610
634,27,9,2025-10-07 08:51:58.115454,2,0.0000,0.0024,0.0000,0.0024,0.0000,1.0000,0.0000,0.0000,{},{},{},23426.7436,80,1.0000,1.0000,1268,2025-10-07T08:51:58.021285
635,27,10,2025-10-07 08:51:58.272686,2,0.0000,0.0024,0.0000,0.0024,0.0000,1.0000,0.0000,0.0000,{},{},{},23464.3909,80,1.0000,1.0000,1270,2025-10-07T08:51:58.177918
636,27,11,2025-10-07 08:51:58.436274,2,0.0000,0.0024,0.0000,0.0024,0.0000,1.0000,0.0000,0.0000,{},{},{},23502.0382,80,1.0000,1.0000,1272,2025-10-07T08:51:58.340969
637,27,12,2025-10-07 08:51:58.600087,2,0.0000,0.0024,0.0000,0.0024,0.0000,1.0000,0.0000,0.0000,{},{},{},23539.6855,80,1.0000,1.0000,1274,2025-10-07T08:51:58.504140
638,27,13,2025-10-07 08:51:58.759716,2,0.0000,0.0024,0.0000,0.0024,0.0000,1.0000,0.0000,0.0000,{},{},{},23577.3327,80,1.0000,1.0000,1276,2025-10-07T08:51:58.668098
639,27,14,2025-10-07 08:51:58.920967,2,0.0000,0.0024,0.0000,0.0024,0.0000,1.0000,0.0000,0.0000,{},{},{},23614.9800,80,1.0000,1.0000,1278,2025-10-07T08:51:58.827121
640,27,15,2025-10-07 08:51:59.080629,2,0.0000,0.0024,0.0000,0.0024,0.0000,1.0000,0.0000,0.0000,{},{},{},23652.6273,80,1.0000,1.0000,1280,2025-10-07T08:51:58.986348
641,27,16,2025-10-07 08:51:59.245525,2,0.0000,0.0024,0.0000,0.0024,0.0000,1.0000,0.0000,0.0000,{},{},{},23690.2745,80,1.0000,1.0000,1282,2025-10-07T08:51:59.147997
642,27,17,2025-10-07 08:51:59.404817,2,0.0000,0.0024,0.0000,0.0024,0.0000,1.0000,0.0000,0.0000,{},{},{},23727.9218,80,1.0000,1.0000,1284,2025-10-07T08:51:59.311565
643,27,18,2025-10-07 08:51:59.564160,2,0.0000,0.0024,0.0000,0.0024,0.0000,1.0000,0.0000,0.0000,{},{},{},23765.5691,80,1.0000,1.0000,1286,2025-10-07T08:51:59.469513
644,27,19,2025-10-07 08:51:59.725031,2,0.0000,0.0024,0.0000,0.0024,0.0000,1.0000,0.0000,0.0000,{},{},{},23803.2164,80,1.0000,1.0000,1288,2025-10-07T08:51:59.632433
645,27,20,2025-10-07 08:51:59.888045,2,0.0000,0.0024,0.0000,0.0024,0.0000,1.0000,0.0000,0.0000,{},{},{},23840.8636,80,1.0000,1.0000,1290,2025-10-07T08:51:59.791768
646,27,21,2025-10-07 08:52:00.048945,2,0.0000,0.0024,0.0000,0.0024,0.0000,1.0000,0.0000,0.0000,{},{},{},23878.5109,80,1.0000,1.0000,1292,2025-10-07T08:51:59.953541
647,27,22,2025-10-07 08:52:00.206462,2,0.0000,0.0024,0.0000,0.0024,0.0000,1.0000,0.0000,0.0000,{},{},{},23916.1582,80,1.0000,1.0000,1294,2025-10-07T08:52:00.113828
648,27,23,2025-10-07 08:52:00.367340,2,0.0000,0.0024,0.0000,0.0024,0.0000,1.0000,0.0000,0.0000,{},{},{},23953.8055,80,1.0000,1.0000,1296,2025-10-07T08:52:00.275529
649,28,0,2025-10-07 08:52:00.528891,2,0.0000,0.0024,0.0000,0.0024,0.0000,1.0000,0.0000,0.0000,{},{},{},23991.9873,80,1.0000,1.0000,1298,2025-10-07T08:52:00.436079
650,28,1,2025-10-07 08:52:00.692883,2,0.0000,0.0024,0.0000,0.0024,0.0000,1.0000,0.0000,0.0000,{},{},{},24030.1691,80,1.0000,1.0000,1300,2025-10-07T08:52:00.598568
651,28,2,2025-10-07 08:52:00.858808,2,0.0000,0.0024,0.0000,0.0024,0.0000,1.0000,0.0000,0.0000,{},{},{},24068.3509,80,1.0000,1.0000,1302,2025-10-07T08:52:00.760936
652,28,3,2025-10-07 08:52:01.022073,2,0.0000,0.0024,0.0000,0.0024,0.0000,1.0000,0.0000,0.0000,{},{},{},24106.5327,80,1.0000,1.0000,1304,2025-10-07T08:52:00.928032
653,28,4,2025-10-07 08:52:01.181549,2,0.0000,0.0024,0.0000,0.0024,0.0000,1.0000,0.0000,0.0000,{},{},{},24144.7145,80,1.0000,1.0000,1306,2025-10-07T08:52:01.088288
654,28,5,2025-10-07 08:52:01.348811,2,0.0000,0.0024,0.0000,0.0024,0.0000,1.0000,0.0000,0.0000,{},{},{},24182.8964,80,1.0000,1.0000,1308,2025-10-07T08:52:01.251317
655,28,6,2025-10-07 08:52:01.508309,2,0.0000,0.0024,0.0000,0.0024,0.0000,1.0000,0.0000,0.0000,{},{},{},24221.0782,80,1.0000,1.0000,1310,2025-10-07T08:52:01.413623
656,28,7,2025-10-07 08:52:01.669702,2,0.0000,0.0024,0.0000,0.0024,0.0000,1.0000,0.0000,0.0000,{},{},{},24259.2600,80,1.0000,1.0000,1312,2025-10-07T08:52:01.573357
657,28,8,2025-10-07 08:52:01.833403,2,0.0000,0.0024,0.0000,0.0024,0.0000,1.0000,0.0000,0.0000,{},{},{},24297.4418,80,1.0000,1.0000,1314,2025-10-07T08:52:01.739368
658,28,9,2025-10-07 08:52:01.993123,2,0.0000,0.0024,0.0000,0.0024,0.0000,1.0000,0.0000,0.0000,{},{},{},24335.6236,80,1.0000,1.0000,1316,2025-10-07T08:52:01.898568
659,28,10,2025-10-07 08:52:02.153740,2,0.0000,0.0024,0.0000,0.0024,0.0000,1.0000,0.0000,0.0000,{},{},{},24373.8055,80,1.0000,1.0000,1318,2025-10-07T08:52:02.061194
660,28,11,2025-10-07 08:52:02.309566,2,0.0000,0.0024,0.0000,0.0024,0.0000,1.0000,0.0000,0.0000,{},{},{},24411.9873,80,1.0000,1.0000,1320,2025-10-07T08:52:02.217960
661,28,12,2025-10-07 08:52:02.474519,2,0.0000,0.0024,0.0000,0.0024,0.0000,1.0000,0.0000,0.0000,{},{},{},24450.1691,80,1.0000,1.0000,1322,2025-10-07T08:52:02.378335
662,28,13,2025-10-07 08:52:02.640043,2,0.0000,0.0024,0.0000,0.0024,0.0000,1.0000,0.0000,0.0000,{},{},{},24488.3509,80,1.0000,1.0000,1324,2025-10-07T08:52:02.542376
663,28,14,2025-10-07 08:52:02.800928,2,0.0000,0.0024,0.0000,0.0024,0.0000,1.0000,0.0000,0.0000,{},{},{},24526.5327,80,1.0000,1.0000,1326,2025-10-07T08:52:02.707565
664,28,15,2025-10-07 08:52:02.958909,2,0.0000,0.0024,0.0000,0.0024,0.0000,1.0000,0.0000,0.0000,{},{},{},24564.7145,80,1.0000,1.0000,1328,2025-10-07T08:52:02.869322
665,28,16,2025-10-07 08:52:03.119209,2,0.0000,0.0024,0.0000,0.0024,0.0000,1.0000,0.0000,0.0000,{},{},{},24602.8964,80,1.0000,1.0000,1330,2025-10-07T08:52:03.026353
666,28,17,2025-10-07 08:52:03.283143,2,0.0000,0.0024,0.0000,0.0024,0.0000,1.0000,0.0000,0.0000,{},{},{},24641.0782,80,1.0000,1.0000,1332,2025-10-07T08:52:03.188411
667,28,18,2025-10-07 08:52:03.445483,2,0.0000,0.0024,0.0000,0.0024,0.0000,1.0000,0.0000,0.0000,{},{},{},24679.2600,80,1.0000,1.0000,1334,2025-10-07T08:52:03.350405
668,28,19,2025-10-07 08:52:03.607761,2,0.0000,0.0024,0.0000,0.0024,0.0000,1.0000,0.0000,0.0000,{},{},{},24717.4418,80,1.0000,1.0000,1336,2025-10-07T08:52:03.514351
669,28,20,2025-10-07 08:52:03.770075,2,0.0000,0.0024,0.0000,0.0024,0.0000,1.0000,0.0000,0.0000,{},{},{},24755.6236,80,1.0000,1.0000,1338,2025-10-07T08:52:03.673877
670,28,21,2025-10-07 08:52:03.929860,2,0.0000,0.0024,0.0000,0.0024,0.0000,1.0000,0.0000,0.0000,{},{},{},24793.8055,80,1.0000,1.0000,1340,2025-10-07T08:52:03.834872
671,28,22,2025-10-07 08:52:04.094297,2,0.0000,0.0024,0.0000,0.0024,0.0000,1.0000,0.0000,0.0000,{},{},{},24831.9873,80,1.0000,1.0000,1342,2025-10-07T08:52:04.000281
672,28,23,2025-10-07 08:52:04.250445,2,0.0000,0.0024,0.0000,0.0024,0.0000,1.0000,0.0000,0.0000,{},{},{},24870.1691,80,1.0000,1.0000,1344,2025-10-07T08:52:04.160820
673,29,0,2025-10-07 08:52:04.415278,2,0.0000,0.0024,0.0000,0.0024,0.0000,1.0000,0.0000,0.0000,{},{},{},24908.5218,80,1.0000,1.0000,1346,2025-10-07T08:52:04.318760
674,29,1,2025-10-07 08:52:04.575137,2,0.0000,0.0024,0.0000,0.0024,0.0000,1.0000,0.0000,0.0000,{},{},{},24946.8745,80,1.0000,1.0000,1348,2025-10-07T08:52:04.481658
675,29,2,2025-10-07 08:52:04.737144,2,0.0000,0.0024,0.0000,0.0024,0.0000,1.0000,0.0000,0.0000,{},{},{},24985.2273,80,1.0000,1.0000,1350,2025-10-07T08:52:04.642191
676,29,3,2025-10-07 08:52:04.897393,2,0.0000,0.0024,0.0000,0.0024,0.0000,1.0000,0.0000,0.0000,{},{},{},25023.5800,80,1.0000,1.0000,1352,2025-10-07T08:52:04.803256
677,29,4,2025-10-07 08:52:05.059484,2,0.0000,0.0024,0.0000,0.0024,0.0000,1.0000,0.0000,0.0000,{},{},{},25061.9327,80,1.0000,1.0000,1354,2025-10-07T08:52:04.966561
678,29,5,2025-10-07 08:52:05.219429,2,0.0000,0.0024,0.0000,0.0024,0.0000,1.0000,0.0000,0.0000,{},{},{},25100.2855,80,1.0000,1.0000,1356,2025-10-07T08:52:05.126520
679,29,6,2025-10-07 08:52:05.383489,2,0.0000,0.0024,0.0000,0.0024,0.0000,1.0000,0.0000,0.0000,{},{},{},25138.6382,80,1.0000,1.0000,1358,2025-10-07T08:52:05.289857
680,29,7,2025-10-07 08:52:05.549339,2,0.0000,0.0024,0.0000,0.0024,0.0000,1.0000,0.0000,0.0000,{},{},{},25176.9909,80,1.0000,1.0000,1360,2025-10-07T08:52:05.452832
681,29,8,2025-10-07 08:52:05.714441,2,0.0000,0.0024,0.0000,0.0024,0.0000,1.0000,0.0000,0.0000,{},{},{},25215.3436,80,1.0000,1.0000,1362,2025-10-07T08:52:05.616322
682,29,9,2025-10-07 08:52:05.876768,2,0.0000,0.0024,0.0000,0.0024,0.0000,1.0000,0.0000,0.0000,{},{},{},25253.6964,80,1.0000,1.0000,1364,2025-10-07T08:52:05.781889
683,29,10,2025-10-07 08:52:06.039789,2,0.0000,0.0024,0.0000,0.0024,0.0000,1.0000,0.0000,0.0000,{},{},{},25292.0491,80,1.0000,1.0000,1366,2025-10-07T08:52:05.944650
684,29,11,2025-10-07 08:52:06.199986,2,0.0000,0.0024,0.0000,0.0024,0.0000,1.0000,0.0000,0.0000,{},{},{},25330.4018,80,1.0000,1.0000,1368,2025-10-07T08:52:06.108708
685,29,12,2025-10-07 08:52:06.363266,2,0.0000,0.0024,0.0000,0.0024,0.0000,1.0000,0.0000,0.0000,{},{},{},25368.7545,80,1.0000,1.0000,1370,2025-10-07T08:52:06.267270
686,29,13,2025-10-07 08:52:06.525850,2,0.0000,0.0024,0.0000,0.0024,0.0000,1.0000,0.0000,0.0000,{},{},{},25407.1073,80,1.0000,1.0000,1372,2025-10-07T08:52:06.431166
687,29,14,2025-10-07 08:52:06.684676,2,0.0000,0.0024,0.0000,0.0024,0.0000,1.0000,0.0000,0.0000,{},{},{},25445.4600,80,1.0000,1.0000,1374,2025-10-07T08:52:06.589211
688,29,15,2025-10-07 08:52:06.847890,2,0.0000,0.0024,0.0000,0.0024,0.0000,1.0000,0.0000,0.0000,{},{},{},25483.8127,80,1.0000,1.0000,1376,2025-10-07T08:52:06.752959
689,29,16,2025-10-07 08:52:07.008433,2,0.0000,0.0024,0.0000,0.0024,0.0000,1.0000,0.0000,0.0000,{},{},{},25522.1655,80,1.0000,1.0000,1378,2025-10-07T08:52:06.913206
690,29,17,2025-10-07 08:52:07.173476,2,0.0000,0.0024,0.0000,0.0024,0.0000,1.0000,0.0000,0.0000,{},{},{},25560.5182,80,1.0000,1.0000,1380,2025-10-07T08:52:07.078955
691,29,18,2025-10-07 08:52:07.333387,2,0.0000,0.0024,0.0000,0.0024,0.0000,1.0000,0.0000,0.0000,{},{},{},25598.8709,80,1.0000,1.0000,1382,2025-10-07T08:52:07.240636
692,29,19,2025-10-07 08:52:07.497902,2,0.0000,0.0024,0.0000,0.0024,0.0000,1.0000,0.0000,0.0000,{},{},{},25637.2236,80,1.0000,1.0000,1384,2025-10-07T08:52:07.402279
693,29,20,2025-10-07 08:52:07.661050,2,0.0000,0.0024,0.0000,0.0024,0.0000,1.0000,0.0000,0.0000,{},{},{},25675.5764,80,1.0000,1.0000,1386,2025-10-07T08:52:07.567001
694,29,21,2025-10-07 08:52:07.827280,2,0.0000,0.0024,0.0000,0.0024,0.0000,1.0000,0.0000,0.0000,{},{},{},25713.9291,80,1.0000,1.0000,1388,2025-10-07T08:52:07.730990
695,29,22,2025-10-07 08:52:07.989415,2,0.0000,0.0024,0.0000,0.0024,0.0000,1.0000,0.0000,0.0000,{},{},{},25752.2818,80,1.0000,1.0000,1390,2025-10-07T08:52:07.894112
696,29,23,2025-10-07 08:52:08.155531,2,0.0000,0.0024,0.0000,0.0024,0.0000,1.0000,0.0000,0.0000,{},{},{},25790.6345,80,1.0000,1.0000,1392,2025-10-07T08:52:08.058575
697,30,0,2025-10-07 08:52:08.322338,2,0.0000,0.0024,0.0000,0.0024,0.0000,1.0000,0.0000,0.0000,{},{},{},25826.6345,80,1.0000,1.0000,1394,2025-10-07T08:52:08.225111
698,30,1,2025-10-07 08:52:08.484897,2,0.0000,0.0024,0.0000,0.0024,0.0000,1.0000,0.0000,0.0000,{},{},{},25862.6345,80,1.0000,1.0000,1396,2025-10-07T08:52:08.389258
699,30,2,2025-10-07 08:52:08.650377,2,0.0000,0.0024,0.0000,0.0024,0.0000,1.0000,0.0000,0.0000,{},{},{},25898.6345,80,1.0000,1.0000,1398,2025-10-07T08:52:08.552856
700,30,3,2025-10-07 08:52:08.808024,2,0.0000,0.0024,0.0000,0.0024,0.0000,1.0000,0.0000,0.0000,{},{},{},25934.6345,80,1.0000,1.0000,1400,2025-10-07T08:52:08.717332
701,30,4,2025-10-07 08:52:08.971436,2,0.0000,0.0024,0.0000,0.0024,0.0000,1.0000,0.0000,0.0000,{},{},{},25970.6345,80,1.0000,1.0000,1402,2025-10-07T08:52:08.876289
702,30,5,2025-10-07 08:52:09.132629,2,0.0000,0.0024,0.0000,0.0024,0.0000,1.0000,0.0000,0.0000,{},{},{},26006.6345,80,1.0000,1.0000,1404,2025-10-07T08:52:09.038769
703,30,6,2025-10-07 08:52:09.296448,2,0.0000,0.0024,0.0000,0.0024,0.0000,1.0000,0.0000,0.0000,{},{},{},26042.6345,80,1.0000,1.0000,1406,2025-10-07T08:52:09.202699
704,30,7,2025-10-07 08:52:09.464301,2,0.0000,0.0024,0.0000,0.0024,0.0000,1.0000,0.0000,0.0000,{},{},{},26078.6345,80,1.0000,1.0000,1408,2025-10-07T08:52:09.366796
705,30,8,2025-10-07 08:52:09.624653,2,0.0000,0.0024,0.0000,0.0024,0.0000,1.0000,0.0000,0.0000,{},{},{},26114.6345,80,1.0000,1.0000,1410,2025-10-07T08:52:09.532743
706,30,9,2025-10-07 08:52:09.789140,2,0.0000,0.0024,0.0000,0.0024,0.0000,1.0000,0.0000,0.0000,{},{},{},26150.6345,80,1.0000,1.0000,1412,2025-10-07T08:52:09.692748
707,30,10,2025-10-07 08:52:09.952770,2,0.0000,0.0024,0.0000,0.0024,0.0000,1.0000,0.0000,0.0000,{},{},{},26186.6345,80,1.0000,1.0000,1414,2025-10-07T08:52:09.859261
708,30,11,2025-10-07 08:52:10.116758,2,0.0000,0.0024,0.0000,0.0024,0.0000,1.0000,0.0000,0.0000,{},{},{},26222.6345,80,1.0000,1.0000,1416,2025-10-07T08:52:10.022694
709,30,12,2025-10-07 08:52:10.283471,2,0.0000,0.0024,0.0000,0.0024,0.0000,1.0000,0.0000,0.0000,{},{},{},26258.6345,80,1.0000,1.0000,1418,2025-10-07T08:52:10.186141
710,30,13,2025-10-07 08:52:10.444169,2,0.0000,0.0024,0.0000,0.0024,0.0000,1.0000,0.0000,0.0000,{},{},{},26294.6345,80,1.0000,1.0000,1420,2025-10-07T08:52:10.350554
711,30,14,2025-10-07 08:52:10.606484,2,0.0000,0.0024,0.0000,0.0024,0.0000,1.0000,0.0000,0.0000,{},{},{},26330.6345,80,1.0000,1.0000,1422,2025-10-07T08:52:10.514217
712,30,15,2025-10-07 08:52:10.765347,2,0.0000,0.0024,0.0000,0.0024,0.0000,1.0000,0.0000,0.0000,{},{},{},26366.6345,80,1.0000,1.0000,1424,2025-10-07T08:52:10.675436
713,30,16,2025-10-07 08:52:10.926550,2,0.0000,0.0024,0.0000,0.0024,0.0000,1.0000,0.0000,0.0000,{},{},{},26402.6345,80,1.0000,1.0000,1426,2025-10-07T08:52:10.832817
714,30,17,2025-10-07 08:52:11.084449,2,0.0000,0.0024,0.0000,0.0024,0.0000,1.0000,0.0000,0.0000,{},{},{},26438.6345,80,1.0000,1.0000,1428,2025-10-07T08:52:10.994243
715,30,18,2025-10-07 08:52:11.251205,2,0.0000,0.0024,0.0000,0.0024,0.0000,1.0000,0.0000,0.0000,{},{},{},26474.6345,80,1.0000,1.0000,1430,2025-10-07T08:52:11.153498
716,30,19,2025-10-07 08:52:11.411222,2,0.0000,0.0024,0.0000,0.0024,0.0000,1.0000,0.0000,0.0000,{},{},{},26510.6345,80,1.0000,1.0000,1432,2025-10-07T08:52:11.318765
717,30,20,2025-10-07 08:52:11.575059,2,0.0000,0.0024,0.0000,0.0024,0.0000,1.0000,0.0000,0.0000,{},{},{},26546.6345,80,1.0000,1.0000,1434,2025-10-07T08:52:11.479568
718,30,21,2025-10-07 08:52:11.735979,2,0.0000,0.0024,0.0000,0.0024,0.0000,1.0000,0.0000,0.0000,{},{},{},26582.6345,80,1.0000,1.0000,1436,2025-10-07T08:52:11.642929
719,30,22,2025-10-07 08:52:11.895421,2,0.0000,0.0024,0.0000,0.0024,0.0000,1.0000,0.0000,0.0000,{},{},{},26618.6345,80,1.0000,1.0000,1438,2025-10-07T08:52:11.802508
720,30,23,2025-10-07 08:52:12.057222,2,0.0000,0.0024,0.0000,0.0024,0.0000,1.0000,0.0000,0.0000,{},{},{},26654.6345,80,1.0000,1.0000,1440,2025-10-07T08:52:11.961903
721,31,0,2025-10-07 08:52:12.220891,2,0.0000,0.0024,0.0000,0.0024,0.0000,1.0000,0.0000,0.0000,{},{},{},26693.0345,80,1.0000,1.0000,1442,2025-10-07T08:52:12.125877
722,31,1,2025-10-07 08:52:12.385924,2,0.0000,0.0024,0.0000,0.0024,0.0000,1.0000,0.0000,0.0000,{},{},{},26731.4345,80,1.0000,1.0000,1444,2025-10-07T08:52:12.289084
723,31,2,2025-10-07 08:52:12.552855,2,0.0000,0.0024,0.0000,0.0024,0.0000,1.0000,0.0000,0.0000,{},{},{},26769.8345,80,1.0000,1.0000,1446,2025-10-07T08:52:12.455566
724,31,3,2025-10-07 08:52:12.716489,2,0.0000,0.0024,0.0000,0.0024,0.0000,1.0000,0.0000,0.0000,{},{},{},26808.2345,80,1.0000,1.0000,1448,2025-10-07T08:52:12.620499
725,31,4,2025-10-07 08:52:12.882572,2,0.0000,0.0024,0.0000,0.0024,0.0000,1.0000,0.0000,0.0000,{},{},{},26846.6345,80,1.0000,1.0000,1450,2025-10-07T08:52:12.786139
726,31,5,2025-10-07 08:52:13.044405,2,0.0000,0.0024,0.0000,0.0024,0.0000,1.0000,0.0000,0.0000,{},{},{},26885.0345,80,1.0000,1.0000,1452,2025-10-07T08:52:12.948222
727,31,6,2025-10-07 08:52:13.209530,2,0.0000,0.0024,0.0000,0.0024,0.0000,1.0000,0.0000,0.0000,{},{},{},26923.4345,80,1.0000,1.0000,1454,2025-10-07T08:52:13.113217
728,31,7,2025-10-07 08:52:13.372465,2,0.0000,0.0024,0.0000,0.0024,0.0000,1.0000,0.0000,0.0000,{},{},{},26961.8345,80,1.0000,1.0000,1456,2025-10-07T08:52:13.275539
729,31,8,2025-10-07 08:52:13.537658,2,0.0000,0.0024,0.0000,0.0024,0.0000,1.0000,0.0000,0.0000,{},{},{},27000.2345,80,1.0000,1.0000,1458,2025-10-07T08:52:13.442015
730,31,9,2025-10-07 08:52:13.697845,2,0.0000,0.0024,0.0000,0.0024,0.0000,1.0000,0.0000,0.0000,{},{},{},27038.6345,80,1.0000,1.0000,1460,2025-10-07T08:52:13.603855
731,31,10,2025-10-07 08:52:13.858308,2,0.0000,0.0024,0.0000,0.0024,0.0000,1.0000,0.0000,0.0000,{},{},{},27077.0345,80,1.0000,1.0000,1462,2025-10-07T08:52:13.765095
732,31,11,2025-10-07 08:52:14.024418,2,0.0000,0.0024,0.0000,0.0024,0.0000,1.0000,0.0000,0.0000,{},{},{},27115.4345,80,1.0000,1.0000,1464,2025-10-07T08:52:13.927860
733,31,12,2025-10-07 08:52:14.183491,2,0.0000,0.0024,0.0000,0.0024,0.0000,1.0000,0.0000,0.0000,{},{},{},27153.8345,80,1.0000,1.0000,1466,2025-10-07T08:52:14.090423
734,31,13,2025-10-07 08:52:14.341625,2,0.0000,0.0024,0.0000,0.0024,0.0000,1.0000,0.0000,0.0000,{},{},{},27192.2345,80,1.0000,1.0000,1468,2025-10-07T08:52:14.248262
735,31,14,2025-10-07 08:52:14.503815,2,0.0000,0.0024,0.0000,0.0024,0.0000,1.0000,0.0000,0.0000,{},{},{},27230.6345,80,1.0000,1.0000,1470,2025-10-07T08:52:14.408651
736,31,15,2025-10-07 08:52:14.665470,2,0.0000,0.0024,0.0000,0.0024,0.0000,1.0000,0.0000,0.0000,{},{},{},27269.0345,80,1.0000,1.0000,1472,2025-10-07T08:52:14.572280
737,31,16,2025-10-07 08:52:14.825888,2,0.0000,0.0024,0.0000,0.0024,0.0000,1.0000,0.0000,0.0000,{},{},{},27307.4345,80,1.0000,1.0000,1474,2025-10-07T08:52:14.732672
738,31,17,2025-10-07 08:52:14.986390,2,0.0000,0.0024,0.0000,0.0024,0.0000,1.0000,0.0000,0.0000,{},{},{},27345.8345,80,1.0000,1.0000,1476,2025-10-07T08:52:14.893678
739,31,18,2025-10-07 08:52:15.144581,2,0.0000,0.0024,0.0000,0.0024,0.0000,1.0000,0.0000,0.0000,{},{},{},27384.2345,80,1.0000,1.0000,1478,2025-10-07T08:52:15.052799
740,31,19,2025-10-07 08:52:15.299401,2,0.0000,0.0024,0.0000,0.0024,0.0000,1.0000,0.0000,0.0000,{},{},{},27422.6345,80,1.0000,1.0000,1480,2025-10-07T08:52:15.209533
741,31,20,2025-10-07 08:52:15.459815,2,0.0000,0.0024,0.0000,0.0024,0.0000,1.0000,0.0000,0.0000,{},{},{},27461.0345,80,1.0000,1.0000,1482,2025-10-07T08:52:15.365097
742,31,21,2025-10-07 08:52:15.624613,2,0.0000,0.0024,0.0000,0.0024,0.0000,1.0000,0.0000,0.0000,{},{},{},27499.4345,80,1.0000,1.0000,1484,2025-10-07T08:52:15.529136
743,31,22,2025-10-07 08:52:15.783205,2,0.0000,0.0024,0.0000,0.0024,0.0000,1.0000,0.0000,0.0000,{},{},{},27537.8345,80,1.0000,1.0000,1486,2025-10-07T08:52:15.691227
744,31,23,2025-10-07 08:52:15.951328,2,0.0000,0.0024,0.0000,0.0024,0.0000,1.0000,0.0000,0.0000,{},{},{},27576.2345,80,1.0000,1.0000,1488,2025-10-07T08:52:15.853886
745,32,0,2025-10-07 08:52:16.111699,2,0.0000,0.0024,0.0000,0.0024,0.0000,1.0000,0.0000,0.0000,{},{},{},27615.0782,80,1.0000,1.0000,1490,2025-10-07T08:52:16.018066
746,32,1,2025-10-07 08:52:16.275010,2,0.0000,0.0024,0.0000,0.0024,0.0000,1.0000,0.0000,0.0000,{},{},{},27653.9218,80,1.0000,1.0000,1492,2025-10-07T08:52:16.179009
747,32,2,2025-10-07 08:52:16.436268,2,0.0000,0.0024,0.0000,0.0024,0.0000,1.0000,0.0000,0.0000,{},{},{},27692.7655,80,1.0000,1.0000,1494,2025-10-07T08:52:16.344842
748,32,3,2025-10-07 08:52:16.602056,2,0.0000,0.0024,0.0000,0.0024,0.0000,1.0000,0.0000,0.0000,{},{},{},27731.6091,80,1.0000,1.0000,1496,2025-10-07T08:52:16.506004
749,32,4,2025-10-07 08:52:16.760692,2,0.0000,0.0024,0.0000,0.0024,0.0000,1.0000,0.0000,0.0000,{},{},{},27770.4527,80,1.0000,1.0000,1498,2025-10-07T08:52:16.665756
750,32,5,2025-10-07 08:52:16.925879,2,0.0000,0.0024,0.0000,0.0024,0.0000,1.0000,0.0000,0.0000,{},{},{},27809.2964,80,1.0000,1.0000,1500,2025-10-07T08:52:16.829441
751,32,6,2025-10-07 08:52:17.086221,2,0.0000,0.0024,0.0000,0.0024,0.0000,1.0000,0.0000,0.0000,{},{},{},27848.1400,80,1.0000,1.0000,1502,2025-10-07T08:52:16.991217
752,32,7,2025-10-07 08:52:17.251662,2,0.0000,0.0024,0.0000,0.0024,0.0000,1.0000,0.0000,0.0000,{},{},{},27886.9836,80,1.0000,1.0000,1504,2025-10-07T08:52:17.154775
753,32,8,2025-10-07 08:52:17.414808,2,0.0000,0.0024,0.0000,0.0024,0.0000,1.0000,0.0000,0.0000,{},{},{},27925.8273,80,1.0000,1.0000,1506,2025-10-07T08:52:17.319475
754,32,9,2025-10-07 08:52:17.576757,2,0.0000,0.0024,0.0000,0.0024,0.0000,1.0000,0.0000,0.0000,{},{},{},27964.6709,80,1.0000,1.0000,1508,2025-10-07T08:52:17.480896
755,32,10,2025-10-07 08:52:17.736107,2,0.0000,0.0024,0.0000,0.0024,0.0000,1.0000,0.0000,0.0000,{},{},{},28003.5145,80,1.0000,1.0000,1510,2025-10-07T08:52:17.642631
756,32,11,2025-10-07 08:52:17.900478,2,0.0000,0.0024,0.0000,0.0024,0.0000,1.0000,0.0000,0.0000,{},{},{},28042.3582,80,1.0000,1.0000,1512,2025-10-07T08:52:17.806335
757,32,12,2025-10-07 08:52:18.067120,2,0.0000,0.0024,0.0000,0.0024,0.0000,1.0000,0.0000,0.0000,{},{},{},28081.2018,80,1.0000,1.0000,1514,2025-10-07T08:52:17.969014
758,32,13,2025-10-07 08:52:18.223798,2,0.0000,0.0024,0.0000,0.0024,0.0000,1.0000,0.0000,0.0000,{},{},{},28120.0455,80,1.0000,1.0000,1516,2025-10-07T08:52:18.131677
759,32,14,2025-10-07 08:52:18.386078,2,0.0000,0.0024,0.0000,0.0024,0.0000,1.0000,0.0000,0.0000,{},{},{},28158.8891,80,1.0000,1.0000,1518,2025-10-07T08:52:18.291749
760,32,15,2025-10-07 08:52:18.550614,2,0.0000,0.0024,0.0000,0.0024,0.0000,1.0000,0.0000,0.0000,{},{},{},28197.7327,80,1.0000,1.0000,1520,2025-10-07T08:52:18.455380
761,32,16,2025-10-07 08:52:18.711958,2,0.0000,0.0024,0.0000,0.0024,0.0000,1.0000,0.0000,0.0000,{},{},{},28236.5764,80,1.0000,1.0000,1522,2025-10-07T08:52:18.618221
762,32,17,2025-10-07 08:52:18.873984,2,0.0000,0.0024,0.0000,0.0024,0.0000,1.0000,0.0000,0.0000,{},{},{},28275.4200,80,1.0000,1.0000,1524,2025-10-07T08:52:18.780951
763,32,18,2025-10-07 08:52:19.036078,2,0.0000,0.0024,0.0000,0.0024,0.0000,1.0000,0.0000,0.0000,{},{},{},28314.2636,80,1.0000,1.0000,1526,2025-10-07T08:52:18.944189
764,32,19,2025-10-07 08:52:19.203248,2,0.0000,0.0024,0.0000,0.0024,0.0000,1.0000,0.0000,0.0000,{},{},{},28353.1073,80,1.0000,1.0000,1528,2025-10-07T08:52:19.106213
765,32,20,2025-10-07 08:52:19.366710,2,0.0000,0.0024,0.0000,0.0024,0.0000,1.0000,0.0000,0.0000,{},{},{},28391.9509,80,1.0000,1.0000,1530,2025-10-07T08:52:19.270618
766,32,21,2025-10-07 08:52:19.532163,2,0.0000,0.0024,0.0000,0.0024,0.0000,1.0000,0.0000,0.0000,{},{},{},28430.7945,80,1.0000,1.0000,1532,2025-10-07T08:52:19.434999
767,32,22,2025-10-07 08:52:19.694074,2,0.0000,0.0024,0.0000,0.0024,0.0000,1.0000,0.0000,0.0000,{},{},{},28469.6382,80,1.0000,1.0000,1534,2025-10-07T08:52:19.598903
768,32,23,2025-10-07 08:52:19.852838,2,0.0000,0.0024,0.0000,0.0024,0.0000,1.0000,0.0000,0.0000,{},{},{},28508.4818,80,1.0000,1.0000,1536,2025-10-07T08:52:19.760928
769,33,0,2025-10-07 08:52:20.011917,2,0.0000,0.0024,0.0000,0.0024,0.0000,1.0000,0.0000,0.0000,{},{},{},28545.0818,80,1.0000,1.0000,1538,2025-10-07T08:52:19.921100
770,33,1,2025-10-07 08:52:20.173058,2,0.0000,0.0024,0.0000,0.0024,0.0000,1.0000,0.0000,0.0000,{},{},{},28581.6818,80,1.0000,1.0000,1540,2025-10-07T08:52:20.079427
771,33,2,2025-10-07 08:52:20.336266,2,0.0000,0.0024,0.0000,0.0024,0.0000,1.0000,0.0000,0.0000,{},{},{},28618.2818,80,1.0000,1.0000,1542,2025-10-07T08:52:20.242594
772,33,3,2025-10-07 08:52:20.501508,2,0.0000,0.0024,0.0000,0.0024,0.0000,1.0000,0.0000,0.0000,{},{},{},28654.8818,80,1.0000,1.0000,1544,2025-10-07T08:52:20.407428
773,33,4,2025-10-07 08:52:20.662289,2,0.0000,0.0024,0.0000,0.0024,0.0000,1.0000,0.0000,0.0000,{},{},{},28691.4818,80,1.0000,1.0000,1546,2025-10-07T08:52:20.570210
774,33,5,2025-10-07 08:52:20.823447,2,0.0000,0.0024,0.0000,0.0024,0.0000,1.0000,0.0000,0.0000,{},{},{},28728.0818,80,1.0000,1.0000,1548,2025-10-07T08:52:20.730048
775,33,6,2025-10-07 08:52:20.986352,2,0.0000,0.0024,0.0000,0.0024,0.0000,1.0000,0.0000,0.0000,{},{},{},28764.6818,80,1.0000,1.0000,1550,2025-10-07T08:52:20.890131
776,33,7,2025-10-07 08:52:21.147754,2,0.0000,0.0024,0.0000,0.0024,0.0000,1.0000,0.0000,0.0000,{},{},{},28801.2818,80,1.0000,1.0000,1552,2025-10-07T08:52:21.052804
777,33,8,2025-10-07 08:52:21.305934,2,0.0000,0.0024,0.0000,0.0024,0.0000,1.0000,0.0000,0.0000,{},{},{},28837.8818,80,1.0000,1.0000,1554,2025-10-07T08:52:21.211406
778,33,9,2025-10-07 08:52:21.468155,2,0.0000,0.0024,0.0000,0.0024,0.0000,1.0000,0.0000,0.0000,{},{},{},28874.4818,80,1.0000,1.0000,1556,2025-10-07T08:52:21.373472
779,33,10,2025-10-07 08:52:21.627800,2,0.0000,0.0024,0.0000,0.0024,0.0000,1.0000,0.0000,0.0000,{},{},{},28911.0818,80,1.0000,1.0000,1558,2025-10-07T08:52:21.534859
780,33,11,2025-10-07 08:52:21.792705,2,0.0000,0.0024,0.0000,0.0024,0.0000,1.0000,0.0000,0.0000,{},{},{},28947.6818,80,1.0000,1.0000,1560,2025-10-07T08:52:21.698245
781,33,12,2025-10-07 08:52:21.953453,2,0.0000,0.0024,0.0000,0.0024,0.0000,1.0000,0.0000,0.0000,{},{},{},28984.2818,80,1.0000,1.0000,1562,2025-10-07T08:52:21.859327
782,33,13,2025-10-07 08:52:22.116991,2,0.0000,0.0024,0.0000,0.0024,0.0000,1.0000,0.0000,0.0000,{},{},{},29020.8818,80,1.0000,1.0000,1564,2025-10-07T08:52:22.022749
783,33,14,2025-10-07 08:52:22.280783,2,0.0000,0.0024,0.0000,0.0024,0.0000,1.0000,0.0000,0.0000,{},{},{},29057.4818,80,1.0000,1.0000,1566,2025-10-07T08:52:22.184577
784,33,15,2025-10-07 08:52:22.437075,2,0.0000,0.0024,0.0000,0.0024,0.0000,1.0000,0.0000,0.0000,{},{},{},29094.0818,80,1.0000,1.0000,1568,2025-10-07T08:52:22.348387
785,33,16,2025-10-07 08:52:22.600144,2,0.0000,0.0024,0.0000,0.0024,0.0000,1.0000,0.0000,0.0000,{},{},{},29130.6818,80,1.0000,1.0000,1570,2025-10-07T08:52:22.505489
786,33,17,2025-10-07 08:52:22.762968,2,0.0000,0.0024,0.0000,0.0024,0.0000,1.0000,0.0000,0.0000,{},{},{},29167.2818,80,1.0000,1.0000,1572,2025-10-07T08:52:22.669588
787,33,18,2025-10-07 08:52:22.927307,2,0.0000,0.0024,0.0000,0.0024,0.0000,1.0000,0.0000,0.0000,{},{},{},29203.8818,80,1.0000,1.0000,1574,2025-10-07T08:52:22.831128
788,33,19,2025-10-07 08:52:23.086562,2,0.0000,0.0024,0.0000,0.0024,0.0000,1.0000,0.0000,0.0000,{},{},{},29240.4818,80,1.0000,1.0000,1576,2025-10-07T08:52:22.992230
789,33,20,2025-10-07 08:52:23.250172,2,0.0000,0.0024,0.0000,0.0024,0.0000,1.0000,0.0000,0.0000,{},{},{},29277.0818,80,1.0000,1.0000,1578,2025-10-07T08:52:23.155473
790,33,21,2025-10-07 08:52:23.409466,2,0.0000,0.0024,0.0000,0.0024,0.0000,1.0000,0.0000,0.0000,{},{},{},29313.6818,80,1.0000,1.0000,1580,2025-10-07T08:52:23.316183
791,33,22,2025-10-07 08:52:23.572604,2,0.0000,0.0024,0.0000,0.0024,0.0000,1.0000,0.0000,0.0000,{},{},{},29350.2818,80,1.0000,1.0000,1582,2025-10-07T08:52:23.476381
792,33,23,2025-10-07 08:52:23.736980,2,0.0000,0.0024,0.0000,0.0024,0.0000,1.0000,0.0000,0.0000,{},{},{},29386.8818,80,1.0000,1.0000,1584,2025-10-07T08:52:23.640960
