step,day,hour,root_depth,root_biomass,root_length,root_surface_area,root_distribution,root_density,root_activity,root_zone_volume,root_zone_layers,root_cohorts,fine_root_fraction,medium_root_fraction,coarse_root_fraction,cumulative_root_growth,daily_root_growth,step_count,last_update
1,1,0,40,0.0262,31.5360,6.0285,{},3.9420,1.0000,0.1743,[],[],0.5753,0.3288,0.0959,0.0000,0.0000,2,2025-10-17T21:53:59.072282
2,1,1,40,0.0285,59.0234,10.7394,{},7.3779,1.0000,0.3101,[],[],0.5517,0.3417,0.1066,0.0000,0.0000,4,2025-10-17T21:53:59.087757
3,1,2,40,0.0328,81.8847,15.3992,{},10.2356,1.0000,0.4428,[],[],0.5314,0.3589,0.1097,0.0000,0.0000,6,2025-10-17T21:53:59.103220
4,1,3,40,0.0368,106.8204,19.7100,{},13.3525,0.9730,0.5578,[],[],0.5367,0.3505,0.1128,0.0000,0.0000,8,2025-10-17T21:53:59.118931
5,1,4,40,0.0403,132.5174,24.2932,{},16.5647,0.9036,0.6970,[],[],0.5541,0.3347,0.1112,0.0000,0.0000,10,2025-10-17T21:53:59.134678
6,1,5,40,0.0433,145.9256,27.3520,{},18.2407,0.8585,0.7880,[],[],0.5347,0.3433,0.1220,0.0000,0.0000,12,2025-10-17T21:53:59.150395
7,1,6,40,0.0460,165.5814,31.1489,{},20.6977,0.8258,0.9184,[],[],0.5389,0.3373,0.1237,0.0000,0.0000,14,2025-10-17T21:53:59.166292
8,1,7,40,0.0483,185.2351,35.2612,{},23.1544,0.7941,1.0528,[],[],0.5299,0.3450,0.1251,0.0000,0.0000,16,2025-10-17T21:53:59.182749
9,1,8,40,0.0503,200.5682,38.8836,{},25.0710,0.7514,1.1706,[],[],0.5123,0.3588,0.1289,0.0000,0.0000,18,2025-10-17T21:53:59.199046
10,1,9,40,0.0521,217.0046,42.4114,{},27.1256,0.7301,1.2931,[],[],0.5145,0.3522,0.1333,0.0000,0.0000,20,2025-10-17T21:53:59.215319
11,1,10,40,0.0537,236.5100,45.9360,{},29.5637,0.7155,1.3821,[],[],0.5110,0.3572,0.1318,0.0000,0.0000,22,2025-10-17T21:53:59.231586
12,1,11,40,0.0551,238.8897,48.0895,{},29.8612,0.7008,1.4846,[],[],0.4962,0.3620,0.1417,0.0000,0.0000,24,2025-10-17T21:53:59.248441
13,1,12,40,0.0564,249.2799,50.5342,{},31.1600,0.6914,1.5560,[],[],0.4928,0.3608,0.1464,0.0000,0.0000,26,2025-10-17T21:53:59.265322
14,1,13,40,0.0594,257.1794,53.0510,{},32.1474,0.6686,1.6654,[],[],0.4866,0.3625,0.1509,0.0000,0.0000,28,2025-10-17T21:53:59.282195
15,1,14,40,0.0639,255.3327,54.4580,{},31.9166,0.6693,1.7286,[],[],0.4698,0.3724,0.1578,0.0000,0.0000,30,2025-10-17T21:53:59.299471
16,1,15,40,0.0680,267.5871,57.0637,{},33.4484,0.6612,1.8139,[],[],0.4740,0.3683,0.1577,0.0000,0.0000,32,2025-10-17T21:53:59.316784
17,1,16,40,0.0716,271.8866,60.3805,{},33.9858,0.6587,1.9726,[],[],0.4485,0.3878,0.1637,0.0000,0.0000,34,2025-10-17T21:53:59.334897
18,1,17,40,0.0747,283.3833,63.2970,{},35.4229,0.6358,2.0812,[],[],0.4466,0.3883,0.1651,0.0000,0.0000,36,2025-10-17T21:53:59.354504
19,1,18,40,0.0774,299.4306,65.6423,{},37.4288,0.6227,2.1542,[],[],0.4610,0.3752,0.1638,0.0000,0.0000,38,2025-10-17T21:53:59.373551
20,1,19,40,0.0797,311.9298,68.4107,{},38.9912,0.6125,2.2217,[],[],0.4647,0.3707,0.1646,0.0000,0.0000,40,2025-10-17T21:53:59.393629
21,1,20,40,0.0818,318.4350,70.2017,{},39.8044,0.6034,2.3109,[],[],0.4624,0.3704,0.1673,0.0000,0.0000,42,2025-10-17T21:53:59.413863
22,1,21,40,0.0836,312.6707,72.8240,{},39.0838,0.5994,2.4409,[],[],0.4194,0.4029,0.1777,0.0000,0.0000,44,2025-10-17T21:53:59.434401
23,1,22,40,0.0852,327.2321,75.8639,{},40.9040,0.5830,2.5405,[],[],0.4218,0.4026,0.1757,0.0000,0.0000,46,2025-10-17T21:53:59.454658
24,1,23,40,0.0866,344.8563,79.7076,{},43.1070,0.5729,2.6726,[],[],0.4269,0.3986,0.1745,0.0000,0.0000,48,2025-10-17T21:53:59.474829
25,2,0,40,0.0879,362.8629,82.7135,{},45.3579,0.5671,2.7773,[],[],0.4374,0.3884,0.1742,0.0000,0.0000,50,2025-10-17T21:53:59.495462
26,2,1,40,0.0910,368.8614,85.3588,{},46.1077,0.5590,2.8907,[],[],0.4319,0.3922,0.1758,0.0000,0.0000,52,2025-10-17T21:53:59.515762
27,2,2,40,0.0959,371.2551,86.0141,{},46.4069,0.5466,2.9035,[],[],0.4297,0.3940,0.1763,0.0000,0.0000,54,2025-10-17T21:53:59.536220
28,2,3,40,0.1002,366.8810,85.8044,{},45.8601,0.5428,2.9095,[],[],0.4205,0.4004,0.1791,0.0000,0.0000,56,2025-10-17T21:53:59.559028
29,2,4,40,0.1040,371.8908,86.9968,{},46.4864,0.5388,2.9696,[],[],0.4203,0.4003,0.1793,0.0000,0.0000,58,2025-10-17T21:53:59.578065
30,2,5,40,0.1072,370.2850,86.0402,{},46.2856,0.5308,2.9565,[],[],0.4227,0.3967,0.1807,0.0000,0.0000,60,2025-10-17T21:53:59.597113
31,2,6,40,0.1100,365.6554,87.4855,{},45.7069,0.5279,3.0650,[],[],0.4057,0.4045,0.1898,0.0000,0.0000,62,2025-10-17T21:53:59.616027
32,2,7,40,0.1125,368.6520,88.6193,{},46.0815,0.5239,3.1242,[],[],0.4041,0.4040,0.1919,0.0000,0.0000,64,2025-10-17T21:53:59.637110
33,2,8,40,0.1146,371.0672,90.4587,{},46.3834,0.5135,3.1924,[],[],0.3941,0.4104,0.1955,0.0000,0.0000,66,2025-10-17T21:53:59.658422
34,2,9,40,0.1165,374.6510,90.9381,{},46.8314,0.5102,3.2177,[],[],0.4031,0.4047,0.1922,0.0000,0.0000,68,2025-10-17T21:53:59.678764
35,2,10,40,0.1181,366.3841,91.4480,{},45.7980,0.5096,3.2641,[],[],0.3848,0.4167,0.1986,0.0000,0.0000,70,2025-10-17T21:53:59.698421
36,2,11,40,0.1196,380.7301,93.6303,{},47.5913,0.5045,3.3132,[],[],0.3938,0.4122,0.1940,0.0000,0.0000,72,2025-10-17T21:53:59.718958
37,2,12,40,0.1209,384.8271,94.9920,{},48.1034,0.5048,3.3671,[],[],0.3961,0.4101,0.1938,0.0000,0.0000,74,2025-10-17T21:53:59.740639
38,2,13,40,0.1240,393.2481,95.6026,{},49.1560,0.4961,3.3549,[],[],0.4067,0.4045,0.1888,0.0000,0.0000,76,2025-10-17T21:53:59.762106
39,2,14,40,0.1290,387.8225,96.4496,{},48.4778,0.4953,3.4228,[],[],0.3946,0.4093,0.1961,0.0000,0.0000,78,2025-10-17T21:53:59.787973
40,2,15,40,0.1334,394.1615,97.2043,{},49.2702,0.4895,3.4393,[],[],0.4004,0.4035,0.1961,0.0000,0.0000,80,2025-10-17T21:53:59.813519
41,2,16,40,0.1372,398.4523,98.4030,{},49.8065,0.4828,3.4916,[],[],0.4044,0.3999,0.1957,0.0000,0.0000,82,2025-10-17T21:53:59.832990
42,2,17,40,0.1406,404.1574,100.0124,{},50.5197,0.4874,3.5268,[],[],0.4049,0.3997,0.1955,0.0000,0.0000,84,2025-10-17T21:53:59.852452
43,2,18,40,0.1434,404.3821,101.2324,{},50.5478,0.4781,3.6020,[],[],0.3979,0.4030,0.1991,0.0000,0.0000,86,2025-10-17T21:53:59.871903
44,2,19,40,0.1459,399.9406,99.8361,{},49.9926,0.4746,3.5706,[],[],0.4059,0.3937,0.2004,0.0000,0.0000,88,2025-10-17T21:53:59.892227
45,2,20,40,0.1481,407.4179,101.3024,{},50.9272,0.4749,3.6218,[],[],0.4123,0.3866,0.2010,0.0000,0.0000,90,2025-10-17T21:53:59.913888
46,2,21,40,0.1500,414.7423,102.0074,{},51.8428,0.4682,3.6483,[],[],0.4231,0.3765,0.2003,0.0000,0.0000,92,2025-10-17T21:53:59.934351
47,2,22,40,0.1516,407.8141,102.4869,{},50.9768,0.4611,3.7082,[],[],0.4073,0.3870,0.2057,0.0000,0.0000,94,2025-10-17T21:53:59.955462
48,2,23,40,0.1531,400.5969,102.7309,{},50.0746,0.4552,3.7719,[],[],0.3985,0.3906,0.2110,0.0000,0.0000,96,2025-10-17T21:53:59.976201
49,3,0,40,0.1544,406.3863,103.4277,{},50.7983,0.4548,3.7502,[],[],0.3974,0.3955,0.2071,0.0000,0.0000,98,2025-10-17T21:53:59.997326
50,3,1,40,0.1576,412.0290,104.5328,{},51.5036,0.4506,3.7676,[],[],0.3994,0.3951,0.2055,0.0000,0.0000,100,2025-10-17T21:54:00.020837
51,3,2,40,0.1626,426.5587,107.8559,{},53.3198,0.4464,3.8745,[],[],0.4039,0.3951,0.2010,0.0000,0.0000,102,2025-10-17T21:54:00.042793
52,3,3,40,0.1671,429.5740,108.8221,{},53.6967,0.4461,3.9365,[],[],0.4053,0.3916,0.2031,0.0000,0.0000,104,2025-10-17T21:54:00.063168
53,3,4,40,0.1710,435.2253,110.6560,{},54.4032,0.4403,4.0299,[],[],0.4085,0.3873,0.2043,0.0000,0.0000,106,2025-10-17T21:54:00.083940
54,3,5,40,0.1743,443.1573,111.9925,{},55.3947,0.4396,4.0774,[],[],0.4137,0.3824,0.2040,0.0000,0.0000,108,2025-10-17T21:54:00.105134
55,3,6,40,0.1772,452.0283,113.5062,{},56.5035,0.4394,4.1202,[],[],0.4160,0.3831,0.2010,0.0000,0.0000,110,2025-10-17T21:54:00.125982
56,3,7,40,0.1797,459.0265,114.0266,{},57.3783,0.4396,4.0755,[],[],0.4126,0.3916,0.1957,0.0000,0.0000,112,2025-10-17T21:54:00.147502
57,3,8,40,0.1818,463.4609,115.0210,{},57.9326,0.4346,4.0835,[],[],0.4113,0.3953,0.1934,0.0000,0.0000,114,2025-10-17T21:54:00.168706
58,3,9,40,0.1836,451.8985,114.3394,{},56.4873,0.4276,4.1040,[],[],0.4014,0.3994,0.1992,0.0000,0.0000,116,2025-10-17T21:54:00.188717
59,3,10,40,0.1851,457.5780,115.4427,{},57.1972,0.4254,4.1347,[],[],0.4066,0.3961,0.1973,0.0000,0.0000,118,2025-10-17T21:54:00.207155
60,3,11,40,0.1864,447.6980,115.4650,{},55.9623,0.4273,4.1486,[],[],0.3939,0.4039,0.2022,0.0000,0.0000,120,2025-10-17T21:54:00.224559
61,3,12,40,0.1875,447.3927,115.4547,{},55.9241,0.4280,4.1849,[],[],0.3969,0.3967,0.2065,0.0000,0.0000,122,2025-10-17T21:54:00.242439
62,3,13,40,0.1905,445.8215,115.8459,{},55.7277,0.4339,4.1951,[],[],0.3905,0.3999,0.2095,0.0000,0.0000,124,2025-10-17T21:54:00.260522
63,3,14,40,0.1953,443.0325,117.2961,{},55.3791,0.4372,4.2648,[],[],0.3718,0.4125,0.2157,0.0000,0.0000,126,2025-10-17T21:54:00.278647
64,3,15,40,0.1995,443.0140,117.9941,{},55.3768,0.4334,4.2849,[],[],0.3669,0.4156,0.2176,0.0000,0.0000,128,2025-10-17T21:54:00.297478
65,3,16,40,0.2032,456.4165,121.3379,{},57.0521,0.4317,4.3820,[],[],0.3667,0.4180,0.2153,0.0000,0.0000,130,2025-10-17T21:54:00.316332
66,3,17,40,0.2063,450.5292,121.0467,{},56.3161,0.4309,4.4079,[],[],0.3597,0.4191,0.2212,0.0000,0.0000,132,2025-10-17T21:54:00.335416
67,3,18,40,0.2089,457.8483,121.7239,{},57.2310,0.4321,4.4046,[],[],0.3584,0.4223,0.2193,0.0000,0.0000,134,2025-10-17T21:54:00.354686
68,3,19,40,0.2112,461.0190,122.1152,{},57.6274,0.4305,4.4153,[],[],0.3660,0.4146,0.2194,0.0000,0.0000,136,2025-10-17T21:54:00.374125
69,3,20,40,0.2132,465.8076,123.7183,{},58.2260,0.4283,4.4795,[],[],0.3629,0.4179,0.2192,0.0000,0.0000,138,2025-10-17T21:54:00.392783
70,3,21,40,0.2148,463.1340,124.1882,{},57.8917,0.4276,4.5016,[],[],0.3556,0.4207,0.2237,0.0000,0.0000,140,2025-10-17T21:54:00.411840
71,3,22,40,0.2162,465.0256,124.5183,{},58.1282,0.4281,4.5427,[],[],0.3630,0.4123,0.2247,0.0000,0.0000,142,2025-10-17T21:54:00.430400
72,3,23,40,0.2175,483.1372,127.7612,{},60.3922,0.4259,4.6413,[],[],0.3725,0.4065,0.2210,0.0000,0.0000,144,2025-10-17T21:54:00.448894
73,4,0,40,0.2185,471.4829,126.3146,{},58.9354,0.4226,4.5978,[],[],0.3590,0.4145,0.2265,0.0000,0.0000,146,2025-10-17T21:54:00.468756
74,4,1,40,0.2212,472.7236,126.9702,{},59.0904,0.4188,4.6168,[],[],0.3503,0.4255,0.2242,0.0000,0.0000,148,2025-10-17T21:54:00.488053
75,4,2,40,0.2255,474.5205,128.2572,{},59.3151,0.4200,4.6813,[],[],0.3531,0.4191,0.2279,0.0000,0.0000,150,2025-10-17T21:54:00.507230
76,4,3,40,0.2293,485.1210,130.2762,{},60.6401,0.4150,4.7267,[],[],0.3557,0.4203,0.2240,0.0000,0.0000,152,2025-10-17T21:54:00.525566
77,4,4,40,0.2326,483.0334,130.7266,{},60.3792,0.4196,4.7656,[],[],0.3516,0.4220,0.2263,0.0000,0.0000,154,2025-10-17T21:54:00.543813
78,4,5,40,0.2355,494.8919,132.9197,{},61.8615,0.4207,4.8269,[],[],0.3559,0.4221,0.2220,0.0000,0.0000,156,2025-10-17T21:54:00.561839
79,4,6,40,0.2379,513.1825,135.7478,{},64.1478,0.4171,4.9181,[],[],0.3668,0.4167,0.2166,0.0000,0.0000,158,2025-10-17T21:54:00.580381
80,4,7,40,0.2399,506.9017,135.0717,{},63.3627,0.4172,4.9676,[],[],0.3677,0.4124,0.2199,0.0000,0.0000,160,2025-10-17T21:54:00.599231
81,4,8,40,0.2417,515.1640,137.3533,{},64.3955,0.4156,5.0442,[],[],0.3719,0.4092,0.2189,0.0000,0.0000,162,2025-10-17T21:54:00.618237
82,4,9,40,0.2432,509.9738,136.9693,{},63.7467,0.4173,5.0865,[],[],0.3727,0.4036,0.2237,0.0000,0.0000,164,2025-10-17T21:54:00.637553
83,4,10,40,0.2445,510.3412,137.4273,{},63.7927,0.4116,5.0544,[],[],0.3645,0.4110,0.2245,0.0000,0.0000,166,2025-10-17T21:54:00.657357
84,4,11,40,0.2456,517.5521,138.9273,{},64.6940,0.4091,5.0849,[],[],0.3646,0.4131,0.2223,0.0000,0.0000,168,2025-10-17T21:54:00.677615
85,4,12,40,0.2465,528.4468,141.7398,{},66.0558,0.4101,5.1926,[],[],0.3642,0.4139,0.2218,0.0000,0.0000,170,2025-10-17T21:54:00.700422
86,4,13,40,0.2490,524.2583,142.9273,{},65.5323,0.4074,5.2484,[],[],0.3506,0.4221,0.2274,0.0000,0.0000,172,2025-10-17T21:54:00.721060
87,4,14,40,0.2531,529.5105,143.2693,{},66.1888,0.4051,5.2566,[],[],0.3569,0.4176,0.2255,0.0000,0.0000,174,2025-10-17T21:54:00.741510
88,4,15,40,0.2566,537.1880,144.8708,{},67.1485,0.3998,5.2939,[],[],0.3565,0.4212,0.2224,0.0000,0.0000,176,2025-10-17T21:54:00.761313
89,4,16,40,0.2597,536.7654,145.0423,{},67.0957,0.3955,5.3129,[],[],0.3576,0.4176,0.2248,0.0000,0.0000,178,2025-10-17T21:54:00.780839
90,4,17,40,0.2624,529.0660,142.1173,{},66.1332,0.3930,5.1919,[],[],0.3546,0.4196,0.2258,0.0000,0.0000,180,2025-10-17T21:54:00.800768
91,4,18,40,0.2646,530.5819,143.1519,{},66.3227,0.3933,5.2230,[],[],0.3495,0.4235,0.2271,0.0000,0.0000,182,2025-10-17T21:54:00.821017
92,4,19,40,0.2665,532.5894,143.7280,{},66.5737,0.3898,5.2569,[],[],0.3491,0.4231,0.2278,0.0000,0.0000,184,2025-10-17T21:54:00.841525
93,4,20,40,0.2682,533.8994,144.4510,{},66.7374,0.3895,5.3001,[],[],0.3486,0.4223,0.2291,0.0000,0.0000,186,2025-10-17T21:54:00.861392
94,4,21,40,0.2696,536.5254,145.5570,{},67.0657,0.3874,5.3262,[],[],0.3469,0.4228,0.2304,0.0000,0.0000,188,2025-10-17T21:54:00.881369
95,4,22,40,0.2708,536.4194,145.6172,{},67.0524,0.3831,5.3043,[],[],0.3432,0.4274,0.2294,0.0000,0.0000,190,2025-10-17T21:54:00.901789
96,4,23,40,0.2718,547.9982,147.4475,{},68.4998,0.3861,5.3716,[],[],0.3531,0.4194,0.2276,0.0000,0.0000,192,2025-10-17T21:54:00.922485
97,5,0,40,0.2727,556.3167,148.7607,{},69.5396,0.3886,5.4083,[],[],0.3604,0.4138,0.2257,0.0000,0.0000,194,2025-10-17T21:54:00.945303
98,5,1,40,0.2751,563.2051,151.5662,{},70.4006,0.3877,5.4920,[],[],0.3503,0.4243,0.2254,0.0000,0.0000,196,2025-10-17T21:54:00.965333
99,5,2,40,0.2790,564.4293,152.2009,{},70.5537,0.3924,5.5191,[],[],0.3445,0.4297,0.2257,0.0000,0.0000,198,2025-10-17T21:54:00.985765
100,5,3,40,0.2825,566.8416,153.0466,{},70.8552,0.3897,5.5229,[],[],0.3379,0.4361,0.2260,0.0000,0.0000,200,2025-10-17T21:54:01.006325
101,5,4,40,0.2855,574.8733,154.0400,{},71.8592,0.3858,5.5333,[],[],0.3393,0.4357,0.2251,0.0000,0.0000,202,2025-10-17T21:54:01.027761
102,5,5,40,0.2881,553.0534,152.9156,{},69.1317,0.3859,5.5706,[],[],0.3251,0.4381,0.2368,0.0000,0.0000,204,2025-10-17T21:54:01.048921
103,5,6,40,0.2903,554.1036,154.0557,{},69.2630,0.3842,5.6095,[],[],0.3211,0.4419,0.2370,0.0000,0.0000,206,2025-10-17T21:54:01.068548
104,5,7,40,0.2922,565.6884,156.1051,{},70.7111,0.3890,5.6592,[],[],0.3295,0.4348,0.2357,0.0000,0.0000,208,2025-10-17T21:54:01.088204
105,5,8,40,0.2939,575.3143,156.3695,{},71.9143,0.3901,5.6558,[],[],0.3391,0.4291,0.2318,0.0000,0.0000,210,2025-10-17T21:54:01.108041
106,5,9,40,0.2954,580.4858,156.6844,{},72.5607,0.3882,5.6308,[],[],0.3380,0.4366,0.2255,0.0000,0.0000,212,2025-10-17T21:54:01.128467
107,5,10,40,0.2966,576.7859,154.8963,{},72.0982,0.3810,5.5806,[],[],0.3461,0.4284,0.2255,0.0000,0.0000,214,2025-10-17T21:54:01.148574
108,5,11,40,0.2977,570.6837,156.0217,{},71.3355,0.3847,5.6708,[],[],0.3375,0.4346,0.2279,0.0000,0.0000,216,2025-10-17T21:54:01.168959
109,5,12,40,0.2987,572.5328,156.2428,{},71.5666,0.3848,5.6767,[],[],0.3331,0.4363,0.2306,0.0000,0.0000,218,2025-10-17T21:54:01.189385
110,5,13,40,0.3011,586.6888,159.1173,{},73.3361,0.3830,5.7742,[],[],0.3383,0.4329,0.2288,0.0000,0.0000,220,2025-10-17T21:54:01.209917
111,5,14,40,0.3050,585.4829,160.3740,{},73.1854,0.3857,5.8273,[],[],0.3314,0.4392,0.2294,0.0000,0.0000,222,2025-10-17T21:54:01.230981
112,5,15,40,0.3084,585.6747,160.9039,{},73.2093,0.3834,5.8751,[],[],0.3317,0.4382,0.2301,0.0000,0.0000,224,2025-10-17T21:54:01.251414
113,5,16,40,0.3114,591.7855,162.3406,{},73.9732,0.3855,5.9773,[],[],0.3386,0.4304,0.2310,0.0000,0.0000,226,2025-10-17T21:54:01.271894
114,5,17,40,0.3139,585.9055,162.2964,{},73.2382,0.3847,6.0123,[],[],0.3375,0.4267,0.2357,0.0000,0.0000,228,2025-10-17T21:54:01.292597
115,5,18,40,0.3161,590.6745,164.0127,{},73.8343,0.3835,6.0808,[],[],0.3352,0.4278,0.2369,0.0000,0.0000,230,2025-10-17T21:54:01.314874
116,5,19,40,0.3180,606.5174,165.7623,{},75.8147,0.3857,6.1312,[],[],0.3439,0.4216,0.2345,0.0000,0.0000,232,2025-10-17T21:54:01.336916
117,5,20,40,0.3197,595.6498,164.0123,{},74.4562,0.3845,6.0853,[],[],0.3375,0.4225,0.2400,0.0000,0.0000,234,2025-10-17T21:54:01.357679
118,5,21,40,0.3211,598.5698,166.1035,{},74.8212,0.3837,6.1971,[],[],0.3359,0.4216,0.2425,0.0000,0.0000,236,2025-10-17T21:54:01.377959
119,5,22,40,0.3224,593.0255,163.8810,{},74.1282,0.3866,6.1406,[],[],0.3442,0.4105,0.2453,0.0000,0.0000,238,2025-10-17T21:54:01.398565
120,5,23,40,0.3234,589.9400,163.5661,{},73.7425,0.3803,6.1298,[],[],0.3372,0.4152,0.2476,0.0000,0.0000,240,2025-10-17T21:54:01.418840
121,6,0,40,0.3244,595.8119,166.1213,{},74.4765,0.3758,6.2203,[],[],0.3347,0.4183,0.2470,0.0000,0.0000,242,2025-10-17T21:54:01.439285
122,6,1,40,0.3267,598.0442,166.8424,{},74.7555,0.3806,6.2112,[],[],0.3283,0.4250,0.2467,0.0000,0.0000,244,2025-10-17T21:54:01.459757
123,6,2,40,0.3303,592.0537,166.5103,{},74.0067,0.3770,6.1800,[],[],0.3209,0.4311,0.2480,0.0000,0.0000,246,2025-10-17T21:54:01.482316
124,6,3,40,0.3335,593.7134,165.6351,{},74.2142,0.3760,6.1288,[],[],0.3272,0.4274,0.2454,0.0000,0.0000,248,2025-10-17T21:54:01.502952
125,6,4,40,0.3363,586.1650,164.7669,{},73.2706,0.3763,6.1270,[],[],0.3215,0.4284,0.2501,0.0000,0.0000,250,2025-10-17T21:54:01.523523
126,6,5,40,0.3387,577.0115,163.9225,{},72.1264,0.3757,6.1169,[],[],0.3159,0.4288,0.2553,0.0000,0.0000,252,2025-10-17T21:54:01.545396
127,6,6,40,0.3407,562.9055,164.2280,{},70.3632,0.3676,6.1590,[],[],0.2917,0.4460,0.2623,0.0000,0.0000,254,2025-10-17T21:54:01.569070
128,6,7,40,0.3425,581.4472,166.5569,{},72.6809,0.3715,6.1789,[],[],0.3026,0.4461,0.2513,0.0000,0.0000,256,2025-10-17T21:54:01.591222
129,6,8,40,0.3441,583.0166,165.0088,{},72.8771,0.3778,6.0926,[],[],0.3090,0.4422,0.2488,0.0000,0.0000,258,2025-10-17T21:54:01.613367
130,6,9,40,0.3454,593.6336,166.5366,{},74.2042,0.3789,6.1332,[],[],0.3149,0.4387,0.2464,0.0000,0.0000,260,2025-10-17T21:54:01.635000
131,6,10,40,0.3466,589.4508,167.3307,{},73.6814,0.3762,6.2281,[],[],0.3081,0.4439,0.2480,0.0000,0.0000,262,2025-10-17T21:54:01.655269
132,6,11,40,0.3476,584.2013,167.2957,{},73.0252,0.3736,6.2622,[],[],0.3057,0.4434,0.2509,0.0000,0.0000,264,2025-10-17T21:54:01.675910
133,6,12,40,0.3485,590.0948,166.9065,{},73.7618,0.3760,6.2207,[],[],0.3143,0.4363,0.2494,0.0000,0.0000,266,2025-10-17T21:54:01.696478
134,6,13,40,0.3507,583.4128,164.9287,{},72.9266,0.3706,6.1405,[],[],0.3132,0.4391,0.2477,0.0000,0.0000,268,2025-10-17T21:54:01.717197
135,6,14,40,0.3543,588.4084,164.3432,{},73.5511,0.3677,6.0864,[],[],0.3228,0.4350,0.2421,0.0000,0.0000,270,2025-10-17T21:54:01.738473
136,6,15,40,0.3574,589.2080,164.1740,{},73.6510,0.3652,6.0751,[],[],0.3218,0.4364,0.2418,0.0000,0.0000,272,2025-10-17T21:54:01.758885
137,6,16,40,0.3602,597.0181,164.1640,{},74.6273,0.3659,6.0691,[],[],0.3375,0.4225,0.2400,0.0000,0.0000,274,2025-10-17T21:54:01.779604
138,6,17,40,0.3625,600.9529,164.3059,{},75.1191,0.3648,6.0696,[],[],0.3390,0.4240,0.2370,0.0000,0.0000,276,2025-10-17T21:54:01.800297
139,6,18,40,0.3646,617.6520,167.9235,{},77.2065,0.3660,6.1914,[],[],0.3455,0.4226,0.2319,0.0000,0.0000,278,2025-10-17T21:54:01.822410
140,6,19,40,0.3663,612.0986,167.3753,{},76.5123,0.3581,6.1931,[],[],0.3448,0.4206,0.2346,0.0000,0.0000,280,2025-10-17T21:54:01.842947
141,6,20,40,0.3679,612.2966,167.2903,{},76.5371,0.3594,6.1675,[],[],0.3445,0.4222,0.2333,0.0000,0.0000,282,2025-10-17T21:54:01.864853
142,6,21,40,0.3692,620.3567,168.2907,{},77.5446,0.3597,6.1898,[],[],0.3478,0.4224,0.2298,0.0000,0.0000,284,2025-10-17T21:54:01.887061
143,6,22,40,0.3703,620.2274,169.7433,{},77.5284,0.3626,6.2177,[],[],0.3359,0.4341,0.2299,0.0000,0.0000,286,2025-10-17T21:54:01.909653
144,6,23,40,0.3713,608.9014,168.0497,{},76.1127,0.3617,6.1640,[],[],0.3298,0.4386,0.2316,0.0000,0.0000,288,2025-10-17T21:54:01.931170
145,7,0,40,0.3722,595.2995,166.7070,{},74.4124,0.3645,6.1697,[],[],0.3212,0.4420,0.2368,0.0000,0.0000,290,2025-10-17T21:54:01.952246
146,7,1,40,0.3742,588.8731,165.0881,{},73.6091,0.3686,6.1164,[],[],0.3221,0.4392,0.2386,0.0000,0.0000,292,2025-10-17T21:54:01.972832
147,7,2,40,0.3773,594.5432,165.7244,{},74.3179,0.3693,6.1496,[],[],0.3266,0.4365,0.2369,0.0000,0.0000,294,2025-10-17T21:54:01.993323
148,7,3,40,0.3800,598.9943,166.5694,{},74.8743,0.3701,6.1769,[],[],0.3319,0.4324,0.2358,0.0000,0.0000,296,2025-10-17T21:54:02.015263
149,7,4,40,0.3824,587.5562,164.2037,{},73.4445,0.3711,6.1012,[],[],0.3260,0.4344,0.2396,0.0000,0.0000,298,2025-10-17T21:54:02.037366
150,7,5,40,0.3844,581.1168,161.8146,{},72.6396,0.3721,5.9971,[],[],0.3265,0.4367,0.2368,0.0000,0.0000,300,2025-10-17T21:54:02.059879
151,7,6,40,0.3862,573.2787,160.7439,{},71.6598,0.3769,6.0074,[],[],0.3219,0.4361,0.2420,0.0000,0.0000,302,2025-10-17T21:54:02.080601
152,7,7,40,0.3877,570.2818,160.5074,{},71.2852,0.3777,6.0170,[],[],0.3203,0.4377,0.2420,0.0000,0.0000,304,2025-10-17T21:54:02.101509
153,7,8,40,0.3890,561.1151,159.6739,{},70.1394,0.3757,6.0101,[],[],0.3156,0.4385,0.2459,0.0000,0.0000,306,2025-10-17T21:54:02.124116
154,7,9,40,0.3902,551.9250,159.1906,{},68.9906,0.3736,6.0265,[],[],0.3078,0.4401,0.2521,0.0000,0.0000,308,2025-10-17T21:54:02.144773
155,7,10,40,0.3912,544.1034,157.3406,{},68.0129,0.3725,5.9881,[],[],0.3108,0.4334,0.2558,0.0000,0.0000,310,2025-10-17T21:54:02.167507
156,7,11,40,0.3921,542.8343,158.0390,{},67.8543,0.3700,6.0274,[],[],0.3020,0.4405,0.2576,0.0000,0.0000,312,2025-10-17T21:54:02.189492
157,7,12,40,0.3930,535.7286,156.9377,{},66.9661,0.3647,6.0199,[],[],0.3022,0.4372,0.2606,0.0000,0.0000,314,2025-10-17T21:54:02.210157
158,7,13,40,0.3950,536.4749,156.0230,{},67.0594,0.3731,6.0152,[],[],0.3125,0.4260,0.2615,0.0000,0.0000,316,2025-10-17T21:54:02.232902
159,7,14,40,0.3981,539.1816,155.8446,{},67.3977,0.3745,6.0105,[],[],0.3209,0.4178,0.2614,0.0000,0.0000,318,2025-10-17T21:54:02.253667
160,7,15,40,0.4010,546.0981,157.7814,{},68.2623,0.3788,6.0864,[],[],0.3219,0.4172,0.2609,0.0000,0.0000,320,2025-10-17T21:54:02.275677
161,7,16,40,0.4035,549.1240,157.4798,{},68.6405,0.3768,6.0800,[],[],0.3313,0.4092,0.2595,0.0000,0.0000,322,2025-10-17T21:54:02.298128
162,7,17,40,0.4056,545.4868,158.6286,{},68.1859,0.3734,6.1783,[],[],0.3195,0.4157,0.2648,0.0000,0.0000,324,2025-10-17T21:54:02.320975
163,7,18,40,0.4075,539.6240,157.6014,{},67.4530,0.3748,6.1755,[],[],0.3216,0.4104,0.2680,0.0000,0.0000,326,2025-10-17T21:54:02.343129
164,7,19,40,0.4091,528.2820,156.7513,{},66.0352,0.3726,6.1848,[],[],0.3138,0.4139,0.2723,0.0000,0.0000,328,2025-10-17T21:54:02.365792
165,7,20,40,0.4105,530.2346,156.8845,{},66.2793,0.3741,6.1771,[],[],0.3165,0.4130,0.2706,0.0000,0.0000,330,2025-10-17T21:54:02.386618
166,7,21,40,0.4118,520.9047,154.8279,{},65.1131,0.3736,6.0949,[],[],0.3168,0.4101,0.2731,0.0000,0.0000,332,2025-10-17T21:54:02.409010
167,7,22,40,0.4129,526.6570,155.1856,{},65.8321,0.3757,6.0817,[],[],0.3250,0.4053,0.2697,0.0000,0.0000,334,2025-10-17T21:54:02.429639
168,7,23,40,0.4139,520.9039,153.8472,{},65.1130,0.3724,6.0321,[],[],0.3271,0.4002,0.2727,0.0000,0.0000,336,2025-10-17T21:54:02.450283
169,8,0,40,0.4147,498.7897,152.2260,{},62.3487,0.3728,6.0201,[],[],0.3035,0.4142,0.2823,0.0000,0.0000,338,2025-10-17T21:54:02.473754
170,8,1,40,0.4169,494.0313,150.6558,{},61.7539,0.3778,5.9610,[],[],0.3045,0.4094,0.2861,0.0000,0.0000,340,2025-10-17T21:54:02.494391
171,8,2,40,0.4204,498.3162,151.1242,{},62.2895,0.3807,5.9690,[],[],0.3074,0.4073,0.2853,0.0000,0.0000,342,2025-10-17T21:54:02.514794
172,8,3,40,0.4236,512.3031,153.7316,{},64.0379,0.3826,6.0583,[],[],0.3130,0.4074,0.2796,0.0000,0.0000,344,2025-10-17T21:54:02.536692
173,8,4,40,0.4263,519.0063,154.4930,{},64.8758,0.3855,6.0899,[],[],0.3189,0.4054,0.2757,0.0000,0.0000,346,2025-10-17T21:54:02.558644
174,8,5,40,0.4287,520.7380,155.8584,{},65.0922,0.3861,6.1319,[],[],0.3135,0.4083,0.2781,0.0000,0.0000,348,2025-10-17T21:54:02.579697
175,8,6,40,0.4307,525.3681,156.2603,{},65.6710,0.3816,6.1402,[],[],0.3220,0.4023,0.2757,0.0000,0.0000,350,2025-10-17T21:54:02.599686
176,8,7,40,0.4325,524.4837,156.0590,{},65.5605,0.3832,6.0972,[],[],0.3157,0.4113,0.2730,0.0000,0.0000,352,2025-10-17T21:54:02.619443
177,8,8,40,0.4340,538.2489,157.4180,{},67.2811,0.3836,6.1077,[],[],0.3269,0.4067,0.2664,0.0000,0.0000,354,2025-10-17T21:54:02.639421
178,8,9,40,0.4354,543.0396,158.3335,{},67.8800,0.3790,6.1264,[],[],0.3310,0.4058,0.2632,0.0000,0.0000,356,2025-10-17T21:54:02.659270
179,8,10,40,0.4365,539.0529,158.2442,{},67.3816,0.3783,6.1630,[],[],0.3267,0.4063,0.2670,0.0000,0.0000,358,2025-10-17T21:54:02.679775
180,8,11,40,0.4376,535.0251,158.6404,{},66.8781,0.3805,6.1944,[],[],0.3224,0.4068,0.2708,0.0000,0.0000,360,2025-10-17T21:54:02.700266
181,8,12,40,0.4384,523.7094,156.9861,{},65.4637,0.3799,6.1641,[],[],0.3146,0.4091,0.2763,0.0000,0.0000,362,2025-10-17T21:54:02.720815
182,8,13,40,0.4407,518.3941,156.1786,{},64.7993,0.3792,6.1327,[],[],0.3069,0.4136,0.2795,0.0000,0.0000,364,2025-10-17T21:54:02.742866
183,8,14,40,0.4442,510.5887,156.0803,{},63.8236,0.3788,6.1522,[],[],0.2971,0.4172,0.2856,0.0000,0.0000,366,2025-10-17T21:54:02.764706
184,8,15,40,0.4473,510.4767,156.5125,{},63.8096,0.3786,6.1632,[],[],0.2892,0.4256,0.2852,0.0000,0.0000,368,2025-10-17T21:54:02.785152
185,8,16,40,0.4500,503.1208,156.5793,{},62.8901,0.3752,6.1878,[],[],0.2755,0.4332,0.2913,0.0000,0.0000,370,2025-10-17T21:54:02.807833
186,8,17,40,0.4524,511.7031,156.8115,{},63.9629,0.3775,6.1619,[],[],0.2920,0.4253,0.2827,0.0000,0.0000,372,2025-10-17T21:54:02.828315
187,8,18,40,0.4544,517.0093,156.0611,{},64.6262,0.3856,6.1008,[],[],0.2994,0.4227,0.2779,0.0000,0.0000,374,2025-10-17T21:54:02.850137
188,8,19,40,0.4562,516.9662,156.7862,{},64.6208,0.3859,6.1332,[],[],0.2907,0.4289,0.2804,0.0000,0.0000,376,2025-10-17T21:54:02.872849
189,8,20,40,0.4577,525.9071,158.8640,{},65.7384,0.3842,6.1930,[],[],0.2905,0.4334,0.2761,0.0000,0.0000,378,2025-10-17T21:54:02.893639
190,8,21,40,0.4590,526.0346,159.7893,{},65.7543,0.3847,6.2156,[],[],0.2827,0.4393,0.2780,0.0000,0.0000,380,2025-10-17T21:54:02.914172
191,8,22,40,0.4602,536.3235,161.4845,{},67.0404,0.3837,6.2545,[],[],0.2865,0.4425,0.2711,0.0000,0.0000,382,2025-10-17T21:54:02.935866
192,8,23,40,0.4612,532.1337,161.6590,{},66.5167,0.3841,6.2708,[],[],0.2811,0.4438,0.2751,0.0000,0.0000,384,2025-10-17T21:54:02.958331
193,9,0,40,0.4620,532.4153,161.6079,{},66.5519,0.3817,6.2706,[],[],0.2826,0.4418,0.2756,0.0000,0.0000,386,2025-10-17T21:54:02.979386
194,9,1,40,0.4641,538.4230,162.2148,{},67.3029,0.3804,6.2792,[],[],0.2861,0.4402,0.2738,0.0000,0.0000,388,2025-10-17T21:54:03.000956
195,9,2,40,0.4674,532.8787,161.3776,{},66.6098,0.3787,6.2541,[],[],0.2820,0.4416,0.2764,0.0000,0.0000,390,2025-10-17T21:54:03.021478
196,9,3,40,0.4703,522.7054,160.0474,{},65.3382,0.3771,6.2555,[],[],0.2735,0.4447,0.2818,0.0000,0.0000,392,2025-10-17T21:54:03.044681
197,9,4,40,0.4728,503.3164,157.8449,{},62.9146,0.3784,6.2163,[],[],0.2557,0.4516,0.2927,0.0000,0.0000,394,2025-10-17T21:54:03.065931
198,9,5,40,0.4749,499.9642,157.1588,{},62.4955,0.3795,6.2012,[],[],0.2567,0.4497,0.2935,0.0000,0.0000,396,2025-10-17T21:54:03.087342
199,9,6,40,0.4768,499.5983,155.7056,{},62.4498,0.3813,6.1499,[],[],0.2622,0.4451,0.2927,0.0000,0.0000,398,2025-10-17T21:54:03.107775
200,9,7,40,0.4784,493.2778,153.8061,{},61.6597,0.3812,6.0803,[],[],0.2667,0.4395,0.2938,0.0000,0.0000,400,2025-10-17T21:54:03.128285
201,9,8,40,0.4798,497.1929,153.0231,{},62.1491,0.3772,6.0136,[],[],0.2758,0.4341,0.2900,0.0000,0.0000,402,2025-10-17T21:54:03.151290
202,9,9,40,0.4810,492.8109,152.8095,{},61.6014,0.3766,6.0280,[],[],0.2745,0.4314,0.2941,0.0000,0.0000,404,2025-10-17T21:54:03.173293
203,9,10,40,0.4820,504.7769,153.2422,{},63.0971,0.3773,6.0342,[],[],0.2919,0.4209,0.2872,0.0000,0.0000,406,2025-10-17T21:54:03.193605
204,9,11,40,0.4829,507.7853,153.4534,{},63.4732,0.3776,6.0027,[],[],0.2883,0.4298,0.2818,0.0000,0.0000,408,2025-10-17T21:54:03.213752
205,9,12,40,0.4837,499.0566,151.9490,{},62.3821,0.3783,5.9774,[],[],0.2856,0.4279,0.2865,0.0000,0.0000,410,2025-10-17T21:54:03.234616
206,9,13,40,0.4858,505.3498,152.6118,{},63.1687,0.3802,6.0100,[],[],0.2940,0.4222,0.2838,0.0000,0.0000,412,2025-10-17T21:54:03.254864
207,9,14,40,0.4890,503.1209,152.9109,{},62.8901,0.3782,6.0016,[],[],0.2854,0.4307,0.2839,0.0000,0.0000,414,2025-10-17T21:54:03.275437
208,9,15,40,0.4918,509.3198,152.5408,{},63.6650,0.3818,5.9714,[],[],0.2920,0.4295,0.2785,0.0000,0.0000,416,2025-10-17T21:54:03.296772
209,9,16,40,0.4943,501.1841,152.5693,{},62.6480,0.3831,6.0140,[],[],0.2819,0.4369,0.2812,0.0000,0.0000,418,2025-10-17T21:54:03.318943
210,9,17,40,0.4965,502.8100,152.5639,{},62.8513,0.3795,5.9886,[],[],0.2809,0.4403,0.2788,0.0000,0.0000,420,2025-10-17T21:54:03.341457
211,9,18,40,0.4983,500.8982,151.5547,{},62.6123,0.3781,5.9440,[],[],0.2801,0.4421,0.2778,0.0000,0.0000,422,2025-10-17T21:54:03.362072
212,9,19,40,0.4999,502.5252,152.7472,{},62.8157,0.3783,6.0259,[],[],0.2832,0.4377,0.2791,0.0000,0.0000,424,2025-10-17T21:54:03.384271
213,9,20,40,0.5013,490.2964,151.4590,{},61.2871,0.3776,5.9946,[],[],0.2738,0.4426,0.2836,0.0000,0.0000,426,2025-10-17T21:54:03.406818
214,9,21,40,0.5025,499.6694,152.2035,{},62.4587,0.3785,6.0114,[],[],0.2848,0.4378,0.2774,0.0000,0.0000,428,2025-10-17T21:54:03.427360
215,9,22,40,0.5035,494.4146,151.0154,{},61.8018,0.3826,5.9684,[],[],0.2838,0.4385,0.2777,0.0000,0.0000,430,2025-10-17T21:54:03.449294
216,9,23,40,0.5045,492.3294,149.4389,{},61.5412,0.3846,5.8996,[],[],0.2914,0.4333,0.2754,0.0000,0.0000,432,2025-10-17T21:54:03.473093
217,10,0,40,0.5054,497.7724,151.3646,{},62.2215,0.3818,5.9856,[],[],0.2963,0.4282,0.2755,0.0000,0.0000,434,2025-10-17T21:54:03.495207
218,10,1,40,0.5081,516.5760,153.1338,{},64.5720,0.3845,5.9868,[],[],0.3094,0.4260,0.2646,0.0000,0.0000,436,2025-10-17T21:54:03.515340
219,10,2,40,0.5127,522.5502,155.0294,{},65.3188,0.3847,6.0719,[],[],0.3134,0.4199,0.2667,0.0000,0.0000,438,2025-10-17T21:54:03.536056
220,10,3,40,0.5168,529.9927,155.0211,{},66.2491,0.3799,6.0153,[],[],0.3240,0.4148,0.2611,0.0000,0.0000,440,2025-10-17T21:54:03.556752
221,10,4,40,0.5203,542.3860,157.5152,{},67.7982,0.3800,6.1181,[],[],0.3313,0.4096,0.2590,0.0000,0.0000,442,2025-10-17T21:54:03.578780
222,10,5,40,0.5234,551.1014,158.2133,{},68.8877,0.3836,6.1294,[],[],0.3397,0.4043,0.2560,0.0000,0.0000,444,2025-10-17T21:54:03.599524
223,10,6,40,0.5261,557.5715,159.3626,{},69.6964,0.3833,6.1407,[],[],0.3398,0.4064,0.2538,0.0000,0.0000,446,2025-10-17T21:54:03.620144
224,10,7,40,0.5285,552.6923,162.4950,{},69.0865,0.3807,6.3188,[],[],0.3193,0.4208,0.2598,0.0000,0.0000,448,2025-10-17T21:54:03.640810
225,10,8,40,0.5305,548.7856,160.9857,{},68.5982,0.3792,6.2490,[],[],0.3210,0.4215,0.2574,0.0000,0.0000,450,2025-10-17T21:54:03.660840
226,10,9,40,0.5323,558.0031,162.0502,{},69.7504,0.3784,6.2567,[],[],0.3234,0.4236,0.2530,0.0000,0.0000,452,2025-10-17T21:54:03.681386
227,10,10,40,0.5338,549.6603,160.5819,{},68.7075,0.3766,6.2194,[],[],0.3209,0.4220,0.2570,0.0000,0.0000,454,2025-10-17T21:54:03.703612
228,10,11,40,0.5352,553.3608,159.7499,{},69.1701,0.3735,6.1750,[],[],0.3281,0.4185,0.2534,0.0000,0.0000,456,2025-10-17T21:54:03.725351
229,10,12,40,0.5364,563.9066,161.5603,{},70.4883,0.3754,6.2727,[],[],0.3387,0.4092,0.2521,0.0000,0.0000,458,2025-10-17T21:54:03.746016
230,10,13,40,0.5393,572.1007,162.8108,{},71.5126,0.3771,6.3068,[],[],0.3413,0.4098,0.2489,0.0000,0.0000,460,2025-10-17T21:54:03.766409
231,10,14,40,0.5439,580.7622,164.4494,{},72.5953,0.3800,6.3689,[],[],0.3436,0.4071,0.2493,0.0000,0.0000,462,2025-10-17T21:54:03.786494
232,10,15,40,0.5480,580.4229,163.3486,{},72.5529,0.3779,6.2649,[],[],0.3403,0.4134,0.2463,0.0000,0.0000,464,2025-10-17T21:54:03.806235
233,10,16,40,0.5515,570.1379,162.6514,{},71.2672,0.3767,6.2832,[],[],0.3348,0.4138,0.2514,0.0000,0.0000,466,2025-10-17T21:54:03.827224
234,10,17,40,0.5546,570.0963,162.0180,{},71.2620,0.3817,6.2733,[],[],0.3398,0.4082,0.2520,0.0000,0.0000,468,2025-10-17T21:54:03.847723
235,10,18,40,0.5572,579.9814,161.9992,{},72.4977,0.3833,6.2354,[],[],0.3518,0.4010,0.2472,0.0000,0.0000,470,2025-10-17T21:54:03.867733
236,10,19,40,0.5595,592.5939,164.7173,{},74.0742,0.3781,6.3048,[],[],0.3573,0.3995,0.2432,0.0000,0.0000,472,2025-10-17T21:54:03.888238
237,10,20,40,0.5615,590.6487,165.0854,{},73.8311,0.3777,6.3017,[],[],0.3507,0.4044,0.2448,0.0000,0.0000,474,2025-10-17T21:54:03.908400
238,10,21,40,0.5633,592.0796,165.8059,{},74.0100,0.3760,6.3408,[],[],0.3508,0.4055,0.2437,0.0000,0.0000,476,2025-10-17T21:54:03.929097
239,10,22,40,0.5648,596.3891,167.4166,{},74.5486,0.3749,6.4561,[],[],0.3569,0.3975,0.2456,0.0000,0.0000,478,2025-10-17T21:54:03.951251
240,10,23,40,0.5661,596.8271,168.9718,{},74.6034,0.3792,6.5463,[],[],0.3543,0.3978,0.2479,0.0000,0.0000,480,2025-10-17T21:54:03.973467
241,11,0,40,0.5673,597.3445,169.5719,{},74.6681,0.3806,6.5322,[],[],0.3463,0.4062,0.2476,0.0000,0.0000,482,2025-10-17T21:54:03.996241
242,11,1,40,0.5696,591.3391,166.7598,{},73.9174,0.3789,6.4206,[],[],0.3522,0.3997,0.2481,0.0000,0.0000,484,2025-10-17T21:54:04.017060
243,11,2,40,0.5729,585.6601,165.5818,{},73.2075,0.3797,6.3779,[],[],0.3477,0.4041,0.2482,0.0000,0.0000,486,2025-10-17T21:54:04.038930
244,11,3,40,0.5758,575.6607,163.9530,{},71.9576,0.3786,6.2754,[],[],0.3383,0.4123,0.2494,0.0000,0.0000,488,2025-10-17T21:54:04.059540
245,11,4,40,0.5784,561.6638,163.7920,{},70.2080,0.3782,6.3304,[],[],0.3214,0.4213,0.2573,0.0000,0.0000,490,2025-10-17T21:54:04.081337
246,11,5,40,0.5806,553.0997,162.1637,{},69.1375,0.3791,6.2375,[],[],0.3136,0.4261,0.2603,0.0000,0.0000,492,2025-10-17T21:54:04.103080
247,11,6,40,0.5825,557.9027,161.1543,{},69.7378,0.3752,6.1416,[],[],0.3227,0.4230,0.2543,0.0000,0.0000,494,2025-10-17T21:54:04.125004
248,11,7,40,0.5842,566.5571,162.2337,{},70.8196,0.3738,6.1713,[],[],0.3281,0.4224,0.2495,0.0000,0.0000,496,2025-10-17T21:54:04.147491
249,11,8,40,0.5857,549.0395,159.6552,{},68.6299,0.3764,6.0931,[],[],0.3174,0.4289,0.2538,0.0000,0.0000,498,2025-10-17T21:54:04.167961
250,11,9,40,0.5869,554.4347,160.1515,{},69.3043,0.3784,6.0716,[],[],0.3169,0.4328,0.2503,0.0000,0.0000,500,2025-10-17T21:54:04.190065
251,11,10,40,0.5880,547.2014,159.5897,{},68.4002,0.3766,6.0711,[],[],0.3116,0.4349,0.2534,0.0000,0.0000,502,2025-10-17T21:54:04.216913
252,11,11,40,0.5890,555.0259,159.6568,{},69.3782,0.3776,6.0704,[],[],0.3224,0.4254,0.2522,0.0000,0.0000,504,2025-10-17T21:54:04.237491
253,11,12,40,0.5898,545.0135,159.6242,{},68.1267,0.3763,6.0834,[],[],0.3050,0.4386,0.2564,0.0000,0.0000,506,2025-10-17T21:54:04.259290
254,11,13,40,0.5920,544.9894,158.5451,{},68.1237,0.3725,6.0275,[],[],0.3084,0.4363,0.2553,0.0000,0.0000,508,2025-10-17T21:54:04.281227
255,11,14,40,0.5954,552.5567,159.4213,{},69.0696,0.3688,6.0407,[],[],0.3107,0.4385,0.2508,0.0000,0.0000,510,2025-10-17T21:54:04.301708
256,11,15,40,0.5984,554.3635,159.3671,{},69.2954,0.3716,6.0066,[],[],0.3123,0.4383,0.2493,0.0000,0.0000,512,2025-10-17T21:54:04.324374
257,11,16,40,0.6010,560.5628,160.9014,{},70.0704,0.3742,6.0746,[],[],0.3167,0.4327,0.2506,0.0000,0.0000,514,2025-10-17T21:54:04.346348
258,11,17,40,0.6033,563.4972,161.4984,{},70.4371,0.3750,6.1278,[],[],0.3183,0.4307,0.2510,0.0000,0.0000,516,2025-10-17T21:54:04.369257
259,11,18,40,0.6052,556.7208,161.6270,{},69.5901,0.3801,6.1506,[],[],0.3082,0.4373,0.2544,0.0000,0.0000,518,2025-10-17T21:54:04.389934
260,11,19,40,0.6069,540.8576,159.6349,{},67.6072,0.3787,6.1039,[],[],0.2942,0.4444,0.2614,0.0000,0.0000,520,2025-10-17T21:54:04.410338
261,11,20,40,0.6084,549.1426,159.8543,{},68.6428,0.3801,6.0962,[],[],0.3097,0.4333,0.2570,0.0000,0.0000,522,2025-10-17T21:54:04.430769
262,11,21,40,0.6097,549.3787,160.1226,{},68.6723,0.3755,6.0958,[],[],0.3096,0.4326,0.2578,0.0000,0.0000,524,2025-10-17T21:54:04.451152
263,11,22,40,0.6108,527.4275,158.1834,{},65.9284,0.3752,6.1091,[],[],0.2904,0.4395,0.2700,0.0000,0.0000,526,2025-10-17T21:54:04.471593
264,11,23,40,0.6118,533.4418,156.5144,{},66.6802,0.3768,5.9839,[],[],0.3078,0.4297,0.2625,0.0000,0.0000,528,2025-10-17T21:54:04.494500
265,12,0,40,0.6126,541.4964,155.9939,{},67.6870,0.3774,5.9043,[],[],0.3146,0.4296,0.2558,0.0000,0.0000,530,2025-10-17T21:54:04.516268
266,12,1,40,0.6148,536.1579,155.2520,{},67.0197,0.3778,5.9080,[],[],0.3152,0.4250,0.2598,0.0000,0.0000,532,2025-10-17T21:54:04.536669
267,12,2,40,0.6182,533.5721,155.8798,{},66.6965,0.3764,5.9181,[],[],0.3068,0.4310,0.2622,0.0000,0.0000,534,2025-10-17T21:54:04.557124
268,12,3,40,0.6213,528.9011,155.9619,{},66.1126,0.3752,5.9269,[],[],0.2934,0.4411,0.2655,0.0000,0.0000,536,2025-10-17T21:54:04.577568
269,12,4,40,0.6240,542.8448,157.9280,{},67.8556,0.3770,5.9844,[],[],0.3048,0.4345,0.2608,0.0000,0.0000,538,2025-10-17T21:54:04.599405
270,12,5,40,0.6263,553.1010,159.2787,{},69.1376,0.3798,5.9992,[],[],0.3133,0.4299,0.2568,0.0000,0.0000,540,2025-10-17T21:54:04.620079
271,12,6,40,0.6283,554.5848,159.4384,{},69.3231,0.3765,5.9954,[],[],0.3089,0.4338,0.2573,0.0000,0.0000,542,2025-10-17T21:54:04.641833
272,12,7,40,0.6300,546.6466,159.4838,{},68.3308,0.3760,6.0229,[],[],0.2981,0.4411,0.2608,0.0000,0.0000,544,2025-10-17T21:54:04.662319
273,12,8,40,0.6315,539.0587,158.2213,{},67.3823,0.3778,5.9983,[],[],0.2953,0.4401,0.2646,0.0000,0.0000,546,2025-10-17T21:54:04.682782
274,12,9,40,0.6329,542.4539,158.6113,{},67.8067,0.3811,6.0058,[],[],0.2962,0.4402,0.2636,0.0000,0.0000,548,2025-10-17T21:54:04.703310
275,12,10,40,0.6341,539.9133,159.8297,{},67.4892,0.3757,6.0881,[],[],0.2894,0.4427,0.2679,0.0000,0.0000,550,2025-10-17T21:54:04.725155
276,12,11,40,0.6352,544.0658,160.0287,{},68.0082,0.3726,6.1248,[],[],0.2961,0.4349,0.2690,0.0000,0.0000,552,2025-10-17T21:54:04.745815
277,12,12,40,0.6362,539.1515,156.2900,{},67.3939,0.3726,5.9787,[],[],0.3085,0.4243,0.2672,0.0000,0.0000,554,2025-10-17T21:54:04.766240
278,12,13,40,0.6385,540.1200,156.7019,{},67.5150,0.3738,5.9873,[],[],0.3087,0.4237,0.2677,0.0000,0.0000,556,2025-10-17T21:54:04.786780
279,12,14,40,0.6421,542.7823,155.3252,{},67.8478,0.3721,5.8775,[],[],0.3172,0.4198,0.2630,0.0000,0.0000,558,2025-10-17T21:54:04.809281
280,12,15,40,0.6453,547.6281,155.2117,{},68.4535,0.3711,5.8558,[],[],0.3273,0.4127,0.2600,0.0000,0.0000,560,2025-10-17T21:54:04.829704
281,12,16,40,0.6481,541.5244,155.2639,{},67.6905,0.3704,5.8796,[],[],0.3176,0.4161,0.2663,0.0000,0.0000,562,2025-10-17T21:54:04.851780
282,12,17,40,0.6506,539.3690,156.3487,{},67.4211,0.3766,5.9105,[],[],0.3063,0.4252,0.2685,0.0000,0.0000,564,2025-10-17T21:54:04.873779
283,12,18,40,0.6528,531.7889,156.7046,{},66.4736,0.3710,5.9521,[],[],0.2938,0.4315,0.2747,0.0000,0.0000,566,2025-10-17T21:54:04.895296
284,12,19,40,0.6547,540.5798,157.0788,{},67.5725,0.3771,5.9756,[],[],0.3072,0.4208,0.2720,0.0000,0.0000,568,2025-10-17T21:54:04.917278
285,12,20,40,0.6563,532.9467,156.0112,{},66.6183,0.3759,5.9318,[],[],0.2980,0.4275,0.2745,0.0000,0.0000,570,2025-10-17T21:54:04.939181
286,12,21,40,0.6577,535.6577,155.9140,{},66.9572,0.3776,5.9041,[],[],0.3055,0.4212,0.2733,0.0000,0.0000,572,2025-10-17T21:54:04.962562
287,12,22,40,0.6590,540.4993,156.4390,{},67.5624,0.3762,5.9352,[],[],0.3121,0.4176,0.2704,0.0000,0.0000,574,2025-10-17T21:54:04.982853
288,12,23,40,0.6601,526.2442,155.2912,{},65.7805,0.3732,5.9788,[],[],0.2988,0.4225,0.2787,0.0000,0.0000,576,2025-10-17T21:54:05.003243
289,13,0,40,0.6611,534.3574,156.6616,{},66.7947,0.3766,6.0301,[],[],0.3078,0.4169,0.2753,0.0000,0.0000,578,2025-10-17T21:54:05.025407
290,13,1,40,0.6635,542.8574,157.2464,{},67.8572,0.3757,6.0364,[],[],0.3194,0.4099,0.2708,0.0000,0.0000,580,2025-10-17T21:54:05.045946
291,13,2,40,0.6673,533.3733,155.6532,{},66.6717,0.3749,6.0375,[],[],0.3183,0.4043,0.2774,0.0000,0.0000,582,2025-10-17T21:54:05.066433
292,13,3,40,0.6707,527.8935,154.4843,{},65.9867,0.3710,5.9833,[],[],0.3148,0.4053,0.2799,0.0000,0.0000,584,2025-10-17T21:54:05.088212
293,13,4,40,0.6737,527.3227,155.7919,{},65.9153,0.3733,6.0373,[],[],0.3074,0.4113,0.2813,0.0000,0.0000,586,2025-10-17T21:54:05.110810
294,13,5,40,0.6762,529.2523,154.7314,{},66.1565,0.3796,5.9787,[],[],0.3218,0.3990,0.2792,0.0000,0.0000,588,2025-10-17T21:54:05.132482
295,13,6,40,0.6785,532.1286,154.7563,{},66.5161,0.3792,5.9804,[],[],0.3273,0.3955,0.2773,0.0000,0.0000,590,2025-10-17T21:54:05.154334
296,13,7,40,0.6804,531.6887,154.4946,{},66.4611,0.3795,5.9632,[],[],0.3298,0.3948,0.2753,0.0000,0.0000,592,2025-10-17T21:54:05.174913
297,13,8,40,0.6821,537.6358,155.3030,{},67.2045,0.3826,5.9623,[],[],0.3321,0.3977,0.2702,0.0000,0.0000,594,2025-10-17T21:54:05.195310
298,13,9,40,0.6835,514.3574,152.7298,{},64.2947,0.3822,5.8929,[],[],0.3068,0.4103,0.2829,0.0000,0.0000,596,2025-10-17T21:54:05.215640
299,13,10,40,0.6848,506.4571,150.9735,{},63.3071,0.3839,5.8460,[],[],0.3054,0.4091,0.2855,0.0000,0.0000,598,2025-10-17T21:54:05.236703
300,13,11,40,0.6859,511.7888,152.6557,{},63.9736,0.3837,5.9062,[],[],0.3013,0.4153,0.2835,0.0000,0.0000,600,2025-10-17T21:54:05.258376
301,13,12,40,0.6869,521.1131,152.7218,{},65.1391,0.3843,5.8870,[],[],0.3125,0.4109,0.2766,0.0000,0.0000,602,2025-10-17T21:54:05.278816
302,13,13,40,0.6894,523.0734,151.2294,{},65.3842,0.3805,5.8087,[],[],0.3233,0.4042,0.2725,0.0000,0.0000,604,2025-10-17T21:54:05.300473
303,13,14,40,0.6932,523.8978,150.2021,{},65.4872,0.3813,5.7557,[],[],0.3306,0.3985,0.2709,0.0000,0.0000,606,2025-10-17T21:54:05.322515
304,13,15,40,0.6967,521.8707,151.0283,{},65.2338,0.3837,5.7871,[],[],0.3225,0.4036,0.2739,0.0000,0.0000,608,2025-10-17T21:54:05.344150
305,13,16,40,0.6997,521.0728,152.2447,{},65.1341,0.3868,5.8515,[],[],0.3133,0.4120,0.2747,0.0000,0.0000,610,2025-10-17T21:54:05.364855
306,13,17,40,0.7022,521.0286,152.3561,{},65.1286,0.3870,5.8376,[],[],0.3091,0.4157,0.2752,0.0000,0.0000,612,2025-10-17T21:54:05.384818
307,13,18,40,0.7045,528.8108,155.4808,{},66.1014,0.3827,5.9753,[],[],0.3046,0.4196,0.2759,0.0000,0.0000,614,2025-10-17T21:54:05.405331
308,13,19,40,0.7064,529.2303,155.4582,{},66.1538,0.3784,5.9881,[],[],0.3080,0.4159,0.2762,0.0000,0.0000,616,2025-10-17T21:54:05.427353
309,13,20,40,0.7081,523.6915,154.6488,{},65.4614,0.3758,5.9863,[],[],0.3103,0.4115,0.2782,0.0000,0.0000,618,2025-10-17T21:54:05.449692
310,13,21,40,0.7096,517.5459,152.9482,{},64.6932,0.3718,5.8981,[],[],0.3093,0.4096,0.2810,0.0000,0.0000,620,2025-10-17T21:54:05.470347
311,13,22,40,0.7109,516.4388,151.8088,{},64.5549,0.3780,5.8600,[],[],0.3137,0.4056,0.2806,0.0000,0.0000,622,2025-10-17T21:54:05.492190
312,13,23,40,0.7120,513.5149,151.2014,{},64.1894,0.3811,5.8373,[],[],0.3151,0.4032,0.2817,0.0000,0.0000,624,2025-10-17T21:54:05.513846
313,14,0,40,0.7130,513.5768,152.2080,{},64.1971,0.3823,5.8639,[],[],0.3056,0.4114,0.2830,0.0000,0.0000,626,2025-10-17T21:54:05.534888
314,14,1,40,0.7153,519.2521,152.2278,{},64.9065,0.3860,5.8692,[],[],0.3167,0.4074,0.2760,0.0000,0.0000,628,2025-10-17T21:54:05.555549
315,14,2,40,0.7189,525.7704,151.6497,{},65.7213,0.3838,5.8349,[],[],0.3339,0.3931,0.2730,0.0000,0.0000,630,2025-10-17T21:54:05.576027
316,14,3,40,0.7221,512.3746,149.7667,{},64.0468,0.3835,5.8197,[],[],0.3255,0.3988,0.2757,0.0000,0.0000,632,2025-10-17T21:54:05.596591
317,14,4,40,0.7249,508.2058,150.3032,{},63.5257,0.3824,5.8497,[],[],0.3178,0.4000,0.2822,0.0000,0.0000,634,2025-10-17T21:54:05.618863
318,14,5,40,0.7273,507.5258,150.8487,{},63.4407,0.3865,5.9090,[],[],0.3175,0.3979,0.2846,0.0000,0.0000,636,2025-10-17T21:54:05.639242
319,14,6,40,0.7294,508.9940,151.4172,{},63.6242,0.3870,5.9215,[],[],0.3195,0.3945,0.2859,0.0000,0.0000,638,2025-10-17T21:54:05.659758
320,14,7,40,0.7312,512.2111,152.0347,{},64.0264,0.3860,5.9689,[],[],0.3247,0.3915,0.2838,0.0000,0.0000,640,2025-10-17T21:54:05.680163
321,14,8,40,0.7327,516.0534,152.8911,{},64.5067,0.3830,5.9875,[],[],0.3240,0.3922,0.2838,0.0000,0.0000,642,2025-10-17T21:54:05.701061
322,14,9,40,0.7341,522.8413,154.1235,{},65.3552,0.3833,6.0297,[],[],0.3304,0.3868,0.2828,0.0000,0.0000,644,2025-10-17T21:54:05.725654
323,14,10,40,0.7353,534.1631,155.4523,{},66.7704,0.3832,6.0560,[],[],0.3390,0.3861,0.2749,0.0000,0.0000,646,2025-10-17T21:54:05.747340
324,14,11,40,0.7364,526.2020,155.3676,{},65.7752,0.3829,6.0957,[],[],0.3317,0.3887,0.2796,0.0000,0.0000,648,2025-10-17T21:54:05.767350
325,14,12,40,0.7373,525.7560,156.4105,{},65.7195,0.3807,6.1613,[],[],0.3237,0.3960,0.2803,0.0000,0.0000,650,2025-10-17T21:54:05.787368
326,14,13,40,0.7396,529.5803,157.2523,{},66.1975,0.3843,6.2122,[],[],0.3278,0.3920,0.2802,0.0000,0.0000,652,2025-10-17T21:54:05.807110
327,14,14,40,0.7432,538.8014,158.7469,{},67.3502,0.3829,6.2535,[],[],0.3359,0.3883,0.2758,0.0000,0.0000,654,2025-10-17T21:54:05.826657
328,14,15,40,0.7464,555.9427,161.8688,{},69.4928,0.3825,6.3378,[],[],0.3433,0.3856,0.2711,0.0000,0.0000,656,2025-10-17T21:54:05.846180
329,14,16,40,0.7492,565.5303,163.9468,{},70.6913,0.3817,6.4289,[],[],0.3473,0.3839,0.2688,0.0000,0.0000,658,2025-10-17T21:54:05.865839
330,14,17,40,0.7516,559.0680,164.8154,{},69.8835,0.3790,6.5069,[],[],0.3387,0.3870,0.2743,0.0000,0.0000,660,2025-10-17T21:54:05.885907
331,14,18,40,0.7537,561.1364,164.3161,{},70.1421,0.3763,6.4417,[],[],0.3380,0.3905,0.2715,0.0000,0.0000,662,2025-10-17T21:54:05.906520
332,14,19,40,0.7556,564.4738,165.3058,{},70.5592,0.3750,6.4722,[],[],0.3360,0.3929,0.2711,0.0000,0.0000,664,2025-10-17T21:54:05.927135
333,14,20,40,0.7572,566.0371,165.1896,{},70.7546,0.3756,6.4493,[],[],0.3351,0.3930,0.2720,0.0000,0.0000,666,2025-10-17T21:54:05.946734
334,14,21,40,0.7586,573.0107,166.0479,{},71.6263,0.3774,6.4722,[],[],0.3363,0.3926,0.2710,0.0000,0.0000,668,2025-10-17T21:54:05.966809
335,14,22,40,0.7599,583.9458,167.3457,{},72.9932,0.3794,6.4640,[],[],0.3390,0.3940,0.2670,0.0000,0.0000,670,2025-10-17T21:54:05.986483
336,14,23,40,0.7611,584.1922,168.0421,{},73.0240,0.3797,6.4790,[],[],0.3346,0.4002,0.2652,0.0000,0.0000,672,2025-10-17T21:54:06.006070
337,15,0,40,0.7621,588.4607,169.1532,{},73.5576,0.3755,6.5322,[],[],0.3327,0.4017,0.2656,0.0000,0.0000,674,2025-10-17T21:54:06.026669
338,15,1,40,0.7647,586.3313,168.8085,{},73.2914,0.3741,6.4999,[],[],0.3241,0.4107,0.2652,0.0000,0.0000,676,2025-10-17T21:54:06.046354
339,15,2,40,0.7687,580.5837,167.9857,{},72.5730,0.3751,6.4598,[],[],0.3208,0.4136,0.2655,0.0000,0.0000,678,2025-10-17T21:54:06.066730
340,15,3,40,0.7723,577.1132,167.9601,{},72.1391,0.3755,6.4358,[],[],0.3194,0.4131,0.2675,0.0000,0.0000,680,2025-10-17T21:54:06.086513
341,15,4,40,0.7754,557.4832,166.1352,{},69.6854,0.3771,6.3998,[],[],0.3017,0.4219,0.2764,0.0000,0.0000,682,2025-10-17T21:54:06.106347
342,15,5,40,0.7782,561.8648,165.9043,{},70.2331,0.3735,6.3391,[],[],0.3057,0.4240,0.2703,0.0000,0.0000,684,2025-10-17T21:54:06.126909
343,15,6,40,0.7805,554.9844,165.2550,{},69.3730,0.3702,6.3188,[],[],0.2997,0.4286,0.2718,0.0000,0.0000,686,2025-10-17T21:54:06.147066
344,15,7,40,0.7826,549.3364,163.8494,{},68.6670,0.3720,6.2621,[],[],0.2918,0.4360,0.2722,0.0000,0.0000,688,2025-10-17T21:54:06.167606
345,15,8,40,0.7843,553.0178,163.7095,{},69.1272,0.3729,6.2711,[],[],0.3013,0.4257,0.2730,0.0000,0.0000,690,2025-10-17T21:54:06.188150
346,15,9,40,0.7859,559.6218,163.2191,{},69.9527,0.3745,6.2165,[],[],0.3130,0.4183,0.2688,0.0000,0.0000,692,2025-10-17T21:54:06.210389
347,15,10,40,0.7872,556.5349,162.8862,{},69.5669,0.3701,6.2256,[],[],0.3142,0.4152,0.2706,0.0000,0.0000,694,2025-10-17T21:54:06.231307
348,15,11,40,0.7884,557.4823,164.3064,{},69.6853,0.3705,6.2923,[],[],0.3092,0.4174,0.2734,0.0000,0.0000,696,2025-10-17T21:54:06.252029
349,15,12,40,0.7895,557.6877,164.4309,{},69.7110,0.3649,6.3284,[],[],0.3076,0.4193,0.2731,0.0000,0.0000,698,2025-10-17T21:54:06.272663
350,15,13,40,0.7921,557.4083,164.4224,{},69.6760,0.3721,6.3376,[],[],0.3108,0.4163,0.2729,0.0000,0.0000,700,2025-10-17T21:54:06.295385
351,15,14,40,0.7962,553.4965,163.2654,{},69.1871,0.3728,6.3310,[],[],0.3154,0.4102,0.2744,0.0000,0.0000,702,2025-10-17T21:54:06.317264
352,15,15,40,0.7998,557.0593,162.9072,{},69.6324,0.3727,6.3163,[],[],0.3243,0.4026,0.2731,0.0000,0.0000,704,2025-10-17T21:54:06.339531
353,15,16,40,0.8030,549.7050,162.8499,{},68.7131,0.3728,6.3285,[],[],0.3156,0.4074,0.2770,0.0000,0.0000,706,2025-10-17T21:54:06.361564
354,15,17,40,0.8057,547.8935,161.9114,{},68.4867,0.3720,6.2757,[],[],0.3122,0.4103,0.2776,0.0000,0.0000,708,2025-10-17T21:54:06.383610
355,15,18,40,0.8081,537.3038,161.0233,{},67.1630,0.3723,6.2956,[],[],0.3055,0.4088,0.2857,0.0000,0.0000,710,2025-10-17T21:54:06.406250
356,15,19,40,0.8102,529.8684,159.7231,{},66.2336,0.3771,6.2708,[],[],0.2995,0.4138,0.2868,0.0000,0.0000,712,2025-10-17T21:54:06.428236
357,15,20,40,0.8119,536.7149,158.8921,{},67.0894,0.3794,6.2229,[],[],0.3156,0.4039,0.2805,0.0000,0.0000,714,2025-10-17T21:54:06.450907
358,15,21,40,0.8135,532.3342,157.5276,{},66.5418,0.3775,6.1837,[],[],0.3177,0.4006,0.2817,0.0000,0.0000,716,2025-10-17T21:54:06.473008
359,15,22,40,0.8149,536.6165,157.8829,{},67.0771,0.3741,6.1689,[],[],0.3192,0.4035,0.2773,0.0000,0.0000,718,2025-10-17T21:54:06.495488
360,15,23,40,0.8160,535.0784,156.8565,{},66.8848,0.3769,6.1425,[],[],0.3242,0.3999,0.2759,0.0000,0.0000,720,2025-10-17T21:54:06.515986
361,16,0,40,0.8171,530.5948,156.9378,{},66.3244,0.3766,6.1181,[],[],0.3140,0.4092,0.2767,0.0000,0.0000,722,2025-10-17T21:54:06.537694
362,16,1,40,0.8204,532.9006,158.6604,{},66.6126,0.3770,6.1857,[],[],0.3108,0.4107,0.2785,0.0000,0.0000,724,2025-10-17T21:54:06.559257
363,16,2,40,0.8260,533.0022,161.2120,{},66.6253,0.3725,6.3197,[],[],0.2966,0.4214,0.2820,0.0000,0.0000,726,2025-10-17T21:54:06.581377
364,16,3,40,0.8309,544.9612,162.2796,{},68.1202,0.3752,6.3143,[],[],0.3076,0.4159,0.2765,0.0000,0.0000,728,2025-10-17T21:54:06.603420
365,16,4,40,0.8352,547.7852,161.0843,{},68.4731,0.3802,6.2452,[],[],0.3150,0.4129,0.2721,0.0000,0.0000,730,2025-10-17T21:54:06.625370
366,16,5,40,0.8389,546.5012,160.4868,{},68.3126,0.3799,6.2190,[],[],0.3144,0.4159,0.2697,0.0000,0.0000,732,2025-10-17T21:54:06.647205
367,16,6,40,0.8421,543.3263,160.0310,{},67.9158,0.3772,6.2153,[],[],0.3097,0.4177,0.2726,0.0000,0.0000,734,2025-10-17T21:54:06.667855
368,16,7,40,0.8449,550.5356,160.0658,{},68.8169,0.3751,6.1825,[],[],0.3217,0.4116,0.2667,0.0000,0.0000,736,2025-10-17T21:54:06.689951
369,16,8,40,0.8473,549.0678,159.8237,{},68.6335,0.3731,6.1767,[],[],0.3199,0.4119,0.2682,0.0000,0.0000,738,2025-10-17T21:54:06.712655
370,16,9,40,0.8493,548.9301,160.9361,{},68.6163,0.3717,6.2027,[],[],0.3069,0.4265,0.2666,0.0000,0.0000,740,2025-10-17T21:54:06.733307
371,16,10,40,0.8512,560.9495,161.9730,{},70.1187,0.3757,6.2357,[],[],0.3239,0.4168,0.2593,0.0000,0.0000,742,2025-10-17T21:54:06.755217
372,16,11,40,0.8527,565.1276,161.5551,{},70.6409,0.3800,6.2323,[],[],0.3352,0.4088,0.2560,0.0000,0.0000,744,2025-10-17T21:54:06.776754
373,16,12,40,0.8541,564.4858,162.0855,{},70.5607,0.3771,6.2370,[],[],0.3330,0.4103,0.2568,0.0000,0.0000,746,2025-10-17T21:54:06.799069
374,16,13,40,0.8576,562.1835,161.5324,{},70.2729,0.3749,6.2396,[],[],0.3350,0.4048,0.2602,0.0000,0.0000,748,2025-10-17T21:54:06.821039
375,16,14,40,0.8630,569.2716,163.2946,{},71.1590,0.3765,6.2939,[],[],0.3375,0.4028,0.2597,0.0000,0.0000,750,2025-10-17T21:54:06.846056
376,16,15,40,0.8679,565.7625,164.8203,{},70.7203,0.3770,6.3729,[],[],0.3272,0.4086,0.2641,0.0000,0.0000,752,2025-10-17T21:54:06.868029
377,16,16,40,0.8721,567.3664,165.7338,{},70.9208,0.3723,6.4086,[],[],0.3270,0.4065,0.2665,0.0000,0.0000,754,2025-10-17T21:54:06.889962
378,16,17,40,0.8757,553.9472,162.8592,{},69.2434,0.3720,6.3333,[],[],0.3223,0.4066,0.2711,0.0000,0.0000,756,2025-10-17T21:54:06.910006
379,16,18,40,0.8788,553.6401,163.9134,{},69.2050,0.3764,6.4005,[],[],0.3232,0.4015,0.2753,0.0000,0.0000,758,2025-10-17T21:54:06.930468
380,16,19,40,0.8816,555.9247,164.5484,{},69.4906,0.3751,6.3946,[],[],0.3225,0.4009,0.2766,0.0000,0.0000,760,2025-10-17T21:54:06.952980
381,16,20,40,0.8839,556.8226,164.6594,{},69.6028,0.3724,6.4273,[],[],0.3194,0.4025,0.2781,0.0000,0.0000,762,2025-10-17T21:54:06.973640
382,16,21,40,0.8860,567.9775,165.5624,{},70.9972,0.3726,6.4503,[],[],0.3318,0.3951,0.2731,0.0000,0.0000,764,2025-10-17T21:54:06.995809
383,16,22,40,0.8877,580.8412,166.2253,{},72.6052,0.3783,6.4527,[],[],0.3466,0.3853,0.2681,0.0000,0.0000,766,2025-10-17T21:54:07.018353
384,16,23,40,0.8893,588.4654,167.4963,{},73.5582,0.3812,6.4693,[],[],0.3508,0.3833,0.2659,0.0000,0.0000,768,2025-10-17T21:54:07.040025
385,17,0,40,0.8906,598.8530,169.0454,{},74.8566,0.3807,6.4833,[],[],0.3533,0.3843,0.2623,0.0000,0.0000,770,2025-10-17T21:54:07.060799
386,17,1,40,0.8935,586.9393,168.3635,{},73.3674,0.3797,6.4939,[],[],0.3376,0.3960,0.2664,0.0000,0.0000,772,2025-10-17T21:54:07.080747
387,17,2,40,0.8978,585.7540,168.3099,{},73.2192,0.3804,6.4725,[],[],0.3334,0.3989,0.2677,0.0000,0.0000,774,2025-10-17T21:54:07.100603
388,17,3,40,0.9016,582.4826,168.3368,{},72.8103,0.3816,6.4826,[],[],0.3257,0.4043,0.2700,0.0000,0.0000,776,2025-10-17T21:54:07.120501
389,17,4,40,0.9049,577.5865,169.6622,{},72.1983,0.3760,6.5528,[],[],0.3165,0.4099,0.2736,0.0000,0.0000,778,2025-10-17T21:54:07.141128
390,17,5,40,0.9078,562.4061,166.2880,{},70.3008,0.3729,6.4928,[],[],0.3198,0.3993,0.2809,0.0000,0.0000,780,2025-10-17T21:54:07.164232
391,17,6,40,0.9103,558.1636,166.2775,{},69.7705,0.3734,6.5251,[],[],0.3136,0.3999,0.2865,0.0000,0.0000,782,2025-10-17T21:54:07.185865
392,17,7,40,0.9125,564.4918,167.4291,{},70.5615,0.3739,6.5358,[],[],0.3099,0.4059,0.2842,0.0000,0.0000,784,2025-10-17T21:54:07.206557
393,17,8,40,0.9145,565.5602,168.0722,{},70.6950,0.3781,6.5534,[],[],0.3075,0.4110,0.2815,0.0000,0.0000,786,2025-10-17T21:54:07.228382
394,17,9,40,0.9162,570.0555,167.9691,{},71.2569,0.3772,6.5533,[],[],0.3172,0.4054,0.2774,0.0000,0.0000,788,2025-10-17T21:54:07.248609
395,17,10,40,0.9177,566.4933,167.0634,{},70.8117,0.3730,6.5396,[],[],0.3187,0.4050,0.2763,0.0000,0.0000,790,2025-10-17T21:54:07.268143
396,17,11,40,0.9191,567.7116,168.2671,{},70.9639,0.3721,6.6057,[],[],0.3172,0.4043,0.2785,0.0000,0.0000,792,2025-10-17T21:54:07.288680
397,17,12,40,0.9203,575.6821,169.5557,{},71.9603,0.3725,6.6762,[],[],0.3254,0.3986,0.2760,0.0000,0.0000,794,2025-10-17T21:54:07.309200
398,17,13,40,0.9232,558.7515,165.2899,{},69.8439,0.3722,6.5270,[],[],0.3172,0.4016,0.2812,0.0000,0.0000,796,2025-10-17T21:54:07.329769
399,17,14,40,0.9278,558.1734,164.7831,{},69.7717,0.3721,6.4959,[],[],0.3172,0.4020,0.2808,0.0000,0.0000,798,2025-10-17T21:54:07.350332
400,17,15,40,0.9318,567.0439,167.5803,{},70.8805,0.3704,6.5789,[],[],0.3160,0.4041,0.2800,0.0000,0.0000,800,2025-10-17T21:54:07.370960
401,17,16,40,0.9353,563.7226,168.8305,{},70.4653,0.3695,6.6529,[],[],0.3084,0.4085,0.2830,0.0000,0.0000,802,2025-10-17T21:54:07.391714
402,17,17,40,0.9384,570.4519,168.4810,{},71.3065,0.3756,6.6090,[],[],0.3172,0.4060,0.2768,0.0000,0.0000,804,2025-10-17T21:54:07.412296
403,17,18,40,0.9410,566.8411,168.0856,{},70.8551,0.3756,6.6363,[],[],0.3193,0.4014,0.2793,0.0000,0.0000,806,2025-10-17T21:54:07.434774
404,17,19,40,0.9433,559.7533,166.8192,{},69.9692,0.3722,6.6119,[],[],0.3187,0.3998,0.2815,0.0000,0.0000,808,2025-10-17T21:54:07.456988
405,17,20,40,0.9453,552.7194,166.1408,{},69.0899,0.3696,6.5976,[],[],0.3085,0.4069,0.2845,0.0000,0.0000,810,2025-10-17T21:54:07.478740
406,17,21,40,0.9470,555.1677,166.5776,{},69.3960,0.3709,6.6146,[],[],0.3112,0.4026,0.2862,0.0000,0.0000,812,2025-10-17T21:54:07.499332
407,17,22,40,0.9485,555.6217,167.0804,{},69.4527,0.3717,6.6435,[],[],0.3066,0.4045,0.2889,0.0000,0.0000,814,2025-10-17T21:54:07.519924
408,17,23,40,0.9498,549.5019,168.3964,{},68.6877,0.3700,6.6921,[],[],0.2878,0.4179,0.2944,0.0000,0.0000,816,2025-10-17T21:54:07.540449
409,18,0,40,0.9510,537.3136,165.9430,{},67.1642,0.3755,6.5746,[],[],0.2764,0.4247,0.2989,0.0000,0.0000,818,2025-10-17T21:54:07.563123
410,18,1,40,0.9537,533.2828,165.5046,{},66.6603,0.3778,6.5749,[],[],0.2772,0.4224,0.3004,0.0000,0.0000,820,2025-10-17T21:54:07.584082
411,18,2,40,0.9580,539.1403,164.4397,{},67.3925,0.3756,6.5271,[],[],0.2901,0.4152,0.2948,0.0000,0.0000,822,2025-10-17T21:54:07.604293
412,18,3,40,0.9618,536.9014,164.1475,{},67.1127,0.3803,6.5168,[],[],0.2892,0.4155,0.2953,0.0000,0.0000,824,2025-10-17T21:54:07.624819
413,18,4,40,0.9651,538.3378,163.8970,{},67.2922,0.3826,6.5295,[],[],0.2998,0.4066,0.2936,0.0000,0.0000,826,2025-10-17T21:54:07.645134
414,18,5,40,0.9679,533.1695,162.9532,{},66.6462,0.3851,6.4752,[],[],0.2921,0.4162,0.2917,0.0000,0.0000,828,2025-10-17T21:54:07.665569
415,18,6,40,0.9704,532.0610,161.9252,{},66.5076,0.3827,6.4399,[],[],0.2959,0.4141,0.2900,0.0000,0.0000,830,2025-10-17T21:54:07.689463
416,18,7,40,0.9725,544.4168,162.8792,{},68.0521,0.3824,6.4306,[],[],0.3057,0.4127,0.2816,0.0000,0.0000,832,2025-10-17T21:54:07.711723
417,18,8,40,0.9743,534.8582,161.2986,{},66.8573,0.3776,6.4199,[],[],0.3010,0.4125,0.2864,0.0000,0.0000,834,2025-10-17T21:54:07.733632
418,18,9,40,0.9759,537.5502,160.0969,{},67.1938,0.3705,6.3013,[],[],0.3033,0.4185,0.2782,0.0000,0.0000,836,2025-10-17T21:54:07.756262
419,18,10,40,0.9774,540.7659,161.3500,{},67.5957,0.3695,6.3565,[],[],0.3049,0.4151,0.2800,0.0000,0.0000,838,2025-10-17T21:54:07.777886
420,18,11,40,0.9786,542.7571,162.0255,{},67.8446,0.3696,6.4152,[],[],0.3077,0.4108,0.2815,0.0000,0.0000,840,2025-10-17T21:54:07.798605
421,18,12,40,0.9797,550.1998,163.6602,{},68.7750,0.3674,6.4797,[],[],0.3116,0.4087,0.2797,0.0000,0.0000,842,2025-10-17T21:54:07.818770
422,18,13,40,0.9824,546.0658,163.0844,{},68.2582,0.3691,6.4977,[],[],0.3134,0.4043,0.2823,0.0000,0.0000,844,2025-10-17T21:54:07.839170
423,18,14,40,0.9866,533.0206,161.9307,{},66.6276,0.3678,6.4663,[],[],0.3035,0.4089,0.2876,0.0000,0.0000,846,2025-10-17T21:54:07.859720
424,18,15,40,0.9905,543.1482,161.9117,{},67.8935,0.3680,6.3997,[],[],0.3143,0.4068,0.2789,0.0000,0.0000,848,2025-10-17T21:54:07.880040
425,18,16,40,0.9938,540.8122,161.2437,{},67.6015,0.3678,6.3955,[],[],0.3199,0.3996,0.2805,0.0000,0.0000,850,2025-10-17T21:54:07.900055
426,18,17,40,0.9966,546.7685,162.0810,{},68.3461,0.3705,6.4279,[],[],0.3245,0.3947,0.2808,0.0000,0.0000,852,2025-10-17T21:54:07.920626
427,18,18,40,0.9991,540.0521,162.1413,{},67.5065,0.3646,6.4436,[],[],0.3114,0.4016,0.2870,0.0000,0.0000,854,2025-10-17T21:54:07.940387
428,18,19,40,1.0012,547.3897,164.9861,{},68.4237,0.3653,6.5509,[],[],0.3028,0.4107,0.2866,0.0000,0.0000,856,2025-10-17T21:54:07.961027
429,18,20,40,1.0031,535.6476,161.1834,{},66.9559,0.3663,6.3785,[],[],0.3007,0.4170,0.2823,0.0000,0.0000,858,2025-10-17T21:54:07.980696
430,18,21,40,1.0047,540.3389,160.4874,{},67.5424,0.3724,6.2891,[],[],0.3104,0.4107,0.2789,0.0000,0.0000,860,2025-10-17T21:54:08.000226
431,18,22,40,1.0061,531.3952,160.6893,{},66.4244,0.3709,6.3104,[],[],0.2937,0.4216,0.2847,0.0000,0.0000,862,2025-10-17T21:54:08.019770
432,18,23,40,1.0073,537.1327,160.8285,{},67.1416,0.3756,6.2863,[],[],0.2985,0.4208,0.2807,0.0000,0.0000,864,2025-10-17T21:54:08.039691
433,19,0,40,1.0083,532.9678,161.5336,{},66.6210,0.3764,6.3591,[],[],0.2923,0.4213,0.2864,0.0000,0.0000,866,2025-10-17T21:54:08.060552
434,19,1,40,1.0114,529.8624,161.5241,{},66.2328,0.3757,6.3704,[],[],0.2876,0.4243,0.2881,0.0000,0.0000,868,2025-10-17T21:54:08.080926
435,19,2,40,1.0164,525.4178,160.1964,{},65.6772,0.3749,6.3067,[],[],0.2889,0.4209,0.2902,0.0000,0.0000,870,2025-10-17T21:54:08.101942
436,19,3,40,1.0209,540.5610,160.4385,{},67.5701,0.3782,6.2315,[],[],0.3009,0.4193,0.2798,0.0000,0.0000,872,2025-10-17T21:54:08.123876
437,19,4,40,1.0248,546.9745,161.1242,{},68.3718,0.3800,6.2230,[],[],0.3049,0.4181,0.2770,0.0000,0.0000,874,2025-10-17T21:54:08.144472
438,19,5,40,1.0281,545.3681,160.2148,{},68.1710,0.3820,6.2056,[],[],0.3127,0.4090,0.2783,0.0000,0.0000,876,2025-10-17T21:54:08.165011
439,19,6,40,1.0310,550.1008,161.3970,{},68.7626,0.3834,6.2586,[],[],0.3167,0.4049,0.2784,0.0000,0.0000,878,2025-10-17T21:54:08.187728
440,19,7,40,1.0335,551.0302,159.9294,{},68.8788,0.3867,6.1871,[],[],0.3273,0.3986,0.2741,0.0000,0.0000,880,2025-10-17T21:54:08.208078
441,19,8,40,1.0357,560.5546,161.7570,{},70.0693,0.3877,6.2355,[],[],0.3279,0.3994,0.2727,0.0000,0.0000,882,2025-10-17T21:54:08.229073
442,19,9,40,1.0375,562.8022,161.5205,{},70.3503,0.3833,6.2280,[],[],0.3327,0.3962,0.2711,0.0000,0.0000,884,2025-10-17T21:54:08.249339
443,19,10,40,1.0392,571.2659,164.5807,{},71.4082,0.3810,6.3316,[],[],0.3285,0.4021,0.2695,0.0000,0.0000,886,2025-10-17T21:54:08.269795
444,19,11,40,1.0406,586.9139,168.7474,{},73.3642,0.3770,6.4835,[],[],0.3333,0.4006,0.2661,0.0000,0.0000,888,2025-10-17T21:54:08.290405
445,19,12,40,1.0419,586.9908,168.1278,{},73.3738,0.3733,6.4388,[],[],0.3352,0.3992,0.2656,0.0000,0.0000,890,2025-10-17T21:54:08.312743
446,19,13,40,1.0451,583.5943,166.7622,{},72.9493,0.3735,6.3509,[],[],0.3333,0.4006,0.2662,0.0000,0.0000,892,2025-10-17T21:54:08.336669
447,19,14,40,1.0501,596.4330,168.5814,{},74.5541,0.3768,6.4004,[],[],0.3400,0.3971,0.2630,0.0000,0.0000,894,2025-10-17T21:54:08.357501
448,19,15,40,1.0546,595.6308,168.7136,{},74.4538,0.3781,6.3913,[],[],0.3337,0.4045,0.2617,0.0000,0.0000,896,2025-10-17T21:54:08.378163
449,19,16,40,1.0585,588.5474,168.9632,{},73.5684,0.3725,6.4116,[],[],0.3203,0.4164,0.2632,0.0000,0.0000,898,2025-10-17T21:54:08.398792
450,19,17,40,1.0619,599.2546,170.1343,{},74.9068,0.3745,6.4206,[],[],0.3284,0.4141,0.2575,0.0000,0.0000,900,2025-10-17T21:54:08.420739
451,19,18,40,1.0649,602.1929,170.7638,{},75.2741,0.3714,6.4355,[],[],0.3277,0.4151,0.2571,0.0000,0.0000,902,2025-10-17T21:54:08.440741
452,19,19,40,1.0675,589.9030,167.7482,{},73.7379,0.3773,6.3737,[],[],0.3312,0.4079,0.2609,0.0000,0.0000,904,2025-10-17T21:54:08.461387
453,19,20,40,1.0697,586.1112,169.0797,{},73.2639,0.3785,6.4606,[],[],0.3202,0.4133,0.2665,0.0000,0.0000,906,2025-10-17T21:54:08.481907
454,19,21,40,1.0718,578.3438,167.4774,{},72.2930,0.3742,6.4238,[],[],0.3203,0.4087,0.2710,0.0000,0.0000,908,2025-10-17T21:54:08.504263
455,19,22,40,1.0735,584.0742,167.9123,{},73.0093,0.3689,6.4314,[],[],0.3303,0.4004,0.2693,0.0000,0.0000,910,2025-10-17T21:54:08.526855
456,19,23,40,1.0751,595.0800,169.9914,{},74.3850,0.3693,6.4960,[],[],0.3333,0.4021,0.2646,0.0000,0.0000,912,2025-10-17T21:54:08.547548
457,20,0,40,1.0765,595.7987,170.9245,{},74.4748,0.3711,6.5385,[],[],0.3295,0.4059,0.2645,0.0000,0.0000,914,2025-10-17T21:54:08.568684
458,20,1,40,1.0797,608.2021,172.2908,{},76.0253,0.3729,6.5521,[],[],0.3397,0.4002,0.2602,0.0000,0.0000,916,2025-10-17T21:54:08.590728
459,20,2,40,1.0847,591.8846,171.9372,{},73.9856,0.3659,6.5789,[],[],0.3230,0.4095,0.2675,0.0000,0.0000,918,2025-10-17T21:54:08.610688
460,20,3,40,1.0891,606.3146,173.9699,{},75.7893,0.3650,6.6442,[],[],0.3322,0.4043,0.2635,0.0000,0.0000,920,2025-10-17T21:54:08.631329
461,20,4,40,1.0930,615.2964,174.2013,{},76.9120,0.3702,6.6289,[],[],0.3439,0.3968,0.2592,0.0000,0.0000,922,2025-10-17T21:54:08.654074
462,20,5,40,1.0963,619.0932,173.2267,{},77.3866,0.3696,6.5967,[],[],0.3542,0.3865,0.2593,0.0000,0.0000,924,2025-10-17T21:54:08.674796
463,20,6,40,1.0992,617.5743,171.4743,{},77.1968,0.3702,6.5264,[],[],0.3597,0.3821,0.2582,0.0000,0.0000,926,2025-10-17T21:54:08.701570
464,20,7,40,1.1017,616.6584,172.4767,{},77.0823,0.3711,6.5693,[],[],0.3481,0.3910,0.2608,0.0000,0.0000,928,2025-10-17T21:54:08.721161
465,20,8,40,1.1038,624.2769,173.2310,{},78.0346,0.3743,6.5885,[],[],0.3562,0.3853,0.2585,0.0000,0.0000,930,2025-10-17T21:54:08.740773
466,20,9,40,1.1057,612.3063,171.1769,{},76.5383,0.3708,6.5328,[],[],0.3510,0.3887,0.2602,0.0000,0.0000,932,2025-10-17T21:54:08.760792
467,20,10,40,1.1073,602.9061,170.8292,{},75.3633,0.3713,6.5530,[],[],0.3438,0.3911,0.2651,0.0000,0.0000,934,2025-10-17T21:54:08.780309
468,20,11,40,1.1088,605.6550,172.0291,{},75.7069,0.3700,6.6000,[],[],0.3379,0.3959,0.2661,0.0000,0.0000,936,2025-10-17T21:54:08.800209
469,20,12,40,1.1100,596.8874,171.1708,{},74.6109,0.3697,6.5903,[],[],0.3343,0.3962,0.2695,0.0000,0.0000,938,2025-10-17T21:54:08.820294
470,20,13,40,1.1132,583.4987,168.8276,{},72.9373,0.3693,6.5305,[],[],0.3288,0.3947,0.2765,0.0000,0.0000,940,2025-10-17T21:54:08.839909
471,20,14,40,1.1182,570.8149,167.1911,{},71.3519,0.3693,6.4833,[],[],0.3181,0.3998,0.2821,0.0000,0.0000,942,2025-10-17T21:54:08.859397
472,20,15,40,1.1226,568.3505,166.8236,{},71.0438,0.3656,6.4472,[],[],0.3195,0.3977,0.2828,0.0000,0.0000,944,2025-10-17T21:54:08.879558
473,20,16,40,1.1264,569.8596,166.6397,{},71.2325,0.3660,6.4261,[],[],0.3231,0.3947,0.2822,0.0000,0.0000,946,2025-10-17T21:54:08.899985
474,20,17,40,1.1298,587.9546,169.7117,{},73.4943,0.3686,6.5147,[],[],0.3306,0.3936,0.2758,0.0000,0.0000,948,2025-10-17T21:54:08.920267
475,20,18,40,1.1326,591.5689,170.0571,{},73.9461,0.3690,6.5231,[],[],0.3285,0.3977,0.2738,0.0000,0.0000,950,2025-10-17T21:54:08.940969
476,20,19,40,1.1351,596.7838,170.6445,{},74.5980,0.3710,6.5182,[],[],0.3299,0.4007,0.2694,0.0000,0.0000,952,2025-10-17T21:54:08.963199
477,20,20,40,1.1372,592.7832,169.5815,{},74.0979,0.3720,6.4645,[],[],0.3278,0.4036,0.2686,0.0000,0.0000,954,2025-10-17T21:54:08.985044
478,20,21,40,1.1391,602.3038,171.2478,{},75.2880,0.3717,6.5154,[],[],0.3312,0.4017,0.2672,0.0000,0.0000,956,2025-10-17T21:54:09.005577
479,20,22,40,1.1407,595.3060,170.7500,{},74.4133,0.3718,6.5255,[],[],0.3221,0.4088,0.2690,0.0000,0.0000,958,2025-10-17T21:54:09.025494
480,20,23,40,1.1422,591.6510,169.6302,{},73.9564,0.3743,6.4867,[],[],0.3198,0.4113,0.2689,0.0000,0.0000,960,2025-10-17T21:54:09.045912
481,21,0,40,1.1434,583.9363,169.8532,{},72.9920,0.3742,6.5078,[],[],0.3065,0.4216,0.2719,0.0000,0.0000,962,2025-10-17T21:54:09.066808
482,21,1,40,1.1470,587.9850,170.5500,{},73.4981,0.3698,6.5023,[],[],0.3044,0.4253,0.2704,0.0000,0.0000,964,2025-10-17T21:54:09.086732
483,21,2,40,1.1527,591.7071,171.7545,{},73.9634,0.3708,6.5108,[],[],0.3025,0.4295,0.2680,0.0000,0.0000,966,2025-10-17T21:54:09.106809
484,21,3,40,1.1579,590.7926,172.8603,{},73.8491,0.3697,6.5753,[],[],0.2987,0.4326,0.2687,0.0000,0.0000,968,2025-10-17T21:54:09.126667
485,21,4,40,1.1624,606.1158,174.9033,{},75.7645,0.3712,6.6386,[],[],0.3081,0.4283,0.2636,0.0000,0.0000,970,2025-10-17T21:54:09.147374
486,21,5,40,1.1662,624.7067,177.0796,{},78.0883,0.3700,6.7069,[],[],0.3235,0.4179,0.2586,0.0000,0.0000,972,2025-10-17T21:54:09.169290
487,21,6,40,1.1696,632.2276,176.8114,{},79.0284,0.3679,6.7133,[],[],0.3359,0.4071,0.2570,0.0000,0.0000,974,2025-10-17T21:54:09.191371
488,21,7,40,1.1724,634.9302,176.9793,{},79.3663,0.3659,6.7346,[],[],0.3426,0.3994,0.2580,0.0000,0.0000,976,2025-10-17T21:54:09.212036
489,21,8,40,1.1749,633.3196,176.1342,{},79.1649,0.3656,6.7107,[],[],0.3435,0.4005,0.2560,0.0000,0.0000,978,2025-10-17T21:54:09.233283
490,21,9,40,1.1771,626.4267,175.3653,{},78.3033,0.3667,6.6942,[],[],0.3391,0.4052,0.2557,0.0000,0.0000,980,2025-10-17T21:54:09.254044
491,21,10,40,1.1790,622.4220,175.8242,{},77.8027,0.3678,6.7402,[],[],0.3331,0.4060,0.2609,0.0000,0.0000,982,2025-10-17T21:54:09.276390
492,21,11,40,1.1806,613.9870,175.5314,{},76.7484,0.3674,6.7457,[],[],0.3252,0.4116,0.2633,0.0000,0.0000,984,2025-10-17T21:54:09.297172
493,21,12,40,1.1820,612.8638,174.6535,{},76.6080,0.3659,6.7643,[],[],0.3300,0.4063,0.2638,0.0000,0.0000,986,2025-10-17T21:54:09.317228
494,21,13,40,1.1856,607.8353,173.8660,{},75.9794,0.3675,6.7398,[],[],0.3285,0.4054,0.2661,0.0000,0.0000,988,2025-10-17T21:54:09.337893
495,21,14,40,1.1913,609.8065,174.4191,{},76.2258,0.3689,6.7549,[],[],0.3274,0.4107,0.2619,0.0000,0.0000,990,2025-10-17T21:54:09.359950
496,21,15,40,1.1963,588.7532,170.9896,{},73.5941,0.3670,6.6658,[],[],0.3174,0.4126,0.2701,0.0000,0.0000,992,2025-10-17T21:54:09.382367
497,21,16,40,1.2007,597.1612,172.2996,{},74.6451,0.3688,6.7354,[],[],0.3301,0.4008,0.2691,0.0000,0.0000,994,2025-10-17T21:54:09.402958
498,21,17,40,1.2046,607.2551,173.9554,{},75.9069,0.3710,6.7712,[],[],0.3330,0.4007,0.2662,0.0000,0.0000,996,2025-10-17T21:54:09.423620
499,21,18,40,1.2079,613.7837,175.1148,{},76.7230,0.3780,6.8076,[],[],0.3337,0.4006,0.2657,0.0000,0.0000,998,2025-10-17T21:54:09.444887
500,21,19,40,1.2108,618.1276,175.7547,{},77.2660,0.3771,6.8489,[],[],0.3396,0.3958,0.2646,0.0000,0.0000,1000,2025-10-17T21:54:09.466965
501,21,20,40,1.2133,623.3765,177.1213,{},77.9221,0.3752,6.8869,[],[],0.3368,0.4007,0.2626,0.0000,0.0000,1002,2025-10-17T21:54:09.489799
502,21,21,40,1.2156,628.2251,177.1005,{},78.5281,0.3718,6.9152,[],[],0.3464,0.3914,0.2621,0.0000,0.0000,1004,2025-10-17T21:54:09.510357
503,21,22,40,1.2175,621.2747,176.2636,{},77.6593,0.3676,6.8967,[],[],0.3379,0.3983,0.2637,0.0000,0.0000,1006,2025-10-17T21:54:09.532186
504,21,23,40,1.2192,617.4586,174.5944,{},77.1823,0.3692,6.8124,[],[],0.3405,0.3967,0.2629,0.0000,0.0000,1008,2025-10-17T21:54:09.552436
505,22,0,40,1.2208,611.9747,173.5089,{},76.4968,0.3690,6.7582,[],[],0.3393,0.3960,0.2647,0.0000,0.0000,1010,2025-10-17T21:54:09.573462
506,22,1,40,1.2236,611.7564,173.1111,{},76.4695,0.3736,6.7417,[],[],0.3425,0.3956,0.2619,0.0000,0.0000,1012,2025-10-17T21:54:09.594008
507,22,2,40,1.2275,593.4462,171.5279,{},74.1808,0.3744,6.7129,[],[],0.3297,0.4004,0.2699,0.0000,0.0000,1014,2025-10-17T21:54:09.615742
508,22,3,40,1.2311,594.5522,171.8887,{},74.3190,0.3746,6.7421,[],[],0.3273,0.4028,0.2699,0.0000,0.0000,1016,2025-10-17T21:54:09.637667
509,22,4,40,1.2342,594.5258,169.9246,{},74.3157,0.3778,6.6574,[],[],0.3382,0.3930,0.2688,0.0000,0.0000,1018,2025-10-17T21:54:09.659244
510,22,5,40,1.2369,577.5826,167.4596,{},72.1978,0.3744,6.5886,[],[],0.3256,0.4016,0.2728,0.0000,0.0000,1020,2025-10-17T21:54:09.682377
511,22,6,40,1.2392,576.7737,166.9410,{},72.0967,0.3775,6.5783,[],[],0.3331,0.3923,0.2745,0.0000,0.0000,1022,2025-10-17T21:54:09.704923
512,22,7,40,1.2413,572.7102,167.6339,{},71.5888,0.3741,6.6059,[],[],0.3214,0.4009,0.2777,0.0000,0.0000,1024,2025-10-17T21:54:09.727911
513,22,8,40,1.2430,580.5923,169.1830,{},72.5740,0.3770,6.6578,[],[],0.3241,0.3987,0.2772,0.0000,0.0000,1026,2025-10-17T21:54:09.750472
514,22,9,40,1.2445,569.1915,166.9467,{},71.1489,0.3796,6.5963,[],[],0.3206,0.3967,0.2826,0.0000,0.0000,1028,2025-10-17T21:54:09.772301
515,22,10,40,1.2459,557.6564,166.3517,{},69.7070,0.3774,6.6014,[],[],0.3082,0.4043,0.2875,0.0000,0.0000,1030,2025-10-17T21:54:09.792649
516,22,11,40,1.2470,570.4630,168.9664,{},71.3079,0.3805,6.7086,[],[],0.3139,0.4010,0.2851,0.0000,0.0000,1032,2025-10-17T21:54:09.812475
517,22,12,40,1.2481,574.7346,170.0473,{},71.8418,0.3822,6.7403,[],[],0.3145,0.4014,0.2841,0.0000,0.0000,1034,2025-10-17T21:54:09.833294
518,22,13,40,1.2507,570.4140,169.2567,{},71.3018,0.3842,6.6976,[],[],0.3117,0.4016,0.2867,0.0000,0.0000,1036,2025-10-17T21:54:09.853276
519,22,14,40,1.2547,571.0737,170.4765,{},71.3842,0.3764,6.7240,[],[],0.3024,0.4093,0.2883,0.0000,0.0000,1038,2025-10-17T21:54:09.873120
520,22,15,40,1.2584,578.2426,170.4643,{},72.2803,0.3765,6.6732,[],[],0.3063,0.4120,0.2817,0.0000,0.0000,1040,2025-10-17T21:54:09.893702
521,22,16,40,1.2616,586.8635,171.0087,{},73.3579,0.3740,6.6499,[],[],0.3096,0.4138,0.2766,0.0000,0.0000,1042,2025-10-17T21:54:09.914359
522,22,17,40,1.2643,589.1324,170.6358,{},73.6416,0.3759,6.6325,[],[],0.3119,0.4135,0.2746,0.0000,0.0000,1044,2025-10-17T21:54:09.938621
523,22,18,40,1.2667,585.4033,171.8648,{},73.1754,0.3769,6.6982,[],[],0.3054,0.4155,0.2791,0.0000,0.0000,1046,2025-10-17T21:54:09.960271
524,22,19,40,1.2687,590.8900,172.0960,{},73.8613,0.3736,6.6927,[],[],0.3147,0.4111,0.2743,0.0000,0.0000,1048,2025-10-17T21:54:09.980489
525,22,20,40,1.2705,587.6920,170.8861,{},73.4615,0.3713,6.6653,[],[],0.3201,0.4043,0.2756,0.0000,0.0000,1050,2025-10-17T21:54:10.001104
526,22,21,40,1.2720,598.1504,172.3578,{},74.7688,0.3683,6.6659,[],[],0.3222,0.4092,0.2686,0.0000,0.0000,1052,2025-10-17T21:54:10.021675
527,22,22,40,1.2734,597.2091,170.2792,{},74.6511,0.3697,6.5497,[],[],0.3307,0.4052,0.2640,0.0000,0.0000,1054,2025-10-17T21:54:10.042293
528,22,23,40,1.2746,588.9583,167.8737,{},73.6198,0.3682,6.4629,[],[],0.3345,0.4000,0.2655,0.0000,0.0000,1056,2025-10-17T21:54:10.064893
529,23,0,40,1.2756,583.3715,165.6702,{},72.9214,0.3710,6.3521,[],[],0.3417,0.3924,0.2658,0.0000,0.0000,1058,2025-10-17T21:54:10.085724
530,23,1,40,1.2788,574.7450,165.6422,{},71.8431,0.3727,6.3395,[],[],0.3231,0.4070,0.2699,0.0000,0.0000,1060,2025-10-17T21:54:10.107482
531,23,2,40,1.2842,577.1497,166.7596,{},72.1437,0.3742,6.3768,[],[],0.3187,0.4122,0.2690,0.0000,0.0000,1062,2025-10-17T21:54:10.128034
532,23,3,40,1.2890,569.3640,164.9639,{},71.1705,0.3738,6.3284,[],[],0.3209,0.4076,0.2714,0.0000,0.0000,1064,2025-10-17T21:54:10.148540
533,23,4,40,1.2931,577.6974,166.2671,{},72.2122,0.3761,6.3419,[],[],0.3218,0.4112,0.2670,0.0000,0.0000,1066,2025-10-17T21:54:10.169744
534,23,5,40,1.2967,569.1131,165.8271,{},71.1391,0.3799,6.3270,[],[],0.3114,0.4181,0.2705,0.0000,0.0000,1068,2025-10-17T21:54:10.189701
535,23,6,40,1.2997,569.7541,167.4177,{},71.2193,0.3820,6.3954,[],[],0.3041,0.4227,0.2732,0.0000,0.0000,1070,2025-10-17T21:54:10.210869
536,23,7,40,1.3024,565.3074,165.1922,{},70.6634,0.3830,6.3555,[],[],0.3160,0.4092,0.2748,0.0000,0.0000,1072,2025-10-17T21:54:10.231283
537,23,8,40,1.3047,560.6158,166.2628,{},70.0770,0.3835,6.4025,[],[],0.3022,0.4176,0.2802,0.0000,0.0000,1074,2025-10-17T21:54:10.251688
538,23,9,40,1.3067,568.6545,167.9080,{},71.0818,0.3807,6.4502,[],[],0.3030,0.4207,0.2764,0.0000,0.0000,1076,2025-10-17T21:54:10.272135
539,23,10,40,1.3084,575.7326,169.5311,{},71.9666,0.3783,6.5308,[],[],0.3087,0.4161,0.2753,0.0000,0.0000,1078,2025-10-17T21:54:10.294499
540,23,11,40,1.3099,563.0015,167.4739,{},70.3752,0.3801,6.4908,[],[],0.3026,0.4194,0.2780,0.0000,0.0000,1080,2025-10-17T21:54:10.315126
541,23,12,40,1.3112,575.5453,167.6089,{},71.9432,0.3795,6.4692,[],[],0.3226,0.4046,0.2728,0.0000,0.0000,1082,2025-10-17T21:54:10.335647
542,23,13,40,1.3146,579.0780,168.4144,{},72.3847,0.3796,6.4993,[],[],0.3298,0.3982,0.2720,0.0000,0.0000,1084,2025-10-17T21:54:10.359167
543,23,14,40,1.3198,572.1217,167.2206,{},71.5152,0.3780,6.4749,[],[],0.3254,0.3992,0.2754,0.0000,0.0000,1086,2025-10-17T21:54:10.380447
544,23,15,40,1.3245,566.5790,165.4586,{},70.8224,0.3782,6.4208,[],[],0.3289,0.3930,0.2781,0.0000,0.0000,1088,2025-10-17T21:54:10.402069
545,23,16,40,1.3285,569.0182,166.0413,{},71.1273,0.3789,6.4369,[],[],0.3233,0.3982,0.2786,0.0000,0.0000,1090,2025-10-17T21:54:10.422562
546,23,17,40,1.3320,583.5728,167.9956,{},72.9466,0.3805,6.4729,[],[],0.3327,0.3949,0.2724,0.0000,0.0000,1092,2025-10-17T21:54:10.443090
547,23,18,40,1.3350,576.9297,166.5618,{},72.1162,0.3790,6.4644,[],[],0.3324,0.3913,0.2763,0.0000,0.0000,1094,2025-10-17T21:54:10.463623
548,23,19,40,1.3376,586.2717,166.2503,{},73.2840,0.3795,6.4239,[],[],0.3488,0.3813,0.2699,0.0000,0.0000,1096,2025-10-17T21:54:10.486316
549,23,20,40,1.3398,585.8872,168.4956,{},73.2359,0.3818,6.5235,[],[],0.3365,0.3905,0.2729,0.0000,0.0000,1098,2025-10-17T21:54:10.506954
550,23,21,40,1.3418,599.4881,171.0625,{},74.9360,0.3825,6.6011,[],[],0.3419,0.3903,0.2678,0.0000,0.0000,1100,2025-10-17T21:54:10.529770
551,23,22,40,1.3436,597.2800,171.3976,{},74.6600,0.3813,6.6281,[],[],0.3349,0.3961,0.2689,0.0000,0.0000,1102,2025-10-17T21:54:10.551903
552,23,23,40,1.3451,594.4595,170.7828,{},74.3074,0.3799,6.5842,[],[],0.3325,0.3986,0.2689,0.0000,0.0000,1104,2025-10-17T21:54:10.573209
553,24,0,40,1.3465,588.1602,170.2933,{},73.5200,0.3794,6.5632,[],[],0.3233,0.4056,0.2711,0.0000,0.0000,1106,2025-10-17T21:54:10.594111
554,24,1,40,1.3498,592.6834,171.5473,{},74.0854,0.3779,6.6374,[],[],0.3295,0.3986,0.2719,0.0000,0.0000,1108,2025-10-17T21:54:10.614586
555,24,2,40,1.3550,588.5571,172.3275,{},73.5696,0.3782,6.7132,[],[],0.3278,0.3955,0.2767,0.0000,0.0000,1110,2025-10-17T21:54:10.635256
556,24,3,40,1.3597,582.5071,172.7075,{},72.8134,0.3782,6.7693,[],[],0.3184,0.3997,0.2818,0.0000,0.0000,1112,2025-10-17T21:54:10.657627
557,24,4,40,1.3638,583.9616,171.2190,{},72.9952,0.3759,6.7058,[],[],0.3264,0.3945,0.2791,0.0000,0.0000,1114,2025-10-17T21:54:10.678241
558,24,5,40,1.3673,580.0921,169.3149,{},72.5115,0.3804,6.6415,[],[],0.3286,0.3932,0.2782,0.0000,0.0000,1116,2025-10-17T21:54:10.701112
559,24,6,40,1.3704,587.4334,170.1625,{},73.4292,0.3850,6.6676,[],[],0.3379,0.3866,0.2755,0.0000,0.0000,1118,2025-10-17T21:54:10.721781
560,24,7,40,1.3731,584.9450,168.9946,{},73.1181,0.3811,6.6578,[],[],0.3440,0.3799,0.2761,0.0000,0.0000,1120,2025-10-17T21:54:10.743578
561,24,8,40,1.3754,587.7080,169.0391,{},73.4635,0.3780,6.6656,[],[],0.3467,0.3784,0.2748,0.0000,0.0000,1122,2025-10-17T21:54:10.764011
562,24,9,40,1.3775,581.0534,169.1982,{},72.6317,0.3772,6.6727,[],[],0.3375,0.3829,0.2795,0.0000,0.0000,1124,2025-10-17T21:54:10.784447
563,24,10,40,1.3793,581.2875,169.7591,{},72.6609,0.3790,6.6718,[],[],0.3289,0.3915,0.2795,0.0000,0.0000,1126,2025-10-17T21:54:10.805087
564,24,11,40,1.3808,575.9858,169.3541,{},71.9982,0.3791,6.6909,[],[],0.3279,0.3885,0.2836,0.0000,0.0000,1128,2025-10-17T21:54:10.825646
565,24,12,40,1.3822,586.0377,170.8255,{},73.2547,0.3793,6.7325,[],[],0.3353,0.3823,0.2824,0.0000,0.0000,1130,2025-10-17T21:54:10.846247
566,24,13,40,1.3856,590.7661,170.9985,{},73.8458,0.3766,6.6965,[],[],0.3370,0.3857,0.2773,0.0000,0.0000,1132,2025-10-17T21:54:10.869833
567,24,14,40,1.3909,591.4478,171.6594,{},73.9310,0.3737,6.7119,[],[],0.3323,0.3921,0.2756,0.0000,0.0000,1134,2025-10-17T21:54:10.890091
568,24,15,40,1.3956,599.5410,174.0962,{},74.9426,0.3762,6.7867,[],[],0.3278,0.3975,0.2747,0.0000,0.0000,1136,2025-10-17T21:54:10.910531
569,24,16,40,1.3997,587.8634,171.0662,{},73.4829,0.3738,6.7207,[],[],0.3343,0.3883,0.2774,0.0000,0.0000,1138,2025-10-17T21:54:10.932226
570,24,17,40,1.4033,600.2937,172.7413,{},75.0367,0.3743,6.7441,[],[],0.3402,0.3887,0.2711,0.0000,0.0000,1140,2025-10-17T21:54:10.955135
571,24,18,40,1.4063,600.8689,173.7609,{},75.1086,0.3773,6.7876,[],[],0.3356,0.3948,0.2697,0.0000,0.0000,1142,2025-10-17T21:54:10.975690
572,24,19,40,1.4089,602.1376,175.8082,{},75.2672,0.3756,6.8659,[],[],0.3306,0.3982,0.2712,0.0000,0.0000,1144,2025-10-17T21:54:10.997727
573,24,20,40,1.4112,604.7472,177.2043,{},75.5934,0.3788,6.9449,[],[],0.3334,0.3943,0.2722,0.0000,0.0000,1146,2025-10-17T21:54:11.018021
574,24,21,40,1.4132,595.0852,176.8858,{},74.3856,0.3768,6.9388,[],[],0.3217,0.4009,0.2775,0.0000,0.0000,1148,2025-10-17T21:54:11.038568
575,24,22,40,1.4150,582.0241,175.5755,{},72.7530,0.3769,6.9379,[],[],0.3113,0.4034,0.2852,0.0000,0.0000,1150,2025-10-17T21:54:11.061603
576,24,23,40,1.4165,580.8417,174.2311,{},72.6052,0.3786,6.8970,[],[],0.3164,0.3978,0.2858,0.0000,0.0000,1152,2025-10-17T21:54:11.082353
577,25,0,40,1.4178,590.2282,175.5524,{},73.7785,0.3804,6.9245,[],[],0.3200,0.3980,0.2820,0.0000,0.0000,1154,2025-10-17T21:54:11.103791
578,25,1,40,1.4208,586.2290,176.3658,{},73.2786,0.3789,6.9422,[],[],0.3046,0.4093,0.2861,0.0000,0.0000,1156,2025-10-17T21:54:11.124406
579,25,2,40,1.4255,592.3484,177.4567,{},74.0435,0.3790,6.9841,[],[],0.3092,0.4071,0.2838,0.0000,0.0000,1158,2025-10-17T21:54:11.146453
580,25,3,40,1.4297,605.2800,178.6186,{},75.6600,0.3808,6.9825,[],[],0.3187,0.4043,0.2770,0.0000,0.0000,1160,2025-10-17T21:54:11.168553
581,25,4,40,1.4333,591.0229,175.9700,{},73.8779,0.3813,6.8566,[],[],0.3084,0.4116,0.2800,0.0000,0.0000,1162,2025-10-17T21:54:11.190572
582,25,5,40,1.4364,584.5398,173.5823,{},73.0675,0.3782,6.7474,[],[],0.3114,0.4115,0.2772,0.0000,0.0000,1164,2025-10-17T21:54:11.210740
583,25,6,40,1.4391,600.7538,176.2468,{},75.0942,0.3785,6.8224,[],[],0.3233,0.4042,0.2724,0.0000,0.0000,1166,2025-10-17T21:54:11.231471
584,25,7,40,1.4414,607.3319,176.1380,{},75.9165,0.3821,6.7936,[],[],0.3317,0.3995,0.2688,0.0000,0.0000,1168,2025-10-17T21:54:11.251311
585,25,8,40,1.4434,603.8843,176.2055,{},75.4855,0.3801,6.7945,[],[],0.3289,0.4036,0.2674,0.0000,0.0000,1170,2025-10-17T21:54:11.271969
586,25,9,40,1.4452,606.5479,177.2455,{},75.8185,0.3768,6.8429,[],[],0.3314,0.3996,0.2690,0.0000,0.0000,1172,2025-10-17T21:54:11.292538
587,25,10,40,1.4467,593.4640,176.4989,{},74.1830,0.3742,6.8227,[],[],0.3128,0.4144,0.2727,0.0000,0.0000,1174,2025-10-17T21:54:11.312937
588,25,11,40,1.4480,594.7851,177.8238,{},74.3481,0.3795,6.8831,[],[],0.3119,0.4153,0.2727,0.0000,0.0000,1176,2025-10-17T21:54:11.336783
589,25,12,40,1.4492,596.5320,177.4546,{},74.5665,0.3784,6.8727,[],[],0.3192,0.4075,0.2732,0.0000,0.0000,1178,2025-10-17T21:54:11.359576
590,25,13,40,1.4521,593.7865,177.9635,{},74.2233,0.3759,6.9111,[],[],0.3120,0.4115,0.2765,0.0000,0.0000,1180,2025-10-17T21:54:11.380237
591,25,14,40,1.4567,600.1025,179.6346,{},75.0128,0.3770,6.9662,[],[],0.3082,0.4175,0.2743,0.0000,0.0000,1182,2025-10-17T21:54:11.402266
592,25,15,40,1.4609,602.6429,179.2488,{},75.3304,0.3760,6.9743,[],[],0.3193,0.4091,0.2716,0.0000,0.0000,1184,2025-10-17T21:54:11.422722
593,25,16,40,1.4645,603.3007,179.7686,{},75.4126,0.3709,6.9880,[],[],0.3189,0.4085,0.2726,0.0000,0.0000,1186,2025-10-17T21:54:11.443465
594,25,17,40,1.4676,595.6790,179.5510,{},74.4599,0.3718,6.9814,[],[],0.3061,0.4178,0.2761,0.0000,0.0000,1188,2025-10-17T21:54:11.464220
595,25,18,40,1.4702,584.1629,177.5185,{},73.0204,0.3718,6.9396,[],[],0.3034,0.4151,0.2815,0.0000,0.0000,1190,2025-10-17T21:54:11.486316
596,25,19,40,1.4725,584.0352,179.3933,{},73.0044,0.3683,7.0231,[],[],0.2948,0.4235,0.2816,0.0000,0.0000,1192,2025-10-17T21:54:11.506939
597,25,20,40,1.4745,570.3269,175.7375,{},71.2909,0.3740,6.9138,[],[],0.2974,0.4136,0.2890,0.0000,0.0000,1194,2025-10-17T21:54:11.526996
598,25,21,40,1.4763,570.9543,176.2713,{},71.3693,0.3719,6.9385,[],[],0.2970,0.4129,0.2901,0.0000,0.0000,1196,2025-10-17T21:54:11.547378
599,25,22,40,1.4778,556.5853,174.5436,{},69.5732,0.3736,6.9003,[],[],0.2866,0.4166,0.2968,0.0000,0.0000,1198,2025-10-17T21:54:11.569461
600,25,23,40,1.4791,563.3858,173.8751,{},70.4232,0.3772,6.8294,[],[],0.2964,0.4135,0.2901,0.0000,0.0000,1200,2025-10-17T21:54:11.590125
601,26,0,40,1.4802,570.3754,174.9505,{},71.2969,0.3743,6.8321,[],[],0.3015,0.4127,0.2858,0.0000,0.0000,1202,2025-10-17T21:54:11.612354
602,26,1,40,1.4846,572.7263,174.4614,{},71.5908,0.3749,6.8181,[],[],0.3051,0.4109,0.2840,0.0000,0.0000,1204,2025-10-17T21:54:11.632238
603,26,2,40,1.4919,583.1245,176.7370,{},72.8906,0.3716,6.9307,[],[],0.3133,0.4040,0.2826,0.0000,0.0000,1206,2025-10-17T21:54:11.652007
604,26,3,40,1.4985,589.6080,176.7559,{},73.7010,0.3735,6.8627,[],[],0.3191,0.4042,0.2767,0.0000,0.0000,1208,2025-10-17T21:54:11.672229
605,26,4,40,1.5042,591.8748,176.2284,{},73.9844,0.3753,6.8466,[],[],0.3271,0.3944,0.2786,0.0000,0.0000,1210,2025-10-17T21:54:11.693441
606,26,5,40,1.5092,588.5305,175.8421,{},73.5663,0.3702,6.8264,[],[],0.3208,0.3990,0.2802,0.0000,0.0000,1212,2025-10-17T21:54:11.713864
607,26,6,40,1.5135,599.8841,177.0737,{},74.9855,0.3726,6.8445,[],[],0.3276,0.3980,0.2744,0.0000,0.0000,1214,2025-10-17T21:54:11.734446
608,26,7,40,1.5172,601.2089,174.9232,{},75.1511,0.3718,6.7406,[],[],0.3399,0.3890,0.2710,0.0000,0.0000,1216,2025-10-17T21:54:11.756442
609,26,8,40,1.5204,609.1172,176.4685,{},76.1396,0.3693,6.7784,[],[],0.3399,0.3904,0.2697,0.0000,0.0000,1218,2025-10-17T21:54:11.776887
610,26,9,40,1.5233,625.0274,178.5312,{},78.1284,0.3679,6.8011,[],[],0.3437,0.3927,0.2635,0.0000,0.0000,1220,2025-10-17T21:54:11.797374
611,26,10,40,1.5257,617.2301,176.0534,{},77.1538,0.3721,6.7288,[],[],0.3446,0.3898,0.2656,0.0000,0.0000,1222,2025-10-17T21:54:11.817650
612,26,11,40,1.5279,617.5619,176.4457,{},77.1952,0.3718,6.7323,[],[],0.3405,0.3939,0.2656,0.0000,0.0000,1224,2025-10-17T21:54:11.837747
613,26,12,40,1.5298,594.5922,174.2931,{},74.3240,0.3724,6.6792,[],[],0.3196,0.4073,0.2731,0.0000,0.0000,1226,2025-10-17T21:54:11.857582
614,26,13,40,1.5345,591.7287,173.0540,{},73.9661,0.3707,6.6057,[],[],0.3211,0.4073,0.2716,0.0000,0.0000,1228,2025-10-17T21:54:11.877641
615,26,14,40,1.5418,584.8946,171.7936,{},73.1118,0.3699,6.5765,[],[],0.3209,0.4035,0.2755,0.0000,0.0000,1230,2025-10-17T21:54:11.897977
616,26,15,40,1.5484,586.7835,173.2832,{},73.3479,0.3663,6.6534,[],[],0.3158,0.4088,0.2754,0.0000,0.0000,1232,2025-10-17T21:54:11.918641
617,26,16,40,1.5540,590.8305,173.1133,{},73.8538,0.3653,6.6405,[],[],0.3225,0.4061,0.2714,0.0000,0.0000,1234,2025-10-17T21:54:11.938726
618,26,17,40,1.5589,593.9965,173.7544,{},74.2496,0.3681,6.6784,[],[],0.3209,0.4105,0.2687,0.0000,0.0000,1236,2025-10-17T21:54:11.958670
619,26,18,40,1.5632,597.6328,173.0371,{},74.7041,0.3725,6.6398,[],[],0.3319,0.4038,0.2643,0.0000,0.0000,1238,2025-10-17T21:54:11.978205
620,26,19,40,1.5668,581.6926,171.7384,{},72.7116,0.3723,6.6125,[],[],0.3192,0.4106,0.2702,0.0000,0.0000,1240,2025-10-17T21:54:11.997650
621,26,20,40,1.5700,589.8953,172.8595,{},73.7369,0.3745,6.6681,[],[],0.3320,0.3987,0.2693,0.0000,0.0000,1242,2025-10-17T21:54:12.017157
622,26,21,40,1.5727,595.2491,173.1125,{},74.4061,0.3752,6.6265,[],[],0.3380,0.3973,0.2648,0.0000,0.0000,1244,2025-10-17T21:54:12.037140
623,26,22,40,1.5750,594.4936,173.2429,{},74.3117,0.3703,6.6296,[],[],0.3341,0.4000,0.2659,0.0000,0.0000,1246,2025-10-17T21:54:12.057844
624,26,23,40,1.5771,603.1672,173.0359,{},75.3959,0.3752,6.6043,[],[],0.3462,0.3924,0.2614,0.0000,0.0000,1248,2025-10-17T21:54:12.077322
625,27,0,40,1.5789,603.9233,172.8303,{},75.4904,0.3779,6.5729,[],[],0.3460,0.3922,0.2618,0.0000,0.0000,1250,2025-10-17T21:54:12.097672
626,27,1,40,1.5814,601.6756,172.1477,{},75.2094,0.3779,6.5779,[],[],0.3464,0.3889,0.2647,0.0000,0.0000,1252,2025-10-17T21:54:12.117694
627,27,2,40,1.5846,598.0519,173.6289,{},74.7565,0.3793,6.6452,[],[],0.3374,0.3965,0.2661,0.0000,0.0000,1254,2025-10-17T21:54:12.138165
628,27,3,40,1.5875,599.7236,173.9620,{},74.9654,0.3777,6.6678,[],[],0.3385,0.3965,0.2650,0.0000,0.0000,1256,2025-10-17T21:54:12.160250
629,27,4,40,1.5900,603.9977,174.5678,{},75.4997,0.3776,6.6897,[],[],0.3420,0.3924,0.2656,0.0000,0.0000,1258,2025-10-17T21:54:12.180870
630,27,5,40,1.5921,597.6086,173.1141,{},74.7011,0.3765,6.6453,[],[],0.3401,0.3933,0.2667,0.0000,0.0000,1260,2025-10-17T21:54:12.201471
631,27,6,40,1.5940,596.5058,172.5953,{},74.5632,0.3718,6.6096,[],[],0.3353,0.3993,0.2655,0.0000,0.0000,1262,2025-10-17T21:54:12.223421
632,27,7,40,1.5956,589.3585,170.9992,{},73.6698,0.3762,6.5611,[],[],0.3341,0.3968,0.2691,0.0000,0.0000,1264,2025-10-17T21:54:12.243654
633,27,8,40,1.5970,582.4513,170.2105,{},72.8064,0.3771,6.5485,[],[],0.3290,0.3962,0.2748,0.0000,0.0000,1266,2025-10-17T21:54:12.263711
634,27,9,40,1.5982,574.1494,170.7377,{},71.7687,0.3763,6.5695,[],[],0.3147,0.4054,0.2798,0.0000,0.0000,1268,2025-10-17T21:54:12.283400
635,27,10,40,1.5992,563.9997,170.6568,{},70.5000,0.3764,6.5792,[],[],0.2978,0.4140,0.2882,0.0000,0.0000,1270,2025-10-17T21:54:12.302523
636,27,11,40,1.6002,558.7041,170.3338,{},69.8380,0.3780,6.6045,[],[],0.2911,0.4191,0.2898,0.0000,0.0000,1272,2025-10-17T21:54:12.321473
637,27,12,40,1.6010,548.9473,168.9205,{},68.6184,0.3751,6.5677,[],[],0.2827,0.4257,0.2916,0.0000,0.0000,1274,2025-10-17T21:54:12.340454
638,27,13,40,1.6031,543.2958,167.8941,{},67.9120,0.3771,6.5048,[],[],0.2802,0.4269,0.2928,0.0000,0.0000,1276,2025-10-17T21:54:12.359178
639,27,14,40,1.6065,545.9798,166.3704,{},68.2475,0.3810,6.4108,[],[],0.2918,0.4171,0.2911,0.0000,0.0000,1278,2025-10-17T21:54:12.378118
640,27,15,40,1.6095,545.2282,166.1919,{},68.1535,0.3802,6.4276,[],[],0.2958,0.4130,0.2912,0.0000,0.0000,1280,2025-10-17T21:54:12.397046
641,27,16,40,1.6121,553.5274,168.6588,{},69.1909,0.3840,6.5092,[],[],0.2950,0.4148,0.2902,0.0000,0.0000,1282,2025-10-17T21:54:12.416868
642,27,17,40,1.6143,555.2726,169.6576,{},69.4091,0.3820,6.5499,[],[],0.2940,0.4155,0.2905,0.0000,0.0000,1284,2025-10-17T21:54:12.435819
643,27,18,40,1.6163,560.7889,169.2290,{},70.0986,0.3831,6.5485,[],[],0.3076,0.4043,0.2881,0.0000,0.0000,1286,2025-10-17T21:54:12.454118
644,27,19,40,1.6179,559.8149,169.2157,{},69.9769,0.3812,6.5729,[],[],0.3075,0.4042,0.2884,0.0000,0.0000,1288,2025-10-17T21:54:12.471531
645,27,20,40,1.6194,569.7723,171.0589,{},71.2215,0.3808,6.6368,[],[],0.3145,0.4010,0.2845,0.0000,0.0000,1290,2025-10-17T21:54:12.490237
646,27,21,40,1.6206,569.4528,170.9238,{},71.1816,0.3833,6.6539,[],[],0.3185,0.3943,0.2873,0.0000,0.0000,1292,2025-10-17T21:54:12.508744
647,27,22,40,1.6217,571.2867,171.3714,{},71.4108,0.3777,6.6768,[],[],0.3171,0.3968,0.2861,0.0000,0.0000,1294,2025-10-17T21:54:12.527577
648,27,23,40,1.6227,570.3735,172.1664,{},71.2967,0.3770,6.7242,[],[],0.3135,0.3966,0.2899,0.0000,0.0000,1296,2025-10-17T21:54:12.546498
649,28,0,40,1.6235,563.8986,172.0654,{},70.4873,0.3787,6.7632,[],[],0.3080,0.3968,0.2952,0.0000,0.0000,1298,2025-10-17T21:54:12.565847
650,28,1,40,1.6259,569.2696,173.9371,{},71.1587,0.3790,6.8338,[],[],0.3056,0.3993,0.2951,0.0000,0.0000,1300,2025-10-17T21:54:12.584915
651,28,2,40,1.6296,568.0928,174.7354,{},71.0116,0.3787,6.8525,[],[],0.2937,0.4106,0.2956,0.0000,0.0000,1302,2025-10-17T21:54:12.604636
652,28,3,40,1.6330,556.9176,172.7438,{},69.6147,0.3779,6.7583,[],[],0.2788,0.4234,0.2978,0.0000,0.0000,1304,2025-10-17T21:54:12.624581
653,28,4,40,1.6359,556.3787,172.3028,{},69.5473,0.3739,6.7260,[],[],0.2795,0.4239,0.2966,0.0000,0.0000,1306,2025-10-17T21:54:12.645202
654,28,5,40,1.6384,560.5389,173.2367,{},70.0674,0.3724,6.7526,[],[],0.2775,0.4273,0.2952,0.0000,0.0000,1308,2025-10-17T21:54:12.665650
655,28,6,40,1.6406,555.3360,171.7665,{},69.4170,0.3695,6.6746,[],[],0.2719,0.4317,0.2965,0.0000,0.0000,1310,2025-10-17T21:54:12.685965
656,28,7,40,1.6425,558.7933,171.6184,{},69.8492,0.3722,6.6575,[],[],0.2751,0.4290,0.2959,0.0000,0.0000,1312,2025-10-17T21:54:12.705902
657,28,8,40,1.6442,556.7656,170.4213,{},69.5957,0.3723,6.5583,[],[],0.2674,0.4394,0.2933,0.0000,0.0000,1314,2025-10-17T21:54:12.725346
658,28,9,40,1.6457,564.6314,173.4910,{},70.5789,0.3733,6.7071,[],[],0.2684,0.4418,0.2898,0.0000,0.0000,1316,2025-10-17T21:54:12.742712
659,28,10,40,1.6470,581.5161,175.9365,{},72.6895,0.3737,6.7629,[],[],0.2815,0.4351,0.2834,0.0000,0.0000,1318,2025-10-17T21:54:12.759579
660,28,11,40,1.6481,577.1788,176.4144,{},72.1473,0.3728,6.8163,[],[],0.2715,0.4425,0.2860,0.0000,0.0000,1320,2025-10-17T21:54:12.776522
661,28,12,40,1.6492,591.2934,177.4180,{},73.9117,0.3712,6.8204,[],[],0.2896,0.4298,0.2806,0.0000,0.0000,1322,2025-10-17T21:54:12.793427
662,28,13,40,1.6517,599.4380,176.9848,{},74.9297,0.3717,6.7870,[],[],0.3058,0.4183,0.2759,0.0000,0.0000,1324,2025-10-17T21:54:12.810128
663,28,14,40,1.6555,608.0433,178.2608,{},76.0054,0.3690,6.8197,[],[],0.3096,0.4164,0.2740,0.0000,0.0000,1326,2025-10-17T21:54:12.826895
664,28,15,40,1.6590,605.3202,179.7538,{},75.6650,0.3700,6.9237,[],[],0.3031,0.4184,0.2785,0.0000,0.0000,1328,2025-10-17T21:54:12.843913
665,28,16,40,1.6621,613.0613,180.8319,{},76.6327,0.3694,6.9526,[],[],0.3072,0.4152,0.2776,0.0000,0.0000,1330,2025-10-17T21:54:12.860544
666,28,17,40,1.6647,612.5898,181.1000,{},76.5737,0.3651,6.9901,[],[],0.3112,0.4097,0.2791,0.0000,0.0000,1332,2025-10-17T21:54:12.877329
667,28,18,40,1.6670,609.5012,179.7730,{},76.1877,0.3685,6.9184,[],[],0.3129,0.4080,0.2791,0.0000,0.0000,1334,2025-10-17T21:54:12.898432
668,28,19,40,1.6691,607.4460,179.6722,{},75.9308,0.3690,6.9448,[],[],0.3142,0.4031,0.2827,0.0000,0.0000,1336,2025-10-17T21:54:12.921063
669,28,20,40,1.6708,600.5419,178.9211,{},75.0677,0.3684,6.9290,[],[],0.3057,0.4098,0.2845,0.0000,0.0000,1338,2025-10-17T21:54:12.941372
670,28,21,40,1.6724,605.3518,179.5199,{},75.6690,0.3684,6.9533,[],[],0.3114,0.4065,0.2821,0.0000,0.0000,1340,2025-10-17T21:54:12.962429
671,28,22,40,1.6737,609.2843,178.8670,{},76.1605,0.3647,6.9167,[],[],0.3213,0.3977,0.2810,0.0000,0.0000,1342,2025-10-17T21:54:12.983613
672,28,23,40,1.6748,617.7708,180.8180,{},77.2213,0.3605,6.9756,[],[],0.3208,0.4020,0.2772,0.0000,0.0000,1344,2025-10-17T21:54:13.004575
673,29,0,40,1.6759,613.3572,179.4527,{},76.6697,0.3609,6.9383,[],[],0.3270,0.3931,0.2798,0.0000,0.0000,1346,2025-10-17T21:54:13.025280
674,29,1,40,1.6786,616.7971,180.1353,{},77.0996,0.3585,6.9454,[],[],0.3293,0.3910,0.2797,0.0000,0.0000,1348,2025-10-17T21:54:13.044942
675,29,2,40,1.6828,603.6575,180.1086,{},75.4572,0.3575,7.0016,[],[],0.3087,0.4057,0.2857,0.0000,0.0000,1350,2025-10-17T21:54:13.064803
676,29,3,40,1.6867,595.1553,180.6260,{},74.3944,0.3554,7.0071,[],[],0.2928,0.4176,0.2896,0.0000,0.0000,1352,2025-10-17T21:54:13.087166
677,29,4,40,1.6900,601.1894,181.6532,{},75.1487,0.3584,7.0289,[],[],0.2939,0.4194,0.2866,0.0000,0.0000,1354,2025-10-17T21:54:13.106511
678,29,5,40,1.6929,597.9625,181.8443,{},74.7453,0.3613,7.0453,[],[],0.2916,0.4196,0.2888,0.0000,0.0000,1356,2025-10-17T21:54:13.124034
679,29,6,40,1.6954,593.8641,181.1863,{},74.2330,0.3591,7.0231,[],[],0.2895,0.4205,0.2900,0.0000,0.0000,1358,2025-10-17T21:54:13.140672
680,29,7,40,1.6976,607.5487,180.8349,{},75.9436,0.3626,6.9603,[],[],0.3069,0.4130,0.2801,0.0000,0.0000,1360,2025-10-17T21:54:13.157392
681,29,8,40,1.6994,625.2731,181.7548,{},78.1591,0.3635,6.9102,[],[],0.3214,0.4071,0.2715,0.0000,0.0000,1362,2025-10-17T21:54:13.174154
682,29,9,40,1.7010,630.5018,183.8597,{},78.8127,0.3634,7.0285,[],[],0.3225,0.4057,0.2717,0.0000,0.0000,1364,2025-10-17T21:54:13.191061
683,29,10,40,1.7024,620.3311,182.6704,{},77.5414,0.3644,7.0325,[],[],0.3161,0.4084,0.2755,0.0000,0.0000,1366,2025-10-17T21:54:13.207873
684,29,11,40,1.7036,619.1787,181.4944,{},77.3973,0.3653,6.9798,[],[],0.3206,0.4054,0.2740,0.0000,0.0000,1368,2025-10-17T21:54:13.224705
685,29,12,40,1.7047,631.6871,184.7427,{},78.9609,0.3630,7.1143,[],[],0.3258,0.4031,0.2711,0.0000,0.0000,1370,2025-10-17T21:54:13.241653
686,29,13,40,1.7074,629.9612,183.7008,{},78.7452,0.3627,7.0781,[],[],0.3306,0.3982,0.2712,0.0000,0.0000,1372,2025-10-17T21:54:13.259555
687,29,14,40,1.7117,626.0038,184.1103,{},78.2505,0.3580,7.1087,[],[],0.3288,0.3969,0.2742,0.0000,0.0000,1374,2025-10-17T21:54:13.287000
688,29,15,40,1.7155,628.2556,183.7744,{},78.5319,0.3602,7.0997,[],[],0.3354,0.3914,0.2732,0.0000,0.0000,1376,2025-10-17T21:54:13.309965
689,29,16,40,1.7188,627.3234,182.1405,{},78.4154,0.3603,6.9977,[],[],0.3359,0.3959,0.2683,0.0000,0.0000,1378,2025-10-17T21:54:13.333015
690,29,17,40,1.7216,613.2053,179.7157,{},76.6507,0.3624,6.8834,[],[],0.3278,0.4031,0.2691,0.0000,0.0000,1380,2025-10-17T21:54:13.354343
691,29,18,40,1.7241,607.5605,178.2159,{},75.9451,0.3664,6.8097,[],[],0.3229,0.4069,0.2702,0.0000,0.0000,1382,2025-10-17T21:54:13.375836
692,29,19,40,1.7262,595.4618,176.2525,{},74.4327,0.3611,6.7161,[],[],0.3091,0.4173,0.2736,0.0000,0.0000,1384,2025-10-17T21:54:13.398280
693,29,20,40,1.7280,597.5319,176.8674,{},74.6915,0.3638,6.7250,[],[],0.3080,0.4199,0.2721,0.0000,0.0000,1386,2025-10-17T21:54:13.418552
694,29,21,40,1.7296,596.6853,176.4967,{},74.5857,0.3656,6.7236,[],[],0.3084,0.4205,0.2711,0.0000,0.0000,1388,2025-10-17T21:54:13.439291
695,29,22,40,1.7310,590.1193,176.5980,{},73.7649,0.3689,6.7504,[],[],0.2954,0.4313,0.2733,0.0000,0.0000,1390,2025-10-17T21:54:13.458762
696,29,23,40,1.7322,590.0977,174.7390,{},73.7622,0.3676,6.6688,[],[],0.2995,0.4273,0.2732,0.0000,0.0000,1392,2025-10-17T21:54:13.478077
697,30,0,40,1.7333,597.7182,177.7594,{},74.7148,0.3663,6.7574,[],[],0.2916,0.4360,0.2724,0.0000,0.0000,1394,2025-10-17T21:54:13.495290
698,30,1,40,1.7371,578.9489,175.9078,{},72.3686,0.3663,6.7343,[],[],0.2724,0.4463,0.2813,0.0000,0.0000,1396,2025-10-17T21:54:13.511902
699,30,2,40,1.7434,579.6089,176.1820,{},72.4511,0.3660,6.7314,[],[],0.2732,0.4463,0.2805,0.0000,0.0000,1398,2025-10-17T21:54:13.528881
700,30,3,40,1.7491,588.6460,177.4608,{},73.5807,0.3661,6.7612,[],[],0.2781,0.4484,0.2736,0.0000,0.0000,1400,2025-10-17T21:54:13.545519
701,30,4,40,1.7540,594.6591,176.9984,{},74.3324,0.3698,6.7451,[],[],0.2929,0.4360,0.2711,0.0000,0.0000,1402,2025-10-17T21:54:13.562015
702,30,5,40,1.7583,608.2261,178.5491,{},76.0283,0.3692,6.7918,[],[],0.3034,0.4307,0.2658,0.0000,0.0000,1404,2025-10-17T21:54:13.578882
703,30,6,40,1.7619,616.4949,181.2460,{},77.0619,0.3698,6.9271,[],[],0.3082,0.4274,0.2644,0.0000,0.0000,1406,2025-10-17T21:54:13.595878
704,30,7,40,1.7651,609.9611,179.4909,{},76.2451,0.3684,6.8417,[],[],0.3041,0.4306,0.2653,0.0000,0.0000,1408,2025-10-17T21:54:13.615533
705,30,8,40,1.7678,611.0665,180.0393,{},76.3833,0.3689,6.8574,[],[],0.3001,0.4364,0.2636,0.0000,0.0000,1410,2025-10-17T21:54:13.639803
706,30,9,40,1.7702,605.4752,178.2338,{},75.6844,0.3663,6.8020,[],[],0.2992,0.4346,0.2662,0.0000,0.0000,1412,2025-10-17T21:54:13.661880
707,30,10,40,1.7722,590.7572,175.3367,{},73.8447,0.3690,6.7043,[],[],0.2904,0.4401,0.2695,0.0000,0.0000,1414,2025-10-17T21:54:13.684067
708,30,11,40,1.7740,586.4708,175.4022,{},73.3089,0.3726,6.7346,[],[],0.2893,0.4377,0.2730,0.0000,0.0000,1416,2025-10-17T21:54:13.705386
709,30,12,40,1.7755,587.1332,173.4429,{},73.3916,0.3752,6.6629,[],[],0.3020,0.4251,0.2729,0.0000,0.0000,1418,2025-10-17T21:54:13.726375
710,30,13,40,1.7794,578.2917,173.4782,{},72.2865,0.3716,6.7070,[],[],0.2893,0.4340,0.2767,0.0000,0.0000,1420,2025-10-17T21:54:13.746768
711,30,14,40,1.7856,571.1230,173.8152,{},71.3904,0.3748,6.7413,[],[],0.2762,0.4443,0.2795,0.0000,0.0000,1422,2025-10-17T21:54:13.768122
712,30,15,40,1.7911,558.4818,170.8555,{},69.8102,0.3751,6.6706,[],[],0.2781,0.4395,0.2824,0.0000,0.0000,1424,2025-10-17T21:54:13.788009
713,30,16,40,1.7959,562.9019,171.4601,{},70.3627,0.3754,6.7156,[],[],0.2806,0.4384,0.2811,0.0000,0.0000,1426,2025-10-17T21:54:13.807816
714,30,17,40,1.8001,562.0522,170.1781,{},70.2565,0.3746,6.6168,[],[],0.2855,0.4372,0.2773,0.0000,0.0000,1428,2025-10-17T21:54:13.827022
715,30,18,40,1.8037,564.0748,169.6072,{},70.5094,0.3717,6.5745,[],[],0.2935,0.4315,0.2750,0.0000,0.0000,1430,2025-10-17T21:54:13.845860
716,30,19,40,1.8069,567.3221,168.7119,{},70.9153,0.3746,6.5147,[],[],0.3009,0.4292,0.2699,0.0000,0.0000,1432,2025-10-17T21:54:13.864913
717,30,20,40,1.8096,563.7678,168.8622,{},70.4710,0.3784,6.5357,[],[],0.2942,0.4347,0.2711,0.0000,0.0000,1434,2025-10-17T21:54:13.884157
718,30,21,40,1.8120,564.0220,169.3011,{},70.5027,0.3749,6.5436,[],[],0.2941,0.4348,0.2711,0.0000,0.0000,1436,2025-10-17T21:54:13.903306
719,30,22,40,1.8140,571.3405,170.2771,{},71.4176,0.3759,6.5706,[],[],0.2949,0.4381,0.2670,0.0000,0.0000,1438,2025-10-17T21:54:13.922546
720,30,23,40,1.8159,576.8936,173.3793,{},72.1117,0.3770,6.6996,[],[],0.2877,0.4428,0.2696,0.0000,0.0000,1440,2025-10-17T21:54:13.941648
721,31,0,40,1.8175,566.7269,173.1494,{},70.8409,0.3771,6.7631,[],[],0.2796,0.4422,0.2781,0.0000,0.0000,1442,2025-10-17T21:54:13.960907
722,31,1,40,1.8208,573.5890,175.9291,{},71.6986,0.3740,6.8693,[],[],0.2807,0.4415,0.2778,0.0000,0.0000,1444,2025-10-17T21:54:13.979933
723,31,2,40,1.8258,573.8590,175.6281,{},71.7324,0.3716,6.8589,[],[],0.2851,0.4350,0.2799,0.0000,0.0000,1446,2025-10-17T21:54:13.999317
724,31,3,40,1.8303,582.8705,176.3318,{},72.8588,0.3692,6.8209,[],[],0.2851,0.4414,0.2735,0.0000,0.0000,1448,2025-10-17T21:54:14.018714
725,31,4,40,1.8341,579.7382,175.1074,{},72.4673,0.3637,6.8014,[],[],0.2910,0.4332,0.2758,0.0000,0.0000,1450,2025-10-17T21:54:14.038528
726,31,5,40,1.8375,579.1916,173.6872,{},72.3990,0.3666,6.7486,[],[],0.2957,0.4296,0.2747,0.0000,0.0000,1452,2025-10-17T21:54:14.058191
727,31,6,40,1.8404,591.5776,176.2652,{},73.9472,0.3704,6.8590,[],[],0.2981,0.4314,0.2705,0.0000,0.0000,1454,2025-10-17T21:54:14.078207
728,31,7,40,1.8428,604.4539,178.9528,{},75.5567,0.3767,6.9271,[],[],0.3044,0.4287,0.2670,0.0000,0.0000,1456,2025-10-17T21:54:14.098752
729,31,8,40,1.8450,617.2530,180.5001,{},77.1566,0.3737,6.9286,[],[],0.3104,0.4282,0.2615,0.0000,0.0000,1458,2025-10-17T21:54:14.120258
730,31,9,40,1.8468,614.6902,178.6302,{},76.8363,0.3757,6.8113,[],[],0.3119,0.4281,0.2600,0.0000,0.0000,1460,2025-10-17T21:54:14.140897
731,31,10,40,1.8484,611.6798,177.1034,{},76.4600,0.3745,6.7470,[],[],0.3177,0.4222,0.2601,0.0000,0.0000,1462,2025-10-17T21:54:14.161574
732,31,11,40,1.8498,608.5506,176.4669,{},76.0688,0.3715,6.7228,[],[],0.3194,0.4205,0.2601,0.0000,0.0000,1464,2025-10-17T21:54:14.182257
733,31,12,40,1.8511,610.7603,175.3503,{},76.3450,0.3685,6.6787,[],[],0.3265,0.4149,0.2586,0.0000,0.0000,1466,2025-10-17T21:54:14.202771
734,31,13,40,1.8542,605.8813,175.0746,{},75.7352,0.3702,6.7033,[],[],0.3250,0.4121,0.2629,0.0000,0.0000,1468,2025-10-17T21:54:14.222387
735,31,14,40,1.8591,593.1518,172.8114,{},74.1440,0.3683,6.6343,[],[],0.3235,0.4107,0.2658,0.0000,0.0000,1470,2025-10-17T21:54:14.242417
736,31,15,40,1.8636,583.3459,172.7612,{},72.9182,0.3726,6.6793,[],[],0.3159,0.4136,0.2705,0.0000,0.0000,1472,2025-10-17T21:54:14.261529
737,31,16,40,1.8674,600.3892,175.0672,{},75.0486,0.3760,6.7290,[],[],0.3280,0.4063,0.2656,0.0000,0.0000,1474,2025-10-17T21:54:14.280994
738,31,17,40,1.8708,610.5961,175.4236,{},76.3245,0.3730,6.6696,[],[],0.3350,0.4058,0.2592,0.0000,0.0000,1476,2025-10-17T21:54:14.300057
739,31,18,40,1.8736,616.6655,176.6295,{},77.0832,0.3730,6.7149,[],[],0.3399,0.4020,0.2581,0.0000,0.0000,1478,2025-10-17T21:54:14.318866
740,31,19,40,1.8761,615.0582,177.6105,{},76.8823,0.3712,6.7625,[],[],0.3326,0.4093,0.2581,0.0000,0.0000,1480,2025-10-17T21:54:14.337823
741,31,20,40,1.8782,620.2365,178.1252,{},77.5296,0.3726,6.7624,[],[],0.3379,0.4061,0.2560,0.0000,0.0000,1482,2025-10-17T21:54:14.356682
742,31,21,40,1.8801,629.6201,180.7207,{},78.7025,0.3734,6.8609,[],[],0.3369,0.4081,0.2549,0.0000,0.0000,1484,2025-10-17T21:54:14.375746
743,31,22,40,1.8817,626.6975,182.4364,{},78.3372,0.3700,6.9646,[],[],0.3304,0.4101,0.2595,0.0000,0.0000,1486,2025-10-17T21:54:14.394525
744,31,23,40,1.8831,635.8571,182.8756,{},79.4821,0.3737,6.9312,[],[],0.3376,0.4085,0.2539,0.0000,0.0000,1488,2025-10-17T21:54:14.413180
745,32,0,40,1.8843,634.7638,184.2081,{},79.3455,0.3731,6.9614,[],[],0.3264,0.4172,0.2564,0.0000,0.0000,1490,2025-10-17T21:54:14.433327
746,32,1,40,1.8871,639.2309,182.7270,{},79.9039,0.3692,6.8425,[],[],0.3318,0.4181,0.2501,0.0000,0.0000,1492,2025-10-17T21:54:14.453624
747,32,2,40,1.8914,646.8810,180.3514,{},80.8601,0.3693,6.7118,[],[],0.3470,0.4090,0.2440,0.0000,0.0000,1494,2025-10-17T21:54:14.473424
748,32,3,40,1.8953,615.3952,177.5114,{},76.9244,0.3696,6.7042,[],[],0.3192,0.4237,0.2571,0.0000,0.0000,1496,2025-10-17T21:54:14.493891
749,32,4,40,1.8986,604.9404,177.8631,{},75.6175,0.3735,6.7978,[],[],0.3076,0.4289,0.2635,0.0000,0.0000,1498,2025-10-17T21:54:14.514405
750,32,5,40,1.9014,597.8782,176.6050,{},74.7348,0.3718,6.7647,[],[],0.3027,0.4299,0.2674,0.0000,0.0000,1500,2025-10-17T21:54:14.531615
751,32,6,40,1.9039,613.6161,178.1032,{},76.7020,0.3741,6.7581,[],[],0.3151,0.4250,0.2599,0.0000,0.0000,1502,2025-10-17T21:54:14.548862
752,32,7,40,1.9060,606.2446,176.6983,{},75.7806,0.3715,6.6872,[],[],0.3104,0.4300,0.2596,0.0000,0.0000,1504,2025-10-17T21:54:14.565930
753,32,8,40,1.9078,608.1724,177.8553,{},76.0215,0.3707,6.7490,[],[],0.3051,0.4348,0.2601,0.0000,0.0000,1506,2025-10-17T21:54:14.583256
754,32,9,40,1.9095,620.1478,179.3037,{},77.5185,0.3714,6.8138,[],[],0.3192,0.4243,0.2565,0.0000,0.0000,1508,2025-10-17T21:54:14.600894
755,32,10,40,1.9108,617.1531,179.2503,{},77.1441,0.3737,6.8129,[],[],0.3165,0.4244,0.2591,0.0000,0.0000,1510,2025-10-17T21:54:14.618916
756,32,11,40,1.9121,620.2924,179.8085,{},77.5365,0.3699,6.8289,[],[],0.3187,0.4221,0.2592,0.0000,0.0000,1512,2025-10-17T21:54:14.636931
757,32,12,40,1.9131,622.9727,180.2322,{},77.8716,0.3718,6.8284,[],[],0.3211,0.4202,0.2587,0.0000,0.0000,1514,2025-10-17T21:54:14.655492
758,32,13,40,1.9158,632.8147,181.0085,{},79.1018,0.3689,6.8448,[],[],0.3318,0.4136,0.2547,0.0000,0.0000,1516,2025-10-17T21:54:14.674487
759,32,14,40,1.9200,622.5977,180.5834,{},77.8247,0.3655,6.8564,[],[],0.3169,0.4223,0.2608,0.0000,0.0000,1518,2025-10-17T21:54:14.693531
760,32,15,40,1.9238,623.2796,181.4583,{},77.9099,0.3725,6.8873,[],[],0.3124,0.4277,0.2599,0.0000,0.0000,1520,2025-10-17T21:54:14.710917
761,32,16,40,1.9271,630.5791,182.7440,{},78.8224,0.3721,6.9473,[],[],0.3206,0.4206,0.2588,0.0000,0.0000,1522,2025-10-17T21:54:14.730265
762,32,17,40,1.9299,625.4935,181.1546,{},78.1867,0.3738,6.8656,[],[],0.3191,0.4219,0.2589,0.0000,0.0000,1524,2025-10-17T21:54:14.750177
763,32,18,40,1.9324,622.0506,179.9925,{},77.7563,0.3693,6.8526,[],[],0.3209,0.4181,0.2610,0.0000,0.0000,1526,2025-10-17T21:54:14.770887
764,32,19,40,1.9345,613.2403,177.1731,{},76.6550,0.3676,6.7208,[],[],0.3174,0.4219,0.2607,0.0000,0.0000,1528,2025-10-17T21:54:14.792588
765,32,20,40,1.9363,599.5429,177.4058,{},74.9429,0.3682,6.8136,[],[],0.3039,0.4274,0.2687,0.0000,0.0000,1530,2025-10-17T21:54:14.812585
766,32,21,40,1.9380,595.2605,177.4772,{},74.4076,0.3708,6.8379,[],[],0.3019,0.4261,0.2720,0.0000,0.0000,1532,2025-10-17T21:54:14.831720
767,32,22,40,1.9394,603.0591,177.0196,{},75.3824,0.3732,6.7741,[],[],0.3104,0.4267,0.2630,0.0000,0.0000,1534,2025-10-17T21:54:14.851722
768,32,23,40,1.9407,588.8632,176.4435,{},73.6079,0.3746,6.8092,[],[],0.3009,0.4263,0.2729,0.0000,0.0000,1536,2025-10-17T21:54:14.871465
769,33,0,40,1.9418,585.0203,176.1213,{},73.1275,0.3783,6.8243,[],[],0.2986,0.4289,0.2725,0.0000,0.0000,1538,2025-10-17T21:54:14.891482
770,33,1,40,1.9454,583.9229,175.5317,{},72.9904,0.3829,6.8127,[],[],0.3078,0.4191,0.2731,0.0000,0.0000,1540,2025-10-17T21:54:14.911004
771,33,2,40,1.9513,576.6004,174.7588,{},72.0750,0.3772,6.7688,[],[],0.2946,0.4288,0.2766,0.0000,0.0000,1542,2025-10-17T21:54:14.929741
772,33,3,40,1.9566,570.1500,173.0627,{},71.2688,0.3790,6.6963,[],[],0.2938,0.4272,0.2791,0.0000,0.0000,1544,2025-10-17T21:54:14.949836
773,33,4,40,1.9611,575.3320,171.9987,{},71.9165,0.3839,6.6381,[],[],0.3043,0.4191,0.2766,0.0000,0.0000,1546,2025-10-17T21:54:14.969913
774,33,5,40,1.9651,561.7598,171.0956,{},70.2200,0.3776,6.6702,[],[],0.2895,0.4249,0.2856,0.0000,0.0000,1548,2025-10-17T21:54:14.988991
775,33,6,40,1.9685,567.2406,171.6645,{},70.9051,0.3727,6.7067,[],[],0.2956,0.4208,0.2836,0.0000,0.0000,1550,2025-10-17T21:54:15.008022
776,33,7,40,1.9715,575.6789,171.9978,{},71.9599,0.3733,6.6662,[],[],0.3001,0.4233,0.2766,0.0000,0.0000,1552,2025-10-17T21:54:15.027070
777,33,8,40,1.9741,590.8087,175.6824,{},73.8511,0.3732,6.7887,[],[],0.3010,0.4274,0.2716,0.0000,0.0000,1554,2025-10-17T21:54:15.046075
778,33,9,40,1.9763,584.1839,175.9684,{},73.0230,0.3695,6.8271,[],[],0.2916,0.4323,0.2762,0.0000,0.0000,1556,2025-10-17T21:54:15.065699
779,33,10,40,1.9783,592.1332,177.7607,{},74.0166,0.3690,6.8815,[],[],0.2961,0.4286,0.2753,0.0000,0.0000,1558,2025-10-17T21:54:15.084222
780,33,11,40,1.9800,607.2328,179.7142,{},75.9041,0.3693,6.9546,[],[],0.3135,0.4159,0.2705,0.0000,0.0000,1560,2025-10-17T21:54:15.103860
781,33,12,40,1.9814,601.5433,180.9110,{},75.1929,0.3721,7.0184,[],[],0.2999,0.4283,0.2717,0.0000,0.0000,1562,2025-10-17T21:54:15.123036
782,33,13,40,1.9851,617.4822,181.2284,{},77.1853,0.3707,6.9724,[],[],0.3207,0.4152,0.2641,0.0000,0.0000,1564,2025-10-17T21:54:15.142399
783,33,14,40,1.9909,615.5196,179.5685,{},76.9400,0.3714,6.9257,[],[],0.3258,0.4085,0.2657,0.0000,0.0000,1566,2025-10-17T21:54:15.161491
784,33,15,40,1.9961,606.3810,177.8607,{},75.7976,0.3700,6.8605,[],[],0.3183,0.4126,0.2691,0.0000,0.0000,1568,2025-10-17T21:54:15.180636
785,33,16,40,2.0006,616.9260,178.2694,{},77.1157,0.3703,6.8751,[],[],0.3332,0.4016,0.2652,0.0000,0.0000,1570,2025-10-17T21:54:15.199765
786,33,17,40,2.0045,623.6515,178.9606,{},77.9564,0.3730,6.8909,[],[],0.3418,0.3932,0.2650,0.0000,0.0000,1572,2025-10-17T21:54:15.218765
787,33,18,40,2.0078,611.6230,177.7817,{},76.4529,0.3704,6.8652,[],[],0.3321,0.3970,0.2710,0.0000,0.0000,1574,2025-10-17T21:54:15.237509
788,33,19,40,2.0107,603.7788,175.3637,{},75.4724,0.3721,6.7719,[],[],0.3323,0.3939,0.2738,0.0000,0.0000,1576,2025-10-17T21:54:15.256264
789,33,20,40,2.0132,606.7088,176.6204,{},75.8386,0.3726,6.8662,[],[],0.3307,0.3940,0.2753,0.0000,0.0000,1578,2025-10-17T21:54:15.274955
790,33,21,40,2.0153,602.2179,176.2223,{},75.2772,0.3732,6.8734,[],[],0.3291,0.3928,0.2781,0.0000,0.0000,1580,2025-10-17T21:54:15.293693
791,33,22,40,2.0172,593.4646,176.0529,{},74.1831,0.3726,6.8830,[],[],0.3170,0.4029,0.2801,0.0000,0.0000,1582,2025-10-17T21:54:15.312752
792,33,23,40,2.0188,601.0216,177.4415,{},75.1277,0.3782,6.9248,[],[],0.3214,0.3999,0.2787,0.0000,0.0000,1584,2025-10-17T21:54:15.332066
793,34,0,40,2.0202,607.4080,177.5536,{},75.9260,0.3746,6.9025,[],[],0.3263,0.3979,0.2757,0.0000,0.0000,1586,2025-10-17T21:54:15.351013
