parameter_name,category,original_value,modified_value,parameter_change_percent,baseline_biomass,modified_biomass,biomass_change,biomass_change_percent,sensitivity_ratio
base_phyllochron,leaf_development,50.0,55.00000000000001,10.0,35.31501951341352,24.19335283795811,-11.121666675455408,-31.49273829859028,-3.1492738298590277
kc,photosynthesis,404.9,445.39,10.0,35.31501951341352,25.814359538717078,-9.50065997469644,-26.902604346821484,-2.6902604346821484
system_multipliers_aeroponics_root_length_multiplier,root_system,1.5,1.6500000000000001,10.0,35.31501951341352,25.843822094343395,-9.471197419070123,-26.8191765134739,-2.6819176513473897
stress_acceleration_factor,phenology,1.3,1.4300000000000002,10.0,35.31501951341352,26.135786976108704,-9.179232537304813,-25.99243229589131,-2.599243229589131
medium_diameter_mean,root_system,0.4,0.44000000000000006,10.0,35.31501951341352,26.230733882422648,-9.08428563099087,-25.723575283713018,-2.5723575283713016
frost_recovery_rate,stress_parameters,0.08,0.08800000000000001,10.0,35.31501951341352,26.289821699033382,-9.025197814380135,-25.556258891353977,-2.555625889135398
stress_interaction_factor,stress_parameters,1.2,1.32,10.0,35.31501951341352,26.38722310547563,-8.927796407937887,-25.280451578249558,-2.528045157824956
respiration_maintenance_base_rate,respiration_parameters,0.015,0.0165,10.0,35.31501951341352,26.38726946208705,-8.927750051326466,-25.28032031225549,-2.528032031225549
initial_ca,nutrient_concentrations,50.0,55.00000000000001,10.0,35.31501951341352,26.430862055363203,-8.884157458050314,-25.156881067773135,-2.5156881067773136
moderate_stress_threshold,respiration_parameters,3.0,3.3000000000000003,10.0,35.31501951341352,26.472188828745043,-8.842830684668474,-25.039857846630238,-2.5039857846630236
buffering_capacities_stems_phosphorus,nutrient_mobility,0.15,0.165,10.0,35.31501951341352,26.474806125030554,-8.840213388382963,-25.032446562928367,-2.5032446562928365
initial_canopy_height,model_constants,0.1,0.11000000000000001,10.0,35.31501951341352,26.511904517314928,-8.80311499609859,-24.92739666405946,-2.4927396664059462
minimum_volume_fraction,nutrient_parameters,0.1,0.11000000000000001,10.0,35.31501951341352,26.53106334976181,-8.783956163651709,-24.873145434098785,-2.4873145434098785
process_sensitivity_respiration,stress_parameters,0.6,0.66,10.0,35.31501951341352,26.570522874086272,-8.744496639327245,-24.7614096206456,-2.47614096206456
recovery_rate_frost,stress_parameters,0.08,0.08800000000000001,10.0,35.31501951341352,26.640442888785937,-8.67457662462758,-24.56342016555523,-2.456342016555523
ear,photosynthesis,37000.0,40700.0,10.0,35.31501951341352,26.641709761650972,-8.673309751762545,-24.559832816935604,-2.4559832816935603
system_area,system,1.0,1.1,10.0,35.31501951341352,26.650563751588187,-8.66445576182533,-24.534761359920402,-2.45347613599204
bolting_temperature_divisor,phenology,5.0,5.5,10.0,35.31501951341352,26.743446364651508,-8.57157314876201,-24.271749716877018,-2.427174971687702
system_multipliers_dwc_root_length_multiplier,root_system,0.8,0.8800000000000001,10.0,35.31501951341352,26.748523020187253,-8.566496493226264,-24.257374372885444,-2.4257374372885443
self_shading_factor,canopy_parameters,0.8,0.8800000000000001,10.0,35.31501951341352,26.751107477282837,-8.56391203613068,-24.25005607848495,-2.4250056078484947
min_flow_rate,root_system,0.5,0.55,10.0,35.31501951341352,26.795138807205635,-8.519880706207882,-24.125374482581897,-2.4125374482581896
ec_factor_n_no3,nutrient_parameters,0.0064,0.007040000000000001,10.0,35.31501951341352,26.813750129573556,-8.501269383839961,-24.072673613024534,-2.4072673613024533
glucose_to_carbon_ratio,respiration_parameters,0.4,0.44000000000000006,10.0,35.31501951341352,26.869044719111606,-8.445974794301911,-23.916098336272817,-2.3916098336272817
sink_strength_coefficients_vegetative_leaves,nutrient_mobility,0.5,0.55,10.0,35.31501951341352,26.870294620397246,-8.444724893016271,-23.912559045334113,-2.3912559045334114
SD_PM,genetic_parameters,35.0,38.5,10.0,35.31501951341352,26.909281619029922,-8.405737894383595,-23.802161262266576,-2.3802161262266575
storage_pool_sizes_roots_nitrogen,nutrient_mobility,0.35,0.385,10.0,35.31501951341352,26.936165651664083,-8.378853861749434,-23.726034919977714,-2.372603491997771
initial_k,nutrient_concentrations,90.0,99.00000000000001,10.0,35.31501951341352,26.971619349486687,-8.34340016392683,-23.625642230659963,-2.3625642230659962
phloem_transport_rates_nitrogen,nutrient_mobility,0.2,0.22000000000000003,10.0,35.31501951341352,26.979259085206323,-8.335760428207195,-23.60400912433608,-2.360400912433608
cold_threshold_mild,stress_parameters,18.0,19.8,10.0,35.31501951341352,26.992272774922995,-8.322746738490522,-23.5671588269386,-2.3567158826938597
stress_response_capacity,genetic_parameters,0.2,0.22000000000000003,10.0,35.31501951341352,27.018041333356585,-8.296978180056932,-23.494191124276558,-2.3494191124276558
co2_compensation,photosynthesis,50.0,55.00000000000001,10.0,35.31501951341352,27.06281735226886,-8.252202161144659,-23.36740082505198,-2.336740082505198
solution_change_days,system,7.0,7.700000000000001,10.0,35.31501951341352,27.06575282043545,-8.249266692978068,-23.359088587915952,-2.335908858791595
min_ec_threshold,nutrient_management,1.0,1.1,10.0,35.31501951341352,27.079914082543624,-8.235105430869893,-23.318988759844792,-2.3318988759844794
stress_onset_water,stress_parameters,0.6,0.66,10.0,35.31501951341352,27.08339696358043,-8.231622549833087,-23.309126437567205,-2.3309126437567205
enzyme_saturation_rate,photosynthesis,0.1,0.11000000000000001,10.0,35.31501951341352,27.09065623824047,-8.224363275173047,-23.288570666226676,-2.3288570666226676
pid_co2_kp,environmental_control_parameters,1.5,1.6500000000000001,10.0,35.31501951341352,27.115293057592226,-8.199726455821292,-23.218807659746112,-2.321880765974611
coarse_min_activity,root_system,0.3,0.33,10.0,35.31501951341352,27.12497879328792,-8.190040720125598,-23.191380984554797,-2.31913809845548
cavitation_threshold,root_system,-2.0,-2.2,10.0,35.31501951341352,27.138672878917802,-8.176346634495715,-23.15260403973481,-2.315260403973481
mobility_classifications_manganese_remobilization_efficiency,nutrient_mobility,0.35,0.385,10.0,35.31501951341352,27.171970748152663,-8.143048765260854,-23.058315916172504,-2.3058315916172503
remobilization_efficiency_roots,nitrogen_parameters,0.5,0.55,10.0,35.31501951341352,27.20217335908283,-8.112846154330686,-22.972792500508817,-2.297279250050882
n_effect_slope,respiration_parameters,0.08,0.08800000000000001,10.0,35.31501951341352,27.222965176029277,-8.09205433738424,-22.913917219586068,-2.2913917219586066
default_ph,system,6.0,6.6000000000000005,10.0,35.31501951341352,27.226021208896647,-8.08899830451687,-22.90526358464695,-2.290526358464695
flow_rate_variation,system,0.2,0.22000000000000003,10.0,35.31501951341352,27.22978512778635,-8.085234385627167,-22.89460545974269,-2.289460545974269
ph_target_min,nutrient_parameters,5.8,6.38,10.0,35.31501951341352,27.243434719088228,-8.07158479432529,-22.85595450757008,-2.285595450757008
max_ec_limit,nutrient_parameters,5.0,5.5,10.0,35.31501951341352,27.24431855522043,-8.070700958193086,-22.853451787355333,-2.2853451787355334
critical_n_concentrations_stems_optimal,nitrogen_parameters,0.025,0.027500000000000004,10.0,35.31501951341352,27.245800759729264,-8.069218753684254,-22.849254693514652,-2.284925469351465
ec_uptake_modifier_fe_low,nutrient_parameters,0.4,0.44000000000000006,10.0,35.31501951341352,27.24897844023208,-8.066041073181438,-22.840256594273594,-2.2840256594273596
sink_strength_coefficients_vegetative_roots,nutrient_mobility,0.25,0.275,10.0,35.31501951341352,27.261856504144376,-8.053163009269142,-22.803790342549153,-2.2803790342549153
ammonium_alkalinization_factor,nutrient_parameters,0.002,0.0022,10.0,35.31501951341352,27.28065353427538,-8.034365979138137,-22.7505636124213,-2.2750563612421297
translocation_rate,nitrogen_parameters,0.35,0.385,10.0,35.31501951341352,27.282862393334177,-8.03215712007934,-22.744308882594638,-2.274430888259464
ammonium_assimilation_rate,nitrogen_parameters,1.2,1.32,10.0,35.31501951341352,27.28806205761743,-8.026957455796087,-22.729585220099484,-2.272958522009948
light_stress_threshold,senescence_parameters,0.5,0.55,10.0,35.31501951341352,27.298317748104097,-8.01670176530942,-22.700544628793082,-2.2700544628793082
allocation_coefficients_reproductive_reproductive,nitrogen_parameters,0.3,0.33,10.0,35.31501951341352,27.306805757026318,-8.0082137563872,-22.67650950425068,-2.267650950425068
optimal_oxygen_level,root_system,6.0,6.6000000000000005,10.0,35.31501951341352,27.327874551775764,-7.987144961637753,-22.61684991736742,-2.2616849917367423
solution_change_interval,nutrient_management,7.0,7.700000000000001,10.0,35.31501951341352,27.345610543202604,-7.969408970210914,-22.56662768424618,-2.2566627684246177
stress_weight_nutrient,stress_parameters,0.25,0.275,10.0,35.31501951341352,27.37264481475948,-7.942374698654039,-22.490075916954623,-2.249007591695462
default_leaf_nitrogen_conc,nitrogen_parameters,4.5,4.95,10.0,35.31501951341352,27.401935899645295,-7.913083613768222,-22.407133629821832,-2.2407133629821834
storage_pool_sizes_roots_potassium,nutrient_mobility,0.45,0.49500000000000005,10.0,35.31501951341352,27.40831292491996,-7.906706588493556,-22.389076085574278,-2.2389076085574278
water_nutrient_interaction_factor,water,0.2,0.22000000000000003,10.0,35.31501951341352,27.485616658522883,-7.829402854890635,-22.170178475809234,-2.2170178475809235
growth_efficiency,respiration_parameters,0.75,0.8250000000000001,10.0,35.31501951341352,27.511016632866504,-7.804002880547014,-22.09825447663383,-2.209825447663383
ec_factor_mo,nutrient_parameters,0.55,0.6050000000000001,10.0,35.31501951341352,27.51980666987852,-7.795212843534998,-22.073364112326722,-2.207336411232672
phloem_transport_rates_manganese,nutrient_mobility,0.08,0.08800000000000001,10.0,35.31501951341352,27.536812055261457,-7.77820745815206,-22.025210704464442,-2.202521070446444
ec_factor_ca,nutrient_parameters,0.005,0.0055000000000000005,10.0,35.31501951341352,27.536829986416883,-7.778189526996634,-22.025159929593936,-2.202515992959394
max_humidity,environment,85.0,93.50000000000001,10.0,35.31501951341352,27.559688662712084,-7.755330850701434,-21.96043201322816,-2.196043201322816
day_temp,environment,23.0,25.3,10.0,35.31501951341352,27.56053999287102,-7.754479520542496,-21.95802133875971,-2.1958021338759712
mobility_classifications_phosphorus_retranslocation_rate,nutrient_mobility,0.12,0.132,10.0,35.31501951341352,27.56593505632199,-7.749084457091527,-21.94274437296639,-2.194274437296639
stress_memory_days,stress_parameters,21.0,23.1,10.0,35.31501951341352,27.57425907110192,-7.740760442311597,-21.91917362348183,-2.1919173623481827
phloem_transport_rates_zinc,nutrient_mobility,0.1,0.11000000000000001,10.0,35.31501951341352,27.59934754455884,-7.715671968854679,-21.848131687776856,-2.1848131687776857
initial_root_biomass,model_constants,0.22,0.24200000000000002,10.0,35.31501951341352,27.600097997330824,-7.714921516082693,-21.84600666340387,-2.184600666340387
heat_threshold_severe,stress_parameters,32.0,35.2,10.0,35.31501951341352,27.600784700019144,-7.7142348133943734,-21.84406215736145,-2.184406215736145
ph_buffer_capacity,nutrient_parameters,2.5,2.75,10.0,35.31501951341352,27.622471755602835,-7.692547757810683,-21.782651868247907,-2.178265186824791
critical_n_concentrations_leaves_minimum,nitrogen_parameters,0.015,0.0165,10.0,35.31501951341352,27.62333529507702,-7.691684218336498,-21.78020662119415,-2.178020662119415
water_system_stress_factor,water,0.5,0.55,10.0,35.31501951341352,27.64557088470281,-7.6694486287107075,-21.717243072165545,-2.1717243072165546
initial_leaf_biomass,model_constants,0.7,0.77,10.0,35.31501951341352,27.64595046453836,-7.6690690488751585,-21.71616823250588,-2.171616823250588
heat_threshold,phenology,28.0,30.800000000000004,10.0,35.31501951341352,27.64712060757203,-7.667898905841486,-21.712854789529505,-2.1712854789529503
temperature_q10,stress_parameters,2.0,2.2,10.0,35.31501951341352,27.647346988284333,-7.667672525129184,-21.712213757143225,-2.1712213757143224
transport_n_concentration,nitrogen_parameters,0.001,0.0011,10.0,35.31501951341352,27.683791938861482,-7.631227574552035,-21.60901418064772,-2.160901418064772
min_co2_concentration,environmental_control_parameters,300.0,330.0,10.0,35.31501951341352,27.702899775447886,-7.612119737965632,-21.554907353440257,-2.1554907353440256
vegetative_root_allocation,model_constants,0.15,0.165,10.0,35.31501951341352,27.703577040476166,-7.611442472937352,-21.552989571608016,-2.1552989571608014
light_stress_weight,genetic_parameters,0.15,0.165,10.0,35.31501951341352,27.70434614291172,-7.610673370501797,-21.550811737796362,-2.155081173779636
excess_lai_efficiency,photosynthesis,0.2,0.22000000000000003,10.0,35.31501951341352,27.717600511633925,-7.597419001779592,-21.513279920159476,-2.151327992015948
vpd_stress_low_factor,stress_parameters,0.15,0.165,10.0,35.31501951341352,27.719170032426298,-7.595849480987219,-21.508835576608213,-2.1508835576608214
initial_mn,nutrient_concentrations,0.5,0.55,10.0,35.31501951341352,27.727073296060873,-7.587946217352645,-21.48645624978504,-2.1486456249785038
ec_stress_low_factor,stress_parameters,0.1,0.11000000000000001,10.0,35.31501951341352,27.760775950228307,-7.55424356318521,-21.39102191438949,-2.139102191438949
initial_leaf_number,leaf_development,2.0,2.2,10.0,35.31501951341352,27.76709445565825,-7.547925057755268,-21.37313007823309,-2.137313007823309
mobility_classifications_nitrogen_remobilization_efficiency,nutrient_mobility,0.8,0.8800000000000001,10.0,35.31501951341352,27.772902093787202,-7.542117419626315,-21.356684842724306,-2.1356684842724305
initial_mo,nutrient_concentrations,0.05,0.05500000000000001,10.0,35.31501951341352,27.79531856062612,-7.519700952787396,-21.293209111582758,-2.129320911158276
water_uptake_sensitivity_low,water,0.3,0.33,10.0,35.31501951341352,27.797468271191207,-7.517551242222311,-21.287121869965155,-2.1287121869965153
carbonate_buffer_pka,nutrient_parameters,6.35,6.985,10.0,35.31501951341352,27.80275407950147,-7.512265433912049,-21.272154277187088,-2.127215427718709
total_alkalinity,nutrient_parameters,2.0,2.2,10.0,35.31501951341352,27.81184391762396,-7.503175595789557,-21.246414979155443,-2.1246414979155444
nutrient_mobility_base_temperature,nutrient_mobility,25.0,27.500000000000004,10.0,35.31501951341352,27.816553491583157,-7.49846602183036,-21.233079084048807,-2.1233079084048807
stress_redistribution_rates_magnesium,nutrient_mobility,0.2,0.22000000000000003,10.0,35.31501951341352,27.818176852515364,-7.496842660898153,-21.228482283722556,-2.1228482283722556
severe_stress_base,respiration_parameters,1.25,1.375,10.0,35.31501951341352,27.837298808762718,-7.4777207046508,-21.17433547448721,-2.117433547448721
co2_mixing_time,control_equipment_parameters,15.0,16.5,10.0,35.31501951341352,27.844131454301934,-7.470888059111584,-21.154987770214753,-2.1154987770214753
storage_pool_sizes_stems_nitrogen,nutrient_mobility,0.6,0.66,10.0,35.31501951341352,27.86904669372319,-7.445972819690326,-21.084436373770547,-2.1084436373770545
harvest_gdd,phenology,800.0,880.0000000000001,10.0,35.31501951341352,27.890767185194537,-7.42425232821898,-21.022931405712704,-2.1022931405712706
uptake_efficiency,nitrogen_parameters,0.15,0.165,10.0,35.31501951341352,27.902242483158393,-7.412777030255125,-20.9904373051233,-2.09904373051233
photosynthesis_sensitivity_high,root_zone_temperature,0.85,0.935,10.0,35.31501951341352,27.90767513200681,-7.407344381406709,-20.97505391039984,-2.097505391039984
ec_stress_high_factor,stress_parameters,0.2,0.22000000000000003,10.0,35.31501951341352,27.927575440553262,-7.387444072860255,-20.9187030749178,-2.09187030749178
frost_recovery_threshold,stress_parameters,4.0,4.4,10.0,35.31501951341352,27.936670009975195,-7.378349503438322,-20.892950379471948,-2.0892950379471946
stress_redistribution_rates_nitrogen,nutrient_mobility,0.3,0.33,10.0,35.31501951341352,27.939512730996736,-7.375506782416782,-20.8849007703801,-2.08849007703801
photoperiod_sensitivity,phenology,0.05,0.05500000000000001,10.0,35.31501951341352,27.945871325157217,-7.3691481882563,-20.866895416714453,-2.0866895416714453
ph_penalty_factor,root_system,0.15,0.165,10.0,35.31501951341352,27.946083143090526,-7.3689363703229915,-20.86629562111409,-2.0866295621114093
storage_pool_sizes_stems_potassium,nutrient_mobility,0.7,0.77,10.0,35.31501951341352,27.970611422544707,-7.344408090868811,-20.79683996232601,-2.079683996232601
xylem_transport_rates_magnesium,nutrient_mobility,0.18,0.198,10.0,35.31501951341352,27.99222916879336,-7.322790344620156,-20.735625933432598,-2.0735625933432598
vernalization_temperature,phenology,5.0,5.5,10.0,35.31501951341352,27.994336288812637,-7.320683224600881,-20.729659293605387,-2.0729659293605387
HM_to_PM,thermal_requirements,100.0,110.00000000000001,10.0,35.31501951341352,27.995666171485095,-7.319353341928423,-20.72589352286313,-2.0725893522863132
max_osmotic_adjustment,stress_parameters,0.3,0.33,10.0,35.31501951341352,27.9971400915025,-7.317879421911016,-20.72171988785538,-2.072171988785538
leaf_respiration_fraction,model_constants,0.5,0.55,10.0,35.31501951341352,28.003215024581195,-7.311804488832323,-20.704517764899204,-2.0704517764899206
plant_density,system,12.0,13.200000000000001,10.0,35.31501951341352,28.008211448806904,-7.306808064606614,-20.690369608407856,-2.0690369608407857
optimal_light_intensity,environment,18.0,19.8,10.0,35.31501951341352,28.013972217573595,-7.301047295839922,-20.67405709082733,-2.067405709082733
cumulative_stress_threshold,stress_parameters,0.8,0.8800000000000001,10.0,35.31501951341352,28.090582776783823,-7.224436736629695,-20.45712231274763,-2.045712231274763
buffering_capacities_roots_phosphorus,nutrient_mobility,0.2,0.22000000000000003,10.0,35.31501951341352,28.116654685377323,-7.198364828036194,-20.383295626672606,-2.0383295626672604
rzt_water_uptake_sensitivity_low,root_zone_temperature,0.7,0.77,10.0,35.31501951341352,28.121799419256313,-7.193220094157205,-20.36872750820665,-2.036872750820665
thermal_mass_factor,environmental_control_parameters,0.1,0.11000000000000001,10.0,35.31501951341352,28.139988177803765,-7.175031335609752,-20.317223194183704,-2.0317223194183702
initial_p_po4,nutrient_concentrations,20.0,22.0,10.0,35.31501951341352,28.144182794477103,-7.170836718936414,-20.305345481156404,-2.0305345481156403
critical_n_concentrations_leaves_maximum,nitrogen_parameters,0.06,0.066,10.0,35.31501951341352,28.150144858559187,-7.16487465485433,-20.28846296441358,-2.028846296441358
ec_stress_low_threshold,stress_parameters,0.8,0.8800000000000001,10.0,35.31501951341352,28.154151177862495,-7.160868335551022,-20.277118444833782,-2.0277118444833784
mobility_classifications_boron_retranslocation_rate,nutrient_mobility,0.01,0.011000000000000001,10.0,35.31501951341352,28.161052543229918,-7.1539669701836,-20.257576149621965,-2.0257576149621963
initial_n_nh4,nutrient_concentrations,20.0,22.0,10.0,35.31501951341352,28.16676891482853,-7.148250598584987,-20.24138934956529,-2.024138934956529
branching_angle_std,root_system,10.0,11.0,10.0,35.31501951341352,28.173935384909026,-7.141084128504492,-20.221096368903694,-2.0221096368903693
redistribution_thresholds_potassium,nutrient_mobility,0.8,0.8800000000000001,10.0,35.31501951341352,28.202854035006688,-7.11216547840683,-20.139208689111594,-2.0139208689111596
cold_threshold_severe,stress_parameters,12.0,13.200000000000001,10.0,35.31501951341352,28.205704801882035,-7.109314711531482,-20.13113629692655,-2.013113629692655
water_stress_rate,senescence_parameters,0.05,0.05500000000000001,10.0,35.31501951341352,28.20610431897051,-7.108915194443007,-20.130005001817615,-2.0130005001817617
buffering_capacities_roots_potassium,nutrient_mobility,0.2,0.22000000000000003,10.0,35.31501951341352,28.210016145171167,-7.10500336824235,-20.11892805423396,-2.011892805423396
optimal_vpd_min,stress_parameters,0.5,0.55,10.0,35.31501951341352,28.223889051696567,-7.091130461716951,-20.079644750085908,-2.007964475008591
vernalization_days,phenology,0.0,0.0,10.0,35.31501951341352,28.224914016364277,-7.09010549704924,-20.07674240235445,-2.007674240235445
pid_humidity_kp,environmental_control_parameters,2.0,2.2,10.0,35.31501951341352,28.228610605538524,-7.0864089078749934,-20.066274932067927,-2.0066274932067927
leaf_area_ratio,leaf_development,0.8,0.8800000000000001,10.0,35.31501951341352,28.232795174604238,-7.082224338809279,-20.05442567041277,-2.005442567041277
ec_uptake_modifier_p_low,nutrient_parameters,0.2,0.22000000000000003,10.0,35.31501951341352,28.238546312683294,-7.076473200730224,-20.038140423630246,-2.0038140423630244
temperature_stress_threshold,senescence_parameters,0.8,0.8800000000000001,10.0,35.31501951341352,28.257873585579205,-7.057145927834313,-19.983412228198922,-1.9983412228198922
xylem_transport_rates_copper,nutrient_mobility,0.08,0.08800000000000001,10.0,35.31501951341352,28.266562655155653,-7.048456858257865,-19.95880776897401,-1.9958807768974012
allocation_coefficients_reproductive_stems,nitrogen_parameters,0.2,0.22000000000000003,10.0,35.31501951341352,28.279251767021734,-7.035767746391784,-19.922876564515065,-1.9922876564515064
optimal_ec,environment,1.8,1.9800000000000002,10.0,35.31501951341352,28.279832793437777,-7.035186719975741,-19.92123129736231,-1.9921231297362312
activation_energy,nutrient_mobility,50000.0,55000.00000000001,10.0,35.31501951341352,28.284307026915794,-7.030712486497723,-19.90856180562858,-1.990856180562858
mobility_classifications_sulfur_remobilization_efficiency,nutrient_mobility,0.6,0.66,10.0,35.31501951341352,28.299688119152343,-7.015331394261175,-19.865007837802775,-1.9865007837802775
ec_factor_k,nutrient_parameters,0.0073,0.00803,10.0,35.31501951341352,28.305711000445058,-7.00930851296846,-19.847953107617993,-1.9847953107617993
coarse_diameter_std,root_system,0.2,0.22000000000000003,10.0,35.31501951341352,28.315533996808703,-6.999485516604814,-19.820137757381776,-1.9820137757381775
max_acclimation_days,stress_parameters,14.0,15.400000000000002,10.0,35.31501951341352,28.3199112027688,-6.995108310644717,-19.80774301423733,-1.9807743014237331
beam_extinction_coeff,canopy_parameters,0.7,0.77,10.0,35.31501951341352,28.321211197853938,-6.99380831555958,-19.80406187487213,-1.980406187487213
xylem_conductance_scaling_factor,root_system,1.0,1.1,10.0,35.31501951341352,28.32394796863461,-6.991071544778908,-19.796312280454853,-1.9796312280454853
age_senescence_rate,senescence_parameters,0.02,0.022000000000000002,10.0,35.31501951341352,28.330996760215392,-6.984022753198126,-19.77635252486671,-1.977635252486671
boron_recovery,senescence_parameters,0.25,0.275,10.0,35.31501951341352,28.33342602930234,-6.981593484111176,-19.76947366957958,-1.9769473669579578
sink_strength_coefficients_reproductive_leaves,nutrient_mobility,0.3,0.33,10.0,35.31501951341352,28.343902943778126,-6.971116569635392,-19.739806647954957,-1.9739806647954956
mobility_classifications_copper_retranslocation_rate,nutrient_mobility,0.04,0.044000000000000004,10.0,35.31501951341352,28.348154948248112,-6.966864565165405,-19.727766432407655,-1.9727766432407656
high_flow_factor,root_system,0.7,0.77,10.0,35.31501951341352,28.35474563088107,-6.960273882532448,-19.709103883940273,-1.9709103883940273
organic_acid_respiration_cost,respiration_parameters,0.91,1.0010000000000001,10.0,35.31501951341352,28.36608314077703,-6.948936372636489,-19.676999951811187,-1.9676999951811187
natural_lifespan_gdd,senescence_parameters,800.0,880.0000000000001,10.0,35.31501951341352,28.372320565654743,-6.942698947758775,-19.659337707917068,-1.9659337707917068
amino_acid_uptake_rate,nitrogen_parameters,0.4,0.44000000000000006,10.0,35.31501951341352,28.386303716466966,-6.928715796946552,-19.619742229831854,-1.9619742229831854
ambient_co2,environment,350.0,385.00000000000006,10.0,35.31501951341352,28.417120269882247,-6.8978992435312705,-19.532480340018722,-1.9532480340018723
adaptation_score,genetic_parameters,0.8,0.8800000000000001,10.0,35.31501951341352,28.418703346899036,-6.896316166514481,-19.527997609898218,-1.9527997609898218
circadian_amplitude_1,respiration_parameters,0.1,0.11000000000000001,10.0,35.31501951341352,28.42010004319794,-6.8949194702155765,-19.52404264592496,-1.9524042645924962
stress_weight_oxygen,stress_parameters,0.1,0.11000000000000001,10.0,35.31501951341352,28.450256866668607,-6.864762646744911,-19.438648884612693,-1.9438648884612693
primary_root_growth_rate,root_system,2.0,2.2,10.0,35.31501951341352,28.45351734561426,-6.861502167799259,-19.42941632863346,-1.9429416328633462
mobility_classifications_molybdenum_retranslocation_rate,nutrient_mobility,0.09,0.099,10.0,35.31501951341352,28.458912800166935,-6.856106713246582,-19.414138255374496,-1.9414138255374496
bolting_temperature_risk_max,phenology,0.4,0.44000000000000006,10.0,35.31501951341352,28.46565743713237,-6.849362076281146,-19.39503976114069,-1.939503976114069
potassium_recovery,senescence_parameters,0.8,0.8800000000000001,10.0,35.31501951341352,28.46865829899795,-6.846361214415566,-19.38654235152029,-1.938654235152029
nighttime_respiratory_quotient,respiration_parameters,0.85,0.935,10.0,35.31501951341352,28.481286238853542,-6.833733274559975,-19.35078436517458,-1.935078436517458
min_ec,environment,1.0,1.1,10.0,35.31501951341352,28.493827484450577,-6.82119202896294,-19.31527186717845,-1.931527186717845
storage_pool_sizes_leaves_potassium,nutrient_mobility,0.5,0.55,10.0,35.31501951341352,28.496326300820837,-6.818693212592681,-19.30819607788344,-1.9308196077883442
age_effect_coefficient,respiration_parameters,0.015,0.0165,10.0,35.31501951341352,28.50191068982116,-6.8131088235923585,-19.292383007192086,-1.9292383007192087
V11+_to_HI,thermal_requirements,120.0,132.0,10.0,35.31501951341352,28.50686390309698,-6.808155610316536,-19.278357209262282,-1.9278357209262282
stress_weight_temperature,stress_parameters,0.55,0.6050000000000001,10.0,35.31501951341352,28.51589789272338,-6.799121620690137,-19.252776054980412,-1.9252776054980412
critical_n_concentrations_stems_minimum,nitrogen_parameters,0.008,0.0088,10.0,35.31501951341352,28.51858881406379,-6.796430699349727,-19.245156290422763,-1.9245156290422762
metabolic_water_per_lai,model_constants,0.1,0.11000000000000001,10.0,35.31501951341352,28.534804545325187,-6.78021496808833,-19.199238911684695,-1.9199238911684695
vegetative_stem_allocation,model_constants,0.25,0.275,10.0,35.31501951341352,28.55146537594885,-6.763554137464666,-19.152061164501696,-1.9152061164501695
death_threshold,senescence_parameters,1.0,1.1,10.0,35.31501951341352,28.553115943185833,-6.761903570227684,-19.1473873252692,-1.91473873252692
storage_pool_sizes_leaves_phosphorus,nutrient_mobility,0.3,0.33,10.0,35.31501951341352,28.558576249980472,-6.756443263433045,-19.1319256127461,-1.9131925612746101
process_sensitivity_development,stress_parameters,0.7,0.77,10.0,35.31501951341352,28.56697717376602,-6.748042339647498,-19.10813708338579,-1.9108137083385792
diffuse_extinction_coeff,canopy_parameters,0.5,0.55,10.0,35.31501951341352,28.567964784784117,-6.747054728629401,-19.10534050835425,-1.910534050835425
transpiration_coupling,nutrient_mobility,0.8,0.8800000000000001,10.0,35.31501951341352,28.573679469479046,-6.741340043934471,-19.089158485029134,-1.9089158485029134
nitrate_reduction_rate,nitrogen_parameters,0.8,0.8800000000000001,10.0,35.31501951341352,28.583003170111382,-6.732016343302135,-19.06275696873153,-1.9062756968731531
light_hours,environment,16.0,17.6,10.0,35.31501951341352,28.586284445457,-6.728735067956517,-19.05346552449384,-1.9053465524493842
uptake_kinetics_AA_inhibition_ki,nitrogen_parameters,0.0,0.0,10.0,35.31501951341352,28.60206859435648,-6.712950919057036,-19.00877023870054,-1.9008770238700539
day_start_hour,respiration_parameters,6.0,6.6000000000000005,10.0,35.31501951341352,28.609518469384923,-6.705501044028594,-18.98767475261249,-1.8987674752612491
clumping_factor,canopy_parameters,0.9,0.9900000000000001,10.0,35.31501951341352,28.623933104515352,-6.691086408898165,-18.94685745920861,-1.8946857459208608
mobility_classifications_sulfur_retranslocation_rate,nutrient_mobility,0.1,0.11000000000000001,10.0,35.31501951341352,28.627486265657353,-6.687533247756164,-18.936796127823385,-1.8936796127823385
growth_n_use_efficiency,nitrogen_parameters,30.0,33.0,10.0,35.31501951341352,28.630198137930712,-6.684821375482805,-18.92911703742297,-1.892911703742297
water_uptake_sensitivity_high,water,0.8,0.8800000000000001,10.0,35.31501951341352,28.637550665084277,-6.677468848329241,-18.908297207065036,-1.8908297207065037
xylem_transport_rates_phosphorus,nutrient_mobility,0.15,0.165,10.0,35.31501951341352,28.637895935443673,-6.677123577969844,-18.907319520052106,-1.8907319520052106
max_economic_co2,environment,1200.0,1320.0,10.0,35.31501951341352,28.64592289190459,-6.669096621508928,-18.884589937649164,-1.8884589937649163
V7_to_V8,thermal_requirements,35.0,38.5,10.0,35.31501951341352,28.64674626350645,-6.668273249907067,-18.882258432206985,-1.8882258432206984
ec_factor_s_so4,nutrient_parameters,0.52,0.5720000000000001,10.0,35.31501951341352,28.654876823166582,-6.660142690246936,-18.859235481144925,-1.8859235481144925
establishment_plateau_days,root_system,7.0,7.700000000000001,10.0,35.31501951341352,28.656058634988952,-6.6589608784245655,-18.85588899616869,-1.885588899616869
theta,photosynthesis,0.7,0.77,10.0,35.31501951341352,28.68348533204174,-6.6315341813717765,-18.778226014721458,-1.8778226014721457
stem_respiration_fraction,model_constants,0.2,0.22000000000000003,10.0,35.31501951341352,28.684628005410737,-6.630391508002781,-18.774990356396078,-1.8774990356396077
channel_depth,root_system,5.0,5.5,10.0,35.31501951341352,28.696758044432322,-6.618261468981196,-18.740642254119148,-1.8740642254119149
xylem_transport_capacity,nutrient_mobility,1.0,1.1,10.0,35.31501951341352,28.704653475031883,-6.610366038381635,-18.718285107759474,-1.8718285107759474
nutrient_uptake_sensitivity_high,root_zone_temperature,0.9,0.9900000000000001,10.0,35.31501951341352,28.707370947960964,-6.607648565452553,-18.7105901582266,-1.87105901582266
day_end_hour,respiration_parameters,18.0,19.8,10.0,35.31501951341352,28.70954273403371,-6.605476779379806,-18.704440406357083,-1.8704440406357083
ec_factor_mg,nutrient_parameters,0.0082,0.009020000000000002,10.0,35.31501951341352,28.71279615575982,-6.602223357653699,-18.695227833998537,-1.8695227833998538
maximum_height,crop_parameters,0.25,0.275,10.0,35.31501951341352,28.7380295002271,-6.576990013186418,-18.623775673374084,-1.8623775673374083
daytime_respiratory_quotient,respiration_parameters,0.95,1.045,10.0,35.31501951341352,28.740625611953305,-6.574393901460212,-18.616424377064536,-1.8616424377064535
cold_recovery_threshold,stress_parameters,16.0,17.6,10.0,35.31501951341352,28.741499811338485,-6.573519702075032,-18.613948944805898,-1.8613948944805898
nitrogen_stress_factor,nitrogen_parameters,0.8,0.8800000000000001,10.0,35.31501951341352,28.75055828926292,-6.564461224150598,-18.58829844807888,-1.8588298448078882
ph_max,root_system,6.5,7.15,10.0,35.31501951341352,28.751704662371367,-6.563314851042151,-18.585052313362706,-1.8585052313362707
pid_co2_kd,environmental_control_parameters,0.05,0.05500000000000001,10.0,35.31501951341352,28.758709926297996,-6.556309587115521,-18.565215813133765,-1.8565215813133764
cold_damage_threshold,stress_parameters,8.0,8.8,10.0,35.31501951341352,28.769198973880414,-6.5458205395331035,-18.535514434720444,-1.8535514434720444
heat_recovery_rate,stress_parameters,0.15,0.165,10.0,35.31501951341352,28.77708451864659,-6.537934994766928,-18.51318528164386,-1.851318528164386
root_metabolism_sensitivity_high,root_zone_temperature,0.8,0.8800000000000001,10.0,35.31501951341352,28.78849518005297,-6.526524333360548,-18.48087420957424,-1.8480874209574238
uptake_kinetics_NH4_km,nitrogen_parameters,0.3,0.33,10.0,35.31501951341352,28.791557070307142,-6.523462443106375,-18.472203988528456,-1.8472203988528455
leaf_angle,leaf_development,45.0,49.50000000000001,10.0,35.31501951341352,28.7928611566867,-6.522158356726816,-18.46851126402334,-1.8468511264023342
flow_rate,system,50.0,55.00000000000001,10.0,35.31501951341352,28.813682775767298,-6.50133673764622,-18.409551593697554,-1.8409551593697553
stress_memory_duration,stress_parameters,21.0,23.1,10.0,35.31501951341352,28.816194574892517,-6.498824938521,-18.402439041701747,-1.8402439041701748
heat_threshold_mild,stress_parameters,25.0,27.500000000000004,10.0,35.31501951341352,28.82300717961123,-6.492012333802286,-18.38314808614635,-1.8383148086146348
quantum_efficiency,photosynthesis,0.035,0.038500000000000006,10.0,35.31501951341352,28.825724575831643,-6.4892949375818745,-18.375453353826067,-1.8375453353826068
chlorophyll_ratio,nitrogen_parameters,0.025,0.027500000000000004,10.0,35.31501951341352,28.826502768995635,-6.488516744417883,-18.37324977819532,-1.837324977819532
system_multipliers_nft_root_length_multiplier,root_system,1.0,1.1,10.0,35.31501951341352,28.826987802615967,-6.48803171079755,-18.371876329654118,-1.8371876329654118
heat_lethal_temperature,stress_parameters,40.0,44.0,10.0,35.31501951341352,28.828448477507038,-6.486571035906479,-18.367740200292737,-1.8367740200292737
redistribution_thresholds_calcium,nutrient_mobility,0.4,0.44000000000000006,10.0,35.31501951341352,28.82975230693139,-6.485267206482128,-18.364048203396468,-1.8364048203396468
xylem_transport_rates_zinc,nutrient_mobility,0.1,0.11000000000000001,10.0,35.31501951341352,28.836124605300867,-6.47889490811265,-18.34600404412011,-1.834600404412011
target_ec,nutrient_management,1.8,1.9800000000000002,10.0,35.31501951341352,28.839738716993516,-6.475280796420002,-18.335770121719825,-1.8335770121719825
rzt_ambient_temp_amplitude,root_zone_temperature,2.0,2.2,10.0,35.31501951341352,28.842955844658658,-6.47206366875486,-18.326660321670246,-1.8326660321670247
cold_stress_weight,genetic_parameters,0.25,0.275,10.0,35.31501951341352,28.86215905317583,-6.452860460237687,-18.272283433927402,-1.8272283433927403
SDLIP,genetic_parameters,0.0,0.0,10.0,35.31501951341352,28.86345483799567,-6.451564675417849,-18.268614216586755,-1.8268614216586756
phosphate_buffer_pka2,nutrient_parameters,7.2,7.920000000000001,10.0,35.31501951341352,28.869159815739977,-6.445859697673541,-18.25245968001021,-1.8252459680010211
nutrient_mobility_temperature_q10,nutrient_mobility,2.0,2.2,10.0,35.31501951341352,28.86977814658625,-6.445241366827268,-18.25070877952993,-1.825070877952993
temperature_stress_sensitivity,leaf_development,0.8,0.8800000000000001,10.0,35.31501951341352,28.877772195367378,-6.43724731804614,-18.228072380368115,-1.8228072380368114
base_solution_change_probability,system,0.05,0.05500000000000001,10.0,35.31501951341352,28.897487527985234,-6.417531985428283,-18.172245333152784,-1.8172245333152783
development_heat_sensitivity,stress_parameters,0.7,0.77,10.0,35.31501951341352,28.899749881221688,-6.41526963219183,-18.16583912619715,-1.816583912619715
late_senescence_threshold,senescence_parameters,0.8,0.8800000000000001,10.0,35.31501951341352,28.906963084229055,-6.408056429184462,-18.145413813945435,-1.8145413813945435
nitrogen_uptake_efficiency,nitrogen_parameters,0.15,0.165,10.0,35.31501951341352,28.90717751269996,-6.407842000713558,-18.144806626199657,-1.8144806626199657
optimal_rzt_offset,root_zone_temperature,2.0,2.2,10.0,35.31501951341352,28.907440436528375,-6.407579076885142,-18.144062116265815,-1.8144062116265816
max_age_effect,respiration_parameters,0.25,0.275,10.0,35.31501951341352,28.91981724819323,-6.395202265220288,-18.109015238661364,-1.8109015238661363
recovery_rate_cold,stress_parameters,0.12,0.132,10.0,35.31501951341352,28.923687028871598,-6.39133248454192,-18.098057349548778,-1.8098057349548777
critical_n_concentrations_reproductive_maximum,nitrogen_parameters,0.07,0.07700000000000001,10.0,35.31501951341352,28.92462665824926,-6.390392855164258,-18.095396642035066,-1.8095396642035066
mobility_classifications_iron_remobilization_efficiency,nutrient_mobility,0.15,0.165,10.0,35.31501951341352,28.9287478971319,-6.386271616281618,-18.083726709696293,-1.8083726709696293
growth_respiration_fraction,model_constants,0.25,0.275,10.0,35.31501951341352,28.943335098086607,-6.371684415326911,-18.04242076917666,-1.804242076917666
rzt_thermal_mass_factor,root_zone_temperature,0.2,0.22000000000000003,10.0,35.31501951341352,28.95148574410246,-6.363533769311058,-18.019340940457447,-1.8019340940457447
crop_coefficient,water,0.8,0.8800000000000001,10.0,35.31501951341352,28.96662063875324,-6.348398874660276,-17.976484119593923,-1.7976484119593923
leaf_appearance_rate,leaf_development,0.5,0.55,10.0,35.31501951341352,28.967816762025542,-6.347202751387975,-17.973097109509315,-1.7973097109509315
ko,photosynthesis,278.4,306.24,10.0,35.31501951341352,28.96947200588053,-6.345547507532988,-17.968410027701648,-1.7968410027701647
leaf_scattering,canopy_parameters,0.15,0.165,10.0,35.31501951341352,28.980405298179424,-6.334614215234094,-17.937450700906595,-1.7937450700906594
uptake_kinetics_NH4_vmax,nitrogen_parameters,0.12,0.132,10.0,35.31501951341352,28.986753476454304,-6.328266036959214,-17.919474841449773,-1.7919474841449774
NITRATE_EFFICIENCY,genetic_parameters,0.85,0.935,10.0,35.31501951341352,28.98915017291789,-6.325869340495629,-17.91268822063912,-1.791268822063912
seconds_per_hour,photosynthesis,3600.0,3960.0000000000005,10.0,35.31501951341352,28.995368434294427,-6.31965107911909,-17.895080241195195,-1.7895080241195196
cold_tolerance,genetic_parameters,0.25,0.275,10.0,35.31501951341352,29.003156849735554,-6.311862663677964,-17.873026124990705,-1.7873026124990705
leaf_thickness,canopy_parameters,0.2,0.22000000000000003,10.0,35.31501951341352,29.00458004137512,-6.3104394720383965,-17.868996135317257,-1.7868996135317257
photosynthesis_cold_sensitivity,stress_parameters,0.7,0.77,10.0,35.31501951341352,29.014233381537,-6.300786131876517,-17.84166119314566,-1.7841661193145661
ph_deadband,nutrient_parameters,0.1,0.11000000000000001,10.0,35.31501951341352,29.01637641453069,-6.2986430988828275,-17.835592860115643,-1.7835592860115643
bolting_maturity_risk_max,phenology,0.3,0.33,10.0,35.31501951341352,29.02523953948748,-6.289779973926038,-17.810495535864064,-1.7810495535864064
FL_SD,genetic_parameters,24.0,26.400000000000002,10.0,35.31501951341352,29.035961339834444,-6.279058173579074,-17.78013508160213,-1.7780135081602129
nh4_uptake_km,nutrient_parameters,0.3,0.33,10.0,35.31501951341352,29.054750493631943,-6.260269019781575,-17.726930654544223,-1.7726930654544222
critical_n_concentrations_reproductive_minimum,nitrogen_parameters,0.02,0.022000000000000002,10.0,35.31501951341352,29.061819451016298,-6.2532000623972195,-17.706913796329914,-1.7706913796329915
molybdenum_recovery,senescence_parameters,0.85,0.935,10.0,35.31501951341352,29.06485580726379,-6.250163706149728,-17.698315878816835,-1.7698315878816835
min_par_threshold,photosynthesis,0.1,0.11000000000000001,10.0,35.31501951341352,29.073868711344815,-6.241150802068702,-17.672794431553857,-1.7672794431553858
stress_redistribution_rates_sulfur,nutrient_mobility,0.25,0.275,10.0,35.31501951341352,29.094901881543613,-6.220117631869904,-17.613235721156403,-1.7613235721156404
lai_water_demand_factor,water,0.5,0.55,10.0,35.31501951341352,29.09834094506159,-6.216678568351927,-17.603497475035173,-1.7603497475035172
mobility_classifications_boron_remobilization_efficiency,nutrient_mobility,0.08,0.08800000000000001,10.0,35.31501951341352,29.122032743618426,-6.192986769795091,-17.536410442709347,-1.7536410442709347
uptake_kinetics_NO3_km,nitrogen_parameters,0.5,0.55,10.0,35.31501951341352,29.122956228348883,-6.192063285064634,-17.53379545128875,-1.753379545128875
active_senescence_multiplier,senescence_parameters,2.0,2.2,10.0,35.31501951341352,29.12605352951268,-6.188965983900836,-17.525024958715125,-1.7525024958715125
co2_response_km,environmental_control_parameters,800.0,880.0000000000001,10.0,35.31501951341352,29.127279877536218,-6.1877396358773,-17.521552362521117,-1.7521552362521118
damage_rate_cold,stress_parameters,0.08,0.08800000000000001,10.0,35.31501951341352,29.130781914053728,-6.18423759935979,-17.511635798504553,-1.7511635798504552
xylem_transport_rates_boron,nutrient_mobility,0.15,0.165,10.0,35.31501951341352,29.141512531193477,-6.17350698222004,-17.481250378115153,-1.7481250378115152
critical_n_concentrations_stems_maximum,nitrogen_parameters,0.035,0.038500000000000006,10.0,35.31501951341352,29.14328708926193,-6.171732424151589,-17.47622543945477,-1.747622543945477
sink_strength_coefficients_senescence_stems,nutrient_mobility,0.3,0.33,10.0,35.31501951341352,29.144967656888532,-6.170051856524985,-17.471466649427864,-1.7471466649427865
target_co2,environment,400.0,440.00000000000006,10.0,35.31501951341352,29.176608060813223,-6.138411452600295,-17.381871898070944,-1.7381871898070944
ec_factor_b,nutrient_parameters,0.43,0.47300000000000003,10.0,35.31501951341352,29.18010886939482,-6.134910644018696,-17.371958811146925,-1.7371958811146926
stress_weight_salinity,stress_parameters,0.2,0.22000000000000003,10.0,35.31501951341352,29.197672062151113,-6.117347451262404,-17.32222588448205,-1.7322225884482052
rzt_pump_heat_generation,root_zone_temperature,0.3,0.33,10.0,35.31501951341352,29.21693816773045,-6.098081345683067,-17.267670893872406,-1.7267670893872407
base_growth_factor,root_zone_temperature,0.8,0.8800000000000001,10.0,35.31501951341352,29.222305864486483,-6.092713648927035,-17.252471421155157,-1.7252471421155158
redistribution_thresholds_phosphorus,nutrient_mobility,0.6,0.66,10.0,35.31501951341352,29.224315741882528,-6.09070377153099,-17.246780139021556,-1.7246780139021556
uptake_kinetics_AA_km,nitrogen_parameters,0.8,0.8800000000000001,10.0,35.31501951341352,29.2285540062114,-6.086465507202117,-17.234778830832383,-1.7234778830832382
redistribution_thresholds_sulfur,nutrient_mobility,0.6,0.66,10.0,35.31501951341352,29.232374656572112,-6.082644856841405,-17.223960061896797,-1.7223960061896797
drought_threshold,phenology,0.6,0.66,10.0,35.31501951341352,29.249631733888666,-6.065387779524851,-17.17509394896714,-1.7175093948967142
initial_s_so4,nutrient_concentrations,60.0,66.0,10.0,35.31501951341352,29.253767086154767,-6.061252427258751,-17.163384052376177,-1.7163384052376176
circulation_fan_power,control_equipment_parameters,50.0,55.00000000000001,10.0,35.31501951341352,29.257523794818965,-6.057495718594552,-17.152746344352902,-1.7152746344352903
maintenance_coefficient,model_constants,0.022,0.0242,10.0,35.31501951341352,29.274861149532327,-6.04015836388119,-17.103652913421126,-1.7103652913421126
canopy_height,leaf_development,0.0,0.0,10.0,35.31501951341352,29.274902845522035,-6.040116667891482,-17.10353484470622,-1.710353484470622
lower_middle_canopy_lai_factor,canopy_parameters,0.9,0.9900000000000001,10.0,35.31501951341352,29.276067579914262,-6.038951933499256,-17.100236717143854,-1.7100236717143855
remobilization_rates_metabolic,nitrogen_parameters,0.15,0.165,10.0,35.31501951341352,29.279990411586375,-6.035029101827142,-17.089128605846838,-1.7089128605846837
initial_n_no3,nutrient_concentrations,60.0,66.0,10.0,35.31501951341352,29.30284339123982,-6.012176122173699,-17.024416820412984,-1.7024416820412984
size_penalty_rate,respiration_parameters,0.02,0.022000000000000002,10.0,35.31501951341352,29.303048830930123,-6.011970682483394,-17.02383508580506,-1.7023835085805061
allocation_coefficients_reproductive_roots,nitrogen_parameters,0.1,0.11000000000000001,10.0,35.31501951341352,29.32431871694144,-5.990700796472076,-16.963606077568947,-1.6963606077568947
nitrogen_excess_weight,genetic_parameters,0.3,0.33,10.0,35.31501951341352,29.325155692592617,-5.989863820820901,-16.96123605013386,-1.6961236050133859
nitrogen_stress_threshold,leaf_development,0.7,0.77,10.0,35.31501951341352,29.330559805863174,-5.984459707550343,-16.945933458361242,-1.6945933458361242
rd_25,photosynthesis,1.2,1.32,10.0,35.31501951341352,29.33233956301875,-5.982679950394768,-16.940893797672683,-1.6940893797672683
stress_onset_light,stress_parameters,0.5,0.55,10.0,35.31501951341352,29.352072660545208,-5.96294685286831,-16.885016446340728,-1.6885016446340728
medium_min_activity,root_system,0.25,0.275,10.0,35.31501951341352,29.37828604532356,-5.936733468089958,-16.810789148325515,-1.6810789148325516
fine_root_fraction,root_system,0.65,0.7150000000000001,10.0,35.31501951341352,29.386159717150754,-5.928859796262763,-16.788493615332243,-1.6788493615332243
stress_onset_salinity,stress_parameters,0.8,0.8800000000000001,10.0,35.31501951341352,29.391283325953456,-5.923736187460062,-16.773985315823143,-1.6773985315823143
medium_diameter_std,root_system,0.1,0.11000000000000001,10.0,35.31501951341352,29.39215735397711,-5.922862159436406,-16.771510368801458,-1.6771510368801459
max_acclimation_temperature,respiration_parameters,35.0,38.5,10.0,35.31501951341352,29.392700080571498,-5.92231943284202,-16.76997355358271,-1.6769973553582709
system_multipliers_dwc_branching_multiplier,root_system,1.2,1.32,10.0,35.31501951341352,29.394722123325753,-5.9202973900877645,-16.764247823335023,-1.6764247823335023
gamma_star,photosynthesis,42.75,47.025000000000006,10.0,35.31501951341352,29.409034698341728,-5.90598481507179,-16.723719529104468,-1.6723719529104468
reference_leaf_n,respiration_parameters,0.04,0.044000000000000004,10.0,35.31501951341352,29.410086697950263,-5.904932815463255,-16.720740627710583,-1.6720740627710584
respiration_heat_sensitivity,stress_parameters,0.6,0.66,10.0,35.31501951341352,29.411756723868415,-5.903262789545103,-16.71601168817958,-1.6716011688179582
ionic_strength,nutrient_parameters,0.02,0.022000000000000002,10.0,35.31501951341352,29.44062188099672,-5.874397632416798,-16.634275482094967,-1.6634275482094967
default_phosphorus_content,nutrient_mobility,0.01,0.011000000000000001,10.0,35.31501951341352,29.44660610042962,-5.868413412983898,-16.617330229011852,-1.6617330229011853
humidifier_efficiency,control_equipment_parameters,0.85,0.935,10.0,35.31501951341352,29.449405081443118,-5.8656144319704,-16.60940447659244,-1.6609404476592442
calcium_recovery,senescence_parameters,0.3,0.33,10.0,35.31501951341352,29.453093766290166,-5.861925747123351,-16.59895938864439,-1.6598959388644388
k_uptake_vmax,nutrient_parameters,0.025,0.027500000000000004,10.0,35.31501951341352,29.454096124983145,-5.860923388430372,-16.596121053265307,-1.6596121053265307
phosphorus_recovery,senescence_parameters,0.65,0.7150000000000001,10.0,35.31501951341352,29.456631805041454,-5.858387708372064,-16.588940878673174,-1.6588940878673175
storage_pool_sizes_roots_phosphorus,nutrient_mobility,0.4,0.44000000000000006,10.0,35.31501951341352,29.480500098355364,-5.834519415058153,-16.521354073844016,-1.6521354073844017
oxygen_stress_impact,stress_parameters,0.1,0.11000000000000001,10.0,35.31501951341352,29.491221200965683,-5.823798312447835,-16.490995595332496,-1.6490995595332496
phloem_transport_rates_magnesium,nutrient_mobility,0.12,0.132,10.0,35.31501951341352,29.494528819499088,-5.820490693914429,-16.481629556239273,-1.6481629556239272
bolting_photoperiod_threshold,phenology,14.0,15.400000000000002,10.0,35.31501951341352,29.499225119908406,-5.8157943935051115,-16.468331247264718,-1.6468331247264718
lateral_root_density,root_system,3.0,3.3000000000000003,10.0,35.31501951341352,29.51013180470042,-5.804887708713096,-16.43744726378604,-1.643744726378604
mobility_classifications_molybdenum_remobilization_efficiency,nutrient_mobility,0.5,0.55,10.0,35.31501951341352,29.519001568078938,-5.7960179453345795,-16.412331141805282,-1.6412331141805283
optimal_vpd_max,stress_parameters,1.2,1.32,10.0,35.31501951341352,29.520510349661755,-5.794509163751762,-16.40805879082373,-1.640805879082373
carbohydrate_fraction,model_constants,0.3,0.33,10.0,35.31501951341352,29.52480835681009,-5.7902111566034264,-16.395888311499192,-1.6395888311499192
max_individual_leaf_area,leaf_development,0.008,0.0088,10.0,35.31501951341352,29.531505240098312,-5.783514273315205,-16.376925039269718,-1.6376925039269719
cold_threshold_moderate,stress_parameters,15.0,16.5,10.0,35.31501951341352,29.53704051062173,-5.777979002791788,-16.36125105522643,-1.636125105522643
genetic_growth_modifier,genetic_parameters,1.0,1.1,10.0,35.31501951341352,29.54054995509103,-5.774469558322487,-16.35131351443598,-1.635131351443598
system_multipliers_dwc_surface_area_multiplier,root_system,1.1,1.2100000000000002,10.0,35.31501951341352,29.541085176773564,-5.773934336639954,-16.34979795054869,-1.634979795054869
photoperiod_slope,phenology,0.1,0.11000000000000001,10.0,35.31501951341352,29.55430332036445,-5.760716193049067,-16.312368710035695,-1.6312368710035696
mobility_classifications_copper_remobilization_efficiency,nutrient_mobility,0.25,0.275,10.0,35.31501951341352,29.573519986991535,-5.741499526421983,-16.257953713550176,-1.6257953713550175
tissue_factor_stems,respiration_parameters,0.2,0.22000000000000003,10.0,35.31501951341352,29.581996319658195,-5.733023193755322,-16.233951652151227,-1.6233951652151226
uptake_kinetics_AA_min_conc,nitrogen_parameters,0.2,0.22000000000000003,10.0,35.31501951341352,29.60267666376712,-5.712342849646397,-16.175392023999045,-1.6175392023999045
optimal_temperature_min,environment,15.0,16.5,10.0,35.31501951341352,29.621990356253466,-5.693029157160051,-16.120702283620993,-1.6120702283620993
min_humidity,environment,60.0,66.0,10.0,35.31501951341352,29.64953952236595,-5.665479991047569,-16.042692511880617,-1.6042692511880616
structural_n_concentration,nitrogen_parameters,0.01,0.011000000000000001,10.0,35.31501951341352,29.651894948391195,-5.663124565022322,-16.036022754769615,-1.6036022754769614
critical_n_concentrations_leaves_critical,nitrogen_parameters,0.025,0.027500000000000004,10.0,35.31501951341352,29.6539167088204,-5.661102804593117,-16.03029782396946,-1.603029782396946
bolting_sustained_stress_risk,phenology,0.2,0.22000000000000003,10.0,35.31501951341352,29.67412964771793,-5.640889865695588,-15.973061726762003,-1.5973061726762003
minimum_leaf_life,leaf_development,7.0,7.700000000000001,10.0,35.31501951341352,29.68511480103301,-5.629904712380508,-15.94195554739006,-1.594195554739006
ec_uptake_modifier_k_high,nutrient_parameters,0.25,0.275,10.0,35.31501951341352,29.70582973457237,-5.609189778841149,-15.883297973856816,-1.5883297973856816
ec_factor_default,nutrient_parameters,0.0006,0.00066,10.0,35.31501951341352,29.711214771660373,-5.6038047417531445,-15.868049399278064,-1.5868049399278064
water_stress_threshold,leaf_development,0.6,0.66,10.0,35.31501951341352,29.71458969477262,-5.600429818640897,-15.858492776745361,-1.585849277674536
dehumidifier_efficiency,control_equipment_parameters,0.9,0.9900000000000001,10.0,35.31501951341352,29.718486409116686,-5.596533104296832,-15.847458620746705,-1.5847458620746706
daily_area_loss_factor,senescence_parameters,0.1,0.11000000000000001,10.0,35.31501951341352,29.721488943512007,-5.59353056990151,-15.838956475096804,-1.5838956475096804
light_saturation,photosynthesis,1200.0,1320.0,10.0,35.31501951341352,29.738635500338066,-5.576384013075451,-15.790403318218193,-1.5790403318218194
adaptation_weight,genetic_parameters,0.6,0.66,10.0,35.31501951341352,29.739283961668807,-5.57573555174471,-15.788567098559604,-1.5788567098559603
SDPDV,genetic_parameters,0.0,0.0,10.0,35.31501951341352,29.749545928798582,-5.565473584614935,-15.759508733956753,-1.5759508733956753
fine_diameter_mean,root_system,0.1,0.11000000000000001,10.0,35.31501951341352,29.750247471742064,-5.5647720416714535,-15.757522205411256,-1.5757522205411256
reproductive_root_allocation,model_constants,0.15,0.165,10.0,35.31501951341352,29.752554303590465,-5.562465209823053,-15.75099005031072,-1.575099005031072
buffering_capacities_leaves_potassium,nutrient_mobility,0.35,0.385,10.0,35.31501951341352,29.762675580367272,-5.552343933046245,-15.722330072442201,-1.57223300724422
thermal_time_scale,phenology,0.9,0.9900000000000001,10.0,35.31501951341352,29.76689288003832,-5.5481266333751975,-15.710388128959924,-1.5710388128959925
PODUR,genetic_parameters,0.0,0.0,10.0,35.31501951341352,29.770486946814124,-5.544532566599393,-15.700210966876128,-1.5700210966876127
yield_weight,genetic_parameters,0.25,0.275,10.0,35.31501951341352,29.772892141518835,-5.542127371894683,-15.693400281966843,-1.5693400281966843
ph_stress_impact,stress_parameters,0.15,0.165,10.0,35.31501951341352,29.779652955915175,-5.535366557498342,-15.674255978807752,-1.5674255978807752
optimal_temperature_max,environment,28.0,30.800000000000004,10.0,35.31501951341352,29.78401462093237,-5.531004892481146,-15.661905242273289,-1.5661905242273289
ec_factor_p_po4,nutrient_parameters,0.0052,0.00572,10.0,35.31501951341352,29.784562902995226,-5.530456610418291,-15.660352695876856,-1.5660352695876856
V10_to_V11+,thermal_requirements,40.0,44.0,10.0,35.31501951341352,29.78559136883055,-5.529428144582969,-15.657440434041824,-1.5657440434041825
critical_n_concentrations_roots_optimal,nitrogen_parameters,0.035,0.038500000000000006,10.0,35.31501951341352,29.796245209503667,-5.518774303909851,-15.627272418223312,-1.5627272418223312
ph_max_limit,nutrient_parameters,9.0,9.9,10.0,35.31501951341352,29.801726157326403,-5.5132933560871145,-15.611752257401498,-1.5611752257401499
fine_min_activity,root_system,0.2,0.22000000000000003,10.0,35.31501951341352,29.803248275536795,-5.511771237876722,-15.607442141673502,-1.5607442141673502
eaj,photosynthesis,37000.0,40700.0,10.0,35.31501951341352,29.80546718581703,-5.509552327596488,-15.60115895024162,-1.560115895024162
reproductive_stem_allocation,model_constants,0.45,0.49500000000000005,10.0,35.31501951341352,29.807649675720466,-5.5073698376930516,-15.594978888801736,-1.5594978888801736
xylem_transport_rates_calcium,nutrient_mobility,0.2,0.22000000000000003,10.0,35.31501951341352,29.829276763383284,-5.485742750030234,-15.533738408233393,-1.5533738408233393
xylem_transport_rates_molybdenum,nutrient_mobility,0.12,0.132,10.0,35.31501951341352,29.83125232049713,-5.483767192916389,-15.528144309345542,-1.5528144309345542
phosphate_buffer_pka3,nutrient_parameters,12.33,13.563,10.0,35.31501951341352,29.838209158899975,-5.4768103545135425,-15.508444933559543,-1.5508444933559544
system_multipliers_nft_branching_multiplier,root_system,1.0,1.1,10.0,35.31501951341352,29.839922567552605,-5.475096945860912,-15.503593149032058,-1.5503593149032058
WTPSD,genetic_parameters,0.0,0.0,10.0,35.31501951341352,29.8415424272598,-5.473477086153718,-15.499006262971923,-1.5499006262971924
pid_temperature_kd,environmental_control_parameters,0.2,0.22000000000000003,10.0,35.31501951341352,29.84243140421085,-5.472588109202668,-15.49648898572474,-1.5496488985724741
max_temperature_change_per_hour,environmental_control_parameters,2.0,2.2,10.0,35.31501951341352,29.847157290663205,-5.467862222750313,-15.483106899242921,-1.5483106899242922
optimal_n_min,nitrogen_parameters,0.025,0.027500000000000004,10.0,35.31501951341352,29.853599657988063,-5.461419855425454,-15.464864328762646,-1.5464864328762646
senescence_rate,nitrogen_parameters,0.7,0.77,10.0,35.31501951341352,29.86052989577096,-5.454489617642558,-15.445240276791603,-1.5445240276791603
mobility_classifications_calcium_remobilization_efficiency,nutrient_mobility,0.05,0.05500000000000001,10.0,35.31501951341352,29.86196216451546,-5.4530573488980565,-15.441184583876133,-1.5441184583876133
root_zone_exploration,nitrogen_parameters,0.85,0.935,10.0,35.31501951341352,29.871071305846332,-5.4439482075671854,-15.415390625791497,-1.5415390625791496
remobilization_efficiency_stems,nitrogen_parameters,0.6,0.66,10.0,35.31501951341352,29.875358001562255,-5.439661511851263,-15.40325217655662,-1.540325217655662
channel_length,root_system,200.0,220.00000000000003,10.0,35.31501951341352,29.875902759874137,-5.4391167535393805,-15.40170960821208,-1.540170960821208
ec_factor_mn,nutrient_parameters,0.48,0.528,10.0,35.31501951341352,29.893239285969127,-5.4217802274443905,-15.352618523642791,-1.5352618523642791
min_temperature_factor,root_system,0.5,0.55,10.0,35.31501951341352,29.893425483550924,-5.421594029862593,-15.352091276074017,-1.5352091276074016
leaf_angle_variance,canopy_parameters,15.0,16.5,10.0,35.31501951341352,29.8980256364555,-5.416993876958017,-15.339065223793828,-1.5339065223793829
V2_to_V3,thermal_requirements,35.0,38.5,10.0,35.31501951341352,29.898817848713293,-5.416201664700225,-15.336821950906801,-1.53368219509068
stress_redistribution_rates_phosphorus,nutrient_mobility,0.25,0.275,10.0,35.31501951341352,29.898949058219294,-5.416070455194223,-15.336450410673185,-1.5336450410673186
buffering_capacities_stems_potassium,nutrient_mobility,0.25,0.275,10.0,35.31501951341352,29.918114238896663,-5.396905274516854,-15.2821812047052,-1.52821812047052
no3_uptake_km,nutrient_parameters,0.5,0.55,10.0,35.31501951341352,29.927352755251665,-5.387666758161853,-15.256020901009226,-1.5256020901009226
linear_growth_slope,root_zone_temperature,0.05,0.05500000000000001,10.0,35.31501951341352,29.937659212059444,-5.377360301354074,-15.22683655692621,-1.522683655692621
system_channel_length,system,10.0,11.0,10.0,35.31501951341352,29.93986207107521,-5.375157442338306,-15.220598817159617,-1.5220598817159616
nutrient_stress_tolerance,genetic_parameters,0.25,0.275,10.0,35.31501951341352,29.940328803794365,-5.374690709619152,-15.219277190481833,-1.5219277190481832
co2_enrichment_duration,environment,8.0,8.8,10.0,35.31501951341352,29.94086808660839,-5.374151426805128,-15.217750126865687,-1.5217750126865686
optimal_ec_min,stress_parameters,1.0,1.1,10.0,35.31501951341352,29.94773783998263,-5.367281673430888,-15.198297345955769,-1.519829734595577
default_temperature,system,22.0,24.200000000000003,10.0,35.31501951341352,29.955824798508747,-5.3591947149047705,-15.17539785832262,-1.5175397858322621
moderate_stress_factor,respiration_parameters,0.05,0.05500000000000001,10.0,35.31501951341352,29.95722362430748,-5.357795889106036,-15.171436864337604,-1.5171436864337604
mobility_classifications_calcium_retranslocation_rate,nutrient_mobility,0.01,0.011000000000000001,10.0,35.31501951341352,29.961056287549738,-5.3539632258637795,-15.160584079049459,-1.516058407904946
mobility_classifications_magnesium_retranslocation_rate,nutrient_mobility,0.08,0.08800000000000001,10.0,35.31501951341352,29.965030465409477,-5.349989048004041,-15.149330572993122,-1.5149330572993123
ph_drift_rate,nutrient_parameters,0.02,0.022000000000000002,10.0,35.31501951341352,29.97051941695378,-5.344500096459736,-15.133787748382138,-1.513378774838214
nitrogen_stress_rate,senescence_parameters,0.08,0.08800000000000001,10.0,35.31501951341352,29.981172109542477,-5.33384740387104,-15.10362298354419,-1.510362298354419
temperature_stress_rate,senescence_parameters,0.06,0.066,10.0,35.31501951341352,29.9838662059713,-5.331153307442218,-15.09599422822721,-1.509599422822721
initial_cu,nutrient_concentrations,0.05,0.05500000000000001,10.0,35.31501951341352,29.988312300307385,-5.326707213106133,-15.083404416874007,-1.5083404416874007
allocation_coefficients_vegetative_leaves,nitrogen_parameters,0.6,0.66,10.0,35.31501951341352,29.9912334468112,-5.323786066602317,-15.075132733765617,-1.5075132733765617
V6_to_V7,thermal_requirements,35.0,38.5,10.0,35.31501951341352,29.9945564956182,-5.320463017795319,-15.06572300143987,-1.506572300143987
mobility_classifications_zinc_remobilization_efficiency,nutrient_mobility,0.4,0.44000000000000006,10.0,35.31501951341352,29.997969253013743,-5.317050260399775,-15.056059245217824,-1.5056059245217823
pid_humidity_ki,environmental_control_parameters,0.5,0.55,10.0,35.31501951341352,29.99800826669246,-5.317011246721059,-15.05594877188593,-1.505594877188593
po4_uptake_km,nutrient_parameters,0.1,0.11000000000000001,10.0,35.31501951341352,30.012281702845378,-5.302737810568139,-15.0155313054663,-1.50155313054663
remobilization_rates_transport,nitrogen_parameters,0.3,0.33,10.0,35.31501951341352,30.03878200985094,-5.276237503562577,-14.940491542298401,-1.4940491542298402
severe_stress_threshold,respiration_parameters,8.0,8.8,10.0,35.31501951341352,30.040863938178525,-5.2741555752349925,-14.934596236685463,-1.4934596236685462
salinity_stress_weight,genetic_parameters,0.2,0.22000000000000003,10.0,35.31501951341352,30.041989387659882,-5.273030125753635,-14.93140935049125,-1.4931409350491252
transition_defaults_reproductive,thermal_requirements,200.0,220.00000000000003,10.0,35.31501951341352,30.047260314259745,-5.267759199153772,-14.91648389760325,-1.491648389760325
cold_recovery_rate,stress_parameters,0.12,0.132,10.0,35.31501951341352,30.056942756032313,-5.258076757381204,-14.889066549670336,-1.4889066549670336
circadian_peak_1,respiration_parameters,4.0,4.4,10.0,35.31501951341352,30.07952809000136,-5.235491423412157,-14.825112644843896,-1.4825112644843896
fine_turnover_rate,root_system,0.02,0.022000000000000002,10.0,35.31501951341352,30.080017763496585,-5.235001749916933,-14.823726057771394,-1.4823726057771394
heat_damage_rate,stress_parameters,0.1,0.11000000000000001,10.0,35.31501951341352,30.08031501994173,-5.234704493471789,-14.82288432966466,-1.482288432966466
so4_uptake_km,nutrient_parameters,0.7,0.77,10.0,35.31501951341352,30.085331784093142,-5.229687729320375,-14.808678577493097,-1.4808678577493097
recovery_rate,senescence_parameters,0.03,0.033,10.0,35.31501951341352,30.088880011698066,-5.226139501715451,-14.798631216189573,-1.4798631216189573
GE_to_VE,thermal_requirements,80.0,88.0,10.0,35.31501951341352,30.090043391133108,-5.22497612228041,-14.79533692540035,-1.479533692540035
initial_fe,nutrient_concentrations,2.0,2.2,10.0,35.31501951341352,30.090630170728197,-5.2243893426853205,-14.793675367221498,-1.4793675367221497
base_crop_coefficient,crop_parameters,0.7,0.77,10.0,35.31501951341352,30.0933634127009,-5.221656100712618,-14.78593576517579,-1.478593576517579
frost_damage_rate,stress_parameters,0.15,0.165,10.0,35.31501951341352,30.093531845321117,-5.221487668092401,-14.785458821873654,-1.4785458821873654
damage_rate_heat,stress_parameters,0.1,0.11000000000000001,10.0,35.31501951341352,30.096174231755207,-5.218845281658311,-14.777976491492703,-1.4777976491492704
EM_FL,genetic_parameters,28.5,31.35,10.0,35.31501951341352,30.096924905997156,-5.218094607416361,-14.775850839992883,-1.4775850839992883
V5_to_V6,thermal_requirements,35.0,38.5,10.0,35.31501951341352,30.106558157515998,-5.208461355897519,-14.74857278195533,-1.474857278195533
circadian_amplitude_2,respiration_parameters,0.05,0.05500000000000001,10.0,35.31501951341352,30.107485009022664,-5.207534504390853,-14.745948256981434,-1.4745948256981434
coarse_turnover_rate,root_system,0.005,0.0055000000000000005,10.0,35.31501951341352,30.109089722748603,-5.205929790664914,-14.741404259135615,-1.4741404259135615
phloem_transport_rates_iron,nutrient_mobility,0.05,0.05500000000000001,10.0,35.31501951341352,30.1129435816868,-5.202075931726718,-14.730491454920024,-1.4730491454920025
phi_psii,photosynthesis,0.85,0.935,10.0,35.31501951341352,30.12212619080413,-5.192893322609386,-14.70448946130979,-1.4704489461309789
leaf_reflectance,canopy_parameters,0.1,0.11000000000000001,10.0,35.31501951341352,30.129323499543297,-5.185696013870221,-14.684109156163897,-1.4684109156163898
max_leaf_number,leaf_development,25.0,27.500000000000004,10.0,35.31501951341352,30.13005962854522,-5.184959884868299,-14.682024691785667,-1.4682024691785667
solution_change_probability_increase,system,0.02,0.022000000000000002,10.0,35.31501951341352,30.136673032165316,-5.178346481248202,-14.66329780529029,-1.466329780529029
max_solar_radiation,environment,20.0,22.0,10.0,35.31501951341352,30.137319138903983,-5.177700374509534,-14.661468253027344,-1.4661468253027343
mobility_classifications_nitrogen_retranslocation_rate,nutrient_mobility,0.15,0.165,10.0,35.31501951341352,30.142122286919736,-5.172897226493781,-14.64786738834729,-1.464786738834729
clumping_index,canopy_parameters,0.9,0.9900000000000001,10.0,35.31501951341352,30.14818676996165,-5.166832743451867,-14.630694856304343,-1.4630694856304343
vegetative_leaf_allocation,model_constants,0.6,0.66,10.0,35.31501951341352,30.156598435146364,-5.158421078267153,-14.60687591099265,-1.4606875910992652
metabolic_n_concentration,nitrogen_parameters,0.04,0.044000000000000004,10.0,35.31501951341352,30.161284745984545,-5.153734767428972,-14.59360588905085,-1.4593605889050851
optimal_flow_rate,root_system,1.5,1.6500000000000001,10.0,35.31501951341352,30.161536541653973,-5.153482971759544,-14.592892890239304,-1.4592892890239304
ec_buffer_factor,nutrient_parameters,0.1,0.11000000000000001,10.0,35.31501951341352,30.162804496758625,-5.152215016654893,-14.589302477088973,-1.4589302477088972
mean_leaf_angle,canopy_parameters,45.0,49.50000000000001,10.0,35.31501951341352,30.165652784153,-5.149366729260517,-14.581237105942021,-1.4581237105942022
canopy_width,canopy_parameters,0.3,0.33,10.0,35.31501951341352,30.165711992209445,-5.149307521204072,-14.581069449071771,-1.458106944907177
nitrate_acidification_factor,nutrient_parameters,0.001,0.0011,10.0,35.31501951341352,30.169288177770287,-5.14573133564323,-14.570942920444244,-1.4570942920444243
no3_uptake_vmax,nutrient_parameters,0.03,0.033,10.0,35.31501951341352,30.177772773946803,-5.137246739466715,-14.546917459624966,-1.4546917459624966
allocation_coefficients_vegetative_stems,nitrogen_parameters,0.2,0.22000000000000003,10.0,35.31501951341352,30.192068429177308,-5.12295108423621,-14.506437076412732,-1.4506437076412733
initial_stem_biomass,model_constants,0.08,0.08800000000000001,10.0,35.31501951341352,30.210290185120854,-5.104729328292663,-14.454839325102908,-1.4454839325102908
humidifier_capacity,control_equipment_parameters,10.0,11.0,10.0,35.31501951341352,30.222179275174348,-5.0928402382391695,-14.42117350750658,-1.442117350750658
co2_injection_rate,control_equipment_parameters,100.0,110.00000000000001,10.0,35.31501951341352,30.222617676903127,-5.0924018365103905,-14.41993210445819,-1.441993210445819
min_temp,leaf_development,4.0,4.4,10.0,35.31501951341352,30.224837569622405,-5.090181943791112,-14.413646131096531,-1.4413646131096531
uptake_kinetics_NH4_inhibition_ki,nitrogen_parameters,1.5,1.6500000000000001,10.0,35.31501951341352,30.22536235487148,-5.089657158542039,-14.412160119602543,-1.4412160119602544
process_sensitivity_photosynthesis,stress_parameters,0.8,0.8800000000000001,10.0,35.31501951341352,30.229999454394843,-5.0850200590186745,-14.399029447193874,-1.4399029447193874
jmax_25,photosynthesis,125.0,137.5,10.0,35.31501951341352,30.233890558140416,-5.081128955273101,-14.388011178482182,-1.4388011178482183
uptake_kinetics_NH4_min_conc,nitrogen_parameters,0.05,0.05500000000000001,10.0,35.31501951341352,30.234297345217925,-5.080722168195592,-14.386859297262482,-1.4386859297262482
damage_rate_frost,stress_parameters,0.15,0.165,10.0,35.31501951341352,30.236344670473922,-5.078674842939595,-14.381061975657664,-1.4381061975657663
root_temp_tolerance,root_zone_temperature,5.0,5.5,10.0,35.31501951341352,30.242169220157514,-5.072850293256003,-14.364568852437444,-1.4364568852437443
acclimation_rate,stress_parameters,0.05,0.05500000000000001,10.0,35.31501951341352,30.25389641033481,-5.061123103078707,-14.331361479657026,-1.4331361479657025
max_co2_concentration,environmental_control_parameters,2000.0,2200.0,10.0,35.31501951341352,30.25865684164619,-5.056362671767328,-14.317881574005067,-1.4317881574005067
mobility_classifications_magnesium_remobilization_efficiency,nutrient_mobility,0.45,0.49500000000000005,10.0,35.31501951341352,30.262411734346827,-5.05260777906669,-14.30724900816658,-1.430724900816658
middle_canopy_lai_factor,canopy_parameters,1.2,1.32,10.0,35.31501951341352,30.26868105871778,-5.046338454695736,-14.289496435869195,-1.4289496435869196
V8_to_V9,thermal_requirements,35.0,38.5,10.0,35.31501951341352,30.273954222832003,-5.041065290581514,-14.274564647109406,-1.4274564647109407
buffering_capacities_leaves_nitrogen,nutrient_mobility,0.3,0.33,10.0,35.31501951341352,30.27921393963324,-5.0358055737802765,-14.2596709365191,-1.42596709365191
remobilization_rates_storage,nitrogen_parameters,0.25,0.275,10.0,35.31501951341352,30.29844638974445,-5.016573123669069,-14.205211246630206,-1.4205211246630207
environmental_history_days,phenology,7.0,7.700000000000001,10.0,35.31501951341352,30.299527920914347,-5.0154915924991705,-14.202148722002441,-1.4202148722002441
ca_uptake_km,nutrient_parameters,0.8,0.8800000000000001,10.0,35.31501951341352,30.30242978225295,-5.012589731160567,-14.19393164785499,-1.419393164785499
min_effective_rzt,root_zone_temperature,15.0,16.5,10.0,35.31501951341352,30.32273859722061,-4.992280916192907,-14.136424062562716,-1.4136424062562716
transition_defaults_vegetative,thermal_requirements,35.0,38.5,10.0,35.31501951341352,30.32546270329233,-4.9895568101211865,-14.128710330249227,-1.4128710330249228
opt_temp_min,leaf_development,18.0,19.8,10.0,35.31501951341352,30.33423779174013,-4.980781721673388,-14.103862295139221,-1.410386229513922
FL_SH,genetic_parameters,16.0,17.6,10.0,35.31501951341352,30.34294478696384,-4.9720747264496765,-14.079207076641028,-1.4079207076641027
acclimation_decay_rate,stress_parameters,0.02,0.022000000000000002,10.0,35.31501951341352,30.348195994900586,-4.966823518512932,-14.064337460231076,-1.4064337460231076
carbon_to_biomass_ratio,model_constants,0.45,0.49500000000000005,10.0,35.31501951341352,30.35212911471273,-4.962890398700786,-14.05320021645679,-1.4053200216456792
heat_recovery_threshold,stress_parameters,28.0,30.800000000000004,10.0,35.31501951341352,30.35334759839438,-4.961671915019139,-14.049749889376596,-1.4049749889376595
light_stress_tolerance,genetic_parameters,0.15,0.165,10.0,35.31501951341352,30.3574894915336,-4.9575300218799185,-14.038021471280587,-1.4038021471280586
V9_to_V10,thermal_requirements,35.0,38.5,10.0,35.31501951341352,30.35793392807816,-4.957085585335356,-14.036762979707637,-1.4036762979707638
sink_strength_coefficients_reproductive_roots,nutrient_mobility,0.15,0.165,10.0,35.31501951341352,30.357970040013242,-4.957049473400275,-14.03666072311659,-1.403666072311659
maximum_temperature,phenology,35.0,38.5,10.0,35.31501951341352,30.358141581946402,-4.956877931467115,-14.036174975308652,-1.4036174975308653
mg_uptake_km,nutrient_parameters,0.6,0.66,10.0,35.31501951341352,30.358707588714644,-4.956311924698873,-14.034572238637285,-1.4034572238637284
target_temperature,environment,22.0,24.200000000000003,10.0,35.31501951341352,30.359456516999046,-4.955562996414471,-14.032451531089274,-1.4032451531089274
lipid_fraction,model_constants,0.05,0.05500000000000001,10.0,35.31501951341352,30.36593817932507,-4.949081334088447,-14.014097690668596,-1.4014097690668597
root_metabolism_sensitivity_low,root_zone_temperature,0.3,0.33,10.0,35.31501951341352,30.376068559976936,-4.938950953436581,-13.985411933754266,-1.3985411933754266
k_uptake_km,nutrient_parameters,0.4,0.44000000000000006,10.0,35.31501951341352,30.376448773718472,-4.938570739695045,-13.984335299090672,-1.398433529909067
min_enzyme_factor,photosynthesis,0.3,0.33,10.0,35.31501951341352,30.388872004707512,-4.926147508706006,-13.949156977911148,-1.3949156977911148
uptake_kinetics_NO3_min_conc,nitrogen_parameters,0.1,0.11000000000000001,10.0,35.31501951341352,30.398120651541326,-4.916898861872191,-13.922967988180302,-1.3922967988180301
remobilization_rates_structural,nitrogen_parameters,0.02,0.022000000000000002,10.0,35.31501951341352,30.398449847111472,-4.9165696663020455,-13.922035819446767,-1.3922035819446767
root_zone_efficiency_factor,root_system,0.6,0.66,10.0,35.31501951341352,30.399345462707167,-4.91567405070635,-13.919499743839179,-1.3919499743839179
mobility_classifications_iron_retranslocation_rate,nutrient_mobility,0.03,0.033,10.0,35.31501951341352,30.400372048006624,-4.914647465406894,-13.916592807035514,-1.3916592807035513
phloem_transport_rates_potassium,nutrient_mobility,0.25,0.275,10.0,35.31501951341352,30.40759365972665,-4.907425853686867,-13.896143684199028,-1.389614368419903
storage_pool_sizes_stems_phosphorus,nutrient_mobility,0.5,0.55,10.0,35.31501951341352,30.4085998206589,-4.906419692754618,-13.893294582184893,-1.3893294582184894
phenology_optimal_temperature_max,phenology,24.0,26.400000000000002,10.0,35.31501951341352,30.417338199235253,-4.897681314178264,-13.868550496816246,-1.3868550496816245
dehumidifier_capacity,control_equipment_parameters,8.0,8.8,10.0,35.31501951341352,30.417717102246538,-4.897302411166979,-13.867477573690318,-1.3867477573690317
min_daylight_co2,environment,500.0,550.0,10.0,35.31501951341352,30.41870072271778,-4.896318790695737,-13.864692298516202,-1.3864692298516201
bolting_maturity_risk_factor,phenology,0.02,0.022000000000000002,10.0,35.31501951341352,30.41986041654184,-4.8951590968716765,-13.861408444110795,-1.3861408444110794
environmental_buffer_days,phenology,5.0,5.5,10.0,35.31501951341352,30.43195692910654,-4.883062584306977,-13.827155277239106,-1.3827155277239105
base_root_conductance,root_system,50.0,55.00000000000001,10.0,35.31501951341352,30.442980600349827,-4.87203891306369,-13.795940028330353,-1.3795940028330353
root_respiration_fraction,model_constants,0.3,0.33,10.0,35.31501951341352,30.444463521949146,-4.8705559914643715,-13.791740903935828,-1.3791740903935827
optimal_temperature,environment,22.0,24.200000000000003,10.0,35.31501951341352,30.459880558421787,-4.85513895499173,-13.74808515438489,-1.374808515438489
cold_lethal_temperature,stress_parameters,5.0,5.5,10.0,35.31501951341352,30.46381007833638,-4.851209435077138,-13.736958104283445,-1.3736958104283445
VE_to_V1,thermal_requirements,45.0,49.50000000000001,10.0,35.31501951341352,30.467836841839485,-4.847182671574032,-13.72555569375504,-1.3725555693755038
water_stress_factor,stress_parameters,0.2,0.22000000000000003,10.0,35.31501951341352,30.47726591994299,-4.837753593470527,-13.698855784669831,-1.3698855784669832
LFMAX,genetic_parameters,1.25,1.375,10.0,35.31501951341352,30.480415437357664,-4.834604076055854,-13.689937433616741,-1.3689937433616741
protein_fraction,model_constants,0.2,0.22000000000000003,10.0,35.31501951341352,30.481939044543694,-4.833080468869824,-13.685623101621394,-1.3685623101621394
number_of_plants,system,12.0,13.200000000000001,10.0,35.31501951341352,30.490076293497633,-4.824943219915884,-13.6625812087779,-1.36625812087779
medium_root_fraction,root_system,0.25,0.275,10.0,35.31501951341352,30.496446134353015,-4.818573379060503,-13.64454400833699,-1.364454400833699
forced_solution_change_interval,system,12.0,13.200000000000001,10.0,35.31501951341352,30.503304107238854,-4.811715406174663,-13.625124585722103,-1.3625124585722104
bottom_canopy_lai_factor,canopy_parameters,0.6,0.66,10.0,35.31501951341352,30.50526091175542,-4.809758601658096,-13.619583587745806,-1.3619583587745807
default_root_nitrogen_conc,nitrogen_parameters,2.8,3.08,10.0,35.31501951341352,30.51753403212666,-4.797485481286856,-13.584830328253542,-1.358483032825354
water_salinity_interaction_factor,water,0.3,0.33,10.0,35.31501951341352,30.5294537593342,-4.785565754079318,-13.551077756764773,-1.3551077756764773
development_cold_sensitivity,stress_parameters,0.6,0.66,10.0,35.31501951341352,30.529810706403346,-4.7852088070101715,-13.550067005322287,-1.3550067005322286
co2_tolerance,environment,50.0,55.00000000000001,10.0,35.31501951341352,30.535167495047975,-4.779852018365542,-13.534898420628187,-1.3534898420628187
stress_weight_ph,stress_parameters,0.15,0.165,10.0,35.31501951341352,30.53920981831604,-4.775809695097479,-13.523451950192209,-1.352345195019221
base_co2_loss_rate,environmental_control_parameters,50.0,55.00000000000001,10.0,35.31501951341352,30.545481346421084,-4.769538166992433,-13.505693137677142,-1.3505693137677142
stress_response_weight,genetic_parameters,0.2,0.22000000000000003,10.0,35.31501951341352,30.547389298357647,-4.7676302150558705,-13.50029047342026,-1.350029047342026
upper_canopy_lai_factor,canopy_parameters,0.8,0.8800000000000001,10.0,35.31501951341352,30.55271612494961,-4.762303388463906,-13.485206730963478,-1.3485206730963477
rapid_decline_slope,root_zone_temperature,0.15,0.165,10.0,35.31501951341352,30.556705052885455,-4.758314460528062,-13.473911457760165,-1.3473911457760166
specific_leaf_area,canopy_parameters,180.0,198.00000000000003,10.0,35.31501951341352,30.606136546548058,-4.70888296686546,-13.333938453798416,-1.3333938453798415
iron_recovery,senescence_parameters,0.4,0.44000000000000006,10.0,35.31501951341352,30.611006345389164,-4.704013168024353,-13.320148856884117,-1.3320148856884118
so4_uptake_vmax,nutrient_parameters,0.015,0.0165,10.0,35.31501951341352,30.63625767467353,-4.678761838739987,-13.248645769437783,-1.3248645769437783
critical_photoperiod,phenology,12.0,13.200000000000001,10.0,35.31501951341352,30.637190248835793,-4.677829264577724,-13.246005039869704,-1.3246005039869704
respiration_acclimation_rate,respiration_parameters,0.03,0.033,10.0,35.31501951341352,30.64253912915958,-4.672480384253937,-13.230858848822704,-1.3230858848822704
plant_spacing,canopy_parameters,0.3,0.33,10.0,35.31501951341352,30.653575204002628,-4.661444309410889,-13.199608477181663,-1.3199608477181664
ec_factor_zn,nutrient_parameters,0.5,0.55,10.0,35.31501951341352,30.658397615577982,-4.656621897835535,-13.185953064720337,-1.3185953064720337
ph_adjustment_rate,nutrient_parameters,0.1,0.11000000000000001,10.0,35.31501951341352,30.66967758343999,-4.645341929973526,-13.154012071858293,-1.3154012071858294
buffering_capacities_stems_nitrogen,nutrient_mobility,0.2,0.22000000000000003,10.0,35.31501951341352,30.66993832624086,-4.645081187172657,-13.153273737845,-1.3153273737845
V3_to_V4,thermal_requirements,35.0,38.5,10.0,35.31501951341352,30.67274431867917,-4.642275194734346,-13.14532813147985,-1.314532813147985
daily_biomass_loss_factor,senescence_parameters,0.1,0.11000000000000001,10.0,35.31501951341352,30.684735217382634,-4.630284296030883,-13.111374026771205,-1.3111374026771205
ambient_temperature,environmental_control_parameters,20.0,22.0,10.0,35.31501951341352,30.686693056462282,-4.6283264569512355,-13.10583009926777,-1.310583009926777
target_vpd,environment,0.7,0.77,10.0,35.31501951341352,30.690840749017173,-4.624178764396344,-13.09408525921943,-1.309408525921943
carbohydrate_respiration_cost,respiration_parameters,1.27,1.3970000000000002,10.0,35.31501951341352,39.933107672736,4.6180881593224825,13.07683875855829,1.3076838758558291
normal_senescence_multiplier,senescence_parameters,1.0,1.1,10.0,35.31501951341352,30.697582643485344,-4.617436869928174,-13.074994530795477,-1.3074994530795476
alpha,photosynthesis,0.24,0.264,10.0,35.31501951341352,30.720174455453574,-4.594845057959944,-13.011022282501381,-1.301102228250138
neighbor_shading_distance,canopy_parameters,0.6,0.66,10.0,35.31501951341352,30.726798133966906,-4.588221379446612,-12.992266301039116,-1.2992266301039117
min_diurnal_factor,respiration_parameters,0.5,0.55,10.0,35.31501951341352,30.731778061873868,-4.583241451539649,-12.97816485645384,-1.297816485645384
water_stress_impact,stress_parameters,0.25,0.275,10.0,35.31501951341352,30.73352358555715,-4.581495927856366,-12.9732221331952,-1.2973222133195201
system_multipliers_aeroponics_surface_area_multiplier,root_system,2.0,2.2,10.0,35.31501951341352,30.733885406861965,-4.581134106551552,-12.97219757959223,-1.297219757959223
maintenance_base_rate,respiration_parameters,0.018,0.0198,10.0,35.31501951341352,30.737004474857912,-4.5780150385556055,-12.963365450829675,-1.2963365450829676
optimal_n_max,nitrogen_parameters,0.06,0.066,10.0,35.31501951341352,30.74264184684988,-4.572377666563636,-12.94740235051246,-1.294740235051246
sink_strength_coefficients_senescence_reproductive,nutrient_mobility,0.35,0.385,10.0,35.31501951341352,30.747611735590475,-4.567407777823043,-12.933329333396598,-1.2933329333396597
branching_angle_mean,root_system,45.0,49.50000000000001,10.0,35.31501951341352,30.76615549210991,-4.548864021303608,-12.880819787104569,-1.288081978710457
FL_LF,genetic_parameters,22.0,24.200000000000003,10.0,35.31501951341352,30.768498048423975,-4.546521464989542,-12.87418647259323,-1.287418647259323
pid_temperature_ki,environmental_control_parameters,0.8,0.8800000000000001,10.0,35.31501951341352,30.77485860689736,-4.540160906516157,-12.856175556668434,-1.2856175556668434
organic_acid_fraction,model_constants,0.1,0.11000000000000001,10.0,35.31501951341352,30.781268904413956,-4.533750608999561,-12.838023796865045,-1.2838023796865046
r,photosynthesis,8.314,9.1454,10.0,35.31501951341352,30.78799757914924,-4.527021934264276,-12.818970502181942,-1.2818970502181943
critical_n_concentrations_roots_minimum,nitrogen_parameters,0.012,0.013200000000000002,10.0,35.31501951341352,30.79607799491001,-4.518941518503507,-12.796089541411979,-1.279608954141198
ph_target_max,nutrient_parameters,6.2,6.820000000000001,10.0,35.31501951341352,30.805194289151217,-4.5098252242623005,-12.77027532874322,-1.277027532874322
fine_diameter_std,root_system,0.02,0.022000000000000002,10.0,35.31501951341352,30.812367031070185,-4.502652482343333,-12.749964588390256,-1.2749964588390257
mobility_classifications_potassium_retranslocation_rate,nutrient_mobility,0.2,0.22000000000000003,10.0,35.31501951341352,30.833195331902637,-4.481824181510881,-12.690985997639256,-1.2690985997639257
night_respiration_factor,respiration_parameters,0.9,0.9900000000000001,10.0,35.31501951341352,30.833526444849326,-4.481493068564191,-12.690048399554216,-1.2690048399554217
SIZLF,genetic_parameters,25.0,27.500000000000004,10.0,35.31501951341352,30.834191316666335,-4.480828196747183,-12.688165711037632,-1.2688165711037631
sink_strength_coefficients_reproductive_reproductive,nutrient_mobility,0.35,0.385,10.0,35.31501951341352,30.843122577619177,-4.471896935794341,-12.662875449058733,-1.2662875449058733
lower_canopy_factor,senescence_parameters,1.5,1.6500000000000001,10.0,35.31501951341352,30.852684681357267,-4.46233483205625,-12.635798857087831,-1.2635798857087832
growth_respiration_coefficient,model_constants,0.2,0.22000000000000003,10.0,35.31501951341352,30.8613270768695,-4.453692436544017,-12.611326562774217,-1.2611326562774217
system_multipliers_aeroponics_branching_multiplier,root_system,3.0,3.3000000000000003,10.0,35.31501951341352,30.865498757989975,-4.449520755423542,-12.599513795351308,-1.259951379535131
rzt_ambient_exchange_factor,root_zone_temperature,0.1,0.11000000000000001,10.0,35.31501951341352,30.871277737308805,-4.443741776104712,-12.583149711744799,-1.2583149711744799
acclimation_memory_duration,stress_parameters,7.0,7.700000000000001,10.0,35.31501951341352,30.87590889904208,-4.439110614371437,-12.570035853117261,-1.257003585311726
sink_strength_coefficients_vegetative_stems,nutrient_mobility,0.25,0.275,10.0,35.31501951341352,30.8760305929694,-4.4389889204441175,-12.569691257732648,-1.256969125773265
critical_n_concentrations_reproductive_critical,nitrogen_parameters,0.03,0.033,10.0,35.31501951341352,30.882536591608908,-4.43248292180461,-12.551268505234841,-1.255126850523484
allocation_coefficients_vegetative_roots,nitrogen_parameters,0.2,0.22000000000000003,10.0,35.31501951341352,30.900521656943845,-4.414497856469673,-12.500340980394864,-1.2500340980394864
pid_co2_ki,environmental_control_parameters,0.3,0.33,10.0,35.31501951341352,30.925413409697704,-4.389606103715813,-12.42985609012203,-1.242985609012203
environment_optimal_temperature,environment,22.0,24.200000000000003,10.0,35.31501951341352,30.935254224601618,-4.3797652888119,-12.401990283902736,-1.2401990283902735
phloem_transport_rates_copper,nutrient_mobility,0.06,0.066,10.0,35.31501951341352,30.93566651066307,-4.379353002750449,-12.400822831450121,-1.240082283145012
number_of_layers,canopy_parameters,5.0,5.5,10.0,35.31501951341352,30.943746900221583,-4.371272613191934,-12.377941944875937,-1.2377941944875936
ph_min_limit,nutrient_parameters,4.0,4.4,10.0,35.31501951341352,30.951227099560548,-4.36379241385297,-12.356760590760805,-1.2356760590760805
temperature_stress_impact,stress_parameters,0.5,0.55,10.0,35.31501951341352,30.953120295064895,-4.361899218348622,-12.351399711649218,-1.2351399711649218
po4_uptake_vmax,nutrient_parameters,0.008,0.0088,10.0,35.31501951341352,30.955018532457466,-4.360000980956052,-12.346024555642723,-1.2346024555642723
pid_humidity_kd,environmental_control_parameters,0.1,0.11000000000000001,10.0,35.31501951341352,30.97017957873431,-4.344839934679207,-12.303093682360643,-1.2303093682360644
optimal_vpd,environment,0.7,0.77,10.0,35.31501951341352,30.991923638439506,-4.323095874974012,-12.241521977163266,-1.2241521977163266
initial_zn,nutrient_concentrations,0.1,0.11000000000000001,10.0,35.31501951341352,30.992385992103195,-4.322633521310323,-12.240212750465789,-1.2240212750465789
system_channel_depth,system,5.0,5.5,10.0,35.31501951341352,30.993650112024334,-4.321369401389184,-12.236633197237285,-1.2236633197237285
SLAVR,genetic_parameters,180.0,198.00000000000003,10.0,35.31501951341352,31.009729907351357,-4.305289606062161,-12.191100742353846,-1.2191100742353846
xylem_transport_rates_sulfur,nutrient_mobility,0.12,0.132,10.0,35.31501951341352,31.009738782804593,-4.305280730608924,-12.191075610120143,-1.2191075610120143
xylem_transport_rates_nitrogen,nutrient_mobility,0.25,0.275,10.0,35.31501951341352,31.014364545963772,-4.300654967449745,-12.17797703839934,-1.2177977038399341
day_respiration_factor,respiration_parameters,1.1,1.2100000000000002,10.0,35.31501951341352,31.016961869529993,-4.298057643883524,-12.170622310575293,-1.2170622310575294
fine_root_half_life_days,root_system,35.0,38.5,10.0,35.31501951341352,31.021307869188853,-4.293711644224665,-12.15831593295257,-1.215831593295257
heterosis_factor,genetic_parameters,1.05,1.1550000000000002,10.0,35.31501951341352,31.021688404267774,-4.293331109145743,-12.15723838837192,-1.215723838837192
kc_light_interception_factor,crop_parameters,0.4,0.44000000000000006,10.0,35.31501951341352,31.023317333945855,-4.291702179467663,-12.152625819270943,-1.2152625819270944
ROOT_ACTIVITY,genetic_parameters,1.0,1.1,10.0,35.31501951341352,31.02418458130588,-4.290834932107636,-12.15017007275862,-1.215017007275862
o2_mmol_mol,photosynthesis,210.0,231.00000000000003,10.0,35.31501951341352,31.025299771450054,-4.289719741963463,-12.147012237481906,-1.2147012237481907
ec_uptake_modifier_p_high,nutrient_parameters,0.15,0.165,10.0,35.31501951341352,31.038463008567106,-4.276556504846411,-12.109738473235359,-1.2109738473235359
max_extinction_coefficient,canopy_parameters,10.0,11.0,10.0,35.31501951341352,31.066554727494633,-4.248464785918884,-12.030192378359615,-1.2030192378359614
air_exchange_rate,control_equipment_parameters,0.5,0.55,10.0,35.31501951341352,31.066648541951047,-4.248370971462471,-12.029926728056415,-1.2029926728056415
storage_n_concentration,nitrogen_parameters,0.02,0.022000000000000002,10.0,35.31501951341352,31.077250425081182,-4.237769088332335,-11.999905838145512,-1.1999905838145513
remobilization_efficiency_leaves,nitrogen_parameters,0.75,0.8250000000000001,10.0,35.31501951341352,31.079138371502125,-4.235881141911392,-11.99455982263439,-1.199455982263439
phloem_transport_rates_phosphorus,nutrient_mobility,0.18,0.198,10.0,35.31501951341352,31.087534995794336,-4.227484517619182,-11.970783467961779,-1.1970783467961779
light_stress_impact,stress_parameters,0.15,0.165,10.0,35.31501951341352,31.103034609219165,-4.2119849041943525,-11.926893888858071,-1.1926893888858072
light_saturation_threshold,environmental_control_parameters,200.0,220.00000000000003,10.0,35.31501951341352,31.117311586997097,-4.19770792641642,-11.886466393773413,-1.1886466393773412
light_penetration_lai,photosynthesis,4.0,4.4,10.0,35.31501951341352,31.127089671092598,-4.187929842320919,-11.858778219647423,-1.1858778219647423
phloem_transport_capacity,nutrient_mobility,0.8,0.8800000000000001,10.0,35.31501951341352,31.130870069590017,-4.1841494438235,-11.848073430156981,-1.1848073430156982
max_temperature_factor,root_system,2.5,2.75,10.0,35.31501951341352,31.14589770883776,-4.169121804575756,-11.805520319738802,-1.1805520319738803
diurnal_base_factor,respiration_parameters,1.0,1.1,10.0,35.31501951341352,31.148687265167844,-4.1663322482456735,-11.797621254784236,-1.1797621254784236
sink_strength_coefficients_senescence_roots,nutrient_mobility,0.25,0.275,10.0,35.31501951341352,31.161213855363943,-4.153805658049574,-11.762150255847532,-1.1762150255847532
min_acclimation_temperature,respiration_parameters,10.0,11.0,10.0,35.31501951341352,31.16971306673895,-4.145306446674567,-11.738083409808333,-1.1738083409808333
vegetative_default,thermal_requirements,35.0,38.5,10.0,35.31501951341352,31.170515968946994,-4.144503544466524,-11.73580986665557,-1.173580986665557
acclimation_memory,respiration_parameters,5.0,5.5,10.0,35.31501951341352,31.170749793094913,-4.144269720318604,-11.735147757017403,-1.1735147757017403
stress_onset_nutrient,stress_parameters,0.7,0.77,10.0,35.31501951341352,31.20511263492806,-4.109906878485457,-11.63784399701213,-1.163784399701213
buffering_capacities_leaves_phosphorus,nutrient_mobility,0.25,0.275,10.0,35.31501951341352,31.20611957092146,-4.108899942492059,-11.634992700291152,-1.1634992700291151
max_diurnal_factor,respiration_parameters,1.5,1.6500000000000001,10.0,35.31501951341352,31.206980956837043,-4.108038556576474,-11.632553551375329,-1.1632553551375329
ec_factor_fe,nutrient_parameters,0.45,0.49500000000000005,10.0,35.31501951341352,31.2217691677185,-4.093250345695019,-11.590678419815967,-1.1590678419815967
severe_deficiency_threshold,nitrogen_parameters,0.015,0.0165,10.0,35.31501951341352,31.223382303021275,-4.091637210392243,-11.586110574958447,-1.1586110574958446
temperature_tolerance,genetic_parameters,0.5,0.55,10.0,35.31501951341352,31.226290173569467,-4.0887293398440505,-11.57787648479438,-1.157787648479438
night_temp,environment,19.0,20.900000000000002,10.0,35.31501951341352,31.229939991470633,-4.085079521942884,-11.567541454681256,-1.1567541454681256
max_temp,leaf_development,35.0,38.5,10.0,35.31501951341352,31.23043218436825,-4.084587329045267,-11.566147733526918,-1.156614773352692
uptake_kinetics_NO3_vmax,nitrogen_parameters,0.15,0.165,10.0,35.31501951341352,31.237995615672553,-4.077023897740965,-11.54473069508686,-1.154473069508686
buffering_capacities_roots_nitrogen,nutrient_mobility,0.15,0.165,10.0,35.31501951341352,31.238348496488246,-4.076671016925271,-11.54373145787687,-1.154373145787687
rzt_heat_transfer_coefficient,root_zone_temperature,10.0,11.0,10.0,35.31501951341352,31.238779888307057,-4.07623962510646,-11.542509904484701,-1.1542509904484701
experiment_duration,experiment_settings,60.0,66.0,10.0,35.31501951341352,31.240284993355488,-4.07473452005803,-11.538247964185167,-1.1538247964185167
max_carboxylation,photosynthesis,85.0,93.50000000000001,10.0,35.31501951341352,31.263586202724344,-4.051433310689173,-11.472266946221959,-1.1472266946221958
lignin_respiration_cost,respiration_parameters,2.07,2.277,10.0,35.31501951341352,31.26747970782594,-4.047539805587576,-11.461241877695183,-1.1461241877695183
reproductive_priority_factor,senescence_parameters,1.2,1.32,10.0,35.31501951341352,31.27842579786538,-4.036593715548136,-11.43024631209658,-1.143024631209658
light_stress_rate,senescence_parameters,0.04,0.044000000000000004,10.0,35.31501951341352,31.292413299778957,-4.02260621363456,-11.390638513187499,-1.1390638513187499
max_flow_rate,root_system,4.0,4.4,10.0,35.31501951341352,31.297248598184417,-4.0177709152291,-11.3769466096516,-1.1376946609651601
bolting_temperature_threshold,phenology,25.0,27.500000000000004,10.0,35.31501951341352,31.298287407966463,-4.016732105447055,-11.374005057313932,-1.1374005057313932
salinity_tolerance,genetic_parameters,0.2,0.22000000000000003,10.0,35.31501951341352,31.299082310221785,-4.015937203191733,-11.371754167278262,-1.137175416727826
sulfur_recovery,senescence_parameters,0.7,0.77,10.0,35.31501951341352,31.30186809082693,-4.0131514225865885,-11.363865793879272,-1.1363865793879273
sink_strength_coefficients_reproductive_stems,nutrient_mobility,0.2,0.22000000000000003,10.0,35.31501951341352,31.305768199666193,-4.009251313747324,-11.352822025836659,-1.135282202583666
ph_min,root_system,5.5,6.050000000000001,10.0,35.31501951341352,31.307162457190806,-4.007857056222711,-11.348873967634162,-1.1348873967634163
temperature_gradient_factor,canopy_parameters,0.5,0.55,10.0,35.31501951341352,31.317664979055706,-3.997354534357811,-11.319134434683003,-1.1319134434683003
hours_per_day,photosynthesis,24.0,26.400000000000002,10.0,35.31501951341352,31.32798929942136,-3.9870302139921563,-11.289899507142517,-1.1289899507142516
V4_to_V5,thermal_requirements,35.0,38.5,10.0,35.31501951341352,31.34770229031141,-3.967317223102107,-11.23407909089565,-1.123407909089565
critical_n_concentrations_roots_maximum,nitrogen_parameters,0.05,0.05500000000000001,10.0,35.31501951341352,31.350984825100653,-3.9640346883128643,-11.224784080346398,-1.1224784080346397
low_flow_factor,root_system,0.5,0.55,10.0,35.31501951341352,31.382005271212424,-3.933014242201093,-11.136944836480232,-1.1136944836480231
rzt_root_respiration_heat,root_zone_temperature,0.5,0.55,10.0,35.31501951341352,31.382944317261103,-3.9320751961524145,-11.134285780753753,-1.1134285780753754
salt_stress_osmotic_factor,stress_parameters,0.5,0.55,10.0,35.31501951341352,31.383379556342845,-3.931639957070672,-11.133053333234994,-1.1133053333234995
co2_sensor_accuracy,control_equipment_parameters,10.0,11.0,10.0,35.31501951341352,39.2439710155162,3.9289515021026844,11.125440552596528,1.1125440552596528
photosynthesis_heat_sensitivity,stress_parameters,0.8,0.8800000000000001,10.0,35.31501951341352,31.387838091097905,-3.9271814223156127,-11.120428294890145,-1.1120428294890146
max_temperature_threshold,respiration_parameters,40.0,44.0,10.0,35.31501951341352,31.414277469520343,-3.9007420438931746,-11.045561060532831,-1.1045561060532831
leaf_area_index,leaf_development,0.0,0.0,10.0,35.31501951341352,31.419849462562617,-3.8951700508509006,-11.029783090935059,-1.102978309093506
light_use_efficiency,photosynthesis,2.1,2.3100000000000005,10.0,35.31501951341352,31.425297774265115,-3.8897217391484027,-11.014355344391047,-1.1014355344391047
growth_cold_sensitivity,stress_parameters,0.8,0.8800000000000001,10.0,35.31501951341352,31.426895945897094,-3.8881235675164234,-11.009829871507272,-1.100982987150727
optimal_ec_max,stress_parameters,2.5,2.75,10.0,35.31501951341352,31.446657961918902,-3.8683615514946155,-10.953870632933718,-1.0953870632933718
nutrient_stress_impact,stress_parameters,0.25,0.275,10.0,35.31501951341352,31.454815649470426,-3.8602038639430916,-10.93077086500516,-1.093077086500516
wind_speed_2m,environment,2.0,2.2,10.0,35.31501951341352,31.46170896248291,-3.8533105509306083,-10.911251371295506,-1.0911251371295507
magnesium_recovery,senescence_parameters,0.6,0.66,10.0,35.31501951341352,31.465223287910273,-3.849796225503244,-10.901300009309061,-1.090130000930906
salinity_stress_impact,stress_parameters,0.2,0.22000000000000003,10.0,35.31501951341352,31.466193990507314,-3.8488255229062034,-10.898551313115725,-1.0898551313115725
heat_stress_threshold,stress_parameters,28.0,30.800000000000004,10.0,35.31501951341352,31.481419374855015,-3.833600138558502,-10.855438256525403,-1.0855438256525403
default_critical_n_concentration,nitrogen_parameters,0.045,0.0495,10.0,35.31501951341352,31.490308781867547,-3.82471073154597,-10.830266510523236,-1.0830266510523237
max_co2_enhancement_factor,environmental_control_parameters,1.4,1.54,10.0,35.31501951341352,31.49196182167551,-3.8230576917380077,-10.82558566981937,-1.082558566981937
ec_uptake_high_threshold,nutrient_parameters,1.5,1.6500000000000001,10.0,35.31501951341352,31.501119862160195,-3.8138996512533225,-10.799653246134294,-1.0799653246134295
zinc_recovery,senescence_parameters,0.5,0.55,10.0,35.31501951341352,31.52799017819641,-3.787029335217106,-10.723565744537387,-1.0723565744537387
max_recovery,senescence_parameters,0.3,0.33,10.0,35.31501951341352,31.535402395939805,-3.7796171174737125,-10.70257689094047,-1.070257689094047
max_effective_rzt,root_zone_temperature,30.0,33.0,10.0,35.31501951341352,31.552463894963047,-3.7625556184504703,-10.654264588531117,-1.0654264588531117
luxury_uptake_threshold,nitrogen_parameters,1.2,1.32,10.0,35.31501951341352,31.560709602977283,-3.754309910436234,-10.630915576898532,-1.0630915576898532
carbonate_conc,nutrient_parameters,50.0,55.00000000000001,10.0,35.31501951341352,31.59809425297739,-3.7169252604361276,-10.525055094545106,-1.0525055094545106
default_humidity,system,60.0,66.0,10.0,35.31501951341352,31.60697187142916,-3.7080476419843578,-10.499916729696126,-1.0499916729696126
temp_tolerance,environment,3.0,3.3000000000000003,10.0,35.31501951341352,31.616332186646687,-3.69868732676683,-10.47341153347509,-1.047341153347509
phosphate_total,nutrient_parameters,60.0,66.0,10.0,35.31501951341352,31.629002527325795,-3.686016986087722,-10.43753348256733,-1.043753348256733
max_lai,canopy_parameters,4.0,4.4,10.0,35.31501951341352,31.63253103882193,-3.6824884745915867,-10.427541950508866,-1.0427541950508865
system_channel_width,system,10.0,11.0,10.0,35.31501951341352,31.6338405688859,-3.681178944527616,-10.423833811360103,-1.0423833811360104
enzyme_saturation_lai,photosynthesis,3.5,3.8500000000000005,10.0,35.31501951341352,31.637002412364367,-3.67801710104915,-10.414880557129944,-1.0414880557129944
stress_weight_water,stress_parameters,0.25,0.275,10.0,35.31501951341352,31.66793384946465,-3.647085663948868,-10.327293356198245,-1.0327293356198246
target_humidity,environment,70.0,77.0,10.0,35.31501951341352,31.672146383215143,-3.6428731301983746,-10.315364908165266,-1.0315364908165265
allocation_coefficients_reproductive_leaves,nitrogen_parameters,0.4,0.44000000000000006,10.0,35.31501951341352,31.675611836905816,-3.6394076765077017,-10.305551934143388,-1.0305551934143389
respiration_cold_sensitivity,stress_parameters,0.5,0.55,10.0,35.31501951341352,31.676689168985202,-3.638330344428315,-10.302501299897024,-1.0302501299897024
root_conductivity,nutrient_mobility,0.5,0.55,10.0,35.31501951341352,31.68959798150653,-3.625421531906987,-10.265947978677918,-1.0265947978677918
cold_damage_rate,stress_parameters,0.08,0.08800000000000001,10.0,35.31501951341352,31.713584830153962,-3.601434683259555,-10.198025465883266,-1.0198025465883265
active_senescence_threshold,senescence_parameters,0.5,0.55,10.0,35.31501951341352,31.721533952253683,-3.5934855611598344,-10.175516283645093,-1.0175516283645094
SFDUR,genetic_parameters,0.0,0.0,10.0,35.31501951341352,31.745583122868034,-3.5694363905454836,-10.107417296455758,-1.0107417296455758
base_xylem_conductance,root_system,30.0,33.0,10.0,35.31501951341352,31.75443442205813,-3.5605850913553887,-10.082353458711783,-1.0082353458711784
protein_respiration_cost,respiration_parameters,1.89,2.079,10.0,35.31501951341352,31.77688782490776,-3.538131688505757,-10.01877313748018,-1.001877313748018
coarse_root_half_life_days,root_system,140.0,154.0,10.0,35.31501951341352,31.786374488651706,-3.5286450247618113,-9.991910165649335,-0.9991910165649335
ec_decline_rate,nutrient_management,0.05,0.05500000000000001,10.0,35.31501951341352,31.801537357210723,-3.5134821562027945,-9.948974132290333,-0.9948974132290334
rzt_min_growth_factor,root_zone_temperature,0.2,0.22000000000000003,10.0,35.31501951341352,31.806095770312727,-3.508923743100791,-9.936066272788027,-0.9936066272788027
copper_recovery,senescence_parameters,0.45,0.49500000000000005,10.0,35.31501951341352,31.814431479180584,-3.5005880342329334,-9.912462409664883,-0.9912462409664883
temp_stress_factor,stress_parameters,0.1,0.11000000000000001,10.0,35.31501951341352,31.845237153187835,-3.4697823602256825,-9.825231326596812,-0.9825231326596813
size_penalty_threshold,respiration_parameters,50.0,55.00000000000001,10.0,35.31501951341352,31.84621675764047,-3.468802755773048,-9.822457423407371,-0.9822457423407371
critical_n_concentrations_reproductive_optimal,nitrogen_parameters,0.05,0.05500000000000001,10.0,35.31501951341352,31.863264700921487,-3.4517548124920303,-9.774183506201854,-0.9774183506201854
transition_defaults_head_formation,thermal_requirements,150.0,165.0,10.0,35.31501951341352,31.86365017085348,-3.4513693425600387,-9.773091987813071,-0.9773091987813072
frost_threshold,stress_parameters,0.0,0.0,10.0,35.31501951341352,31.86758151577417,-3.447437997639348,-9.76195976992148,-0.976195976992148
n_channels,root_system,4.0,4.4,10.0,35.31501951341352,31.87032669672091,-3.4446928166926085,-9.754186360803875,-0.9754186360803875
nutrient_stress_weight,genetic_parameters,0.25,0.275,10.0,35.31501951341352,31.87934280068339,-3.435676712730128,-9.72865585257619,-0.9728655852576191
respiration_biosynthetic_cost,respiration_parameters,1.25,1.375,10.0,35.31501951341352,31.879547614394806,-3.4354718990187116,-9.728075890525375,-0.9728075890525375
tissue_factor_reproductive,respiration_parameters,0.0,0.0,10.0,35.31501951341352,31.894150079568128,-3.4208694338453896,-9.686726726983851,-0.9686726726983851
leaf_transmittance,canopy_parameters,0.05,0.05500000000000001,10.0,35.31501951341352,31.894527846671885,-3.4204916667416327,-9.685657020357713,-0.9685657020357713
phloem_transport_rates_sulfur,nutrient_mobility,0.15,0.165,10.0,35.31501951341352,31.898912567541384,-3.4161069458721336,-9.673240997572186,-0.9673240997572187
tissue_factor_leaves,respiration_parameters,0.4,0.44000000000000006,10.0,35.31501951341352,31.909209499685836,-3.405810013727681,-9.644083624062759,-0.9644083624062759
eav,photosynthesis,65330.0,71863.0,10.0,35.31501951341352,31.937753868536554,-3.377265644876964,-9.563255780148145,-0.9563255780148145
ec_uptake_modifier_n_high,nutrient_parameters,0.2,0.22000000000000003,10.0,35.31501951341352,31.940885469147112,-3.3741340442664054,-9.554388163327578,-0.9554388163327578
heat_damage_threshold,stress_parameters,35.0,38.5,10.0,35.31501951341352,31.95180537651116,-3.363214136902357,-9.523466738068558,-0.9523466738068558
root_conductance_scaling_factor,root_system,1.0,1.1,10.0,35.31501951341352,31.96940986559656,-3.345609647816957,-9.473616874390263,-0.9473616874390263
phosphate_buffer_pka1,nutrient_parameters,2.15,2.365,10.0,35.31501951341352,31.9938598355088,-3.321159677904717,-9.404382961315534,-0.9404382961315534
tissue_factor_roots,respiration_parameters,0.4,0.44000000000000006,10.0,35.31501951341352,31.993985903586747,-3.3210336098267703,-9.404025979839426,-0.9404025979839427
recovery_memory_duration,stress_parameters,14.0,15.400000000000002,10.0,35.31501951341352,32.00143830500854,-3.313581208404976,-9.382923339873551,-0.9382923339873551
light_threshold,environment,8.0,8.8,10.0,35.31501951341352,32.01441356302921,-3.300605950384309,-9.346181867832913,-0.9346181867832912
redistribution_thresholds_nitrogen,nutrient_mobility,0.7,0.77,10.0,35.31501951341352,32.0329509146232,-3.2820685987903175,-9.293690458088822,-0.9293690458088821
phloem_transport_rates_calcium,nutrient_mobility,0.01,0.011000000000000001,10.0,35.31501951341352,32.0418336661935,-3.27318584722002,-9.268537558012062,-0.9268537558012062
coarse_root_fraction,root_system,0.1,0.11000000000000001,10.0,35.31501951341352,32.04339349083536,-3.271626022578154,-9.264120670627152,-0.9264120670627152
mobility_classifications_manganese_retranslocation_rate,nutrient_mobility,0.06,0.066,10.0,35.31501951341352,32.05815816921066,-3.2568613442028607,-9.222312175038795,-0.9222312175038795
default_ec,system,1.8,1.9800000000000002,10.0,35.31501951341352,32.06777510199674,-3.24724441141678,-9.195080326044833,-0.9195080326044833
stress_history_days,senescence_parameters,7.0,7.700000000000001,10.0,35.31501951341352,32.06909790960714,-3.24592160380638,-9.191334589447129,-0.9191334589447129
nutrient_uptake_sensitivity_low,root_zone_temperature,0.6,0.66,10.0,35.31501951341352,32.07232972599129,-3.242689787422229,-9.182183195992785,-0.9182183195992785
reproductive_leaf_allocation,model_constants,0.4,0.44000000000000006,10.0,35.31501951341352,32.07946312439594,-3.2355563890175745,-9.161983862952788,-0.9161983862952787
xylem_transport_rates_iron,nutrient_mobility,0.08,0.08800000000000001,10.0,35.31501951341352,32.09698890108058,-3.2180306123329387,-9.1123568857456,-0.9112356885745599
min_ec_limit,nutrient_parameters,0.05,0.05500000000000001,10.0,35.31501951341352,32.12703518110546,-3.187984332308055,-9.02727614548586,-0.9027276145485861
recovery_memory_days,stress_parameters,14.0,15.400000000000002,10.0,35.31501951341352,32.12739318223466,-3.187626331178855,-9.026262409307506,-0.9026262409307506
lipid_respiration_cost,respiration_parameters,2.41,2.6510000000000002,10.0,35.31501951341352,32.13101817421867,-3.1840013391948503,-9.015997677660883,-0.9015997677660883
ppfd_to_photosynthesis_factor,canopy_parameters,0.05,0.05500000000000001,10.0,35.31501951341352,32.13422209181983,-3.180797421593688,-9.006925283973134,-0.9006925283973134
ec_uptake_low_threshold,nutrient_parameters,0.5,0.55,10.0,35.31501951341352,32.164972590279476,-3.1500469231340418,-8.919850439095967,-0.8919850439095967
channel_width,root_system,10.0,11.0,10.0,35.31501951341352,32.16537228224537,-3.149647231168146,-8.918718648794268,-0.8918718648794268
humidity_deadband,environmental_control_parameters,5.0,5.5,10.0,35.31501951341352,32.18199992018987,-3.1330195932236506,-8.871634891872713,-0.8871634891872713
row_spacing,canopy_parameters,0.3,0.33,10.0,35.31501951341352,32.212026718649,-3.1029927947645177,-8.78660931671275,-0.878660931671275
n_stress_threshold,nitrogen_parameters,0.75,0.8250000000000001,10.0,35.31501951341352,32.23134786008057,-3.0836716533329493,-8.731898483481496,-0.8731898483481496
min_history_threshold,respiration_parameters,3.0,3.3000000000000003,10.0,35.31501951341352,32.23156856914803,-3.0834509442654863,-8.731273511244458,-0.8731273511244458
oxygen_factor,environment,0.95,1.045,10.0,35.31501951341352,32.29012451747053,-3.0248949959429865,-8.565463187112375,-0.8565463187112374
co2_afternoon_target,environment,600.0,660.0,10.0,35.31501951341352,32.314720572468836,-3.000298940944681,-8.495815611272969,-0.8495815611272969
root_base_temperature,root_system,20.0,22.0,10.0,35.31501951341352,32.33109413116446,-2.983925382249055,-8.449451319475234,-0.8449451319475234
XFRT,genetic_parameters,0.0,0.0,10.0,35.31501951341352,32.36861549629186,-2.946404017121658,-8.343203706860592,-0.8343203706860592
medium_root_half_life_days,root_system,70.0,77.0,10.0,35.31501951341352,32.369009770363625,-2.946009743049892,-8.342087258173324,-0.8342087258173324
co2_response_vmax,environmental_control_parameters,2.0,2.2,10.0,35.31501951341352,32.41406166514647,-2.9009578482670477,-8.214515773282221,-0.821451577328222
early_senescence_threshold,senescence_parameters,0.2,0.22000000000000003,10.0,35.31501951341352,32.43494700488033,-2.880072508533189,-8.155375667962653,-0.8155375667962653
HI_to_HD,thermal_requirements,180.0,198.00000000000003,10.0,35.31501951341352,32.44261393912568,-2.872405574287839,-8.13366554476015,-0.813366554476015
head_formation_node_requirement,phenology,8.0,8.8,10.0,35.31501951341352,32.445107134035936,-2.869912379377581,-8.126605673508172,-0.8126605673508172
base_temperature_respiration,model_constants,22.0,24.200000000000003,10.0,35.31501951341352,32.47248366646977,-2.842535846943747,-8.049084741023806,-0.8049084741023806
vpd_tolerance,environment,0.3,0.33,10.0,35.31501951341352,32.478513956805585,-2.836505556607932,-8.03200903097493,-0.8032009030974929
phloem_transport_rates_molybdenum,nutrient_mobility,0.12,0.132,10.0,35.31501951341352,32.481633249023155,-2.833386264390363,-8.023176267293785,-0.8023176267293785
mobility_classifications_phosphorus_remobilization_efficiency,nutrient_mobility,0.7,0.77,10.0,35.31501951341352,32.492387450703745,-2.822632062709772,-7.992724063589053,-0.7992724063589053
nh4_uptake_vmax,nutrient_parameters,0.045,0.0495,10.0,35.31501951341352,32.49777785042993,-2.817241662983591,-7.97746030386174,-0.797746030386174
heat_threshold_moderate,stress_parameters,28.0,30.800000000000004,10.0,35.31501951341352,32.51380635078167,-2.8012131626318464,-7.932073098721852,-0.7932073098721852
water_use_efficiency,water,0.1,0.11000000000000001,10.0,35.31501951341352,32.51382530190475,-2.801194211508765,-7.93201943565344,-0.793201943565344
default_co2,system,400.0,440.00000000000006,10.0,35.31501951341352,32.52770718366961,-2.787312329743905,-7.892710716711384,-0.7892710716711384
height_growth_factor,model_constants,0.004,0.0044,10.0,35.31501951341352,32.54564398848366,-2.769375524929856,-7.84191984908285,-0.784191984908285
phosphate_acidification_factor,nutrient_parameters,0.0005,0.00055,10.0,35.31501951341352,32.56262918522381,-2.752390328189705,-7.7938236085195385,-0.7793823608519539
stress_redistribution_rates_potassium,nutrient_mobility,0.4,0.44000000000000006,10.0,35.31501951341352,32.61124535859445,-2.7037741548190652,-7.656159311456999,-0.7656159311456998
mobility_classifications_potassium_remobilization_efficiency,nutrient_mobility,0.85,0.935,10.0,35.31501951341352,32.62122470617551,-2.6937948072380067,-7.627901228299865,-0.7627901228299865
opt_temp_max,leaf_development,24.0,26.400000000000002,10.0,35.31501951341352,32.63686948958451,-2.678150023829005,-7.583600577685587,-0.7583600577685587
heat_tolerance,genetic_parameters,0.3,0.33,10.0,35.31501951341352,32.725861457064866,-2.5891580563486514,-7.331605905994828,-0.7331605905994828
min_ph_factor,root_system,0.3,0.33,10.0,35.31501951341352,32.72652807662131,-2.5884914367922107,-7.329718268480747,-0.7329718268480747
bolting_risk_threshold,phenology,0.7,0.77,10.0,35.31501951341352,32.740866209694936,-2.5741533037185818,-7.2891176026134,-0.72891176026134
uptake_kinetics_AA_vmax,nitrogen_parameters,0.08,0.08800000000000001,10.0,35.31501951341352,32.778254492798204,-2.536765020615313,-7.183246832560257,-0.7183246832560257
rzt_thermal_response_time,root_zone_temperature,2.0,2.2,10.0,35.31501951341352,32.79056216389558,-2.524457349517938,-7.148395737284208,-0.7148395737284208
temperature_decay_factor,respiration_parameters,0.1,0.11000000000000001,10.0,35.31501951341352,32.79346712180795,-2.5215523916055673,-7.140169894703921,-0.714016989470392
yield_potential,genetic_parameters,0.85,0.935,10.0,35.31501951341352,32.82004311458107,-2.494976398832449,-7.064915815450125,-0.7064915815450126
nitrogen_recovery,senescence_parameters,0.75,0.8250000000000001,10.0,35.31501951341352,32.821581229135305,-2.493438284278213,-7.060560403573168,-0.7060560403573168
temperature_range,root_system,10.0,11.0,10.0,35.31501951341352,32.83527969736157,-2.4797398160519464,-7.021771048746214,-0.7021771048746215
bolting_photoperiod_risk_max,phenology,0.3,0.33,10.0,35.31501951341352,32.840317489739746,-2.474702023673771,-7.007505751862371,-0.7007505751862371
optimal_root_temperature,root_zone_temperature,22.0,24.200000000000003,10.0,35.31501951341352,32.8521295663611,-2.4628899470524175,-6.974058009841821,-0.6974058009841821
water_temp_interaction_factor,water,0.1,0.11000000000000001,10.0,35.31501951341352,32.88367202981176,-2.431347483601755,-6.884740592252168,-0.6884740592252168
phloem_transport_rates_boron,nutrient_mobility,0.02,0.022000000000000002,10.0,35.31501951341352,32.94171449902847,-2.3733050143850463,-6.720384264501416,-0.6720384264501416
SDPRO,genetic_parameters,0.0,0.0,10.0,35.31501951341352,32.95305403892822,-2.361965474485295,-6.68827458409916,-0.668827458409916
stress_weight_light,stress_parameters,0.15,0.165,10.0,35.31501951341352,32.96385633468777,-2.3511631787257485,-6.657686194489341,-0.6657686194489341
stress_onset_temperature,stress_parameters,0.8,0.8800000000000001,10.0,35.31501951341352,32.96962364104094,-2.3453958723725776,-6.64135516471041,-0.664135516471041
respiration_growth_efficiency,respiration_parameters,0.8,0.8800000000000001,10.0,35.31501951341352,32.98275519984097,-2.3322643135725443,-6.6041711025720735,-0.6604171102572074
extinction_coefficient,canopy_parameters,0.7,0.77,10.0,35.31501951341352,32.99265261259016,-2.3223669008233543,-6.576145030703613,-0.6576145030703613
initial_mg,nutrient_concentrations,15.0,16.5,10.0,35.31501951341352,37.634081136420704,2.3190616230071868,6.566785619717271,0.656678561971727
growth_heat_sensitivity,stress_parameters,0.9,0.9900000000000001,10.0,35.31501951341352,33.010614628684536,-2.3044048847289815,-6.525282773392527,-0.6525282773392527
vpd_stress_high_factor,stress_parameters,0.25,0.275,10.0,35.31501951341352,33.10203780944226,-2.212981703971259,-6.266403741135451,-0.6266403741135451
heat_stress_weight,genetic_parameters,0.3,0.33,10.0,35.31501951341352,33.10389401887072,-2.2111254945427987,-6.26114759388129,-0.626114759388129
max_temperature_gradient,canopy_parameters,3.0,3.3000000000000003,10.0,35.31501951341352,33.12151281300754,-2.193506700405976,-6.211257223212996,-0.6211257223212996
circadian_peak_2,respiration_parameters,16.0,17.6,10.0,35.31501951341352,33.135660462415,-2.179359050998521,-6.171195941632558,-0.6171195941632558
manganese_recovery,senescence_parameters,0.35,0.385,10.0,35.31501951341352,33.13891632242981,-2.17610319098371,-6.161976464878272,-0.6161976464878272
temp_stress_threshold,stress_parameters,5.0,5.5,10.0,35.31501951341352,33.140969607319306,-2.1740499060942113,-6.156162267639279,-0.6156162267639279
psychrometric_constant,environment,0.665,0.7315000000000002,10.0,35.31501951341352,33.18833716213533,-2.126682351278184,-6.022033629261956,-0.6022033629261956
base_temperature,phenology,4.0,4.4,10.0,35.31501951341352,33.26649809091556,-2.0485214224979558,-5.8007087373118305,-0.580070873731183
xylem_transport_rates_potassium,nutrient_mobility,0.3,0.33,10.0,35.31501951341352,33.27879697879202,-2.036222534621494,-5.765882513099239,-0.5765882513099239
temperature_correction_factor,nutrient_parameters,0.0055,0.00605,10.0,35.31501951341352,37.292867508597936,1.977847995184419,5.600585876593338,0.5600585876593338
container_volume,system,5.0,5.5,10.0,35.31501951341352,33.33812993661326,-1.9768895768002608,-5.597871965069675,-0.5597871965069675
pid_temperature_kp,environmental_control_parameters,3.0,3.3000000000000003,10.0,35.31501951341352,37.28291819856122,1.967898685147702,5.572412849440011,0.557241284944001
rzt_water_uptake_sensitivity_high,root_zone_temperature,0.95,1.045,10.0,35.31501951341352,33.34918111157379,-1.9658384018397257,-5.566578835084749,-0.5566578835084749
q10_factor,respiration_parameters,1.8,1.9800000000000002,10.0,35.31501951341352,33.399996836728995,-1.9150226766845222,-5.422686163197925,-0.5422686163197925
leaf_absorptance,canopy_parameters,0.85,0.935,10.0,35.31501951341352,33.43562953046097,-1.8793899829525458,-5.321786618973004,-0.5321786618973003
leaf_area_expansion_rate,leaf_development,0.2,0.22000000000000003,10.0,35.31501951341352,33.43569435236496,-1.8793251610485555,-5.321603065615585,-0.5321603065615584
specific_root_activity,nitrogen_parameters,0.08,0.08800000000000001,10.0,35.31501951341352,33.44561616739872,-1.8694033460147992,-5.293507894862563,-0.5293507894862562
severe_stress_factor,respiration_parameters,0.1,0.11000000000000001,10.0,35.31501951341352,33.48172095832042,-1.8332985550930943,-5.191271533622577,-0.5191271533622577
phenology_optimal_temperature_min,phenology,18.0,19.8,10.0,35.31501951341352,33.48501226604453,-1.8300072473689895,-5.181951681136429,-0.5181951681136429
proportional_control_factor,nutrient_parameters,2.0,2.2,10.0,35.31501951341352,33.49945964798474,-1.8155598654287743,-5.14104166001998,-0.514104166001998
ec_uptake_modifier_n_low,nutrient_parameters,0.3,0.33,10.0,35.31501951341352,37.12432453624892,1.809305022835403,5.1233300951403535,0.5123330095140354
maintenance_respiration_coefficient,model_constants,0.015,0.0165,10.0,35.31501951341352,33.54584646370705,-1.7691730497064668,-5.009690137745758,-0.5009690137745758
acclimation_memory_days,stress_parameters,7.0,7.700000000000001,10.0,35.31501951341352,33.5786718389036,-1.736347674509915,-4.916739954937324,-0.49167399549373236
photosynthesis_sensitivity_low,root_zone_temperature,0.5,0.55,10.0,35.31501951341352,33.58746706046568,-1.7275524529478403,-4.8918349097660085,-0.48918349097660085
ci_fraction,photosynthesis,0.7,0.77,10.0,35.31501951341352,33.59539603669543,-1.719623476718084,-4.86938277370887,-0.486938277370887
critical_n_factor,nitrogen_parameters,1.2,1.32,10.0,35.31501951341352,33.66205831891048,-1.6529611945030354,-4.680618097563842,-0.46806180975638423
plant_height,canopy_parameters,30.0,33.0,10.0,35.31501951341352,33.66751146351829,-1.6475080498952295,-4.665176665892724,-0.4665176665892724
ca_uptake_vmax,nutrient_parameters,0.018,0.0198,10.0,35.31501951341352,33.70506866789917,-1.6099508455143479,-4.558827568827616,-0.4558827568827616
critical_n_concentrations_stems_critical,nitrogen_parameters,0.015,0.0165,10.0,35.31501951341352,33.72844875418731,-1.5865707592262055,-4.49262319853338,-0.449262319853338
mg_uptake_vmax,nutrient_parameters,0.012,0.013200000000000002,10.0,35.31501951341352,33.729371482507,-1.585648030906519,-4.490010349008163,-0.4490010349008163
photosynthetic_n_use_efficiency,nitrogen_parameters,40.0,44.0,10.0,35.31501951341352,33.74633440298827,-1.5686851104252497,-4.441977187155239,-0.44419771871552394
storage_pool_sizes_leaves_nitrogen,nutrient_mobility,0.4,0.44000000000000006,10.0,35.31501951341352,33.75974690985682,-1.5552726035566948,-4.403997576628731,-0.4403997576628731
PHOTOSYNTHETIC_CAPACITY,genetic_parameters,1.0,1.1,10.0,35.31501951341352,33.80937897874562,-1.5056405346678972,-4.263456612549846,-0.42634566125498463
lignin_fraction,model_constants,0.1,0.11000000000000001,10.0,35.31501951341352,33.8546670397805,-1.4603524736330158,-4.135216385986529,-0.4135216385986529
ec_uptake_modifier_ca_high,nutrient_parameters,0.1,0.11000000000000001,10.0,35.31501951341352,33.86814508016492,-1.4468744332485954,-4.0970512070623,-0.40970512070623
process_sensitivity_growth,stress_parameters,0.9,0.9900000000000001,10.0,35.31501951341352,36.647112488483494,1.3320929750699761,3.7720295597288693,0.37720295597288694
initial_b,nutrient_concentrations,0.3,0.33,10.0,35.31501951341352,34.11604194541219,-1.1989775680013253,-3.3950924692139104,-0.33950924692139106
carbon_to_co2_ratio,respiration_parameters,3.67,4.037,10.0,35.31501951341352,34.144149839239304,-1.170869674174213,-3.3155005725807056,-0.3315500572580706
THRSH,genetic_parameters,0.0,0.0,10.0,35.31501951341352,36.421450765263366,1.1064312518498483,3.133033103463523,0.3133033103463523
vcmax_25,photosynthesis,55.0,60.50000000000001,10.0,35.31501951341352,36.40914054160595,1.0941210281924327,3.0981747802145727,0.30981747802145726
critical_n_concentrations_roots_critical,nitrogen_parameters,0.02,0.022000000000000002,10.0,35.31501951341352,34.26639864536064,-1.048620868052879,-2.969333961870209,-0.2969333961870209
xylem_transport_rates_manganese,nutrient_mobility,0.1,0.11000000000000001,10.0,35.31501951341352,34.34160128404933,-0.9734182293641851,-2.7563859309052816,-0.2756385930905282
tank_volume,system,500.0,550.0,10.0,35.31501951341352,34.355207396113094,-0.959812117300423,-2.717858096994291,-0.2717858096994291
EC_TOLERANCE,genetic_parameters,1.8,1.9800000000000002,10.0,35.31501951341352,34.36185800582409,-0.953161507589428,-2.6990258556345794,-0.2699025855634579
default_potassium_content,nutrient_mobility,0.028,0.030800000000000004,10.0,35.31501951341352,34.394965910827224,-0.9200536025862931,-2.605275645499315,-0.26052756454993153
mobility_classifications_zinc_retranslocation_rate,nutrient_mobility,0.07,0.07700000000000001,10.0,35.31501951341352,34.420870055017915,-0.8941494583956029,-2.5319240105643512,-0.25319240105643515
protein_synthesis,nitrogen_parameters,0.65,0.7150000000000001,10.0,35.31501951341352,34.42530627580105,-0.8897132376124688,-2.519362157720269,-0.2519362157720269
head_formation_default,thermal_requirements,150.0,165.0,10.0,35.31501951341352,34.446116953628035,-0.8689025597854823,-2.4604334692649723,-0.24604334692649724
current_ph,nutrient_parameters,6.0,6.6000000000000005,10.0,35.31501951341352,34.509996763296314,-0.8050227501172031,-2.2795477992343613,-0.22795477992343613
co2_enrichment_start_hour,environment,6.0,6.6000000000000005,10.0,35.31501951341352,36.08951608288508,0.774496569471566,2.1931081453243797,0.21931081453243798
coarse_diameter_mean,root_system,1.0,1.1,10.0,35.31501951341352,36.07669311254791,0.7616735991343901,2.156797899672936,0.2156797899672936
critical_n_concentrations_leaves_optimal,nitrogen_parameters,0.045,0.0495,10.0,35.31501951341352,34.55790878017352,-0.7571107332399976,-2.1438774313926916,-0.21438774313926917
cold_stress_threshold,stress_parameters,15.0,16.5,10.0,35.31501951341352,36.05889913986478,0.7438796264512604,2.1064114835579137,0.21064114835579137
uptake_kinetics_NO3_inhibition_ki,nitrogen_parameters,2.0,2.2,10.0,35.31501951341352,34.58026078851842,-0.7347587248950944,-2.0805842245563957,-0.20805842245563957
redistribution_thresholds_magnesium,nutrient_mobility,0.6,0.66,10.0,35.31501951341352,34.59401025963179,-0.7210092537817303,-2.0416504470792467,-0.20416504470792468
temperature_stress_weight,genetic_parameters,0.5,0.55,10.0,35.31501951341352,34.616998273516245,-0.6980212398972725,-1.9765562911048278,-0.1976556291104828
recovery_rate_heat,stress_parameters,0.15,0.165,10.0,35.31501951341352,35.95264610179201,0.6376265883784953,1.805539391352478,0.1805539391352478
biosynthetic_cost,respiration_parameters,1.44,1.584,10.0,35.31501951341352,34.68245255815877,-0.6325669552547453,-1.79121224898228,-0.179121224898228
system_multipliers_nft_surface_area_multiplier,root_system,1.0,1.1,10.0,35.31501951341352,35.9012082001741,0.5861886867605861,1.6598849295210982,0.16598849295210982
co2_morning_target,environment,800.0,880.0000000000001,10.0,35.31501951341352,35.900229076675245,0.5852095632617278,1.6571123882274812,0.16571123882274813
ec_factor_cu,nutrient_parameters,0.47,0.517,10.0,35.31501951341352,34.773049528683316,-0.5419699847302013,-1.5346727601958359,-0.1534672760195836
medium_turnover_rate,root_system,0.01,0.011000000000000001,10.0,35.31501951341352,34.869352688263675,-0.4456668251498428,-1.2619753048149032,-0.12619753048149032
reference_temperature,respiration_parameters,22.0,24.200000000000003,10.0,35.31501951341352,34.880861702607135,-0.4341578108063828,-1.2293857310243845,-0.12293857310243846
memory_effect_strength,stress_parameters,0.4,0.44000000000000006,10.0,35.31501951341352,35.72724073079321,0.4122212173796953,1.1672688364878958,0.11672688364878958
bolting_photoperiod_divisor,phenology,2.0,2.2,10.0,35.31501951341352,35.7053850175995,0.39036550418597926,1.1053809669783952,0.11053809669783951
light_intensity_control,environment,300.0,330.0,10.0,35.31501951341352,34.969844405472486,-0.34517510794103146,-0.977417293539723,-0.0977417293539723
reproductive_default,thermal_requirements,200.0,220.00000000000003,10.0,35.31501951341352,35.08422443602652,-0.23079507738700045,-0.6535323512969851,-0.06535323512969851
remobilization_efficiency_reproductive,nitrogen_parameters,0.4,0.44000000000000006,10.0,35.31501951341352,35.08564192910866,-0.22937758430485644,-0.6495184979799691,-0.06495184979799691
reservoir_topup_fraction,system,0.1,0.11000000000000001,10.0,35.31501951341352,35.51196850300028,0.19694898958676532,0.5576918611412893,0.055769186114128934
sink_strength_coefficients_senescence_leaves,nutrient_mobility,0.1,0.11000000000000001,10.0,35.31501951341352,35.50864021708861,0.19362070367509432,0.5482672991347276,0.05482672991347276
max_ec,environment,2.5,2.75,10.0,35.31501951341352,35.12360583566768,-0.1914136777458353,-0.5420177601010008,-0.05420177601010008
HD_to_HM,thermal_requirements,200.0,220.00000000000003,10.0,35.31501951341352,35.43622064691242,0.12120113349890005,0.34319996185437435,0.034319996185437435
shaded_light_fraction,canopy_parameters,0.2,0.22000000000000003,10.0,35.31501951341352,35.4270015075638,0.11198199415028398,0.317094527181984,0.0317094527181984
V1_to_V2,thermal_requirements,35.0,38.5,10.0,35.31501951341352,35.22384600080604,-0.09117351260747597,-0.25817205784877456,-0.025817205784877457
