parameter_name,category,original_value,modified_value,parameter_change_percent,baseline_biomass,modified_biomass,biomass_change,biomass_change_percent,sensitivity_ratio
V8_to_V9,thermal_requirements,35.0,38.5,10.0,31.13793621194963,39.74200825916705,8.604072047217421,27.632120474045692,2.7632120474045694
ec_factor_fe,nutrient_parameters,0.45,0.49500000000000005,10.0,31.13793621194963,39.6557443315027,8.517808119553074,27.35508243569541,2.7355082435695413
activation_energy,nutrient_mobility,50000.0,55000.00000000001,10.0,31.13793621194963,39.58464873490662,8.446712522956993,27.12675774483553,2.712675774483553
ci_fraction,photosynthesis,0.7,0.77,10.0,31.13793621194963,38.92985849441925,7.791922282469621,25.023887997687392,2.502388799768739
pid_temperature_ki,environmental_control_parameters,0.8,0.8800000000000001,10.0,31.13793621194963,38.57757378133485,7.439637569385219,23.892519782766307,2.3892519782766306
n_channels,root_system,4.0,4.4,10.0,31.13793621194963,38.53439364630735,7.396457434357721,23.75384606099625,2.375384606099625
drought_threshold,phenology,0.6,0.66,10.0,31.13793621194963,38.41798774183954,7.28005152988991,23.380006562850127,2.3380006562850126
nutrient_mobility_base_temperature,nutrient_mobility,25.0,27.500000000000004,10.0,31.13793621194963,38.359679067814184,7.221742855864555,23.192747286485567,2.3192747286485567
critical_n_concentrations_roots_critical,nitrogen_parameters,0.02,0.022000000000000002,10.0,31.13793621194963,38.16103495209631,7.023098740146679,22.554798405205364,2.2554798405205365
carbohydrate_respiration_cost,respiration_parameters,1.27,1.3970000000000002,10.0,31.13793621194963,37.91563968144436,6.777703469494732,21.766707412335474,2.1766707412335475
optimal_temperature_min,environment,15.0,16.5,10.0,31.13793621194963,37.725579416082056,6.587643204132426,21.156325709230288,2.1156325709230286
reference_leaf_n,respiration_parameters,0.04,0.044000000000000004,10.0,31.13793621194963,37.438107886507176,6.3001716745575465,20.233106111058717,2.0233106111058716
min_daylight_co2,environment,500.0,550.0,10.0,31.13793621194963,37.41108178708436,6.273145575134734,20.146311343291032,2.014631134329103
initial_zn,nutrient_concentrations,0.1,0.11000000000000001,10.0,31.13793621194963,37.37581950838893,6.2378832964393,20.03306594881334,2.0033065948813342
SDLIP,genetic_parameters,0.0,0.0,10.0,31.13793621194963,37.37357215700207,6.235635945052444,20.02584854245873,2.002584854245873
bottom_canopy_lai_factor,canopy_parameters,0.6,0.66,10.0,31.13793621194963,37.26938691078751,6.131450698837881,19.691255891534805,1.9691255891534805
lipid_respiration_cost,respiration_parameters,2.41,2.6510000000000002,10.0,31.13793621194963,37.12166168020936,5.983725468259728,19.2168338567133,1.92168338567133
base_growth_factor,root_zone_temperature,0.8,0.8800000000000001,10.0,31.13793621194963,37.08433740020456,5.9464011882549315,19.096966310737432,1.9096966310737433
severe_deficiency_threshold,nitrogen_parameters,0.015,0.0165,10.0,31.13793621194963,37.04005381707103,5.902117605121404,18.9547488470234,1.89547488470234
allocation_coefficients_reproductive_reproductive,nitrogen_parameters,0.3,0.33,10.0,31.13793621194963,37.03965439438934,5.9017181824397085,18.953466094438333,1.8953466094438334
pid_humidity_ki,environmental_control_parameters,0.5,0.55,10.0,31.13793621194963,36.99875864382491,5.8608224318752775,18.822128711363032,1.882212871136303
phloem_transport_capacity,nutrient_mobility,0.8,0.8800000000000001,10.0,31.13793621194963,36.97761433698497,5.839678125035341,18.754223418295403,1.8754223418295404
xylem_transport_rates_sulfur,nutrient_mobility,0.12,0.132,10.0,31.13793621194963,36.9160827599325,5.778146547982871,18.556613735259127,1.8556613735259126
stress_redistribution_rates_nitrogen,nutrient_mobility,0.3,0.33,10.0,31.13793621194963,36.82294383232995,5.685007620380318,18.257496520269108,1.8257496520269108
carbohydrate_fraction,model_constants,0.3,0.33,10.0,31.13793621194963,36.71733849037521,5.579402278425583,17.918343208257994,1.7918343208257994
n_effect_slope,respiration_parameters,0.08,0.08800000000000001,10.0,31.13793621194963,36.67846822607291,5.540532014123279,17.793510707999395,1.7793510707999396
salinity_stress_weight,genetic_parameters,0.2,0.22000000000000003,10.0,31.13793621194963,36.621090597980796,5.483154386031167,17.60924150113368,1.7609241501133681
ec_uptake_low_threshold,nutrient_parameters,0.5,0.55,10.0,31.13793621194963,36.53539344870519,5.397457236755564,17.334023681004947,1.7334023681004946
daily_biomass_loss_factor,senescence_parameters,0.1,0.11000000000000001,10.0,31.13793621194963,36.49049632452037,5.3525601125707425,17.18983582000088,1.718983582000088
max_ec,environment,2.5,2.75,10.0,31.13793621194963,36.487010496421874,5.349074284472245,17.178641025089714,1.7178641025089714
SLAVR,genetic_parameters,180.0,198.00000000000003,10.0,31.13793621194963,36.446302244857975,5.308366032908346,17.04790579817292,1.704790579817292
wind_speed_2m,environment,2.0,2.2,10.0,31.13793621194963,36.376355972065056,5.238419760115427,16.82327217982131,1.682327217982131
mean_leaf_angle,canopy_parameters,45.0,49.50000000000001,10.0,31.13793621194963,36.342120481669504,5.204184269719875,16.713324333045215,1.6713324333045214
base_solution_change_probability,system,0.05,0.05500000000000001,10.0,31.13793621194963,36.24556965682316,5.107633444873528,16.403249753313453,1.6403249753313454
transition_defaults_reproductive,thermal_requirements,200.0,220.00000000000003,10.0,31.13793621194963,36.20478605529196,5.066849843342332,16.272272538723538,1.6272272538723538
base_co2_loss_rate,environmental_control_parameters,50.0,55.00000000000001,10.0,31.13793621194963,36.190074688076876,5.052138476127247,16.2250267382474,1.6225026738247401
reservoir_topup_fraction,system,0.1,0.11000000000000001,10.0,31.13793621194963,36.175044104746846,5.037107892797216,16.176755769909228,1.6176755769909228
pid_co2_ki,environmental_control_parameters,0.3,0.33,10.0,31.13793621194963,36.07117068384442,4.933234471894792,15.843164551161207,1.5843164551161206
uptake_kinetics_NH4_vmax,nitrogen_parameters,0.12,0.132,10.0,31.13793621194963,36.06937825596636,4.931442044016734,15.837408139220937,1.5837408139220936
rzt_min_growth_factor,root_zone_temperature,0.2,0.22000000000000003,10.0,31.13793621194963,36.05632922094303,4.918393008993398,15.795500946224864,1.5795500946224865
stress_weight_temperature,stress_parameters,0.5,0.55,10.0,31.13793621194963,36.047886293925714,4.909950081976085,15.76838634569436,1.576838634569436
upper_canopy_lai_factor,canopy_parameters,0.8,0.8800000000000001,10.0,31.13793621194963,36.019655243272794,4.881719031323165,15.677721857011626,1.5677721857011626
organic_acid_respiration_cost,respiration_parameters,0.91,1.0010000000000001,10.0,31.13793621194963,35.97475389175555,4.836817679805918,15.533520419859167,1.5533520419859168
environment_optimal_temperature,environment,22.0,24.200000000000003,10.0,31.13793621194963,35.87952290959319,4.741586697643562,15.22768453685736,1.522768453685736
nitrogen_recovery,senescence_parameters,0.75,0.8250000000000001,10.0,31.13793621194963,35.864755004931354,4.7268187929817245,15.1802571654307,1.51802571654307
solution_change_days,system,7.0,7.700000000000001,10.0,31.13793621194963,35.850191076976245,4.712254865026615,15.133484868590038,1.513348486859004
n_stress_threshold,nitrogen_parameters,0.75,0.8250000000000001,10.0,31.13793621194963,35.80781313300562,4.669876921055987,14.997387396740363,1.4997387396740363
xylem_transport_capacity,nutrient_mobility,1.0,1.1,10.0,31.13793621194963,35.79370330141914,4.655767089469514,14.952073437939656,1.4952073437939657
tissue_factor_stems,respiration_parameters,0.2,0.22000000000000003,10.0,31.13793621194963,35.78132250471868,4.643386292769051,14.91231230343097,1.491231230343097
uptake_kinetics_AA_inhibition_ki,nitrogen_parameters,0.0,0.0,10.0,31.13793621194963,35.73438429582159,4.596448083871962,14.761569464928154,1.4761569464928155
experiment_duration,experiment_settings,60.0,66.0,10.0,31.13793621194963,35.710811423641445,4.572875211691816,14.685864793880942,1.4685864793880943
opt_temp_max,leaf_development,24.0,26.400000000000002,10.0,31.13793621194963,35.7065182927376,4.568582080787969,14.672077332584138,1.4672077332584137
cold_stress_weight,genetic_parameters,0.25,0.275,10.0,31.13793621194963,35.6746840484161,4.536747836466468,14.569841127510005,1.4569841127510004
phosphate_buffer_pka3,nutrient_parameters,12.33,13.563,10.0,31.13793621194963,35.66130241544616,4.523366203496529,14.526865790676977,1.4526865790676977
alpha,photosynthesis,0.24,0.264,10.0,31.13793621194963,35.610099973125834,4.472163761176205,14.362428295616933,1.4362428295616934
crop_coefficient,water,0.8,0.8800000000000001,10.0,31.13793621194963,35.60799933762556,4.470063125675928,14.355682069772104,1.4355682069772104
phosphate_acidification_factor,nutrient_parameters,0.0005,0.00055,10.0,31.13793621194963,35.58280719747221,4.444870985522584,14.274777092698908,1.427477709269891
day_end_hour,respiration_parameters,18.0,19.8,10.0,31.13793621194963,35.57218656954971,4.434250357600078,14.240668769494015,1.4240668769494014
number_of_plants,system,12.0,13.200000000000001,10.0,31.13793621194963,35.546879746300604,4.408943534350975,14.159395485751492,1.4159395485751491
reproductive_priority_factor,senescence_parameters,1.2,1.32,10.0,31.13793621194963,35.529848593955904,4.391912382006275,14.104699656751226,1.4104699656751225
target_ec,nutrient_management,1.8,1.9800000000000002,10.0,31.13793621194963,35.512974429181476,4.375038217231847,14.050507995943748,1.4050507995943748
recovery_rate,senescence_parameters,0.03,0.033,10.0,31.13793621194963,35.511314554974746,4.3733783430251165,14.04517728232345,1.404517728232345
coarse_diameter_std,root_system,0.2,0.22000000000000003,10.0,31.13793621194963,35.48518470292281,4.347248490973179,13.961260827892827,1.3961260827892827
system_multipliers_nft_branching_multiplier,root_system,1.0,1.1,10.0,31.13793621194963,35.476614377918985,4.338678165969355,13.933737086609888,1.3933737086609888
ph_buffer_capacity,nutrient_parameters,2.5,2.75,10.0,31.13793621194963,35.423786315848325,4.285850103898696,13.764078886685944,1.3764078886685944
phosphate_buffer_pka2,nutrient_parameters,7.2,7.920000000000001,10.0,31.13793621194963,35.41447358792837,4.276537375978741,13.73417090609094,1.373417090609094
EC_TOLERANCE,genetic_parameters,1.8,1.9800000000000002,10.0,31.13793621194963,35.411427341534036,4.273491129584407,13.724387835133381,1.372438783513338
heterosis_factor,genetic_parameters,1.05,1.1550000000000002,10.0,31.13793621194963,35.367941711446534,4.2300054994969045,13.584733010897427,1.3584733010897427
critical_n_concentrations_stems_optimal,nitrogen_parameters,0.025,0.027500000000000004,10.0,31.13793621194963,35.3597013107171,4.22176509876747,13.558268826908662,1.3558268826908662
medium_root_fraction,root_system,0.25,0.275,10.0,31.13793621194963,35.25032063605456,4.112384424104931,13.20699097111884,1.320699097111884
critical_n_concentrations_roots_optimal,nitrogen_parameters,0.035,0.038500000000000006,10.0,31.13793621194963,35.249868946584925,4.111932734635296,13.205540362875054,1.3205540362875055
default_temperature,system,22.0,24.200000000000003,10.0,31.13793621194963,35.227084841624716,4.089148629675087,13.132368830872668,1.3132368830872667
buffering_capacities_roots_potassium,nutrient_mobility,0.2,0.22000000000000003,10.0,31.13793621194963,35.22695490554355,4.089018693593921,13.131951538987039,1.313195153898704
min_temp,leaf_development,4.0,4.4,10.0,31.13793621194963,35.2099496116026,4.072013399652974,13.077338754680474,1.3077338754680474
optimal_vpd_max,stress_parameters,1.2,1.32,10.0,31.13793621194963,35.18769932431381,4.049763112364182,13.005881587007773,1.3005881587007773
calcium_recovery,senescence_parameters,0.3,0.33,10.0,31.13793621194963,35.161665615518295,4.023729403568666,12.922273898244105,1.2922273898244105
ph_target_max,nutrient_parameters,6.2,6.820000000000001,10.0,31.13793621194963,35.10916116521509,3.9712249532654624,12.753654982893337,1.2753654982893337
leaf_scattering,canopy_parameters,0.15,0.165,10.0,31.13793621194963,35.10796808014254,3.970031868192912,12.749823370340629,1.274982337034063
temperature_range,root_system,10.0,11.0,10.0,31.13793621194963,35.10186302728173,3.9639268153321012,12.730216891544943,1.2730216891544943
nighttime_respiratory_quotient,respiration_parameters,0.85,0.935,10.0,31.13793621194963,35.09311190845361,3.9551756965039786,12.702112527888485,1.2702112527888485
oxygen_factor,environment,0.95,1.045,10.0,31.13793621194963,35.086052440072315,3.948116228122686,12.679440927775874,1.2679440927775874
development_heat_sensitivity,stress_parameters,0.7,0.77,10.0,31.13793621194963,35.075296607556226,3.9373603956065963,12.644898392770095,1.2644898392770094
growth_efficiency,respiration_parameters,0.75,0.8250000000000001,10.0,31.13793621194963,35.074571299110794,3.9366350871611644,12.64256905263498,1.264256905263498
rd_25,photosynthesis,1.2,1.32,10.0,31.13793621194963,35.058241749221324,3.9203055372716946,12.590126431588041,1.2590126431588042
GE_to_VE,thermal_requirements,80.0,88.0,10.0,31.13793621194963,35.041513011428485,3.9035767994788557,12.536401811950537,1.2536401811950537
buffering_capacities_stems_nitrogen,nutrient_mobility,0.2,0.22000000000000003,10.0,31.13793621194963,35.016687756805126,3.878751544855497,12.456675093858566,1.2456675093858567
solution_change_probability_increase,system,0.02,0.022000000000000002,10.0,31.13793621194963,34.99636133577981,3.8584251238301803,12.391396454686854,1.2391396454686854
max_age_effect,respiration_parameters,0.25,0.275,10.0,31.13793621194963,34.972449359789124,3.8345131478394947,12.31460274611246,1.231460274611246
SIZLF,genetic_parameters,25.0,27.500000000000004,10.0,31.13793621194963,34.97184531587616,3.83390910392653,12.31266284904011,1.231266284904011
minimum_leaf_life,leaf_development,7.0,7.700000000000001,10.0,31.13793621194963,34.96636953177362,3.8284333198239935,12.295077277326996,1.2295077277326996
yield_potential,genetic_parameters,0.85,0.935,10.0,31.13793621194963,34.9282907656774,3.7903545537277736,12.172786686720654,1.2172786686720654
plant_density,system,12.0,13.200000000000001,10.0,31.13793621194963,34.86084066897106,3.7229044570214285,11.956169579385003,1.1956169579385003
luxury_uptake_threshold,nitrogen_parameters,1.2,1.32,10.0,31.13793621194963,34.8595436429442,3.721607430994574,11.952004158728908,1.1952004158728908
ec_factor_k,nutrient_parameters,0.0073,0.00803,10.0,31.13793621194963,27.419502159356163,-3.718434052593466,-11.94181280121726,-1.194181280121726
growth_cold_sensitivity,stress_parameters,0.8,0.8800000000000001,10.0,31.13793621194963,34.85550670258364,3.71757049063401,11.939039457622561,1.1939039457622562
remobilization_rates_storage,nitrogen_parameters,0.25,0.275,10.0,31.13793621194963,34.84320498794783,3.7052687759981993,11.899532296479718,1.1899532296479718
V9_to_V10,thermal_requirements,35.0,38.5,10.0,31.13793621194963,34.83900598447877,3.701069772529138,11.886047127005158,1.1886047127005157
sink_strength_coefficients_reproductive_leaves,nutrient_mobility,0.3,0.33,10.0,31.13793621194963,34.83806656637124,3.70013035442161,11.883030170129361,1.188303017012936
stress_redistribution_rates_phosphorus,nutrient_mobility,0.25,0.275,10.0,31.13793621194963,34.79880433807762,3.660868126127994,11.756938870993908,1.1756938870993907
ROOT_ACTIVITY,genetic_parameters,1.0,1.1,10.0,31.13793621194963,34.78862102674176,3.650684814792129,11.724234997280027,1.1724234997280027
initial_canopy_height,model_constants,0.1,0.11000000000000001,10.0,31.13793621194963,34.7826669765067,3.6447307645570675,11.705113465928259,1.1705113465928259
allocation_coefficients_vegetative_leaves,nitrogen_parameters,0.6,0.66,10.0,31.13793621194963,34.75301474209653,3.615078530146903,11.609884821973413,1.1609884821973413
stress_weight_nutrient,stress_parameters,0.25,0.275,10.0,31.13793621194963,34.69179929267942,3.5538630807297906,11.413290388095614,1.1413290388095614
o2_mmol_mol,photosynthesis,210.0,231.00000000000003,10.0,31.13793621194963,34.676239388405584,3.5383031764559547,11.36331949674327,1.136331949674327
co2_afternoon_target,environment,600.0,660.0,10.0,31.13793621194963,34.67432373864729,3.536387526697659,11.357167355685313,1.1357167355685314
vegetative_leaf_allocation,model_constants,0.6,0.66,10.0,31.13793621194963,34.66038078226136,3.522444570311734,11.312389319366469,1.131238931936647
base_root_conductance,root_system,50.0,55.00000000000001,10.0,31.13793621194963,34.658120204418246,3.520183992468617,11.305129436027608,1.1305129436027608
recovery_memory_days,stress_parameters,14.0,15.400000000000002,10.0,31.13793621194963,34.64116117410743,3.5032249621578018,11.250665228138622,1.1250665228138623
diurnal_base_factor,respiration_parameters,1.0,1.1,10.0,31.13793621194963,34.62244707189831,3.484510859948678,11.190564577659604,1.1190564577659603
rzt_ambient_exchange_factor,root_zone_temperature,0.1,0.11000000000000001,10.0,31.13793621194963,34.61654395450349,3.478607742553862,11.17160661797135,1.117160661797135
harvest_gdd,phenology,800.0,880.0000000000001,10.0,31.13793621194963,34.61592746786771,3.4779912559180772,11.16962676088773,1.116962676088773
tissue_factor_leaves,respiration_parameters,0.4,0.44000000000000006,10.0,31.13793621194963,34.606448500972775,3.4685122890231455,11.139184901059867,1.1139184901059866
target_humidity,environment,70.0,77.0,10.0,31.13793621194963,34.588276528248066,3.450340316298437,11.080825308436207,1.1080825308436206
leaf_respiration_fraction,model_constants,0.5,0.55,10.0,31.13793621194963,34.58245414666547,3.44451793471584,11.062126633151612,1.1062126633151612
temp_tolerance,environment,3.0,3.3000000000000003,10.0,31.13793621194963,34.57583890465571,3.437902692706082,11.040881673419118,1.1040881673419118
protein_synthesis,nitrogen_parameters,0.65,0.7150000000000001,10.0,31.13793621194963,34.57576024059346,3.4378240286438313,11.040629042474938,1.1040629042474939
phloem_transport_rates_boron,nutrient_mobility,0.02,0.022000000000000002,10.0,31.13793621194963,34.56066403906914,3.422727827119509,10.992147340214501,1.0992147340214502
ec_buffer_factor,nutrient_parameters,0.1,0.11000000000000001,10.0,31.13793621194963,34.54812889096284,3.410192679013214,10.951890503598962,1.0951890503598962
leaf_reflectance,canopy_parameters,0.1,0.11000000000000001,10.0,31.13793621194963,34.536834596817144,3.3988983848675147,10.915618690114533,1.0915618690114532
buffering_capacities_leaves_potassium,nutrient_mobility,0.35,0.385,10.0,31.13793621194963,34.535320799696,3.397384587746373,10.910757105484011,1.091075710548401
optimal_n_max,nitrogen_parameters,0.06,0.066,10.0,31.13793621194963,34.52871385997525,3.390777648025619,10.88953880869073,1.088953880869073
bolting_photoperiod_risk_max,phenology,0.3,0.33,10.0,31.13793621194963,27.76686813438232,-3.3710680775673083,-10.826241195373806,-1.0826241195373805
leaf_area_ratio,leaf_development,0.8,0.8800000000000001,10.0,31.13793621194963,34.49895417580106,3.361017963851431,10.793965088031724,1.0793965088031725
photosynthetic_n_use_efficiency,nitrogen_parameters,40.0,44.0,10.0,31.13793621194963,34.49470776364323,3.3567715516935976,10.78032766476472,1.078032766476472
chlorophyll_ratio,nitrogen_parameters,0.025,0.027500000000000004,10.0,31.13793621194963,34.465308347752796,3.3273721358031665,10.685910951690625,1.0685910951690625
vegetative_default,thermal_requirements,35.0,38.5,10.0,31.13793621194963,34.46469848725967,3.3267622753100383,10.683952374574348,1.0683952374574348
stress_interaction_factor,stress_parameters,1.2,1.32,10.0,31.13793621194963,34.45711776236424,3.319181550414612,10.659606750497577,1.0659606750497577
night_temp,environment,19.0,20.900000000000002,10.0,31.13793621194963,34.45451943472712,3.3165832227774885,10.651262178078142,1.0651262178078142
HD_to_HM,thermal_requirements,200.0,220.00000000000003,10.0,31.13793621194963,34.42046875169737,3.2825325397477414,10.541907843230865,1.0541907843230864
critical_n_concentrations_reproductive_critical,nitrogen_parameters,0.03,0.033,10.0,31.13793621194963,34.41794177371249,3.280005561762863,10.533792411406232,1.053379241140623
acclimation_decay_rate,stress_parameters,0.02,0.022000000000000002,10.0,31.13793621194963,34.414759583083054,3.2768233711334247,10.523572753276747,1.0523572753276746
max_temperature_gradient,canopy_parameters,3.0,3.3000000000000003,10.0,31.13793621194963,34.410471969652434,3.272535757702805,10.50980301143697,1.0509803011436971
photoperiod_slope,phenology,0.1,0.11000000000000001,10.0,31.13793621194963,27.873676070197824,-3.264260141751805,-10.483225733178484,-1.0483225733178485
current_ph,nutrient_parameters,6.0,6.6000000000000005,10.0,31.13793621194963,34.39614831672314,3.258212104773513,10.463802361837736,1.0463802361837735
SDPDV,genetic_parameters,0.0,0.0,10.0,31.13793621194963,27.880820822435165,-3.257115389514464,-10.460280242543817,-1.0460280242543818
allocation_coefficients_vegetative_stems,nitrogen_parameters,0.2,0.22000000000000003,10.0,31.13793621194963,27.91076847397877,-3.227167737970859,-10.364102861551844,-1.0364102861551845
vcmax_25,photosynthesis,55.0,60.50000000000001,10.0,31.13793621194963,34.35184068466174,3.213904472712109,10.321507664591872,1.0321507664591871
development_cold_sensitivity,stress_parameters,0.6,0.66,10.0,31.13793621194963,34.341056972580816,3.2031207606311867,10.286875593899968,1.0286875593899967
FL_SH,genetic_parameters,16.0,17.6,10.0,31.13793621194963,34.33703468579298,3.1990984738433497,10.27395795298614,1.027395795298614
flow_rate,system,50.0,55.00000000000001,10.0,31.13793621194963,34.32313779723965,3.1852015852900237,10.229327864277842,1.0229327864277842
ph_drift_rate,nutrient_parameters,0.02,0.022000000000000002,10.0,31.13793621194963,34.318923498038174,3.180987286088545,10.215793572304241,1.0215793572304241
vpd_stress_low_factor,stress_parameters,0.15,0.165,10.0,31.13793621194963,34.3119428642305,3.174006652280873,10.193375150735914,1.0193375150735915
death_threshold,senescence_parameters,1.0,1.1,10.0,31.13793621194963,27.992474458133383,-3.145461753816246,-10.101702734586276,-1.0101702734586275
size_penalty_threshold,respiration_parameters,50.0,55.00000000000001,10.0,31.13793621194963,34.26633055204225,3.128394340092619,10.046890451564522,1.0046890451564523
pid_temperature_kd,environmental_control_parameters,0.2,0.22000000000000003,10.0,31.13793621194963,34.2629954086978,3.1250591967481682,10.036179583247016,1.0036179583247016
buffering_capacities_roots_phosphorus,nutrient_mobility,0.2,0.22000000000000003,10.0,31.13793621194963,34.256392262117,3.1184560501673673,10.014973468185778,1.0014973468185777
coarse_diameter_mean,root_system,1.0,1.1,10.0,31.13793621194963,34.2560055594632,3.1180693475135683,10.013731566181848,1.0013731566181847
temperature_stress_threshold,senescence_parameters,0.8,0.8800000000000001,10.0,31.13793621194963,34.242062751441445,3.1041265394918156,9.968954006337011,0.9968954006337011
ec_factor_default,nutrient_parameters,0.0006,0.00066,10.0,31.13793621194963,34.227439074125854,3.089502862176225,9.92198982343147,0.9921989823431471
stress_redistribution_rates_magnesium,nutrient_mobility,0.2,0.22000000000000003,10.0,31.13793621194963,34.223979220307285,3.086043008357656,9.910878445352274,0.9910878445352275
xylem_transport_rates_zinc,nutrient_mobility,0.1,0.11000000000000001,10.0,31.13793621194963,34.22277359997846,3.0848373880288307,9.907006575615569,0.9907006575615569
PHOTOSYNTHETIC_CAPACITY,genetic_parameters,1.0,1.1,10.0,31.13793621194963,34.222518513058255,3.0845823011086253,9.906187359728975,0.9906187359728975
V7_to_V8,thermal_requirements,35.0,38.5,10.0,31.13793621194963,34.21321577522647,3.075279563276844,9.876311462468285,0.9876311462468286
photosynthesis_sensitivity_low,root_zone_temperature,0.5,0.55,10.0,31.13793621194963,34.19398673394256,3.0560505219929297,9.814557076586619,0.9814557076586619
protein_fraction,model_constants,0.2,0.22000000000000003,10.0,31.13793621194963,34.179133106169424,3.0411968942197944,9.766854403962364,0.9766854403962364
FL_SD,genetic_parameters,24.0,26.400000000000002,10.0,31.13793621194963,28.097351173883837,-3.0405850380657924,-9.764889417748002,-0.9764889417748002
replication_number,experiment_settings,1.0,1.1,10.0,31.13793621194963,34.17479790539474,3.036861693445111,9.752931834575703,0.9752931834575703
min_humidity,environment,60.0,66.0,10.0,31.13793621194963,34.158220746569384,3.020284534619755,9.69969401331318,0.969969401331318
water_nutrient_interaction_factor,water,0.2,0.22000000000000003,10.0,31.13793621194963,34.14642335311529,3.0084871411656593,9.661806488032786,0.9661806488032786
phloem_transport_rates_iron,nutrient_mobility,0.05,0.05500000000000001,10.0,31.13793621194963,28.13110981782845,-3.0068263941211804,-9.656472971279541,-0.9656472971279542
recovery_rate_cold,stress_parameters,0.12,0.132,10.0,31.13793621194963,28.142118659252905,-2.9958175526967246,-9.62111789395675,-0.962111789395675
storage_pool_sizes_roots_potassium,nutrient_mobility,0.45,0.49500000000000005,10.0,31.13793621194963,34.10762599836731,2.969689786417682,9.537208138020468,0.9537208138020468
maintenance_coefficient,model_constants,0.022,0.0242,10.0,31.13793621194963,34.0972915475814,2.95935533563177,9.504018877449157,0.9504018877449157
maintenance_respiration_coefficient,model_constants,0.015,0.0165,10.0,31.13793621194963,34.087896900476196,2.9499606885265663,9.473847812028328,0.9473847812028329
mobility_classifications_magnesium_retranslocation_rate,nutrient_mobility,0.08,0.08800000000000001,10.0,31.13793621194963,34.08175482257062,2.943818610620994,9.454122426685624,0.9454122426685624
storage_pool_sizes_stems_potassium,nutrient_mobility,0.7,0.77,10.0,31.13793621194963,34.081249693645105,2.9433134816954762,9.45250019674052,0.945250019674052
ec_stress_low_threshold,stress_parameters,0.8,0.8800000000000001,10.0,31.13793621194963,34.076883045603445,2.938946833653816,9.43847663393296,0.9438476633932961
buffering_capacities_leaves_nitrogen,nutrient_mobility,0.3,0.33,10.0,31.13793621194963,34.072052022301726,2.934115810352097,9.422961722254694,0.9422961722254695
water_salinity_interaction_factor,water,0.3,0.33,10.0,31.13793621194963,34.058651982765184,2.920715770815555,9.3799272724269,0.9379927272426899
structural_n_concentration,nitrogen_parameters,0.01,0.011000000000000001,10.0,31.13793621194963,34.05212742413859,2.9141912121889604,9.358973543887593,0.9358973543887593
min_effective_rzt,root_zone_temperature,15.0,16.5,10.0,31.13793621194963,34.01788787286711,2.8799516609174773,9.249012655540911,0.9249012655540911
ca_uptake_vmax,nutrient_parameters,0.018,0.0198,10.0,31.13793621194963,34.01046293501048,2.872526723060851,9.22516734413014,0.9225167344130141
sulfur_recovery,senescence_parameters,0.7,0.77,10.0,31.13793621194963,28.266979295242244,-2.870956916707385,-9.22012588491852,-0.922012588491852
active_senescence_multiplier,senescence_parameters,2.0,2.2,10.0,31.13793621194963,34.00037676657759,2.862440554627959,9.192775446464742,0.9192775446464742
mobility_classifications_sulfur_remobilization_efficiency,nutrient_mobility,0.6,0.66,10.0,31.13793621194963,33.942417488305466,2.804481276355837,9.006638260372494,0.9006638260372494
xylem_transport_rates_iron,nutrient_mobility,0.08,0.08800000000000001,10.0,31.13793621194963,33.93940195141636,2.801465739466728,8.996953813501698,0.8996953813501698
bolting_temperature_divisor,phenology,5.0,5.5,10.0,31.13793621194963,33.935034819483676,2.7970986075340463,8.982928696670076,0.8982928696670076
leaf_thickness,canopy_parameters,0.2,0.22000000000000003,10.0,31.13793621194963,33.92928518721136,2.7913489752617338,8.964463657005354,0.8964463657005354
HI_to_HD,thermal_requirements,180.0,198.00000000000003,10.0,31.13793621194963,33.91498032202861,2.7770441100789824,8.918523344566594,0.8918523344566595
critical_n_concentrations_roots_minimum,nitrogen_parameters,0.012,0.013200000000000002,10.0,31.13793621194963,33.906563982136674,2.768627770187045,8.891494129031404,0.8891494129031404
uptake_kinetics_AA_vmax,nitrogen_parameters,0.08,0.08800000000000001,10.0,31.13793621194963,28.37185166724256,-2.76608454470707,-8.883326518106056,-0.8883326518106056
transition_defaults_vegetative,thermal_requirements,35.0,38.5,10.0,31.13793621194963,33.90363615461466,2.76569994266503,8.882091362251726,0.8882091362251726
initial_cu,nutrient_concentrations,0.05,0.05500000000000001,10.0,31.13793621194963,28.384599690925434,-2.7533365210241953,-8.842386028035998,-0.8842386028035998
ec_factor_n_no3,nutrient_parameters,0.0064,0.007040000000000001,10.0,31.13793621194963,28.396588476742735,-2.741347735206894,-8.803883842998118,-0.8803883842998118
EM_FL,genetic_parameters,28.5,31.35,10.0,31.13793621194963,33.8659788539548,2.728042642005171,8.761154314903651,0.8761154314903651
cold_stress_threshold,stress_parameters,15.0,16.5,10.0,31.13793621194963,33.85698003137887,2.7190438194292383,8.732254446541535,0.8732254446541535
stress_onset_light,stress_parameters,0.5,0.55,10.0,31.13793621194963,33.85634575633743,2.7184095443878036,8.730217461697332,0.8730217461697333
adaptation_score,genetic_parameters,0.8,0.8800000000000001,10.0,31.13793621194963,33.850304013842404,2.712367801892775,8.710814305194269,0.8710814305194269
water_system_stress_factor,water,0.5,0.55,10.0,31.13793621194963,33.848611392995615,2.7106751810459855,8.70537842519481,0.8705378425194811
dehumidifier_capacity,control_equipment_parameters,8.0,8.8,10.0,31.13793621194963,33.84051943407857,2.7025832221289434,8.679390964555282,0.8679390964555281
protein_respiration_cost,respiration_parameters,1.89,2.079,10.0,31.13793621194963,33.83193782482902,2.69400161287939,8.651830983729514,0.8651830983729514
adaptation_weight,genetic_parameters,0.6,0.66,10.0,31.13793621194963,33.82710533841269,2.6891691264630637,8.636311373234353,0.8636311373234353
critical_n_concentrations_roots_maximum,nitrogen_parameters,0.05,0.05500000000000001,10.0,31.13793621194963,28.45455751681955,-2.683378695130081,-8.617715306707757,-0.8617715306707756
initial_ca,nutrient_concentrations,50.0,55.00000000000001,10.0,31.13793621194963,33.815350863029174,2.6774146510795447,8.598561680051384,0.8598561680051384
lignin_respiration_cost,respiration_parameters,2.07,2.277,10.0,31.13793621194963,33.80587810402748,2.667941892077849,8.568139756975892,0.8568139756975892
lateral_root_density,root_system,3.0,3.3000000000000003,10.0,31.13793621194963,33.796609189101524,2.6586729771518947,8.538372482539772,0.8538372482539772
PODUR,genetic_parameters,0.0,0.0,10.0,31.13793621194963,33.79536254003974,2.6574263280901107,8.53436884834482,0.8534368848344821
initial_s_so4,nutrient_concentrations,60.0,66.0,10.0,31.13793621194963,33.77645950907457,2.638523297124941,8.473661450023684,0.8473661450023684
xylem_transport_rates_manganese,nutrient_mobility,0.1,0.11000000000000001,10.0,31.13793621194963,28.506424262234166,-2.6315119497154633,-8.45114439121236,-0.845114439121236
phosphate_buffer_pka1,nutrient_parameters,2.15,2.365,10.0,31.13793621194963,28.532622859015536,-2.6053133529340933,-8.367007161939869,-0.8367007161939869
root_metabolism_sensitivity_low,root_zone_temperature,0.3,0.33,10.0,31.13793621194963,33.72745582441527,2.5895196124656437,8.316285301759589,0.8316285301759588
primary_root_growth_rate,root_system,2.0,2.2,10.0,31.13793621194963,33.7170449940925,2.5791087821428675,8.282850747035372,0.8282850747035372
nitrate_acidification_factor,nutrient_parameters,0.001,0.0011,10.0,31.13793621194963,33.71155824082742,2.573622028877793,8.265229947674339,0.8265229947674338
yield_weight,genetic_parameters,0.25,0.275,10.0,31.13793621194963,28.56722751255073,-2.5707086993988995,-8.25587374160126,-0.825587374160126
max_recovery,senescence_parameters,0.3,0.33,10.0,31.13793621194963,33.708587878420744,2.5706516664711145,8.255690579405163,0.8255690579405164
optimal_ec_max,stress_parameters,2.5,2.75,10.0,31.13793621194963,33.70791728116151,2.5699810692118774,8.253536945154414,0.8253536945154414
light_saturation_threshold,environmental_control_parameters,200.0,220.00000000000003,10.0,31.13793621194963,33.70145615621636,2.56351994426673,8.232786934938039,0.8232786934938039
no3_uptake_km,nutrient_parameters,0.5,0.55,10.0,31.13793621194963,28.57996400518462,-2.557972206765008,-8.214970283686784,-0.8214970283686783
V3_to_V4,thermal_requirements,35.0,38.5,10.0,31.13793621194963,28.59439460470209,-2.5435416072475405,-8.168626173340995,-0.8168626173340995
storage_pool_sizes_leaves_nitrogen,nutrient_mobility,0.4,0.44000000000000006,10.0,31.13793621194963,33.67909386682646,2.5411576548768338,8.160970070654933,0.8160970070654934
nitrogen_stress_rate,senescence_parameters,0.08,0.08800000000000001,10.0,31.13793621194963,33.668815392824776,2.5308791808751465,8.127960580457112,0.8127960580457112
ppfd_to_photosynthesis_factor,canopy_parameters,0.05,0.05500000000000001,10.0,31.13793621194963,33.667434810665455,2.5294985987158256,8.123526817891978,0.8123526817891978
mobility_classifications_manganese_retranslocation_rate,nutrient_mobility,0.06,0.066,10.0,31.13793621194963,33.66157786108393,2.523641649134298,8.104717126903916,0.8104717126903915
recovery_memory_duration,stress_parameters,14.0,15.400000000000002,10.0,31.13793621194963,33.64744822261302,2.509512010663393,8.059339557964448,0.8059339557964448
critical_photoperiod,phenology,12.0,13.200000000000001,10.0,31.13793621194963,33.63972550934527,2.5017892973956393,8.034537935868537,0.8034537935868536
fine_min_activity,root_system,0.2,0.22000000000000003,10.0,31.13793621194963,33.63919282795609,2.501256616006458,8.032827220728151,0.8032827220728151
humidifier_capacity,control_equipment_parameters,10.0,11.0,10.0,31.13793621194963,33.63702216078362,2.4990859488339936,8.025856087003396,0.8025856087003396
max_temperature_threshold,respiration_parameters,40.0,44.0,10.0,31.13793621194963,33.61921429569268,2.4812780837430495,7.968665832101047,0.7968665832101047
ko,photosynthesis,278.4,306.24,10.0,31.13793621194963,33.598707140731136,2.460770928781507,7.902806762887359,0.7902806762887359
initial_leaf_number,leaf_development,2.0,2.2,10.0,31.13793621194963,33.5913136552331,2.453377443283472,7.879062461249288,0.7879062461249288
phloem_transport_rates_magnesium,nutrient_mobility,0.12,0.132,10.0,31.13793621194963,28.700812142898176,-2.4371240690514533,-7.826864479593134,-0.7826864479593134
stress_history_days,senescence_parameters,7.0,7.700000000000001,10.0,31.13793621194963,33.573649344949935,2.4357131330003057,7.822333234999582,0.7822333234999582
optimal_ec_min,stress_parameters,1.0,1.1,10.0,31.13793621194963,33.56007024789233,2.4221340359426975,7.778723738964977,0.7778723738964977
xylem_transport_rates_magnesium,nutrient_mobility,0.18,0.198,10.0,31.13793621194963,28.72142743268033,-2.4165087792693,-7.760658133604662,-0.7760658133604662
V4_to_V5,thermal_requirements,35.0,38.5,10.0,31.13793621194963,33.544830770579686,2.406894558630057,7.729781904127535,0.7729781904127535
optimal_n_min,nitrogen_parameters,0.025,0.027500000000000004,10.0,31.13793621194963,33.53793936325707,2.4000031513074376,7.707650034899878,0.7707650034899878
co2_compensation,photosynthesis,50.0,55.00000000000001,10.0,31.13793621194963,33.53451529407519,2.3965790821255624,7.696653579776558,0.7696653579776558
dehumidifier_efficiency,control_equipment_parameters,0.9,0.9900000000000001,10.0,31.13793621194963,28.748227483397798,-2.389708728551831,-7.674589325013602,-0.7674589325013602
leaf_transmittance,canopy_parameters,0.05,0.05500000000000001,10.0,31.13793621194963,28.754425356912364,-2.3835108550372652,-7.6546847511446785,-0.7654684751144678
middle_canopy_lai_factor,canopy_parameters,1.2,1.32,10.0,31.13793621194963,28.761541035697306,-2.3763951762523234,-7.631832630385913,-0.7631832630385913
V6_to_V7,thermal_requirements,35.0,38.5,10.0,31.13793621194963,33.50330709917516,2.365370887225531,7.59642794283131,0.759642794283131
severe_stress_base,respiration_parameters,1.25,1.375,10.0,31.13793621194963,28.78585184651755,-2.3520843654320807,-7.55375805712337,-0.755375805712337
ambient_co2,environment,350.0,385.00000000000006,10.0,31.13793621194963,33.47366711808918,2.3357309061395526,7.5012386506308735,0.7501238650630874
optimal_rzt_offset,root_zone_temperature,2.0,2.2,10.0,31.13793621194963,33.46357070738439,2.3256344954347625,7.468813859738935,0.7468813859738935
optimal_light_intensity,environment,18.0,19.8,10.0,31.13793621194963,28.813028162008052,-2.324908049941577,-7.466480867956046,-0.7466480867956047
optimal_root_temperature,root_zone_temperature,22.0,24.200000000000003,10.0,31.13793621194963,33.44257946628635,2.3046432543367175,7.401400139847025,0.7401400139847025
high_flow_factor,root_system,0.7,0.77,10.0,31.13793621194963,33.42064747884082,2.282711266891191,7.330965197414617,0.7330965197414617
carbon_to_biomass_ratio,model_constants,0.45,0.49500000000000005,10.0,31.13793621194963,33.417620307456396,2.2796840955067665,7.3212433861686215,0.7321243386168621
pid_co2_kp,environmental_control_parameters,1.5,1.6500000000000001,10.0,31.13793621194963,33.415088365776434,2.2771521538268047,7.313112013354678,0.7313112013354678
mobility_classifications_phosphorus_remobilization_efficiency,nutrient_mobility,0.7,0.77,10.0,31.13793621194963,33.405228353767455,2.2672921418178262,7.281446420805886,0.7281446420805886
ec_factor_cu,nutrient_parameters,0.47,0.517,10.0,31.13793621194963,28.88540489156363,-2.252531320385998,-7.234041797290203,-0.7234041797290203
coarse_root_fraction,root_system,0.1,0.11000000000000001,10.0,31.13793621194963,33.388348043590064,2.2504118316404345,7.227235023934588,0.7227235023934588
magnesium_recovery,senescence_parameters,0.6,0.66,10.0,31.13793621194963,28.891917387024414,-2.2460188249252155,-7.213126809808525,-0.7213126809808525
uptake_kinetics_NO3_inhibition_ki,nitrogen_parameters,2.0,2.2,10.0,31.13793621194963,28.896412190959612,-2.241524020990017,-7.198691672217505,-0.7198691672217505
allocation_coefficients_reproductive_roots,nitrogen_parameters,0.1,0.11000000000000001,10.0,31.13793621194963,33.3759078111156,2.2379715991659737,7.187283010449227,0.7187283010449227
system_channel_length,system,10.0,11.0,10.0,31.13793621194963,33.36399600556258,2.2260597936129543,7.149028048810351,0.7149028048810351
natural_lifespan_gdd,senescence_parameters,800.0,880.0000000000001,10.0,31.13793621194963,33.339388374280375,2.201452162330746,7.07000023169778,0.7070000231697781
rzt_pump_heat_generation,root_zone_temperature,0.3,0.33,10.0,31.13793621194963,33.32778222140618,2.189846009456552,7.032726878720265,0.7032726878720265
remobilization_efficiency_stems,nitrogen_parameters,0.6,0.66,10.0,31.13793621194963,28.952565336624808,-2.1853708753248213,-7.018354911030212,-0.7018354911030211
mobility_classifications_molybdenum_retranslocation_rate,nutrient_mobility,0.09,0.099,10.0,31.13793621194963,28.953012622787835,-2.1849235891617944,-7.016918444078829,-0.7016918444078829
leaf_appearance_rate,leaf_development,0.5,0.55,10.0,31.13793621194963,33.30959234925938,2.1716561373097534,6.9743098018048775,0.6974309801804878
nh4_uptake_km,nutrient_parameters,0.3,0.33,10.0,31.13793621194963,33.30709439003485,2.169158178085219,6.966287564211701,0.6966287564211701
mobility_classifications_copper_retranslocation_rate,nutrient_mobility,0.04,0.044000000000000004,10.0,31.13793621194963,33.30467603966962,2.1667398277199936,6.95852099179417,0.695852099179417
co2_morning_target,environment,800.0,880.0000000000001,10.0,31.13793621194963,33.301284919450225,2.163348707500596,6.947630352811822,0.6947630352811822
zinc_recovery,senescence_parameters,0.5,0.55,10.0,31.13793621194963,28.97470967287824,-2.1632265390713883,-6.947238006869637,-0.6947238006869637
optimal_temperature_max,environment,28.0,30.800000000000004,10.0,31.13793621194963,33.29995230160419,2.162016089654564,6.94335062843651,0.694335062843651
root_respiration_fraction,model_constants,0.3,0.33,10.0,31.13793621194963,33.289634051489834,2.151697839540205,6.910213396591327,0.6910213396591327
head_formation_node_requirement,phenology,8.0,8.8,10.0,31.13793621194963,28.99559553998811,-2.14234067196152,-6.880162697293233,-0.6880162697293233
initial_fe,nutrient_concentrations,2.0,2.2,10.0,31.13793621194963,33.27955116247928,2.1416149505296502,6.877832030845303,0.6877832030845303
linear_growth_slope,root_zone_temperature,0.05,0.05500000000000001,10.0,31.13793621194963,33.27378518156456,2.1358489696149334,6.859314487243605,0.6859314487243605
amino_acid_uptake_rate,nitrogen_parameters,0.4,0.44000000000000006,10.0,31.13793621194963,29.016553984275326,-2.121382227674303,-6.812854304904743,-0.6812854304904743
low_flow_factor,root_system,0.5,0.55,10.0,31.13793621194963,29.019118389718415,-2.1188178222312146,-6.804618674175613,-0.6804618674175613
critical_n_concentrations_reproductive_optimal,nitrogen_parameters,0.05,0.05500000000000001,10.0,31.13793621194963,33.25587267190627,2.1179364599566384,6.801788164572866,0.6801788164572866
kc_light_interception_factor,crop_parameters,0.4,0.44000000000000006,10.0,31.13793621194963,33.23526714014867,2.0973309281990424,6.735613156642545,0.6735613156642545
storage_pool_sizes_stems_phosphorus,nutrient_mobility,0.5,0.55,10.0,31.13793621194963,33.23426250074363,2.0963262887940033,6.732386740485094,0.6732386740485093
pid_humidity_kd,environmental_control_parameters,0.1,0.11000000000000001,10.0,31.13793621194963,33.23247305158392,2.0945368396342943,6.726639894748342,0.6726639894748342
neighbor_shading_distance,canopy_parameters,0.6,0.66,10.0,31.13793621194963,29.045287412868678,-2.0926487990809512,-6.72057642111126,-0.672057642111126
temperature_stress_rate,senescence_parameters,0.06,0.066,10.0,31.13793621194963,33.22793717283256,2.090000960882932,6.712072844702098,0.6712072844702097
root_zone_exploration,nitrogen_parameters,0.85,0.935,10.0,31.13793621194963,33.215774990425494,2.077838778475865,6.6730137936324265,0.6673013793632426
redistribution_thresholds_calcium,nutrient_mobility,0.4,0.44000000000000006,10.0,31.13793621194963,29.06036832767723,-2.0775678842723977,-6.672143812392747,-0.6672143812392747
base_phyllochron,leaf_development,50.0,55.00000000000001,10.0,31.13793621194963,33.20686716672472,2.068930954775091,6.644406169671287,0.6644406169671286
frost_damage_rate,stress_parameters,0.15,0.165,10.0,31.13793621194963,33.19167393873755,2.053737726787922,6.59561286531177,0.659561286531177
photoperiod_sensitivity,phenology,0.05,0.05500000000000001,10.0,31.13793621194963,29.0942842558476,-2.0436519561020283,-6.563222245017471,-0.656322224501747
opt_temp_min,leaf_development,18.0,19.8,10.0,31.13793621194963,29.11238650822969,-2.025549703719939,-6.505086560433653,-0.6505086560433653
ec_factor_mg,nutrient_parameters,0.0082,0.009020000000000002,10.0,31.13793621194963,29.127721303561323,-2.0102149083883063,-6.455838610192982,-0.6455838610192982
ec_factor_b,nutrient_parameters,0.43,0.47300000000000003,10.0,31.13793621194963,29.132785846458873,-2.0051503654907563,-6.439573746449037,-0.6439573746449037
redistribution_thresholds_nitrogen,nutrient_mobility,0.7,0.77,10.0,31.13793621194963,33.13975508283289,2.0018188708832625,6.428874596110952,0.6428874596110952
temperature_q10,stress_parameters,2.0,2.2,10.0,31.13793621194963,33.12064872734335,1.9827125153937217,6.3675142176983055,0.6367514217698306
mobility_classifications_potassium_remobilization_efficiency,nutrient_mobility,0.85,0.935,10.0,31.13793621194963,33.11198601937524,1.974049807425608,6.339693786989127,0.6339693786989127
optimal_flow_rate,root_system,1.5,1.6500000000000001,10.0,31.13793621194963,33.11132814141631,1.973391929466679,6.337581000982852,0.6337581000982853
co2_injection_rate,control_equipment_parameters,100.0,110.00000000000001,10.0,31.13793621194963,33.10985561567964,1.9719194037300127,6.3328519600899575,0.6332851960089958
ec_factor_mo,nutrient_parameters,0.55,0.6050000000000001,10.0,31.13793621194963,29.16807057041502,-1.9698656415346107,-6.326256268643285,-0.6326256268643285
bolting_sustained_stress_risk,phenology,0.2,0.22000000000000003,10.0,31.13793621194963,33.09672068210973,1.9587844701601043,6.290668902482986,0.6290668902482986
heat_recovery_threshold,stress_parameters,28.0,30.800000000000004,10.0,31.13793621194963,33.09652692810377,1.9585907161541414,6.290046658270512,0.6290046658270512
salt_stress_osmotic_factor,stress_parameters,0.5,0.55,10.0,31.13793621194963,33.096090205985305,1.9581539940356762,6.288644117923932,0.6288644117923932
total_alkalinity,nutrient_parameters,2.0,2.2,10.0,31.13793621194963,29.18246077713868,-1.9554754348109498,-6.280041880426578,-0.6280041880426578
thermal_mass_factor,environmental_control_parameters,0.1,0.11000000000000001,10.0,31.13793621194963,33.09160872125287,1.9536725093032388,6.274251755174092,0.6274251755174092
co2_sensor_accuracy,control_equipment_parameters,10.0,11.0,10.0,31.13793621194963,33.08225059624395,1.944314384294323,6.244197981072889,0.624419798107289
max_temperature_factor,root_system,2.5,2.75,10.0,31.13793621194963,33.0753708856285,1.9374346736788723,6.222103676014835,0.6222103676014835
heat_recovery_rate,stress_parameters,0.15,0.165,10.0,31.13793621194963,29.208906788108802,-1.9290294238408272,-6.19511007637216,-0.619511007637216
stem_respiration_fraction,model_constants,0.2,0.22000000000000003,10.0,31.13793621194963,33.06094725275537,1.92301104080574,6.17578193916319,0.617578193916319
root_base_temperature,root_system,20.0,22.0,10.0,31.13793621194963,33.055813737521255,1.917877525571626,6.159295569613291,0.6159295569613291
water_uptake_sensitivity_low,water,0.3,0.33,10.0,31.13793621194963,33.04269338888094,1.9047571769313123,6.117159351750276,0.6117159351750276
THRSH,genetic_parameters,0.0,0.0,10.0,31.13793621194963,33.03903574812118,1.9010995361715501,6.105412777620041,0.6105412777620041
system_channel_depth,system,5.0,5.5,10.0,31.13793621194963,33.0357689143744,1.8978327024247719,6.094921286711517,0.6094921286711517
age_effect_coefficient,respiration_parameters,0.015,0.0165,10.0,31.13793621194963,33.034182613400816,1.8962464014511866,6.089826854753061,0.6089826854753061
phloem_transport_rates_molybdenum,nutrient_mobility,0.12,0.132,10.0,31.13793621194963,29.245689755961564,-1.8922464559880652,-6.076980963375115,-0.6076980963375115
ec_uptake_modifier_p_low,nutrient_parameters,0.2,0.22000000000000003,10.0,31.13793621194963,33.025748815085045,1.8878126031354157,6.06274157119938,0.606274157119938
light_use_efficiency,photosynthesis,2.1,2.3100000000000005,10.0,31.13793621194963,29.25303607767271,-1.8849001342769185,-6.053388129023018,-0.6053388129023018
reproductive_stem_allocation,model_constants,0.45,0.49500000000000005,10.0,31.13793621194963,29.258494821210075,-1.8794413907395544,-6.0358572833683555,-0.6035857283368355
min_ph_factor,root_system,0.3,0.33,10.0,31.13793621194963,29.262441388822616,-1.8754948231270134,-6.023182815845276,-0.6023182815845276
light_intensity_control,environment,300.0,330.0,10.0,31.13793621194963,29.282387573402616,-1.8555486385470132,-5.959125312341413,-0.5959125312341413
target_vpd,environment,0.7,0.77,10.0,31.13793621194963,32.98594105512515,1.8480048431755236,5.934898288044939,0.5934898288044939
medium_root_half_life_days,root_system,70.0,77.0,10.0,31.13793621194963,29.290274146712918,-1.8476620652367117,-5.933797450993701,-0.5933797450993701
NITRATE_EFFICIENCY,genetic_parameters,0.85,0.935,10.0,31.13793621194963,29.29261933044289,-1.84531688150674,-5.926265854442123,-0.5926265854442123
channel_width,root_system,10.0,11.0,10.0,31.13793621194963,29.301412710410997,-1.8365235015386325,-5.898025768431758,-0.5898025768431758
target_temperature,environment,22.0,24.200000000000003,10.0,31.13793621194963,29.306434064563454,-1.8315021473861748,-5.881899606060949,-0.5881899606060949
base_xylem_conductance,root_system,30.0,33.0,10.0,31.13793621194963,29.310093095454135,-1.8278431164954938,-5.870148567502148,-0.5870148567502148
buffering_capacities_stems_potassium,nutrient_mobility,0.25,0.275,10.0,31.13793621194963,32.95709662755947,1.8191604156098435,5.842263929205798,0.5842263929205798
head_formation_default,thermal_requirements,150.0,165.0,10.0,31.13793621194963,32.946942980766366,1.8090067688167366,5.809655323664336,0.5809655323664336
remobilization_rates_metabolic,nitrogen_parameters,0.15,0.165,10.0,31.13793621194963,32.9402369347595,1.8023007228098678,5.788118745384959,0.5788118745384959
nitrogen_stress_threshold,leaf_development,0.7,0.77,10.0,31.13793621194963,32.93821670763154,1.8002804956819105,5.781630752365107,0.5781630752365107
humidifier_efficiency,control_equipment_parameters,0.85,0.935,10.0,31.13793621194963,32.93804344973299,1.800107237783358,5.781074331742452,0.5781074331742453
eaj,photosynthesis,37000.0,40700.0,10.0,31.13793621194963,32.93067169326558,1.792735481315951,5.757399813247621,0.5757399813247621
ec_stress_high_factor,stress_parameters,0.2,0.22000000000000003,10.0,31.13793621194963,29.35355961293225,-1.7843765990173779,-5.730555123729099,-0.5730555123729099
temp_stress_threshold,stress_parameters,5.0,5.5,10.0,31.13793621194963,32.92153808577433,1.7836018738247006,5.728067080888353,0.5728067080888353
ph_deadband,nutrient_parameters,0.1,0.11000000000000001,10.0,31.13793621194963,29.35664382196444,-1.7812923899851896,-5.720650135128715,-0.5720650135128715
stress_weight_light,stress_parameters,0.15,0.165,10.0,31.13793621194963,32.91457622243121,1.7766400104815787,5.7057089409790995,0.57057089409791
stress_onset_water,stress_parameters,0.6,0.66,10.0,31.13793621194963,32.911856020119075,1.7739198081694454,5.696972966013972,0.5696972966013971
process_sensitivity_growth,stress_parameters,0.9,0.9900000000000001,10.0,31.13793621194963,32.91148296479647,1.7735467528468405,5.69577489264114,0.569577489264114
pid_humidity_kp,environmental_control_parameters,2.0,2.2,10.0,31.13793621194963,29.36694227947127,-1.7709939324783583,-5.687576467571779,-0.5687576467571779
sink_strength_coefficients_senescence_leaves,nutrient_mobility,0.1,0.11000000000000001,10.0,31.13793621194963,29.369014940460396,-1.7689212714892335,-5.680920082334759,-0.5680920082334759
humidity_deadband,environmental_control_parameters,5.0,5.5,10.0,31.13793621194963,29.37423340185891,-1.7637028100907202,-5.66416090676515,-0.566416090676515
base_temperature,phenology,4.0,4.4,10.0,31.13793621194963,32.89685187384534,1.7589156618957134,5.6487869007217775,0.5648786900721777
max_lai,canopy_parameters,4.0,4.4,10.0,31.13793621194963,29.38437020259579,-1.7535660093538397,-5.631606402613425,-0.5631606402613425
recovery_rate_heat,stress_parameters,0.15,0.165,10.0,31.13793621194963,29.387665525063078,-1.7502706868865516,-5.621023419705189,-0.5621023419705189
heat_threshold,phenology,28.0,30.800000000000004,10.0,31.13793621194963,29.389713997994043,-1.7482222139555859,-5.61444471481922,-0.561444471481922
container_volume,system,5.0,5.5,10.0,31.13793621194963,29.40161787136686,-1.7363183405827698,-5.576215227508985,-0.5576215227508985
FL_LF,genetic_parameters,22.0,24.200000000000003,10.0,31.13793621194963,32.87425407973082,1.7363178677811888,5.576213709098845,0.5576213709098845
iron_recovery,senescence_parameters,0.4,0.44000000000000006,10.0,31.13793621194963,32.871942092315905,1.7340058803662757,5.5687887230651665,0.5568788723065167
min_ec_limit,nutrient_parameters,0.05,0.05500000000000001,10.0,31.13793621194963,29.41197931648808,-1.7259568954615503,-5.542939274180894,-0.5542939274180894
light_hours,environment,16.0,17.6,10.0,31.13793621194963,29.43344938242828,-1.7044868295213504,-5.473987800345063,-0.5473987800345064
so4_uptake_km,nutrient_parameters,0.7,0.77,10.0,31.13793621194963,32.83607117113691,1.6981349591872785,5.453588663129174,0.5453588663129174
ec_uptake_modifier_n_high,nutrient_parameters,0.2,0.22000000000000003,10.0,31.13793621194963,32.83482112078858,1.6968849088389533,5.449574105645927,0.5449574105645927
uptake_kinetics_NH4_inhibition_ki,nitrogen_parameters,1.5,1.6500000000000001,10.0,31.13793621194963,32.826686844495015,1.6887506325453856,5.423450742047906,0.5423450742047906
bolting_maturity_risk_max,phenology,0.3,0.33,10.0,31.13793621194963,32.82070144879797,1.68276523684834,5.404228544223668,0.5404228544223668
lower_canopy_factor,senescence_parameters,1.5,1.6500000000000001,10.0,31.13793621194963,29.472294230753747,-1.6656419811958827,-5.3492369239187685,-0.5349236923918769
circadian_amplitude_2,respiration_parameters,0.05,0.05500000000000001,10.0,31.13793621194963,32.798964534147245,1.661028322197616,5.334420081316027,0.5334420081316027
uptake_kinetics_NH4_min_conc,nitrogen_parameters,0.05,0.05500000000000001,10.0,31.13793621194963,32.79742509013495,1.6594888781853214,5.329476131268034,0.5329476131268034
critical_n_factor,nitrogen_parameters,1.2,1.32,10.0,31.13793621194963,32.78443363127643,1.6464974193267992,5.287753845082809,0.528775384508281
critical_n_concentrations_stems_maximum,nitrogen_parameters,0.035,0.038500000000000006,10.0,31.13793621194963,32.783838758981716,1.6459025470320867,5.285843402815014,0.5285843402815014
kc,photosynthesis,404.9,445.39,10.0,31.13793621194963,32.778981368363546,1.6410451564139166,5.27024381206145,0.527024381206145
nutrient_mobility_temperature_q10,nutrient_mobility,2.0,2.2,10.0,31.13793621194963,32.77835431786626,1.6404181059166305,5.268230028960932,0.5268230028960932
respiration_maintenance_base_rate,respiration_parameters,0.015,0.0165,10.0,31.13793621194963,29.498907007532154,-1.6390292044174757,-5.263769548697562,-0.5263769548697562
cold_damage_rate,stress_parameters,0.08,0.08800000000000001,10.0,31.13793621194963,29.504805005944817,-1.633131206004812,-5.244828028705623,-0.5244828028705623
carbonate_buffer_pka,nutrient_parameters,6.35,6.985,10.0,31.13793621194963,32.75976920975339,1.6218329978037573,5.208543645167324,0.5208543645167324
default_humidity,system,60.0,66.0,10.0,31.13793621194963,29.5182922809218,-1.6196439310278308,-5.201513420810045,-0.5201513420810044
ear,photosynthesis,37000.0,40700.0,10.0,31.13793621194963,32.75116551627856,1.6132293043289323,5.180912740484812,0.5180912740484812
no3_uptake_vmax,nutrient_parameters,0.03,0.033,10.0,31.13793621194963,32.746755936180655,1.6088197242310258,5.1667513006646155,0.5166751300664616
severe_stress_threshold,respiration_parameters,8.0,8.8,10.0,31.13793621194963,29.53470397706086,-1.6032322348887682,-5.148806985716365,-0.5148806985716365
max_diurnal_factor,respiration_parameters,1.5,1.6500000000000001,10.0,31.13793621194963,32.738560989090885,1.600624777141256,5.1404330917955745,0.5140433091795574
mobility_classifications_boron_retranslocation_rate,nutrient_mobility,0.01,0.011000000000000001,10.0,31.13793621194963,32.727437093503575,1.5895008815539455,5.10470851611531,0.510470851611531
ammonium_alkalinization_factor,nutrient_parameters,0.002,0.0022,10.0,31.13793621194963,29.551272406472293,-1.586663805477336,-5.095597199111839,-0.5095597199111839
water_uptake_sensitivity_high,water,0.8,0.8800000000000001,10.0,31.13793621194963,32.722826100764635,1.584889888815006,5.089900236248739,0.5089900236248739
cavitation_threshold,root_system,-2.0,-2.2,10.0,31.13793621194963,29.556872846263342,-1.581063365686287,-5.077611293581914,-0.5077611293581914
medium_diameter_std,root_system,0.1,0.11000000000000001,10.0,31.13793621194963,32.71875175435863,1.580815542408999,5.076815405005353,0.5076815405005353
remobilization_efficiency_roots,nitrogen_parameters,0.5,0.55,10.0,31.13793621194963,32.706949667116845,1.569013455167216,5.038912805547737,0.5038912805547737
root_temp_tolerance,root_zone_temperature,5.0,5.5,10.0,31.13793621194963,32.706543357889956,1.5686071459403266,5.037607936708249,0.5037607936708249
height_growth_factor,model_constants,0.004,0.0044,10.0,31.13793621194963,32.7045038193171,1.5665676073674675,5.031057924661926,0.5031057924661926
stress_acceleration_factor,phenology,1.3,1.4300000000000002,10.0,31.13793621194963,29.57268829036169,-1.5652479215879396,-5.026819731833266,-0.5026819731833265
heat_lethal_temperature,stress_parameters,40.0,44.0,10.0,31.13793621194963,29.576241850119743,-1.5616943618298862,-5.01540741557099,-0.5015407415570989
specific_leaf_area,canopy_parameters,180.0,198.00000000000003,10.0,31.13793621194963,32.698507362939466,1.560571150989837,5.011800205278042,0.5011800205278042
redistribution_thresholds_magnesium,nutrient_mobility,0.6,0.66,10.0,31.13793621194963,32.698419670291074,1.5604834583414444,5.01151857887931,0.501151857887931
ec_factor_ca,nutrient_parameters,0.005,0.0055000000000000005,10.0,31.13793621194963,32.69699125838425,1.5590550464346222,5.006931210284619,0.5006931210284619
bolting_risk_threshold,phenology,0.7,0.77,10.0,31.13793621194963,32.68937418887444,1.5514379769248094,4.982468864874297,0.49824688648742976
fine_diameter_std,root_system,0.02,0.022000000000000002,10.0,31.13793621194963,32.68691543653028,1.5489792245806484,4.97457254082949,0.497457254082949
system_area,system,1.0,1.1,10.0,31.13793621194963,29.591254589427578,-1.5466816225220512,-4.967193753606862,-0.4967193753606862
sink_strength_coefficients_senescence_roots,nutrient_mobility,0.25,0.275,10.0,31.13793621194963,32.683196645115,1.5452604331653674,4.962629580352059,0.49626295803520587
vpd_tolerance,environment,0.3,0.33,10.0,31.13793621194963,32.68068474221386,1.5427485302642339,4.954562562409586,0.49545625624095857
phosphorus_recovery,senescence_parameters,0.65,0.7150000000000001,10.0,31.13793621194963,29.602600261490565,-1.5353359504590642,-4.930756939086596,-0.4930756939086596
maintenance_base_rate,respiration_parameters,0.018,0.0198,10.0,31.13793621194963,32.672827964820726,1.534891752871097,4.929330391145385,0.49293303911453845
ec_stress_low_factor,stress_parameters,0.1,0.11000000000000001,10.0,31.13793621194963,29.603131187840326,-1.5348050241093034,-4.929051860284497,-0.49290518602844974
heat_damage_threshold,stress_parameters,35.0,38.5,10.0,31.13793621194963,29.606455256994806,-1.531480954954823,-4.918376556912256,-0.4918376556912256
max_osmotic_adjustment,stress_parameters,0.3,0.33,10.0,31.13793621194963,32.66701135148709,1.5290751395374613,4.91065024068826,0.491065024068826
max_acclimation_days,stress_parameters,14.0,15.400000000000002,10.0,31.13793621194963,29.63535906153645,-1.5025771504131775,-4.825551507927305,-0.4825551507927305
commercial_weight,genetic_parameters,0.15,0.165,10.0,31.13793621194963,29.63651166827746,-1.5014245436721687,-4.82184989220954,-0.48218498922095404
establishment_plateau_days,root_system,7.0,7.700000000000001,10.0,31.13793621194963,32.63403285911127,1.496096647161643,4.804739263957688,0.4804739263957688
water_use_efficiency,water,0.1,0.11000000000000001,10.0,31.13793621194963,29.64662457725839,-1.4913116346912396,-4.789372116829398,-0.4789372116829398
temperature_stress_sensitivity,leaf_development,0.8,0.8800000000000001,10.0,31.13793621194963,29.650607772247476,-1.4873284397021536,-4.776580019877393,-0.47765800198773933
phloem_transport_rates_phosphorus,nutrient_mobility,0.18,0.198,10.0,31.13793621194963,29.652424817184738,-1.4855113947648917,-4.770744549842084,-0.4770744549842084
reference_temperature,respiration_parameters,22.0,24.200000000000003,10.0,31.13793621194963,29.652721609351843,-1.485214602597786,-4.7697913968614705,-0.476979139686147
medium_turnover_rate,root_system,0.01,0.011000000000000001,10.0,31.13793621194963,29.663421760357778,-1.4745144515918511,-4.7354276839515945,-0.47354276839515946
clumping_factor,canopy_parameters,0.9,0.9900000000000001,10.0,31.13793621194963,32.601101744743495,1.463165532793866,4.698980442487884,0.46989804424878845
electricity_cost,control_equipment_parameters,0.12,0.132,10.0,31.13793621194963,32.59835680125195,1.4604205893023234,4.6901650108136135,0.46901650108136134
manganese_recovery,senescence_parameters,0.35,0.385,10.0,31.13793621194963,32.59627264709882,1.4583364351491923,4.683471715089245,0.46834717150892446
ec_factor_s_so4,nutrient_parameters,0.52,0.5720000000000001,10.0,31.13793621194963,29.681382775320248,-1.456553436629381,-4.677745585689805,-0.4677745585689805
sink_strength_coefficients_reproductive_roots,nutrient_mobility,0.15,0.165,10.0,31.13793621194963,29.682044542156632,-1.4558916697929973,-4.675620310488908,-0.46756203104889077
water_stress_threshold,leaf_development,0.6,0.66,10.0,31.13793621194963,29.682296154139443,-1.4556400578101858,-4.674812254421547,-0.4674812254421547
max_carboxylation,photosynthesis,85.0,93.50000000000001,10.0,31.13793621194963,32.593250385828014,1.455314173878385,4.67376567275479,0.467376567275479
mobility_classifications_zinc_remobilization_efficiency,nutrient_mobility,0.4,0.44000000000000006,10.0,31.13793621194963,32.59044026169809,1.4525040497484625,4.664740912376342,0.46647409123763417
circadian_peak_2,respiration_parameters,16.0,17.6,10.0,31.13793621194963,32.58448058992257,1.4465443779729412,4.645601327353895,0.46456013273538954
system_multipliers_dwc_branching_multiplier,root_system,1.2,1.32,10.0,31.13793621194963,29.693550445182026,-1.4443857667676028,-4.638668911568066,-0.4638668911568066
initial_n_nh4,nutrient_concentrations,20.0,22.0,10.0,31.13793621194963,32.57578144671897,1.4378452347693411,4.617663884279997,0.4617663884279997
stress_weight_oxygen,stress_parameters,0.1,0.11000000000000001,10.0,31.13793621194963,29.70361815237284,-1.434318059576789,-4.606336302488631,-0.4606336302488631
mg_uptake_vmax,nutrient_parameters,0.012,0.013200000000000002,10.0,31.13793621194963,32.570938485050405,1.4330022731007759,4.602110632338057,0.46021106323380573
co2_response_km,environmental_control_parameters,800.0,880.0000000000001,10.0,31.13793621194963,32.56709757541548,1.4291613634658518,4.589775487167292,0.4589775487167292
xylem_transport_rates_calcium,nutrient_mobility,0.2,0.22000000000000003,10.0,31.13793621194963,32.56382050119221,1.4258842892425818,4.579251108798207,0.4579251108798207
initial_p_po4,nutrient_concentrations,20.0,22.0,10.0,31.13793621194963,29.71761491451816,-1.420321297431471,-4.561385468078653,-0.45613854680786525
base_temperature_respiration,model_constants,22.0,24.200000000000003,10.0,31.13793621194963,29.718636828255114,-1.419299383694515,-4.558103575116961,-0.45581035751169613
medium_min_activity,root_system,0.25,0.275,10.0,31.13793621194963,29.718848543168715,-1.4190876687809144,-4.5574236491509,-0.45574236491509
cold_threshold_moderate,stress_parameters,15.0,16.5,10.0,31.13793621194963,32.55298083450623,1.4150446225566,4.544439338961573,0.45444393389615734
branching_angle_mean,root_system,45.0,49.50000000000001,10.0,31.13793621194963,32.552715624851565,1.414779412901936,4.543587613744915,0.4543587613744915
respiration_acclimation_rate,respiration_parameters,0.03,0.033,10.0,31.13793621194963,32.54806824445291,1.4101320325032773,4.528662474303994,0.4528662474303994
translocation_rate,nitrogen_parameters,0.35,0.385,10.0,31.13793621194963,32.54687111827825,1.4089349063286178,4.5248178836846575,0.45248178836846575
rzt_water_uptake_sensitivity_high,root_zone_temperature,0.95,1.045,10.0,31.13793621194963,32.53878167953098,1.4008454675813482,4.498838516612266,0.4498838516612266
heat_stress_threshold,stress_parameters,28.0,30.800000000000004,10.0,31.13793621194963,29.738872069844586,-1.3990641421050434,-4.493117760219871,-0.4493117760219871
water_stress_factor,stress_parameters,0.2,0.22000000000000003,10.0,31.13793621194963,29.739331712801572,-1.3986044991480568,-4.491641609219182,-0.44916416092191824
ph_target_min,nutrient_parameters,5.8,6.38,10.0,31.13793621194963,29.740252150887905,-1.3976840610617245,-4.488685606997111,-0.44886856069971104
thermal_time_scale,phenology,0.9,0.9900000000000001,10.0,31.13793621194963,29.74501234941932,-1.39292386253031,-4.473398150246564,-0.4473398150246564
min_ec_threshold,nutrient_management,1.0,1.1,10.0,31.13793621194963,32.52798026604818,1.3900440540985528,4.464149597573854,0.44641495975738543
initial_stem_biomass,model_constants,0.08,0.08800000000000001,10.0,31.13793621194963,29.751220142227503,-1.3867160697221266,-4.45346172040122,-0.44534617204012206
allocation_coefficients_vegetative_roots,nitrogen_parameters,0.2,0.22000000000000003,10.0,31.13793621194963,32.52361613986279,1.3856799279131593,4.450134133749637,0.44501341337496375
circulation_fan_power,control_equipment_parameters,50.0,55.00000000000001,10.0,31.13793621194963,32.51240802009458,1.3744718081449534,4.414139070711694,0.4414139070711694
mobility_classifications_potassium_retranslocation_rate,nutrient_mobility,0.2,0.22000000000000003,10.0,31.13793621194963,32.510768604696494,1.372832392746865,4.4088740608956,0.44088740608955995
xylem_transport_rates_nitrogen,nutrient_mobility,0.25,0.275,10.0,31.13793621194963,32.50747667904328,1.3695404670936497,4.398301986912251,0.4398301986912251
stress_onset_salinity,stress_parameters,0.8,0.8800000000000001,10.0,31.13793621194963,32.4906588479625,1.3527226360128708,4.344291242698815,0.4344291242698815
stress_onset_temperature,stress_parameters,0.8,0.8800000000000001,10.0,31.13793621194963,29.796361842302666,-1.3415743696469633,-4.308488399857775,-0.4308488399857775
leaf_angle,leaf_development,45.0,49.50000000000001,10.0,31.13793621194963,32.44984847340531,1.3119122614556815,4.21322804609066,0.421322804609066
system_multipliers_dwc_surface_area_multiplier,root_system,1.1,1.2100000000000002,10.0,31.13793621194963,29.833077909439737,-1.304858302509892,-4.1905741396217975,-0.41905741396217977
ph_max_limit,nutrient_parameters,9.0,9.9,10.0,31.13793621194963,32.43432522412621,1.2963890121765829,4.163374872863523,0.4163374872863523
critical_n_concentrations_leaves_critical,nitrogen_parameters,0.025,0.027500000000000004,10.0,31.13793621194963,29.846362598514524,-1.291573613435105,-4.147910139720324,-0.4147910139720324
reproductive_leaf_allocation,model_constants,0.4,0.44000000000000006,10.0,31.13793621194963,32.423761219004675,1.2858250070550454,4.129448394725633,0.4129448394725633
initial_b,nutrient_concentrations,0.3,0.33,10.0,31.13793621194963,32.42004801698886,1.2821118050392286,4.117523384697538,0.4117523384697538
min_co2_concentration,environmental_control_parameters,300.0,330.0,10.0,31.13793621194963,29.859536458172247,-1.2783997537773821,-4.105602070334957,-0.41056020703349566
lai_water_demand_factor,water,0.5,0.55,10.0,31.13793621194963,32.41554113132456,1.2776049193749301,4.103049446432584,0.4103049446432584
tank_volume,system,500.0,550.0,10.0,31.13793621194963,29.86254098314599,-1.2753952288036388,-4.0959529884134955,-0.40959529884134954
shaded_light_fraction,canopy_parameters,0.2,0.22000000000000003,10.0,31.13793621194963,32.41119236814077,1.2732561561911382,4.089083321143512,0.40890833211435124
xylem_conductance_scaling_factor,root_system,1.0,1.1,10.0,31.13793621194963,32.405968189178175,1.2680319772285458,4.072305783521775,0.40723057835217746
mobility_classifications_nitrogen_remobilization_efficiency,nutrient_mobility,0.8,0.8800000000000001,10.0,31.13793621194963,29.8822354733947,-1.2557007385549284,-4.032703805440501,-0.40327038054405007
eav,photosynthesis,65330.0,71863.0,10.0,31.13793621194963,29.883138318864617,-1.254797893085012,-4.029804302198633,-0.4029804302198633
transpiration_coupling,nutrient_mobility,0.8,0.8800000000000001,10.0,31.13793621194963,29.886470568352188,-1.2514656435974416,-4.019102727550626,-0.40191027275506264
SD_PM,genetic_parameters,35.0,38.5,10.0,31.13793621194963,29.889214013598593,-1.248722198351036,-4.01029210751553,-0.40102921075155296
phloem_transport_rates_potassium,nutrient_mobility,0.25,0.275,10.0,31.13793621194963,32.37763490887466,1.239698696925032,3.981312982615977,0.3981312982615977
nutrient_uptake_sensitivity_high,root_zone_temperature,0.9,0.9900000000000001,10.0,31.13793621194963,29.90180696843818,-1.2361292435114493,-3.9698496236146408,-0.3969849623614641
stress_memory_days,stress_parameters,21.0,23.1,10.0,31.13793621194963,32.370336382170876,1.232400170221247,3.957873642724902,0.39578736427249017
max_flow_rate,root_system,4.0,4.4,10.0,31.13793621194963,32.36741305281452,1.2294768408648906,3.9484853218790437,0.3948485321879044
remobilization_efficiency_leaves,nitrogen_parameters,0.75,0.8250000000000001,10.0,31.13793621194963,29.91331721919394,-1.2246189927556905,-3.9328842618854276,-0.39328842618854276
min_acclimation_temperature,respiration_parameters,10.0,11.0,10.0,31.13793621194963,32.36242554360219,1.2244893316525634,3.93246785309634,0.39324678530963403
co2_enrichment_duration,environment,8.0,8.8,10.0,31.13793621194963,29.916839864802235,-1.2210963471473946,-3.9215712269292315,-0.39215712269292313
max_effective_rzt,root_zone_temperature,30.0,33.0,10.0,31.13793621194963,32.35900364292175,1.22106743097212,3.9214783621514315,0.39214783621514315
stress_response_weight,genetic_parameters,0.2,0.22000000000000003,10.0,31.13793621194963,32.34484746915004,1.2069112572004101,3.8760155746521203,0.387601557465212
max_temp,leaf_development,35.0,38.5,10.0,31.13793621194963,29.93105377280045,-1.2068824391491795,-3.8759230250013195,-0.38759230250013194
day_start_hour,respiration_parameters,6.0,6.6000000000000005,10.0,31.13793621194963,32.34205644527558,1.204120233325952,3.8670521550617525,0.38670521550617526
cold_recovery_threshold,stress_parameters,16.0,17.6,10.0,31.13793621194963,32.34130932263986,1.2033731106902295,3.864652758291726,0.38646527582917256
optimal_vpd,environment,0.7,0.77,10.0,31.13793621194963,32.33899016475392,1.201053952804294,3.857204744171107,0.38572047441711066
rzt_thermal_response_time,root_zone_temperature,2.0,2.2,10.0,31.13793621194963,29.93821953831322,-1.1997166736364093,-3.8529100498831417,-0.38529100498831415
rapid_decline_slope,root_zone_temperature,0.15,0.165,10.0,31.13793621194963,32.33751367735399,1.19957746540436,3.852462980330742,0.3852462980330742
uptake_efficiency,nitrogen_parameters,0.15,0.165,10.0,31.13793621194963,29.93850726376337,-1.1994289481862594,-3.8519860148148206,-0.38519860148148205
frost_recovery_rate,stress_parameters,0.08,0.08800000000000001,10.0,31.13793621194963,32.33476002853419,1.196823816584562,3.8436195913499995,0.38436195913499993
memory_effect_strength,stress_parameters,0.4,0.44000000000000006,10.0,31.13793621194963,32.33310696025214,1.195170748302509,3.8383107350699914,0.38383107350699913
storage_pool_sizes_roots_phosphorus,nutrient_mobility,0.4,0.44000000000000006,10.0,31.13793621194963,29.94631443702488,-1.191621774924748,-3.826913148044301,-0.3826913148044301
active_senescence_threshold,senescence_parameters,0.5,0.55,10.0,31.13793621194963,29.949498319146855,-1.1884378928027743,-3.816688057658408,-0.3816688057658408
temperature_stress_weight,genetic_parameters,0.5,0.55,10.0,31.13793621194963,32.319297252341975,1.1813610403923462,3.7939606284471163,0.3793960628447116
phloem_transport_rates_nitrogen,nutrient_mobility,0.2,0.22000000000000003,10.0,31.13793621194963,32.309984154583134,1.1720479426335046,3.764051460108376,0.37640514601083763
max_humidity,environment,85.0,93.50000000000001,10.0,31.13793621194963,29.967361504572402,-1.1705747073772272,-3.7593201405814507,-0.3759320140581451
bolting_maturity_risk_factor,phenology,0.02,0.022000000000000002,10.0,31.13793621194963,32.308473873076004,1.1705376611263745,3.7592011659307207,0.37592011659307206
max_acclimation_temperature,respiration_parameters,35.0,38.5,10.0,31.13793621194963,32.30672672622583,1.1687905142762034,3.7535901747645797,0.37535901747645795
transport_n_concentration,nitrogen_parameters,0.001,0.0011,10.0,31.13793621194963,29.969562476975526,-1.1683737349741037,-3.752251681104426,-0.3752251681104426
channel_depth,root_system,5.0,5.5,10.0,31.13793621194963,32.3028843433365,1.164948131386872,3.7412502982127838,0.3741250298212784
V2_to_V3,thermal_requirements,35.0,38.5,10.0,31.13793621194963,32.30190697552054,1.1639707635709087,3.738111465217204,0.37381114652172037
plant_height,canopy_parameters,30.0,33.0,10.0,31.13793621194963,29.981215456290933,-1.1567207556586965,-3.714827944232182,-0.3714827944232182
photosynthesis_heat_sensitivity,stress_parameters,0.8,0.8800000000000001,10.0,31.13793621194963,29.982545850189283,-1.1553903617603467,-3.7105553621018377,-0.3710555362101838
root_conductance_scaling_factor,root_system,1.0,1.1,10.0,31.13793621194963,32.292803003262826,1.1548667913131965,3.7088739069033094,0.37088739069033094
nitrate_reduction_rate,nitrogen_parameters,0.8,0.8800000000000001,10.0,31.13793621194963,32.289228604194705,1.1512923922450753,3.697394664850172,0.3697394664850172
mobility_classifications_boron_remobilization_efficiency,nutrient_mobility,0.08,0.08800000000000001,10.0,31.13793621194963,29.99233722157542,-1.1455989903742108,-3.679110210054868,-0.3679110210054868
SFDUR,genetic_parameters,0.0,0.0,10.0,31.13793621194963,29.996827521697114,-1.1411086902525156,-3.664689536535818,-0.3664689536535818
storage_pool_sizes_leaves_potassium,nutrient_mobility,0.5,0.55,10.0,31.13793621194963,30.000622772032848,-1.137313439916781,-3.6525010269637606,-0.36525010269637603
sink_strength_coefficients_vegetative_leaves,nutrient_mobility,0.5,0.55,10.0,31.13793621194963,32.27219762895476,1.1342614170051277,3.6426994046247634,0.36426994046247635
mobility_classifications_manganese_remobilization_efficiency,nutrient_mobility,0.35,0.385,10.0,31.13793621194963,32.27192363473448,1.1339874227848483,3.6418194676295355,0.36418194676295357
air_exchange_rate,control_equipment_parameters,0.5,0.55,10.0,31.13793621194963,30.004113474820084,-1.1338227371295453,-3.641290576908641,-0.3641290576908641
default_critical_n_concentration,nitrogen_parameters,0.045,0.0495,10.0,31.13793621194963,30.006565763573562,-1.1313704483760674,-3.6334150107928087,-0.36334150107928087
bolting_temperature_threshold,phenology,25.0,27.500000000000004,10.0,31.13793621194963,30.00734462100248,-1.130591590947148,-3.630913697206648,-0.3630913697206648
base_crop_coefficient,crop_parameters,0.7,0.77,10.0,31.13793621194963,32.26839097274133,1.1304547607917002,3.6304742648868036,0.3630474264886804
min_par_threshold,photosynthesis,0.1,0.11000000000000001,10.0,31.13793621194963,32.26454609894639,1.1266098869967607,3.6181263887502215,0.36181263887502213
ambient_temperature,environmental_control_parameters,20.0,22.0,10.0,31.13793621194963,32.264216074136776,1.1262798621871468,3.6170665085855007,0.3617066508585501
nutrient_stress_weight,genetic_parameters,0.25,0.275,10.0,31.13793621194963,30.0137046020237,-1.1242316099259284,-3.610488512384094,-0.3610488512384094
acclimation_memory_days,stress_parameters,7.0,7.700000000000001,10.0,31.13793621194963,30.03014480308862,-1.107791408861008,-3.5576905332469564,-0.35576905332469566
late_senescence_threshold,senescence_parameters,0.8,0.8800000000000001,10.0,31.13793621194963,32.244776183459265,1.1068399715096362,3.5546349763696625,0.3554634976369663
V1_to_V2,thermal_requirements,35.0,38.5,10.0,31.13793621194963,30.042724071586086,-1.095212140363543,-3.51729200326141,-0.351729200326141
ph_max,root_system,6.5,7.15,10.0,31.13793621194963,32.22834310407004,1.0904068921204129,3.501859868612466,0.3501859868612466
root_metabolism_sensitivity_high,root_zone_temperature,0.8,0.8800000000000001,10.0,31.13793621194963,30.050527930707833,-1.087408281241796,-3.4922297799058617,-0.34922297799058616
copper_recovery,senescence_parameters,0.45,0.49500000000000005,10.0,31.13793621194963,32.22400513008394,1.086068918134309,3.487928393011206,0.3487928393011206
xylem_transport_rates_molybdenum,nutrient_mobility,0.12,0.132,10.0,31.13793621194963,30.053285331538593,-1.0846508804110364,-3.4833743412795166,-0.34833743412795165
cold_lethal_temperature,stress_parameters,5.0,5.5,10.0,31.13793621194963,32.21304397205004,1.0751077601004084,3.4527264516902063,0.3452726451690206
damage_rate_heat,stress_parameters,0.1,0.11000000000000001,10.0,31.13793621194963,32.212652586683944,1.0747163747343151,3.451469511077864,0.34514695110778637
default_leaf_nitrogen_conc,nitrogen_parameters,4.5,4.95,10.0,31.13793621194963,32.212395430962374,1.0744592190127449,3.450643651201282,0.3450643651201282
rzt_ambient_temp_amplitude,root_zone_temperature,2.0,2.2,10.0,31.13793621194963,30.069620362112587,-1.0683158498370418,-3.4309141189230785,-0.34309141189230785
system_multipliers_aeroponics_surface_area_multiplier,root_system,2.0,2.2,10.0,31.13793621194963,32.20372607891246,1.065789866962831,3.4228018829129043,0.3422801882912904
phenology_optimal_temperature_max,phenology,24.0,26.400000000000002,10.0,31.13793621194963,30.077207543776915,-1.0607286681727146,-3.406547758825599,-0.3406547758825599
proportional_control_factor,nutrient_parameters,2.0,2.2,10.0,31.13793621194963,32.19230101539698,1.0543648034473492,3.386110101422591,0.33861101014225914
po4_uptake_km,nutrient_parameters,0.1,0.11000000000000001,10.0,31.13793621194963,32.18995988836868,1.0520236764190543,3.378591533035915,0.3378591533035915
redistribution_thresholds_phosphorus,nutrient_mobility,0.6,0.66,10.0,31.13793621194963,30.08834666589481,-1.0495895460548184,-3.3707742828891254,-0.3370774282889125
theta,photosynthesis,0.7,0.77,10.0,31.13793621194963,32.1863239807794,1.0483877688297696,3.366914755344112,0.3366914755344112
heat_threshold_mild,stress_parameters,25.0,27.500000000000004,10.0,31.13793621194963,30.090141430471856,-1.0477947814777728,-3.3650103666011963,-0.33650103666011966
max_solar_radiation,environment,20.0,22.0,10.0,31.13793621194963,32.177906632629,1.0399704206793743,3.3398823017701176,0.33398823017701174
medium_diameter_mean,root_system,0.4,0.44000000000000006,10.0,31.13793621194963,32.177692908639244,1.039756696689615,3.33919592362256,0.333919592362256
mobility_classifications_sulfur_retranslocation_rate,nutrient_mobility,0.1,0.11000000000000001,10.0,31.13793621194963,32.16991985204994,1.0319836401003073,3.3142326231122174,0.33142326231122177
system_multipliers_nft_surface_area_multiplier,root_system,1.0,1.1,10.0,31.13793621194963,32.169152087731504,1.031215875781875,3.311766935234876,0.3311766935234876
vpd_stress_high_factor,stress_parameters,0.25,0.275,10.0,31.13793621194963,30.10749852260819,-1.03043768934144,-3.309267776539393,-0.3309267776539393
water_stress_rate,senescence_parameters,0.05,0.05500000000000001,10.0,31.13793621194963,30.10854688845098,-1.0293893234986484,-3.305900932199885,-0.3305900932199885
stress_memory_duration,stress_parameters,21.0,23.1,10.0,31.13793621194963,32.16655136086568,1.028615148916053,3.303414657652575,0.3303414657652575
acclimation_memory,respiration_parameters,5.0,5.5,10.0,31.13793621194963,32.15598885261503,1.0180526406654025,3.269492986740432,0.3269492986740432
biosynthetic_cost,respiration_parameters,1.44,1.584,10.0,31.13793621194963,32.142657264712604,1.0047210527629744,3.2266783704740147,0.3226678370474015
stress_weight_ph,stress_parameters,0.15,0.165,10.0,31.13793621194963,30.136221015017554,-1.001715196932075,-3.2170250144826635,-0.32170250144826634
day_respiration_factor,respiration_parameters,1.1,1.2100000000000002,10.0,31.13793621194963,32.12648822791114,0.9885520159615098,3.174751239878701,0.3174751239878701
maximum_temperature,phenology,35.0,38.5,10.0,31.13793621194963,32.12399298575873,0.9860567738091035,3.166737728207851,0.31667377282078507
max_ec_limit,nutrient_parameters,5.0,5.5,10.0,31.13793621194963,32.12080769621887,0.9828714842692392,3.1565081178759953,0.3156508117875995
stress_weight_salinity,stress_parameters,0.2,0.22000000000000003,10.0,31.13793621194963,32.11678856328728,0.9788523513376504,3.1436006056239583,0.31436006056239585
solution_change_interval,nutrient_management,7.0,7.700000000000001,10.0,31.13793621194963,30.159771840448087,-0.978164371501542,-3.141391146938497,-0.3141391146938497
frost_recovery_threshold,stress_parameters,4.0,4.4,10.0,31.13793621194963,32.1147404736437,0.9768042616940704,3.1370231316718025,0.3137023131671802
coarse_turnover_rate,root_system,0.005,0.0055000000000000005,10.0,31.13793621194963,32.11233773493926,0.9744015229896306,3.129306696362523,0.31293066963625227
seconds_per_hour,photosynthesis,3600.0,3960.0000000000005,10.0,31.13793621194963,32.10626425192548,0.9683280399758516,3.109801604655616,0.3109801604655616
rzt_heat_transfer_coefficient,root_zone_temperature,10.0,11.0,10.0,31.13793621194963,32.088988379756074,0.951052167806445,3.0543198538683662,0.30543198538683664
nh4_uptake_vmax,nutrient_parameters,0.045,0.0495,10.0,31.13793621194963,32.07851973930283,0.9405835273531977,3.0206996409487,0.30206996409486997
phloem_transport_rates_calcium,nutrient_mobility,0.01,0.011000000000000001,10.0,31.13793621194963,30.19801727839524,-0.939918933554388,-3.018565286910957,-0.3018565286910957
ec_factor_mn,nutrient_parameters,0.48,0.528,10.0,31.13793621194963,32.06535747222874,0.927421260279111,2.978428801338477,0.2978428801338477
nitrogen_excess_weight,genetic_parameters,0.3,0.33,10.0,31.13793621194963,32.06183895429618,0.9239027423465487,2.967129022481547,0.2967129022481547
growth_n_use_efficiency,nitrogen_parameters,30.0,33.0,10.0,31.13793621194963,32.05760840758968,0.9196721956400538,2.9535425513753744,0.29535425513753744
transition_defaults_head_formation,thermal_requirements,150.0,165.0,10.0,31.13793621194963,32.05079315665762,0.9128569447079897,2.931655259662546,0.29316552596625456
light_penetration_lai,photosynthesis,4.0,4.4,10.0,31.13793621194963,32.0505488364323,0.9126126244826693,2.930870621195637,0.2930870621195637
row_spacing,canopy_parameters,0.3,0.33,10.0,31.13793621194963,32.04762944423955,0.9096932322899178,2.9214949446161755,0.29214949446161753
mg_uptake_km,nutrient_parameters,0.6,0.66,10.0,31.13793621194963,32.04278041496853,0.9048442030189037,2.90592220646806,0.290592220646806
quantum_efficiency,photosynthesis,0.035,0.038500000000000006,10.0,31.13793621194963,32.028135583253615,0.8901993713039857,2.8588900858572606,0.2858890085857261
genetic_growth_modifier,genetic_parameters,1.0,1.1,10.0,31.13793621194963,30.252112969808366,-0.8858232421412637,-2.8448360742717314,-0.28448360742717316
buffering_capacities_leaves_phosphorus,nutrient_mobility,0.25,0.275,10.0,31.13793621194963,32.02369308142481,0.8857568694751805,2.844622917350761,0.2844622917350761
remobilization_efficiency_reproductive,nitrogen_parameters,0.4,0.44000000000000006,10.0,31.13793621194963,30.259075368495004,-0.8788608434546248,-2.8224762150978697,-0.282247621509787
V11+_to_HI,thermal_requirements,120.0,132.0,10.0,31.13793621194963,30.264906054547016,-0.8730301574026136,-2.8037508698716382,-0.28037508698716385
early_senescence_threshold,senescence_parameters,0.2,0.22000000000000003,10.0,31.13793621194963,30.26640661965009,-0.8715295922995381,-2.7989317800871985,-0.2798931780087198
boron_recovery,senescence_parameters,0.25,0.275,10.0,31.13793621194963,30.271204020107092,-0.8667321918425372,-2.7835248487339257,-0.2783524848733926
phloem_transport_rates_sulfur,nutrient_mobility,0.15,0.165,10.0,31.13793621194963,32.00059703203911,0.8626608200894808,2.7704495706379615,0.27704495706379617
process_sensitivity_photosynthesis,stress_parameters,0.8,0.8800000000000001,10.0,31.13793621194963,30.276597224046363,-0.8613389879032667,-2.7662044845885307,-0.2766204484588531
critical_n_concentrations_reproductive_minimum,nitrogen_parameters,0.02,0.022000000000000002,10.0,31.13793621194963,30.285732720057382,-0.8522034918922472,-2.7368656872166173,-0.27368656872166175
vernalization_days,phenology,0.0,0.0,10.0,31.13793621194963,31.98368360656866,0.8457473946190319,2.7161318234522693,0.2716131823452269
phloem_transport_rates_copper,nutrient_mobility,0.06,0.066,10.0,31.13793621194963,31.979070089951094,0.8411338780014646,2.7013154381075113,0.2701315438107511
system_multipliers_aeroponics_root_length_multiplier,root_system,1.5,1.6500000000000001,10.0,31.13793621194963,31.974665342707986,0.8367291307583571,2.687169519080877,0.2687169519080877
max_co2_enhancement_factor,environmental_control_parameters,1.4,1.54,10.0,31.13793621194963,30.302755266856632,-0.835180945092997,-2.682197495068682,-0.2682197495068682
leaf_absorptance,canopy_parameters,0.85,0.935,10.0,31.13793621194963,31.966460370468248,0.8285241585186185,2.6608191142759825,0.26608191142759824
initial_mn,nutrient_concentrations,0.5,0.55,10.0,31.13793621194963,30.312668879303864,-0.8252673326457654,-2.6503597638210112,-0.26503597638210113
environmental_history_days,phenology,7.0,7.700000000000001,10.0,31.13793621194963,31.957789513091846,0.8198533011422171,2.632972511606555,0.2632972511606555
lower_middle_canopy_lai_factor,canopy_parameters,0.9,0.9900000000000001,10.0,31.13793621194963,31.95736794877348,0.8194317368238515,2.6316186507870833,0.2631618650787083
severe_stress_factor,respiration_parameters,0.1,0.11000000000000001,10.0,31.13793621194963,30.32182840430947,-0.816107807640158,-2.6209437969333527,-0.26209437969333527
default_ph,system,6.0,6.6000000000000005,10.0,31.13793621194963,31.94691198083442,0.8089757688847925,2.5980391358574897,0.25980391358574895
leaf_area_expansion_rate,leaf_development,0.2,0.22000000000000003,10.0,31.13793621194963,31.943768302776313,0.8058320908266836,2.5879431614913324,0.25879431614913323
beam_extinction_coeff,canopy_parameters,0.7,0.77,10.0,31.13793621194963,31.941781597833547,0.8038453858839176,2.5815628255267296,0.258156282552673
so4_uptake_vmax,nutrient_parameters,0.015,0.0165,10.0,31.13793621194963,31.940206006870255,0.8022697949206261,2.5765027889444503,0.25765027889444503
lignin_fraction,model_constants,0.1,0.11000000000000001,10.0,31.13793621194963,30.335684377837385,-0.8022518341122442,-2.5764451075096253,-0.2576445107509625
k_uptake_vmax,nutrient_parameters,0.025,0.027500000000000004,10.0,31.13793621194963,30.339656832193462,-0.7982793797561669,-2.563687504279156,-0.2563687504279156
damage_rate_cold,stress_parameters,0.08,0.08800000000000001,10.0,31.13793621194963,30.343208233020135,-0.7947279789294939,-2.552282121460913,-0.25522821214609126
default_phosphorus_content,nutrient_mobility,0.01,0.011000000000000001,10.0,31.13793621194963,30.343500650520987,-0.7944355614286422,-2.5513430177937297,-0.25513430177937296
specific_root_activity,nitrogen_parameters,0.08,0.08800000000000001,10.0,31.13793621194963,30.35298131585465,-0.7849548960949804,-2.520895703401636,-0.2520895703401636
allocation_coefficients_reproductive_stems,nitrogen_parameters,0.2,0.22000000000000003,10.0,31.13793621194963,31.915148786479726,0.7772125745300968,2.4960311089333866,0.24960311089333867
k_uptake_km,nutrient_parameters,0.4,0.44000000000000006,10.0,31.13793621194963,31.914608609940338,0.7766723979907084,2.494296322993459,0.2494296322993459
branching_angle_std,root_system,10.0,11.0,10.0,31.13793621194963,31.900795612618325,0.7628594006686953,2.4499356523697196,0.24499356523697197
phenology_optimal_temperature_min,phenology,18.0,19.8,10.0,31.13793621194963,31.8894707366801,0.7515345247304701,2.413565624949986,0.24135656249499862
ph_min_limit,nutrient_parameters,4.0,4.4,10.0,31.13793621194963,31.883766097951316,0.7458298860016868,2.3952450827985956,0.23952450827985955
enzyme_saturation_lai,photosynthesis,3.5,3.8500000000000005,10.0,31.13793621194963,31.874075220171726,0.7361390082220964,2.3641226676403573,0.23641226676403573
HM_to_PM,thermal_requirements,100.0,110.00000000000001,10.0,31.13793621194963,31.87389440871192,0.7359581967622901,2.3635419886301126,0.23635419886301126
ec_uptake_modifier_k_high,nutrient_parameters,0.25,0.275,10.0,31.13793621194963,31.870539520099868,0.7326033081502388,2.352767708057324,0.2352767708057324
respiration_heat_sensitivity,stress_parameters,0.6,0.66,10.0,31.13793621194963,30.411887569971654,-0.7260486419779753,-2.331717288634382,-0.2331717288634382
reproductive_default,thermal_requirements,200.0,220.00000000000003,10.0,31.13793621194963,30.417887706552413,-0.7200485053972159,-2.3124477502169425,-0.23124477502169424
mobility_classifications_calcium_retranslocation_rate,nutrient_mobility,0.01,0.011000000000000001,10.0,31.13793621194963,30.418490969231094,-0.7194452427185354,-2.3105103620914926,-0.23105103620914927
ph_min,root_system,5.5,6.050000000000001,10.0,31.13793621194963,31.850050367223016,0.7121141552733867,2.2869664528380103,0.22869664528380101
default_co2,system,400.0,440.00000000000006,10.0,31.13793621194963,30.42592057417366,-0.7120156377759699,-2.2866500622566104,-0.22866500622566105
mobility_classifications_copper_remobilization_efficiency,nutrient_mobility,0.25,0.275,10.0,31.13793621194963,31.839214881622006,0.7012786696723765,2.252168110625298,0.2252168110625298
light_threshold,environment,8.0,8.8,10.0,31.13793621194963,30.438092981520057,-0.6998432304295719,-2.247558173624227,-0.22475581736242273
LFMAX,genetic_parameters,1.25,1.375,10.0,31.13793621194963,31.83706432740731,0.6991281154576825,2.2452615699989202,0.22452615699989203
maximum_height,crop_parameters,0.25,0.275,10.0,31.13793621194963,30.445440432453747,-0.6924957794958821,-2.2239617127551536,-0.22239617127551536
rzt_water_uptake_sensitivity_low,root_zone_temperature,0.7,0.77,10.0,31.13793621194963,31.82962272180262,0.6916865098529925,2.221362729838042,0.2221362729838042
optimal_oxygen_level,root_system,6.0,6.6000000000000005,10.0,31.13793621194963,31.827345697544185,0.6894094855945561,2.2140500285628604,0.22140500285628603
channel_length,root_system,200.0,220.00000000000003,10.0,31.13793621194963,30.454610425599977,-0.683325786349652,-2.194512127259789,-0.2194512127259789
fine_root_fraction,root_system,0.65,0.7150000000000001,10.0,31.13793621194963,31.8184577766618,0.6805215647121692,2.1855063228339753,0.21855063228339752
ec_factor_zn,nutrient_parameters,0.5,0.55,10.0,31.13793621194963,30.462834855689312,-0.675101356260317,-2.168099233247312,-0.2168099233247312
stress_redistribution_rates_sulfur,nutrient_mobility,0.25,0.275,10.0,31.13793621194963,30.464552027238604,-0.6733841847110256,-2.1625845082584654,-0.21625845082584655
heat_threshold_severe,stress_parameters,32.0,35.2,10.0,31.13793621194963,30.468436213185328,-0.6694999987643016,-2.1501103804926265,-0.21501103804926264
sink_strength_coefficients_vegetative_roots,nutrient_mobility,0.25,0.275,10.0,31.13793621194963,31.807097365689664,0.6691611537400348,2.149022174061859,0.21490221740618592
minimum_volume_fraction,nutrient_parameters,0.1,0.11000000000000001,10.0,31.13793621194963,31.802049491359718,0.6641132794100884,2.1328108416999885,0.21328108416999886
q10_factor,respiration_parameters,1.8,1.9800000000000002,10.0,31.13793621194963,30.47397782406241,-0.6639583878872202,-2.132313404998295,-0.21323134049982947
optimal_vpd_min,stress_parameters,0.5,0.55,10.0,31.13793621194963,30.477936687751875,-0.6599995241977545,-2.1195994484196747,-0.21195994484196748
sink_strength_coefficients_reproductive_reproductive,nutrient_mobility,0.35,0.385,10.0,31.13793621194963,31.796683855311,0.6587476433613695,2.115579012293582,0.2115579012293582
sink_strength_coefficients_senescence_reproductive,nutrient_mobility,0.35,0.385,10.0,31.13793621194963,30.483606782913114,-0.6543294290365154,-2.1013898435099465,-0.21013898435099465
co2_mixing_time,control_equipment_parameters,15.0,16.5,10.0,31.13793621194963,30.48952718214071,-0.6484090298089207,-2.0823763829283086,-0.20823763829283087
metabolic_n_concentration,nitrogen_parameters,0.04,0.044000000000000004,10.0,31.13793621194963,30.48971218161249,-0.6482240303371398,-2.0817822540479565,-0.20817822540479564
max_economic_co2,environment,1200.0,1320.0,10.0,31.13793621194963,30.490407048921586,-0.6475291630280431,-2.0795506761284472,-0.2079550676128447
buffering_capacities_roots_nitrogen,nutrient_mobility,0.15,0.165,10.0,31.13793621194963,30.490765924850635,-0.6471702870989944,-2.078398140113838,-0.2078398140113838
phloem_transport_rates_zinc,nutrient_mobility,0.1,0.11000000000000001,10.0,31.13793621194963,31.779818255880237,0.6418820439306074,2.061414859229739,0.2061414859229739
max_leaf_number,leaf_development,25.0,27.500000000000004,10.0,31.13793621194963,30.49623511858699,-0.6417010933626379,-2.0608337334713145,-0.20608337334713145
photosynthesis_sensitivity_high,root_zone_temperature,0.85,0.935,10.0,31.13793621194963,30.498004755851728,-0.6399314560979015,-2.0551505139647586,-0.20551505139647586
cumulative_stress_threshold,stress_parameters,0.8,0.8800000000000001,10.0,31.13793621194963,31.77642530382569,0.6384890918760604,2.050518337278342,0.2050518337278342
respiration_biosynthetic_cost,respiration_parameters,1.25,1.375,10.0,31.13793621194963,31.763059521404656,0.6251233094550273,2.0075939047467353,0.20075939047467353
bolting_photoperiod_threshold,phenology,14.0,15.400000000000002,10.0,31.13793621194963,31.762794038552325,0.6248578266026961,2.0067413021512257,0.20067413021512256
plant_spacing,canopy_parameters,0.3,0.33,10.0,31.13793621194963,30.524074381369424,-0.6138618305802055,-1.9714274780504792,-0.19714274780504792
sink_strength_coefficients_senescence_stems,nutrient_mobility,0.3,0.33,10.0,31.13793621194963,30.525282578557906,-0.612653633391723,-1.9675473326861284,-0.19675473326861284
mobility_classifications_molybdenum_remobilization_efficiency,nutrient_mobility,0.5,0.55,10.0,31.13793621194963,30.53232477338497,-0.605611438564658,-1.9449312068801978,-0.19449312068801977
system_multipliers_nft_root_length_multiplier,root_system,1.0,1.1,10.0,31.13793621194963,30.537895141334875,-0.6000410706147541,-1.927041877568237,-0.19270418775682369
optimal_ec,environment,1.8,1.9800000000000002,10.0,31.13793621194963,31.735070633294143,0.5971344213445136,1.9177071250963469,0.19177071250963468
metabolic_water_per_lai,model_constants,0.1,0.11000000000000001,10.0,31.13793621194963,30.54088842356171,-0.5970477883879184,-1.9174289019154478,-0.19174289019154478
phosphate_total,nutrient_parameters,60.0,66.0,10.0,31.13793621194963,31.73493200995224,0.5969957980026095,1.9172619339283758,0.19172619339283758
nitrogen_stress_factor,nitrogen_parameters,0.8,0.8800000000000001,10.0,31.13793621194963,30.54488995423148,-0.5930462577181501,-1.9045779196199912,-0.19045779196199913
min_enzyme_factor,photosynthesis,0.3,0.33,10.0,31.13793621194963,31.730205850366293,0.5922696384166635,1.9020837938173034,0.19020837938173035
moderate_stress_threshold,respiration_parameters,3.0,3.3000000000000003,10.0,31.13793621194963,31.726600048587287,0.5886638366376573,1.8905037014359003,0.18905037014359002
max_temperature_change_per_hour,environmental_control_parameters,2.0,2.2,10.0,31.13793621194963,31.72557074844717,0.5876345364975393,1.8871980869176106,0.18871980869176105
initial_k,nutrient_concentrations,90.0,99.00000000000001,10.0,31.13793621194963,31.724227931055744,0.5862917191061143,1.8828856065326398,0.188288560653264
xylem_transport_rates_potassium,nutrient_mobility,0.3,0.33,10.0,31.13793621194963,31.7185234943192,0.5805872823695708,1.864565713082687,0.1864565713082687
commercial_rating,genetic_parameters,0.8,0.8800000000000001,10.0,31.13793621194963,30.557871910541632,-0.5800643014079974,-1.8628861510268924,-0.18628861510268924
xylem_transport_rates_phosphorus,nutrient_mobility,0.15,0.165,10.0,31.13793621194963,30.55817070905971,-0.57976550288992,-1.8619265546167658,-0.18619265546167657
light_stress_weight,genetic_parameters,0.15,0.165,10.0,31.13793621194963,30.55916502302163,-0.5787711889279983,-1.8587332987916088,-0.1858733298791609
frost_threshold,stress_parameters,0.0,0.0,10.0,31.13793621194963,31.71663598780073,0.5786997758510992,1.858503954507476,0.1858503954507476
temperature_decay_factor,respiration_parameters,0.1,0.11000000000000001,10.0,31.13793621194963,30.55934052326332,-0.5785956886863097,-1.8581696768466798,-0.185816967684668
fine_root_half_life_days,root_system,35.0,38.5,10.0,31.13793621194963,31.71178279595355,0.5738465840039204,1.8429178481767796,0.18429178481767797
storage_pool_sizes_leaves_phosphorus,nutrient_mobility,0.3,0.33,10.0,31.13793621194963,30.564770144279485,-0.5731660676701438,-1.8407323586531823,-0.18407323586531824
mobility_classifications_iron_retranslocation_rate,nutrient_mobility,0.03,0.033,10.0,31.13793621194963,30.568621994476764,-0.5693142174728649,-1.8283620776844627,-0.18283620776844628
xylem_transport_rates_copper,nutrient_mobility,0.08,0.08800000000000001,10.0,31.13793621194963,30.570486642231934,-0.5674495697176951,-1.8223737304077596,-0.18223737304077597
critical_n_concentrations_reproductive_maximum,nitrogen_parameters,0.07,0.07700000000000001,10.0,31.13793621194963,31.701758550768794,0.5638223388191648,1.8107248180526165,0.18107248180526164
environmental_buffer_days,phenology,5.0,5.5,10.0,31.13793621194963,30.574321444417823,-0.5636147675318064,-1.810058199411145,-0.1810058199411145
system_multipliers_dwc_root_length_multiplier,root_system,0.8,0.8800000000000001,10.0,31.13793621194963,30.578655608438815,-0.559280603510814,-1.7961389595762034,-0.17961389595762034
ec_uptake_modifier_ca_high,nutrient_parameters,0.1,0.11000000000000001,10.0,31.13793621194963,30.583854871968956,-0.554081339980673,-1.7794414382801529,-0.1779441438280153
molybdenum_recovery,senescence_parameters,0.85,0.935,10.0,31.13793621194963,30.584339608769916,-0.553596603179713,-1.7778846979822076,-0.17778846979822077
vegetative_stem_allocation,model_constants,0.25,0.275,10.0,31.13793621194963,30.585761146554553,-0.5521750653950761,-1.773319405745237,-0.1773319405745237
nutrient_uptake_sensitivity_low,root_zone_temperature,0.6,0.66,10.0,31.13793621194963,31.68865797351002,0.5507217615603892,1.7686520963102297,0.17686520963102298
default_root_nitrogen_conc,nitrogen_parameters,2.8,3.08,10.0,31.13793621194963,31.68287364267509,0.5449374307254615,1.750075621634596,0.1750075621634596
coarse_min_activity,root_system,0.3,0.33,10.0,31.13793621194963,31.675448682917406,0.5375124709677763,1.7262302398882114,0.17262302398882115
stress_weight_water,stress_parameters,0.25,0.275,10.0,31.13793621194963,31.669048305657526,0.5311120937078968,1.705675321873371,0.17056753218733708
vernalization_temperature,phenology,5.0,5.5,10.0,31.13793621194963,31.66615237431308,0.5282161623634494,1.6963749901984153,0.16963749901984154
circadian_peak_1,respiration_parameters,4.0,4.4,10.0,31.13793621194963,31.66540227649748,0.5274660645478519,1.69396603858874,0.169396603858874
coarse_root_half_life_days,root_system,140.0,154.0,10.0,31.13793621194963,31.66423363858956,0.5262974266399318,1.6902129385118263,0.16902129385118264
daytime_respiratory_quotient,respiration_parameters,0.95,1.045,10.0,31.13793621194963,31.660500879977,0.5225646680273712,1.6782251221480426,0.16782251221480426
pid_temperature_kp,environmental_control_parameters,3.0,3.3000000000000003,10.0,31.13793621194963,30.616500864619756,-0.5214353473298736,-1.6745982899462855,-0.16745982899462855
mobility_classifications_calcium_remobilization_efficiency,nutrient_mobility,0.05,0.05500000000000001,10.0,31.13793621194963,31.6442857897994,0.5063495778497717,1.6261500903693573,0.16261500903693574
system_multipliers_aeroponics_branching_multiplier,root_system,3.0,3.3000000000000003,10.0,31.13793621194963,30.63200596764765,-0.5059302443019789,-1.6248033937066801,-0.16248033937066803
po4_uptake_vmax,nutrient_parameters,0.008,0.0088,10.0,31.13793621194963,31.642732672704284,0.5047964607546547,1.6211622289884833,0.16211622289884833
xylem_transport_rates_boron,nutrient_mobility,0.15,0.165,10.0,31.13793621194963,31.640689296763234,0.5027530848136053,1.6145998931703975,0.16145998931703975
initial_mo,nutrient_concentrations,0.05,0.05500000000000001,10.0,31.13793621194963,31.637092225002526,0.4991560130528967,1.6030478373879462,0.16030478373879462
mobility_classifications_phosphorus_retranslocation_rate,nutrient_mobility,0.12,0.132,10.0,31.13793621194963,31.636865904023352,0.4989296920737232,1.602321003799384,0.1602321003799384
growth_respiration_coefficient,model_constants,0.2,0.22000000000000003,10.0,31.13793621194963,30.640961379984816,-0.4969748319648133,-1.5960429380483223,-0.15960429380483224
WTPSD,genetic_parameters,0.0,0.0,10.0,31.13793621194963,31.62672954575344,0.4887933338038124,1.5697679206376915,0.15697679206376916
max_extinction_coefficient,canopy_parameters,10.0,11.0,10.0,31.13793621194963,30.649487588145917,-0.4884486238037127,-1.5686608787394956,-0.15686608787394957
number_of_layers,canopy_parameters,5.0,5.5,10.0,31.13793621194963,30.659774986591437,-0.4781612253581926,-1.535622727541883,-0.1535622727541883
max_individual_leaf_area,leaf_development,0.008,0.0088,10.0,31.13793621194963,31.604625354677097,0.46668914272746775,1.498779943380991,0.1498779943380991
ca_uptake_km,nutrient_parameters,0.8,0.8800000000000001,10.0,31.13793621194963,31.601442195552544,0.4635059836029143,1.4885571749133368,0.1488557174913337
cold_threshold_mild,stress_parameters,18.0,19.8,10.0,31.13793621194963,31.596302326170285,0.4583661142206559,1.4720503989109956,0.14720503989109956
ammonium_assimilation_rate,nitrogen_parameters,1.2,1.32,10.0,31.13793621194963,30.688415792054666,-0.44952041989496294,-1.4436423044712032,-0.14436423044712032
fine_diameter_mean,root_system,0.1,0.11000000000000001,10.0,31.13793621194963,30.695926875792804,-0.4420093361568256,-1.4195203341292677,-0.14195203341292678
ec_factor_p_po4,nutrient_parameters,0.0052,0.00572,10.0,31.13793621194963,31.579323541388135,0.44138732943850556,1.417522749208783,0.1417522749208783
heat_damage_rate,stress_parameters,0.1,0.11000000000000001,10.0,31.13793621194963,31.578710304297548,0.44077409234791887,1.4155533280936117,0.14155533280936117
storage_n_concentration,nitrogen_parameters,0.02,0.022000000000000002,10.0,31.13793621194963,30.698007929644376,-0.43992828230525305,-1.4128369950749153,-0.14128369950749153
system_channel_width,system,10.0,11.0,10.0,31.13793621194963,31.57655428703873,0.43861807508909934,1.4086292428101685,0.14086292428101685
co2_response_vmax,environmental_control_parameters,2.0,2.2,10.0,31.13793621194963,30.70268395793351,-0.43525225401612033,-1.3978198524572931,-0.13978198524572932
growth_respiration_fraction,model_constants,0.25,0.275,10.0,31.13793621194963,31.57289211423163,0.4349559022820024,1.396868113934545,0.13968681139345449
ec_uptake_modifier_n_low,nutrient_parameters,0.3,0.33,10.0,31.13793621194963,30.70631372738999,-0.4316224845596395,-1.3861627874810731,-0.1386162787481073
ec_decline_rate,nutrient_management,0.05,0.05500000000000001,10.0,31.13793621194963,30.711907524965632,-0.4260286869839973,-1.368198213536396,-0.1368198213536396
mobility_classifications_iron_remobilization_efficiency,nutrient_mobility,0.15,0.165,10.0,31.13793621194963,31.561893699461656,0.4239574875120269,1.3615465219860239,0.1361546521986024
daily_area_loss_factor,senescence_parameters,0.1,0.11000000000000001,10.0,31.13793621194963,30.718630086858433,-0.4193061250911967,-1.3466085942146737,-0.13466085942146738
default_potassium_content,nutrient_mobility,0.028,0.030800000000000004,10.0,31.13793621194963,31.551246587419733,0.41331037547010396,1.3273531445911635,0.13273531445911635
root_conductivity,nutrient_mobility,0.5,0.55,10.0,31.13793621194963,30.73016248014129,-0.40777373180834076,-1.3095721213914355,-0.13095721213914355
night_respiration_factor,respiration_parameters,0.9,0.9900000000000001,10.0,31.13793621194963,30.734647534820844,-0.4032886771287849,-1.2951682936970532,-0.12951682936970532
cold_damage_threshold,stress_parameters,8.0,8.8,10.0,31.13793621194963,31.515586291431383,0.37765007948175366,1.2128295109578424,0.12128295109578424
ec_uptake_high_threshold,nutrient_parameters,1.5,1.6500000000000001,10.0,31.13793621194963,30.760434532074484,-0.37750167987514516,-1.212352923153184,-0.1212352923153184
cold_recovery_rate,stress_parameters,0.12,0.132,10.0,31.13793621194963,30.761792275664757,-0.37614393628487264,-1.2079925070323767,-0.12079925070323767
min_temperature_factor,root_system,0.5,0.55,10.0,31.13793621194963,31.511113620910436,0.37317740896080664,1.1984654551947937,0.11984654551947937
min_history_threshold,respiration_parameters,3.0,3.3000000000000003,10.0,31.13793621194963,30.76481164241727,-0.37312456953235795,-1.1982957604915576,-0.11982957604915576
critical_n_concentrations_stems_minimum,nitrogen_parameters,0.008,0.0088,10.0,31.13793621194963,31.508686779187194,0.3707505672375646,1.1906716126397734,0.11906716126397734
day_temp,environment,23.0,25.3,10.0,31.13793621194963,30.767401854054512,-0.37053435789511724,-1.189977252740724,-0.1189977252740724
forced_solution_change_interval,system,12.0,13.200000000000001,10.0,31.13793621194963,31.508396731373733,0.3704605194241033,1.1897401192630543,0.11897401192630544
canopy_width,canopy_parameters,0.3,0.33,10.0,31.13793621194963,30.77282563595148,-0.36511057599814833,-1.1725586869756381,-0.11725586869756381
remobilization_rates_structural,nitrogen_parameters,0.02,0.022000000000000002,10.0,31.13793621194963,31.50152809895296,0.3635918870033308,1.16768139201145,0.116768139201145
critical_n_concentrations_leaves_optimal,nitrogen_parameters,0.045,0.0495,10.0,31.13793621194963,30.7873829921539,-0.35055321979572795,-1.1258074954280308,-0.11258074954280309
target_co2,environment,400.0,440.00000000000006,10.0,31.13793621194963,31.487126189133825,0.34918997718419575,1.121429419108994,0.1121429419108994
light_stress_rate,senescence_parameters,0.04,0.044000000000000004,10.0,31.13793621194963,30.789105729657635,-0.3488304822919943,-1.1202748952839257,-0.11202748952839256
uptake_kinetics_NO3_km,nitrogen_parameters,0.5,0.55,10.0,31.13793621194963,30.78932146429576,-0.348614747653869,-1.1195820599057014,-0.11195820599057013
size_penalty_rate,respiration_parameters,0.02,0.022000000000000002,10.0,31.13793621194963,31.479642587780678,0.34170637583104835,1.0973957089035131,0.10973957089035132
temp_stress_factor,stress_parameters,0.1,0.11000000000000001,10.0,31.13793621194963,30.7967355885047,-0.3412006234449301,-1.0957714767043214,-0.10957714767043214
organic_acid_fraction,model_constants,0.1,0.11000000000000001,10.0,31.13793621194963,30.797878423473293,-0.3400577884763365,-1.0921012431961836,-0.10921012431961837
glucose_to_carbon_ratio,respiration_parameters,0.4,0.44000000000000006,10.0,31.13793621194963,30.79988636191584,-0.33804985003379073,-1.0856527154939037,-0.10856527154939037
diffuse_extinction_coeff,canopy_parameters,0.5,0.55,10.0,31.13793621194963,30.80331743396254,-0.33461877798708883,-1.0746337705537277,-0.10746337705537276
sink_strength_coefficients_vegetative_stems,nutrient_mobility,0.25,0.275,10.0,31.13793621194963,31.47127627422296,0.33334006227332935,1.0705271537726553,0.10705271537726553
flow_rate_variation,system,0.2,0.22000000000000003,10.0,31.13793621194963,31.469396181819572,0.3314599698699432,1.0644892057513455,0.10644892057513455
phloem_transport_rates_manganese,nutrient_mobility,0.08,0.08800000000000001,10.0,31.13793621194963,31.467333293344655,0.329397081395026,1.0578642051062304,0.10578642051062304
phi_psii,photosynthesis,0.85,0.935,10.0,31.13793621194963,31.466479258593274,0.3285430466436452,1.0551214582987107,0.10551214582987108
min_diurnal_factor,respiration_parameters,0.5,0.55,10.0,31.13793621194963,31.465903181290116,0.32796696934048697,1.0532713764588706,0.10532713764588705
lipid_fraction,model_constants,0.05,0.05500000000000001,10.0,31.13793621194963,31.465199878099995,0.3272636661503654,1.0510127065671528,0.10510127065671529
redistribution_thresholds_sulfur,nutrient_mobility,0.6,0.66,10.0,31.13793621194963,31.4518960134825,0.31395980153287084,1.0082871240913658,0.10082871240913657
senescence_rate,nitrogen_parameters,0.7,0.77,10.0,31.13793621194963,31.45038535664004,0.31244914469041163,1.0034356245180591,0.10034356245180591
acclimation_memory_duration,stress_parameters,7.0,7.700000000000001,10.0,31.13793621194963,31.44791533155452,0.3099791196048898,0.9955030978768941,0.0995503097876894
self_shading_factor,canopy_parameters,0.8,0.8800000000000001,10.0,31.13793621194963,31.444022956728134,0.3060867447785043,0.983002671387833,0.0983002671387833
ec_uptake_modifier_fe_low,nutrient_parameters,0.4,0.44000000000000006,10.0,31.13793621194963,31.441032159018796,0.303095947069167,0.9733976748043102,0.09733976748043102
storage_pool_sizes_roots_nitrogen,nutrient_mobility,0.35,0.385,10.0,31.13793621194963,30.837737779267368,-0.30019843268226154,-0.964092259162173,-0.0964092259162173
ph_adjustment_rate,nutrient_parameters,0.1,0.11000000000000001,10.0,31.13793621194963,30.841643932474824,-0.2962922794748053,-0.9515475831731549,-0.09515475831731549
XFRT,genetic_parameters,0.0,0.0,10.0,31.13793621194963,30.842802756527217,-0.29513345542241254,-0.9478260004564812,-0.09478260004564812
uptake_kinetics_AA_min_conc,nitrogen_parameters,0.2,0.22000000000000003,10.0,31.13793621194963,31.42167228938238,0.2837360774327493,0.9112231314927723,0.09112231314927724
min_ec,environment,1.0,1.1,10.0,31.13793621194963,30.85605577520608,-0.281880436743549,-0.905263710558227,-0.0905263710558227
rzt_thermal_mass_factor,root_zone_temperature,0.2,0.22000000000000003,10.0,31.13793621194963,31.41952473015434,0.2815885182047104,0.9043262093158467,0.09043262093158468
recovery_rate_frost,stress_parameters,0.08,0.08800000000000001,10.0,31.13793621194963,31.4118371666791,0.27390095472946996,0.879637471363168,0.0879637471363168
buffering_capacities_stems_phosphorus,nutrient_mobility,0.15,0.165,10.0,31.13793621194963,30.868888958171567,-0.26904725377806216,-0.8640497300357736,-0.08640497300357736
cold_threshold_severe,stress_parameters,12.0,13.200000000000001,10.0,31.13793621194963,30.869668899186657,-0.26826731276297267,-0.8615449364946071,-0.0861544936494607
enzyme_saturation_rate,photosynthesis,0.1,0.11000000000000001,10.0,31.13793621194963,31.402884284498867,0.26494807254923813,0.8508851413458819,0.08508851413458819
heat_stress_weight,genetic_parameters,0.3,0.33,10.0,31.13793621194963,31.402631766642223,0.26469555469259376,0.8500741760496415,0.08500741760496415
mobility_classifications_nitrogen_retranslocation_rate,nutrient_mobility,0.15,0.165,10.0,31.13793621194963,30.88436078433154,-0.25357542761808816,-0.8143617030109238,-0.08143617030109238
temperature_correction_factor,nutrient_parameters,0.0055,0.00605,10.0,31.13793621194963,31.390988693356064,0.253052481406435,0.8126822525550761,0.08126822525550761
excess_lai_efficiency,photosynthesis,0.2,0.22000000000000003,10.0,31.13793621194963,31.390326784622495,0.2523905726728657,0.8105565216490076,0.08105565216490077
uptake_kinetics_NO3_vmax,nitrogen_parameters,0.15,0.165,10.0,31.13793621194963,30.889159034855645,-0.2487771770939844,-0.7989520416530129,-0.0798952041653013
leaf_area_index,leaf_development,0.0,0.0,10.0,31.13793621194963,31.384696022464823,0.24675981051519358,0.7924732353343829,0.07924732353343829
circadian_amplitude_1,respiration_parameters,0.1,0.11000000000000001,10.0,31.13793621194963,31.38255699549034,0.24462078354071082,0.7856037146316527,0.07856037146316527
process_sensitivity_respiration,stress_parameters,0.6,0.66,10.0,31.13793621194963,30.895025511216495,-0.24291070073313392,-0.7801117552547155,-0.07801117552547156
ph_penalty_factor,root_system,0.15,0.165,10.0,31.13793621194963,30.8968026376477,-0.24113357430193005,-0.7744044841654971,-0.0774404484165497
r,photosynthesis,8.314,9.1454,10.0,31.13793621194963,30.90160829546638,-0.2363279164832477,-0.7589710341578562,-0.07589710341578562
pid_co2_kd,environmental_control_parameters,0.05,0.05500000000000001,10.0,31.13793621194963,31.37103095668309,0.23309474473346015,0.7485876493125022,0.07485876493125022
hours_per_day,photosynthesis,24.0,26.400000000000002,10.0,31.13793621194963,30.905601744851396,-0.2323344670982337,-0.7461460050427877,-0.07461460050427877
initial_root_biomass,model_constants,0.22,0.24200000000000002,10.0,31.13793621194963,30.907303792776943,-0.23063241917268584,-0.740679849823115,-0.0740679849823115
allocation_coefficients_reproductive_leaves,nitrogen_parameters,0.4,0.44000000000000006,10.0,31.13793621194963,30.910578911055687,-0.22735730089394224,-0.7301617530024055,-0.07301617530024054
psychrometric_constant,environment,0.665,0.7315000000000002,10.0,31.13793621194963,31.35879218005376,0.22085596810413222,0.709282614624201,0.0709282614624201
optimal_temperature,environment,22.0,24.200000000000003,10.0,31.13793621194963,30.923087719964002,-0.21484849198562728,-0.6899895051592279,-0.06899895051592278
jmax_25,photosynthesis,125.0,137.5,10.0,31.13793621194963,31.352405649410372,0.21446943746074254,0.688772165248501,0.0688772165248501
tissue_factor_reproductive,respiration_parameters,0.0,0.0,10.0,31.13793621194963,31.350978093352612,0.21304188140298308,0.6841875452273076,0.06841875452273076
storage_pool_sizes_stems_nitrogen,nutrient_mobility,0.6,0.66,10.0,31.13793621194963,31.35062787659994,0.2126916646503112,0.6830628183016436,0.06830628183016436
root_zone_efficiency_factor,root_system,0.6,0.66,10.0,31.13793621194963,30.92938159175509,-0.20855462019454052,-0.669776631228709,-0.0669776631228709
critical_n_concentrations_leaves_maximum,nitrogen_parameters,0.06,0.066,10.0,31.13793621194963,30.929791253950057,-0.208144957999572,-0.6684609942764717,-0.06684609942764716
heat_threshold_moderate,stress_parameters,28.0,30.800000000000004,10.0,31.13793621194963,31.330843285405777,0.19290707345614777,0.6195242746438568,0.06195242746438569
tissue_factor_roots,respiration_parameters,0.4,0.44000000000000006,10.0,31.13793621194963,30.94560028827621,-0.19233592367341856,-0.6176900176178243,-0.061769001761782426
water_temp_interaction_factor,water,0.1,0.11000000000000001,10.0,31.13793621194963,30.948767964709802,-0.18916824723982728,-0.607516972069688,-0.060751697206968804
remobilization_rates_transport,nitrogen_parameters,0.3,0.33,10.0,31.13793621194963,31.326325773653352,0.18838956170372256,0.6050162105201609,0.060501621052016084
ec_uptake_modifier_p_high,nutrient_parameters,0.15,0.165,10.0,31.13793621194963,30.95226275643455,-0.1856734555150794,-0.5962933903237446,-0.05962933903237446
initial_mg,nutrient_concentrations,15.0,16.5,10.0,31.13793621194963,30.9554478231179,-0.1824883888317288,-0.5860644956992886,-0.058606449569928866
default_ec,system,1.8,1.9800000000000002,10.0,31.13793621194963,31.316244679814353,0.1783084678647242,0.5726406099974467,0.05726406099974467
bolting_temperature_risk_max,phenology,0.4,0.44000000000000006,10.0,31.13793621194963,30.961148399353082,-0.1767878125965474,-0.5677570003136642,-0.056775700031366415
gamma_star,photosynthesis,42.75,47.025000000000006,10.0,31.13793621194963,30.96167764823359,-0.17625856371603987,-0.5660573087319709,-0.05660573087319709
uptake_kinetics_NH4_km,nitrogen_parameters,0.3,0.33,10.0,31.13793621194963,30.963844566008035,-0.1740916459415942,-0.5590982162613078,-0.055909821626130785
co2_enrichment_start_hour,environment,6.0,6.6000000000000005,10.0,31.13793621194963,30.967188322853183,-0.17074788909644667,-0.5483596855430635,-0.05483596855430635
redistribution_thresholds_potassium,nutrient_mobility,0.8,0.8800000000000001,10.0,31.13793621194963,31.29549245077879,0.15755623882916225,0.5059944813192141,0.05059944813192141
age_senescence_rate,senescence_parameters,0.02,0.022000000000000002,10.0,31.13793621194963,30.982454011791923,-0.15548220015770653,-0.49933367163247644,-0.049933367163247644
reproductive_root_allocation,model_constants,0.15,0.165,10.0,31.13793621194963,31.291071169667507,0.153134957717878,0.491795463499955,0.0491795463499955
light_stress_threshold,senescence_parameters,0.5,0.55,10.0,31.13793621194963,30.98742396239372,-0.15051224955590925,-0.4833725926195071,-0.04833725926195071
photosynthesis_cold_sensitivity,stress_parameters,0.7,0.77,10.0,31.13793621194963,30.989058814876795,-0.14887739707283387,-0.4781222366808628,-0.04781222366808628
extinction_coefficient,canopy_parameters,0.7,0.77,10.0,31.13793621194963,30.98933982154562,-0.14859639040400907,-0.4772197790905072,-0.04772197790905072
max_co2_concentration,environmental_control_parameters,2000.0,2200.0,10.0,31.13793621194963,30.99906814563925,-0.13886806631037985,-0.4459771044719631,-0.044597710447196307
initial_leaf_biomass,model_constants,0.7,0.77,10.0,31.13793621194963,31.001973815541522,-0.13596239640810737,-0.43664549725659035,-0.04366454972565904
uptake_kinetics_NO3_min_conc,nitrogen_parameters,0.1,0.11000000000000001,10.0,31.13793621194963,31.271084110867612,0.13314789891798284,0.4276066917591199,0.042760669175911994
ionic_strength,nutrient_parameters,0.02,0.022000000000000002,10.0,31.13793621194963,31.006914563701173,-0.1310216482484563,-0.4207782023722397,-0.042077820237223965
fine_turnover_rate,root_system,0.02,0.022000000000000002,10.0,31.13793621194963,31.26802490771309,0.13008869576346171,0.4177820099507376,0.04177820099507376
vegetative_root_allocation,model_constants,0.15,0.165,10.0,31.13793621194963,31.012137997362835,-0.1257982145867942,-0.4040030582968351,-0.04040030582968351
canopy_height,leaf_development,0.0,0.0,10.0,31.13793621194963,31.014084921525146,-0.12385129042448284,-0.3977504789702573,-0.039775047897025725
carbon_to_co2_ratio,respiration_parameters,3.67,4.037,10.0,31.13793621194963,31.014425762835256,-0.1235104491143737,-0.39665586143430664,-0.039665586143430666
carbonate_conc,nutrient_parameters,50.0,55.00000000000001,10.0,31.13793621194963,31.26039844664419,0.12246223469455941,0.3932895033922087,0.03932895033922087
clumping_index,canopy_parameters,0.9,0.9900000000000001,10.0,31.13793621194963,31.016216052292208,-0.12172015965742133,-0.3909063170689825,-0.03909063170689825
process_sensitivity_development,stress_parameters,0.7,0.77,10.0,31.13793621194963,31.020833861668464,-0.117102350281165,-0.37607614545830204,-0.037607614545830205
nitrogen_uptake_efficiency,nitrogen_parameters,0.15,0.165,10.0,31.13793621194963,31.253192680946356,0.11525646899672637,0.37014806701445757,0.03701480670144576
critical_n_concentrations_stems_critical,nitrogen_parameters,0.015,0.0165,10.0,31.13793621194963,31.034234549334272,-0.10370166261535729,-0.3330396141525921,-0.03330396141525921
mobility_classifications_zinc_retranslocation_rate,nutrient_mobility,0.07,0.07700000000000001,10.0,31.13793621194963,31.24005641330624,0.10212020135661248,0.32796072501883533,0.03279607250188353
potassium_recovery,senescence_parameters,0.8,0.8800000000000001,10.0,31.13793621194963,31.233689815756573,0.0957536038069442,0.3075142911051291,0.03075142911051291
V5_to_V6,thermal_requirements,35.0,38.5,10.0,31.13793621194963,31.233288986400492,0.09535277445086265,0.30622702096187626,0.030622702096187625
light_saturation,photosynthesis,1200.0,1320.0,10.0,31.13793621194963,31.048812857144128,-0.08912335480550126,-0.2862211361692587,-0.02862211361692587
moderate_stress_factor,respiration_parameters,0.05,0.05500000000000001,10.0,31.13793621194963,31.220149157895968,0.08221294594633832,0.2640282431909791,0.026402824319097913
stress_redistribution_rates_potassium,nutrient_mobility,0.4,0.44000000000000006,10.0,31.13793621194963,31.217610291234166,0.07967407928453696,0.2558746306826876,0.025587463068268763
initial_n_no3,nutrient_concentrations,60.0,66.0,10.0,31.13793621194963,31.058773963326413,-0.07916224862321641,-0.2542308780015959,-0.02542308780015959
respiration_growth_efficiency,respiration_parameters,0.8,0.8800000000000001,10.0,31.13793621194963,31.215126168579047,0.07718995662941808,0.24789682946230496,0.024789682946230497
V10_to_V11+,thermal_requirements,40.0,44.0,10.0,31.13793621194963,31.207901001662012,0.06996478971238318,0.22469308574642527,0.02246930857464253
growth_heat_sensitivity,stress_parameters,0.9,0.9900000000000001,10.0,31.13793621194963,31.06815403770061,-0.06978217424902056,-0.22410661314875663,-0.022410661314875662
bolting_photoperiod_divisor,phenology,2.0,2.2,10.0,31.13793621194963,31.20253165703523,0.064595445085601,0.20744934617989091,0.02074493461798909
sink_strength_coefficients_reproductive_stems,nutrient_mobility,0.2,0.22000000000000003,10.0,31.13793621194963,31.075471355415736,-0.062464856533893,-0.2006069256122415,-0.02006069256122415
acclimation_rate,stress_parameters,0.05,0.05500000000000001,10.0,31.13793621194963,31.200205910467353,0.06226969851772424,0.19998017239764065,0.019998017239764066
respiration_cold_sensitivity,stress_parameters,0.5,0.55,10.0,31.13793621194963,31.197932400473146,0.059996188523516736,0.19267875724047612,0.01926787572404761
mobility_classifications_magnesium_remobilization_efficiency,nutrient_mobility,0.45,0.49500000000000005,10.0,31.13793621194963,31.079800090251055,-0.05813612169857407,-0.18670512169738307,-0.018670512169738307
VE_to_V1,thermal_requirements,45.0,49.50000000000001,10.0,31.13793621194963,31.08475229522535,-0.053183916724279356,-0.1708010330622659,-0.017080103306226592
critical_n_concentrations_leaves_minimum,nitrogen_parameters,0.015,0.0165,10.0,31.13793621194963,31.08523738420591,-0.05269882774371837,-0.16924316173367468,-0.016924316173367468
SDPRO,genetic_parameters,0.0,0.0,10.0,31.13793621194963,31.190042777002105,0.05210656505247613,0.16734110025082358,0.016734110025082356
damage_rate_frost,stress_parameters,0.15,0.165,10.0,31.13793621194963,31.186695657610567,0.04875944566093793,0.1565917706589231,0.01565917706589231
normal_senescence_multiplier,senescence_parameters,1.0,1.1,10.0,31.13793621194963,31.092167737023793,-0.045768474925836244,-0.14698621840028028,-0.014698621840028028
co2_tolerance,environment,50.0,55.00000000000001,10.0,31.13793621194963,31.178163352135172,0.040227140185542964,0.12919012972383578,0.012919012972383579
rzt_root_respiration_heat,root_zone_temperature,0.5,0.55,10.0,31.13793621194963,31.172788071697532,0.034851859747902836,0.11192732720201264,0.011192732720201264
stress_onset_nutrient,stress_parameters,0.7,0.77,10.0,31.13793621194963,31.122616478545524,-0.015319733404105307,-0.04919957860992129,-0.004919957860992129
min_flow_rate,root_system,0.5,0.55,10.0,31.13793621194963,31.15025410739918,0.012317895449552196,0.0395591260952774,0.00395591260952774
temperature_gradient_factor,canopy_parameters,0.5,0.55,10.0,31.13793621194963,31.15020410987606,0.01226789792643146,0.03939855821826585,0.003939855821826585
uptake_kinetics_AA_km,nitrogen_parameters,0.8,0.8800000000000001,10.0,31.13793621194963,31.13646367430691,-0.0014725376427193737,-0.004729079129381305,-0.0004729079129381305
leaf_angle_variance,canopy_parameters,15.0,16.5,10.0,31.13793621194963,31.13885971835613,0.0009235064065009624,0.002965856183321981,0.0002965856183321981
