parameter_name,category,increase_sensitivity,decrease_sensitivity,max_sensitivity,asymmetry_index,increase_biomass_change,decrease_biomass_change
thermal_time_scale,phenology,(0.8603706096303109-5.546298430463603e-17j),(-4.561411449218252+3.36738012783834e-16j),4.561411449218252,-0.8113806177739648,(8.603706096303108-5.546298430463603e-16j),(45.614114492182516-3.36738012783834e-15j)
phloem_transport_rates_iron,nutrient_mobility,(3.8416820088371852-2.5683909902432506e-16j),(-1.0755167320518504+8.823057344794339e-17j),3.8416820088371852,0.720040146587408,(38.41682008837185-2.5683909902432505e-15j),(10.755167320518504-8.823057344794339e-16j)
phenology_optimal_temperature_max,phenology,(0.16920899695491104+1.4897325773195927e-17j),(-3.792216536199716-2.919560424864283e-17j),3.792216536199716,-0.9553799221801612,(1.6920899695491103+1.4897325773195926e-16j),(37.92216536199716+2.9195604248642833e-16j)
base_phyllochron,leaf_development,(-0.41081144284564597+2.706970982308791e-18j),(-3.500217945666396+1.8148211893313885e-16j),3.500217945666396,-0.8826326105337897,(-4.108114428456459+2.7069709823087907e-17j),(35.00217945666396-1.8148211893313883e-15j)
phloem_transport_rates_magnesium,nutrient_mobility,(3.208790757512715-1.8439844105643844e-16j),(-0.9174039894749232+5.0555799538147714e-17j),3.208790757512715,0.7140966617012927,(32.08790757512715-1.8439844105643843e-15j),(9.174039894749232-5.055579953814771e-16j)
recovery_rate_heat,stress_parameters,(3.138057735200249-1.738687853827118e-16j),(-0.7878904008064085+5.112022917268114e-17j),3.138057735200249,0.7489241858209053,(31.380577352002486-1.738687853827118e-15j),(7.878904008064085-5.112022917268114e-16j)
lower_canopy_factor,senescence_parameters,(0.907913769598879-4.0910154155517466e-17j),(-3.1313813577852816+1.714439870038136e-16j),3.1313813577852816,-0.7100596618991769,(9.07913769598879-4.0910154155517464e-16j),(31.313813577852816-1.7144398700381358e-15j)
eaj,photosynthesis,(3.1138203133129387-1.6161231372771333e-16j),(-1.44496678710405+5.140011993984485e-17j),3.1138203133129387,0.5359504911294376,(31.138203133129384-1.6161231372771331e-15j),(14.449667871040498-5.140011993984484e-16j)
V6_to_V7,thermal_requirements,(1.7427741048393477-5.50712781479769e-17j),(-3.079500793025579+1.5384819041800394e-16j),3.079500793025579,-0.4340725260450122,(17.427741048393475-5.50712781479769e-16j),(30.795007930255785-1.5384819041800392e-15j)
xylem_conductance_scaling_factor,root_system,(3.0745984698428526-2.1547003588225262e-16j),(-1.9615359944630524+1.2100056546524607e-16j),3.0745984698428526,0.36201880873136927,(30.745984698428526-2.154700358822526e-15j),(19.615359944630523-1.2100056546524605e-15j)
optimal_vpd,environment,(3.0146008453127613-1.4829091380506964e-16j),(-0.8333367341561657+7.560788579528023e-17j),3.0146008453127613,0.7235664763207788,(30.14600845312761-1.4829091380506963e-15j),(8.333367341561656-7.560788579528023e-16j)
biosynthetic_cost,respiration_parameters,(0.6950441268926393+1.558858608292197e-17j),(-2.981147492564949+1.4434735586434713e-16j),2.981147492564949,-0.7668534922790317,(6.950441268926393+1.5588586082921968e-16j),(29.811474925649488-1.4434735586434712e-15j)
V11+_to_HI,thermal_requirements,(2.9242494424437306-1.8596104414280101e-16j),(-1.7259092144172126+9.016569902216985e-17j),2.9242494424437306,0.4097941203760961,(29.242494424437304-1.85961044142801e-15j),(17.259092144172126-9.016569902216984e-16j)
THRSH,genetic_parameters,(1.1032471448509473-2.5157911883418513e-17j),(-2.904298663847282+1.2296754095434963e-16j),2.904298663847282,-0.6201330260609313,(11.032471448509472-2.515791188341851e-16j),(29.04298663847282-1.2296754095434962e-15j)
heat_tolerance,genetic_parameters,(1.3534246041046347-3.9658213812315964e-17j),(-2.882787112045677+2.1194024619336778e-16j),2.882787112045677,-0.5305152439285673,(13.534246041046346-3.965821381231596e-16j),(28.82787112045677-2.1194024619336776e-15j)
ec_stress_high_factor,stress_parameters,(0.20967675346043732+3.51335421546589e-18j),(-2.8719539213881116+1.3459971971680787e-16j),2.8719539213881116,-0.9269916025118212,(2.096767534604373+3.51335421546589e-17j),(28.719539213881113-1.3459971971680786e-15j)
EC_TOLERANCE,genetic_parameters,(2.8711233815089363-1.0629271383145354e-16j),(-1.3546068412731+5.127014818075856e-17j),2.8711233815089363,0.5281962280000736,(28.71123381508936-1.0629271383145354e-15j),(13.546068412731-5.127014818075856e-16j)
cold_lethal_temperature,stress_parameters,(2.8610167742062944-2.2507613249819347e-16j),(-0.5890662427006323+1.34996894043207e-17j),2.8610167742062944,0.7941059807787909,(28.61016774206294-2.2507613249819344e-15j),(5.8906624270063235-1.34996894043207e-16j)
ec_factor_k,nutrient_parameters,(-0.14506736188217478+1.0381763305915393e-17j),(-2.8285016158694822+1.4190621779543944e-16j),2.8285016158694822,-0.9487122930854041,(-1.4506736188217477+1.0381763305915393e-16j),(28.28501615869482-1.4190621779543944e-15j)
cold_stress_weight,genetic_parameters,(2.8189034379448508-1.2748155987255128e-16j),(-0.7519231375107512+3.308893013430378e-17j),2.8189034379448508,0.7332568659893691,(28.189034379448508-1.2748155987255128e-15j),(7.519231375107512-3.308893013430378e-16j)
max_temperature_gradient,canopy_parameters,(2.806519902622342-1.449392805910756e-16j),(-1.801012932581054+6.162937700587398e-17j),2.806519902622342,0.35827537481625105,(28.065199026223418-1.4493928059107558e-15j),(18.01012932581054-6.162937700587397e-16j)
kc,photosynthesis,(-0.8939527163285963+4.1099966560836543e-17j),(-2.7857976390633605+1.2393292767956455e-16j),2.7857976390633605,-0.6791034984762351,(-8.939527163285963+4.109996656083654e-16j),(27.857976390633603-1.2393292767956455e-15j)
system_channel_width,system,(2.7481435794138718-1.5060099271511437e-16j),(-1.8166055060128885+8.898676275371401e-17j),2.7481435794138718,0.3389699433388641,(27.481435794138715-1.5060099271511436e-15j),(18.166055060128883-8.8986762753714e-16j)
system_multipliers_nft_root_length_multiplier,root_system,(0.4283594616144315-8.928214150302407e-18j),(-2.747011230678439+1.5042370980299292e-16j),2.747011230678439,-0.8440634472729702,(4.283594616144315-8.928214150302407e-17j),(27.47011230678439-1.504237098029929e-15j)
phosphorus_recovery,senescence_parameters,(2.7323244966465268-1.4565119119765136e-16j),(-2.0752792134944027+1.0355497994472636e-16j),2.7323244966465268,0.24047117535217274,(27.323244966465264-1.4565119119765134e-15j),(20.752792134944027-1.0355497994472636e-15j)
specific_root_activity,nitrogen_parameters,(1.122439106880132-5.3334961402770485e-17j),(-2.73206118349767+2.0498752322726813e-16j),2.73206118349767,-0.5891603329896329,(11.224391068801319-5.333496140277048e-16j),(27.320611834976695-2.0498752322726812e-15j)
respiration_maintenance_base_rate,respiration_parameters,(1.3303369958442441+1.1303423908754445e-17j),(-2.728337955085888+1.8662618317225712e-16j),2.728337955085888,-0.512400216635785,(13.30336995844244+1.1303423908754445e-16j),(27.28337955085888-1.866261831722571e-15j)
sink_strength_coefficients_vegetative_leaves,nutrient_mobility,(0.5600447230338789+1.171530288630451e-17j),(-2.710428203458239+1.8842790865919214e-16j),2.710428203458239,-0.793374079298866,(5.600447230338789+1.1715302886304509e-16j),(27.10428203458239-1.8842790865919214e-15j)
min_humidity,environment,(2.7067274874721257-1.58300806461403e-16j),(-1.9351071184980293+7.789640540482286e-17j),2.7067274874721257,0.28507501126193174,(27.067274874721253-1.5830080646140299e-15j),(19.35107118498029-7.789640540482285e-16j)
early_senescence_threshold,senescence_parameters,(0.7853774354441589-4.548434350629742e-17j),(-2.692321896854505+1.681893023149557e-16j),2.692321896854505,-0.7082899201756924,(7.8537743544415894-4.548434350629742e-16j),(26.923218968545047-1.6818930231495568e-15j)
maximum_temperature,phenology,(2.689216360963098-1.3574867331462777e-16j),(-1.6120244610157908+5.45496374451702e-17j),2.689216360963098,0.400559774804259,(26.89216360963098-1.3574867331462775e-15j),(16.120244610157908-5.45496374451702e-16j)
V7_to_V8,thermal_requirements,(2.6751544592834198-1.7426383888381442e-16j),(-1.8212497871776971+1.1193258407847498e-16j),2.6751544592834198,0.31919826877377905,(26.751544592834197-1.7426383888381441e-15j),(18.21249787177697-1.1193258407847497e-15j)
water_nutrient_interaction_factor,water,(1.2015042883707379-7.3612701336113e-17j),(-2.655887996609069+2.0461730315138634e-16j),2.655887996609069,-0.547607320073448,(12.015042883707377-7.3612701336113e-16j),(26.558879966090686-2.0461730315138632e-15j)
SDPRO,genetic_parameters,(2.636915974010769-2.0223452941235018e-16j),(-1.8775498992973976+9.311422319710534e-17j),2.636915974010769,0.28797507474550654,(26.36915974010769-2.0223452941235017e-15j),(18.775498992973976-9.311422319710534e-16j)
min_temperature_factor,root_system,(1.0163055644668746-5.750413322478725e-17j),(-2.6354835704396464+1.6850150850737673e-16j),2.6354835704396464,-0.6143760576366118,(10.163055644668745-5.750413322478725e-16j),(26.35483570439646-1.6850150850737672e-15j)
ph_target_max,nutrient_parameters,(0.5258875350481371+1.1307049426396704e-17j),(-2.6240960911782167+1.8769904395024647e-16j),2.6240960911782167,-0.7995928819771175,(5.258875350481371+1.1307049426396703e-16j),(26.240960911782167-1.8769904395024647e-15j)
enzyme_saturation_rate,photosynthesis,(2.620789365832793-1.8837184877213672e-16j),(-0.7212556673667606+1.1965211602841265e-17j),2.620789365832793,0.7247944925411541,(26.20789365832793-1.883718487721367e-15j),(7.2125566736676054-1.1965211602841264e-16j)
ec_buffer_factor,nutrient_parameters,(2.557704987488488-1.994168900308813e-16j),(-2.6188781360178868+1.7701450957636862e-16j),2.6188781360178868,-0.023358531917951335,(25.577049874884878-1.994168900308813e-15j),(26.188781360178865-1.770145095763686e-15j)
opt_temp_min,leaf_development,(2.600983978348045-1.4816772049850139e-16j),(-0.3974634318340637+2.4045557974166344e-18j),2.600983978348045,0.8471872817584584,(26.009839783480448-1.4816772049850138e-15j),(3.9746343183406365-2.4045557974166343e-17j)
pid_co2_kd,environmental_control_parameters,(1.0779731000172263-4.3189852631169124e-17j),(-2.579976905103076+1.4162832158366995e-16j),2.579976905103076,-0.5821772288406749,(10.779731000172262-4.3189852631169124e-16j),(25.799769051030758-1.4162832158366994e-15j)
mobility_classifications_sulfur_remobilization_efficiency,nutrient_mobility,(0.04786362128139891+1.087854045980462e-17j),(-2.5794875703844076+1.627982740694912e-16j),2.5794875703844076,-0.9814445233887031,(0.4786362128139891+1.0878540459804618e-16j),(25.794875703844074-1.6279827406949119e-15j)
ear,photosynthesis,(2.572770812961151-1.649960892557875e-16j),(0.10599844280521716-3.9974717452832133e-17j),2.572770812961151,0.9587998891035237,(25.72770812961151-1.649960892557875e-15j),(-1.0599844280521715+3.997471745283213e-16j)
humidifier_efficiency,control_equipment_parameters,(0.8996584228446105-4.1348671314393035e-17j),(-2.5710183340315007+1.4819316840821122e-16j),2.5710183340315007,-0.6500770099784174,(8.996584228446105-4.1348671314393033e-16j),(25.710183340315005-1.4819316840821121e-15j)
min_acclimation_temperature,respiration_parameters,(2.5273191778672595-1.578586194862496e-16j),(-2.556836959200552+1.6133176656976652e-16j),2.556836959200552,-0.011544647470412768,(25.273191778672594-1.5785861948624958e-15j),(25.568369592005517-1.6133176656976652e-15j)
optimal_vpd_max,stress_parameters,(2.556413254219648-1.9410701344813267e-16j),(-1.2112409714016514+5.800735527218122e-17j),2.556413254219648,0.5261951605819749,(25.56413254219648-1.9410701344813265e-15j),(12.112409714016513-5.800735527218121e-16j)
environment_optimal_temperature,environment,(2.083701034494732-1.1622342103145979e-16j),(2.5382342374774005-1.1282490252416092e-16j),2.5382342374774005,-0.17907456934880916,(20.83701034494732-1.162234210314598e-15j),(-25.382342374774+1.128249025241609e-15j)
max_economic_co2,environment,(1.247788878398794-7.08150148387516e-17j),(-2.5323553131992145+9.830805512068782e-17j),2.5323553131992145,-0.5072615316282698,(12.47788878398794-7.08150148387516e-16j),(25.323553131992142-9.830805512068782e-16j)
day_temp,environment,(2.5293880598635563-1.3162857541710228e-16j),(-1.1427954548605639+3.2400453872342945e-17j),2.5293880598635563,0.54819291156051,(25.29388059863556-1.3162857541710229e-15j),(11.427954548605639-3.2400453872342945e-16j)
remobilization_efficiency_stems,nitrogen_parameters,(0.4197304404996535-1.717776777370975e-17j),(-2.528438895233764+1.4477968170955658e-16j),2.528438895233764,-0.833996209562008,(4.197304404996535-1.717776777370975e-16j),(25.28438895233764-1.4477968170955658e-15j)
system_multipliers_dwc_root_length_multiplier,root_system,(1.7205357724224062-5.421501507635383e-17j),(-2.5150252450195016+1.5989200346702682e-16j),2.5150252450195016,-0.3158972158114202,(17.20535772422406-5.421501507635383e-16j),(25.150252450195016-1.5989200346702681e-15j)
optimal_oxygen_level,root_system,(2.5132758625682614-1.8978796437593945e-16j),(-2.1083815095203073+1.2424976927394797e-16j),2.5132758625682614,0.16110223277845886,(25.132758625682612-1.8978796437593944e-15j),(21.08381509520307-1.2424976927394796e-15j)
NITRATE_EFFICIENCY,genetic_parameters,(2.513192502851288-6.786868468202851e-17j),(-1.42114467671798+1.4889180385156681e-16j),2.513192502851288,0.4345261355404923,(25.131925028512875-6.78686846820285e-16j),(14.2114467671798-1.488918038515668e-15j)
base_growth_factor,root_zone_temperature,(2.5113533948618327-6.301808727552722e-17j),(-0.969174210109705+1.4315156433987013e-16j),2.5113533948618327,0.6140829036277365,(25.113533948618326-6.301808727552722e-16j),(9.691742101097049-1.4315156433987013e-15j)
initial_n_nh4,nutrient_concentrations,(2.494281602316276-1.7844232179964127e-16j),(-1.6785897947699695+8.844171070340433e-17j),2.494281602316276,0.3270247460386297,(24.94281602316276-1.7844232179964125e-15j),(16.785897947699695-8.844171070340432e-16j)
heat_stress_threshold,stress_parameters,(2.493690511603809-1.1844767034193864e-16j),(-1.949750148507429+9.668183061401703e-17j),2.493690511603809,0.21812665227111389,(24.936905116038087-1.1844767034193863e-15j),(19.497501485074288-9.668183061401702e-16j)
phosphate_buffer_pka1,nutrient_parameters,(-0.3239247126656464+3.7421086612126846e-17j),(-2.4859553063862156+1.466307110897954e-16j),2.4859553063862156,-0.8696980947994075,(-3.2392471266564637+3.7421086612126846e-16j),(24.859553063862155-1.4663071108979537e-15j)
pid_humidity_ki,environmental_control_parameters,(1.7520263128835545-7.02933558912652e-17j),(-2.4850202139162607+1.54348654417683e-16j),2.4850202139162607,-0.29496496524571386,(17.520263128835545-7.029335589126519e-16j),(24.850202139162604-1.54348654417683e-15j)
minimum_volume_fraction,nutrient_parameters,(2.440510499788772-1.2685238724616765e-16j),(-2.4783521481328594+1.8981568538441563e-16j),2.4783521481328594,-0.015268874672470043,(24.405104997887715-1.2685238724616764e-15j),(24.78352148132859-1.898156853844156e-15j)
water_stress_impact,stress_parameters,(0.5477160024161724+2.5224660380971874e-17j),(-2.476994198620727+1.187866040597195e-16j),2.476994198620727,-0.7788787705998024,(5.477160024161724+2.522466038097187e-16j),(24.769941986207268-1.1878660405971952e-15j)
middle_canopy_lai_factor,canopy_parameters,(2.4752871119602875-1.5620448268250093e-16j),(-1.8755554958650238+1.1379710337834507e-16j),2.4752871119602875,0.24228769793913327,(24.752871119602872-1.5620448268250092e-15j),(18.755554958650237-1.1379710337834507e-15j)
salinity_tolerance,genetic_parameters,(1.3246544783453853-6.974361990223796e-17j),(-2.4552651111101342+1.7953186384217637e-16j),2.4552651111101342,-0.4604841357655059,(13.246544783453853-6.974361990223795e-16j),(24.55265111110134-1.7953186384217635e-15j)
xylem_transport_rates_phosphorus,nutrient_mobility,(1.781086463410927-8.530782361693743e-17j),(-2.454070301128057+1.3347915190448664e-16j),2.454070301128057,-0.2742316866015538,(17.81086463410927-8.530782361693742e-16j),(24.540703011280566-1.3347915190448662e-15j)
late_senescence_threshold,senescence_parameters,(1.4344666859137376-3.9062837662599037e-17j),(-2.453025002196083+1.7115770800384681e-16j),2.453025002196083,-0.41522541163277016,(14.344666859137375-3.9062837662599033e-16j),(24.53025002196083-1.711577080038468e-15j)
adaptation_score,genetic_parameters,(2.1676819217300234-1.2636702987936982e-16j),(-2.450241403767793+8.297466930909975e-17j),2.450241403767793,-0.11531903819895926,(21.676819217300235-1.2636702987936982e-15j),(24.50241403767793-8.297466930909975e-16j)
default_root_nitrogen_conc,nitrogen_parameters,(-0.2574912596702554+6.486301707189888e-17j),(-2.446666959445122+8.518520015298531e-17j),2.446666959445122,-0.8947583533278874,(-2.5749125967025535+6.486301707189888e-16j),(24.46666959445122-8.518520015298531e-16j)
rzt_root_respiration_heat,root_zone_temperature,(0.7362682345829479-6.948161185028432e-17j),(-2.4444717218894625+1.3316775351077927e-16j),2.4444717218894625,-0.6988027196265347,(7.362682345829478-6.948161185028432e-16j),(24.444717218894624-1.3316775351077927e-15j)
phloem_transport_rates_copper,nutrient_mobility,(1.2400835188287154-9.881153418636565e-19j),(-2.444009352032588+1.6190662753196328e-16j),2.444009352032588,-0.49260279311231525,(12.400835188287154-9.881153418636566e-18j),(24.440093520325878-1.6190662753196326e-15j)
lignin_respiration_cost,respiration_parameters,(2.4417543804139026-1.0396995958293417e-16j),(-0.9267650751164815+3.354769000569616e-17j),2.4417543804139026,0.620451146704041,(24.417543804139022-1.0396995958293417e-15j),(9.267650751164815-3.3547690005696157e-16j)
min_daylight_co2,environment,(2.4387926268620244-1.7551442120631812e-16j),(-1.941475908443148+7.511799804564295e-17j),2.4387926268620244,0.20391923156614175,(24.38792626862024-1.755144212063181e-15j),(19.41475908443148-7.511799804564295e-16j)
bolting_temperature_risk_max,phenology,(0.6899913843086727-4.3217696180667396e-17j),(-2.4316076772180066+9.104666664859367e-17j),2.4316076772180066,-0.7162406621868832,(6.899913843086726-4.321769618066739e-16j),(24.316076772180065-9.104666664859367e-16j)
temperature_range,root_system,(1.9096651719765452-8.117675814611401e-17j),(-2.415160931834063+1.202069672259732e-16j),2.415160931834063,-0.20930106693703698,(19.09665171976545-8.1176758146114e-16j),(24.15160931834063-1.202069672259732e-15j)
glucose_to_carbon_ratio,respiration_parameters,(2.4143435682796452-1.6173677509936409e-16j),(-1.59312651269157+8.979866530717505e-17j),2.4143435682796452,0.3401409254165257,(24.14343568279645-1.6173677509936408e-15j),(15.931265126915697-8.979866530717504e-16j)
coarse_diameter_std,root_system,(2.414138259464341-1.3231817269264765e-16j),(-0.752651359448401+6.894661502231136e-17j),2.414138259464341,0.6882318746667797,(24.14138259464341-1.3231817269264764e-15j),(7.526513594484009-6.894661502231136e-16j)
fine_root_fraction,root_system,(0.0520989837717277+3.2011141710773747e-17j),(-2.404232500326561+1.598853762340096e-16j),2.404232500326561,-0.978330305507204,(0.5209898377172769+3.2011141710773747e-16j),(24.042325003265606-1.598853762340096e-15j)
night_respiration_factor,respiration_parameters,(1.1241527257364003-8.361462485740094e-17j),(-2.3972784070704147+1.4738892108617823e-16j),2.3972784070704147,-0.5310712671415719,(11.241527257364003-8.361462485740093e-16j),(23.972784070704147-1.4738892108617821e-15j)
bolting_risk_threshold,phenology,(0.9411068063992997-2.502095916103425e-17j),(-2.3873946789496716+1.4044021265814902e-16j),2.3873946789496716,-0.6058017492049796,(9.411068063992996-2.502095916103425e-16j),(23.873946789496713-1.4044021265814901e-15j)
plant_height,canopy_parameters,(0.4639020592129331-1.757399104069711e-17j),(-2.3845240070430753+1.5541799620180502e-16j),2.3845240070430753,-0.8054529718121002,(4.639020592129331-1.757399104069711e-16j),(23.84524007043075-1.5541799620180501e-15j)
stress_response_weight,genetic_parameters,(2.376640413069413-1.3643373877033392e-16j),(-1.9104997474571612+7.90298846548503e-17j),2.376640413069413,0.19613428394505614,(23.766404130694127-1.364337387703339e-15j),(19.10499747457161-7.902988465485029e-16j)
sink_strength_coefficients_reproductive_leaves,nutrient_mobility,(2.3715279542504346-1.3682787486100287e-16j),(-1.6331379112350668+8.701904157098022e-17j),2.3715279542504346,0.31135624679943935,(23.715279542504344-1.3682787486100285e-15j),(16.331379112350668-8.701904157098022e-16j)
lignin_fraction,model_constants,(1.2479044189992994-5.002710173657117e-17j),(-2.3636268412520454+1.8339015656772106e-16j),2.3636268412520454,-0.4720383111158666,(12.479044189992992-5.002710173657117e-16j),(23.636268412520455-1.8339015656772105e-15j)
base_co2_loss_rate,environmental_control_parameters,(2.3619236144787012-1.5400859898301698e-16j),(-0.7088723737153402+2.7250969908706567e-17j),2.3619236144787012,0.6998749792881024,(23.619236144787013-1.5400859898301698e-15j),(7.088723737153401-2.7250969908706564e-16j)
max_humidity,environment,(2.360348236250277-1.6830640076855693e-16j),(-1.7630886587413201+1.2878026965454826e-16j),2.360348236250277,0.25303875433981804,(23.603482362502767-1.6830640076855691e-15j),(17.6308865874132-1.2878026965454825e-15j)
storage_pool_sizes_stems_nitrogen,nutrient_mobility,(2.3578735896185847-1.678814713376543e-16j),(-1.4875811492047506+6.450431552545913e-17j),2.3578735896185847,0.36910055070196307,(23.578735896185847-1.6788147133765429e-15j),(14.875811492047506-6.450431552545912e-16j)
process_sensitivity_photosynthesis,stress_parameters,(2.3558456218695776-1.3934139133850485e-16j),(0.5608320812829638-4.28231911953182e-17j),2.3558456218695776,0.7619402238938336,(23.558456218695774-1.3934139133850485e-15j),(-5.608320812829637+4.2823191195318194e-16j)
severe_stress_factor,respiration_parameters,(2.349489929387668-1.717353611008583e-16j),(-0.1845151663967296+1.9407254226057902e-17j),2.349489929387668,0.9214658619776173,(23.494899293876678-1.7173536110085829e-15j),(1.8451516639672958-1.9407254226057902e-16j)
min_co2_concentration,environmental_control_parameters,(1.8001586453527036-8.871561147719016e-17j),(-2.348399340227763+1.113592263161484e-16j),2.348399340227763,-0.23345292492795855,(18.001586453527036-8.871561147719015e-16j),(23.48399340227763-1.113592263161484e-15j)
system_channel_length,system,(0.8130556340881692-6.744500481098166e-17j),(-2.33636284797126+1.4782919691615763e-16j),2.33636284797126,-0.6519994166170842,(8.130556340881691-6.744500481098165e-16j),(23.3636284797126-1.4782919691615762e-15j)
stress_acceleration_factor,phenology,(0.7115658402569465+4.030269364158821e-18j),(-2.333691464982713+1.3617319852047122e-16j),2.333691464982713,-0.6950900104259423,(7.115658402569464+4.030269364158821e-17j),(23.336914649827133-1.3617319852047121e-15j)
container_volume,system,(2.333522596735555-1.1072690573629126e-16j),(-1.4675594376256291+6.445494234691963e-17j),2.333522596735555,0.37109696744370574,(23.335225967355548-1.1072690573629125e-15j),(14.67559437625629-6.445494234691963e-16j)
rzt_thermal_response_time,root_zone_temperature,(0.9159115016552131-2.6107282417070658e-17j),(-2.323404369951227+1.3274909380269244e-16j),2.323404369951227,-0.605789025147422,(9.15911501655213-2.610728241707066e-16j),(23.23404369951227-1.3274909380269244e-15j)
phloem_transport_capacity,nutrient_mobility,(2.30572717438072-1.0025220569373296e-16j),(-2.297911804383551+1.5575095692603863e-16j),2.30572717438072,0.003389546726953214,(23.057271743807203-1.0025220569373296e-15j),(22.97911804383551-1.5575095692603861e-15j)
temperature_gradient_factor,canopy_parameters,(2.290388588728446-1.0570203971913455e-16j),(-0.6323969907711569+3.129078370515106e-18j),2.290388588728446,0.7238909616109097,(22.90388588728446-1.0570203971913454e-15j),(6.323969907711568-3.129078370515106e-17j)
translocation_rate,nitrogen_parameters,(2.2865086535677714-8.805463097742209e-17j),(-0.9043628755499538+1.550507296694207e-17j),2.2865086535677714,0.6044786998121244,(22.86508653567771-8.805463097742209e-16j),(9.043628755499537-1.550507296694207e-16j)
pid_temperature_kd,environmental_control_parameters,(2.2784516717700893-1.3730483881619896e-16j),(-0.47965078708085845+1.513109271461066e-18j),2.2784516717700893,0.7894838881053702,(22.784516717700892-1.3730483881619896e-15j),(4.796507870808584-1.513109271461066e-17j)
stress_interaction_factor,stress_parameters,(1.3162324803099257-5.4670412340532984e-17j),(-2.2732183560530776+8.07888803298466e-17j),2.2732183560530776,-0.4209828207637468,(13.162324803099256-5.467041234053298e-16j),(22.732183560530775-8.07888803298466e-16j)
solution_change_interval,nutrient_management,(2.2716246067422494-1.5313888732647425e-16j),(-0.8288485221605857+3.8232651131901154e-17j),2.2716246067422494,0.6351296249826937,(22.716246067422492-1.5313888732647425e-15j),(8.288485221605857-3.823265113190115e-16j)
dehumidifier_efficiency,control_equipment_parameters,(0.46678048968735325-2.0958245859058772e-17j),(-2.2665288413341127+1.432688568945289e-16j),2.2665288413341127,-0.7940549084684935,(4.667804896873532-2.0958245859058772e-16j),(22.665288413341127-1.4326885689452891e-15j)
photoperiod_sensitivity,phenology,(2.2561659804637495-1.2574943285558635e-16j),(-1.515792969104489+5.3164106875383544e-17j),2.2561659804637495,0.3281553829683571,(22.561659804637493-1.2574943285558634e-15j),(15.157929691044888-5.316410687538354e-16j)
organic_acid_respiration_cost,respiration_parameters,(1.27703127806745-7.945618816407227e-17j),(-2.254568565484473+1.5297619766402843e-16j),2.254568565484473,-0.4335806426037723,(12.770312780674498-7.945618816407226e-16j),(22.54568565484473-1.5297619766402843e-15j)
water_stress_factor,stress_parameters,(0.8258639415817929-2.3047965100236392e-17j),(-2.2537794508009252+1.5715614425709508e-16j),2.2537794508009252,-0.6335648808545549,(8.258639415817928-2.304796510023639e-16j),(22.537794508009252-1.5715614425709507e-15j)
heat_threshold_severe,stress_parameters,(2.249787067824636-1.2868517685251888e-16j),(-0.9955805687239829+1.6327089726031722e-17j),2.249787067824636,0.5574778684781803,(22.49787067824636-1.2868517685251887e-15j),(9.95580568723983-1.632708972603172e-16j)
organic_acid_fraction,model_constants,(2.24611964134448-1.1032641348012224e-16j),(-1.1981277063437723+7.118482030428175e-17j),2.24611964134448,0.46657885702535495,(22.4611964134448-1.1032641348012224e-15j),(11.981277063437723-7.118482030428174e-16j)
water_uptake_sensitivity_low,water,(2.2454439098696106-1.366753344170728e-16j),(-0.7971047593389744-6.8518459884e-18j),2.2454439098696106,0.6450123933911753,(22.454439098696106-1.3667533441707279e-15j),(7.971047593389743+6.8518459884e-17j)
rzt_ambient_temp_amplitude,root_zone_temperature,(1.0095643949283832+8.188041105897114e-19j),(-2.240092194583011+1.6028878631795959e-16j),2.240092194583011,-0.5493201586212786,(10.095643949283833+8.188041105897113e-18j),(22.400921945830106-1.6028878631795957e-15j)
initial_b,nutrient_concentrations,(2.23036599877485-1.2714994621151415e-16j),(-1.6678375955338958+6.116243357449734e-17j),2.23036599877485,0.25221349480307426,(22.3036599877485-1.2714994621151415e-15j),(16.678375955338957-6.116243357449734e-16j)
stress_redistribution_rates_potassium,nutrient_mobility,(1.152158766369357-1.0039940766082798e-16j),(-2.230084680204528+7.524050820097704e-17j),2.230084680204528,-0.48335649466741815,(11.52158766369357-1.0039940766082797e-15j),(22.300846802045278-7.524050820097704e-16j)
initial_fe,nutrient_concentrations,(1.7222289208121955-4.40695937901058e-17j),(-2.2255215151256573+1.0246603790093623e-16j),2.2255215151256573,-0.2261459127188195,(17.222289208121953-4.4069593790105795e-16j),(22.25521515125657-1.0246603790093622e-15j)
min_ec_threshold,nutrient_management,(1.6176503105563864-6.258121994396251e-17j),(-2.2250258452535436+1.2153280615890623e-16j),2.2250258452535436,-0.2729745975727964,(16.176503105563864-6.258121994396252e-16j),(22.250258452535434-1.2153280615890622e-15j)
acclimation_rate,stress_parameters,(0.5165565667668639+3.695866536182551e-17j),(-2.22401754297209+8.554809261801727e-17j),2.22401754297209,-0.767737188764906,(5.165565667668639+3.695866536182551e-16j),(22.240175429720896-8.554809261801727e-16j)
max_ec,environment,(2.2224687300938166-7.275988100302332e-17j),(0.6538650389812745-1.5639438029825953e-17j),2.2224687300938166,0.7057933683711839,(22.224687300938164-7.275988100302331e-16j),(-6.538650389812744+1.5639438029825952e-16j)
target_humidity,environment,(2.2079089738403463-1.5596919883063043e-16j),(-0.5522498516230664-1.3376574584067103e-17j),2.2079089738403463,0.7498765310679879,(22.07908973840346-1.5596919883063041e-15j),(5.522498516230664+1.3376574584067103e-16j)
opt_temp_max,leaf_development,(2.204984891606926-1.0413900379548694e-16j),(-0.18408538333757246-1.8558580055187756e-17j),2.204984891606926,0.9165139933437746,(22.049848916069262-1.0413900379548694e-15j),(1.8408538333757245+1.8558580055187756e-16j)
mg_uptake_km,nutrient_parameters,(2.2016021405122603-8.488601448105234e-17j),(-0.08008887505720837-4.7715543063490417e-17j),2.2016021405122603,0.9636224576714058,(22.016021405122604-8.488601448105233e-16j),(0.8008887505720836+4.771554306349041e-16j)
leaf_angle,leaf_development,(2.200969008631916-9.867448609691806e-17j),(-1.182364346565857+1.7332043818021755e-17j),2.200969008631916,0.46279827570094034,(22.009690086319157-9.867448609691806e-16j),(11.82364346565857-1.7332043818021755e-16j)
mobility_classifications_molybdenum_remobilization_efficiency,nutrient_mobility,(2.1967406482740723-1.0424883986094112e-16j),(-1.4450907312745356+4.358497231330172e-17j),2.1967406482740723,0.3421659801260975,(21.967406482740724-1.0424883986094112e-15j),(14.450907312745354-4.358497231330172e-16j)
sink_strength_coefficients_vegetative_roots,nutrient_mobility,(2.1965027595296616-1.0542033601378791e-16j),(-2.0202378148446885+1.0919363268762505e-16j),2.1965027595296616,0.08024799601103931,(21.965027595296615-1.0542033601378791e-15j),(20.202378148446883-1.0919363268762505e-15j)
initial_root_biomass,model_constants,(1.5181124141893825-4.9642249232999194e-17j),(-2.1695931572202496+7.85074051252963e-17j),2.1695931572202496,-0.30027783820334525,(15.181124141893823-4.964224923299919e-16j),(21.695931572202497-7.850740512529629e-16j)
system_multipliers_aeroponics_branching_multiplier,root_system,(2.168668026893684-1.280383997843252e-16j),(-1.2077468471749793+2.674650671714982e-17j),2.168668026893684,0.4430927960399227,(21.68668026893684-1.280383997843252e-15j),(12.07746847174979-2.674650671714982e-16j)
uptake_kinetics_NO3_inhibition_ki,nitrogen_parameters,(1.1345042182114269+1.1262356780106829e-17j),(-2.1651756154644244+1.3249957994178982e-16j),2.1651756154644244,-0.47602207871342633,(11.345042182114268+1.126235678010683e-16j),(21.651756154644243-1.3249957994178982e-15j)
reference_temperature,respiration_parameters,(2.1610793660201675-1.6867048500714013e-16j),(-0.8805193899757513+2.023877155751426e-17j),2.1610793660201675,0.5925557368134465,(21.610793660201672-1.686704850071401e-15j),(8.805193899757512-2.0238771557514257e-16j)
water_stress_rate,senescence_parameters,(2.155152060672054-4.710311161431524e-17j),(-0.7353467196344892+6.867307468673923e-17j),2.155152060672054,0.6587958998098808,(21.551520606720537-4.710311161431524e-16j),(7.353467196344892-6.867307468673923e-16j)
initial_p_po4,nutrient_concentrations,(2.1494860883616975-1.503031298703875e-16j),(0.3099696263503192-5.651012315077276e-18j),2.1494860883616975,0.8557936113061457,(21.494860883616973-1.5030312987038748e-15j),(-3.099696263503192+5.651012315077276e-17j)
ec_factor_mn,nutrient_parameters,(2.142179876211667-1.219806370864979e-16j),(-0.48834540530827-6.3338329619721645e-18j),2.142179876211667,0.7720334269165654,(21.421798762116666-1.219806370864979e-15j),(4.8834540530826995+6.333832961972164e-17j)
reproductive_leaf_allocation,model_constants,(2.139457085524074-9.680283545720828e-17j),(-1.068336488603247+4.024665277992724e-17j),2.139457085524074,0.5006506576683445,(21.39457085524074-9.680283545720828e-16j),(10.68336488603247-4.024665277992724e-16j)
mobility_classifications_magnesium_retranslocation_rate,nutrient_mobility,(2.1348905818901223-1.0499310068843689e-16j),(-0.906249796368554+3.702903251773002e-17j),2.1348905818901223,0.5755052722345109,(21.348905818901223-1.049931006884369e-15j),(9.062497963685539-3.7029032517730017e-16j)
jmax_25,photosynthesis,(2.12896807729233-7.804560624941778e-17j),(-0.49674812980622995+4.0667728463915894e-17j),2.12896807729233,0.7666718749310673,(21.289680772923298-7.804560624941777e-16j),(4.9674812980622995-4.0667728463915893e-16j)
tissue_factor_reproductive,respiration_parameters,(0.2848242310850871-3.4999060285247923e-17j),(-2.125449086935427+1.0366906768021431e-16j),2.125449086935427,-0.8659933880158193,(2.8482423108508708-3.499906028524792e-16j),(21.254490869354267-1.036690676802143e-15j)
heat_threshold_moderate,stress_parameters,(0.8826415124464776-3.954468096329945e-17j),(-2.1206150469767016+1.0709813773752704e-16j),2.1206150469767016,-0.5837804161086031,(8.826415124464775-3.9544680963299447e-16j),(21.206150469767014-1.0709813773752703e-15j)
transpiration_coupling,nutrient_mobility,(2.117326053514853-1.1120857758062875e-16j),(-0.6213749256104744-2.4595047515510595e-17j),2.117326053514853,0.7065284656659445,(21.173260535148525-1.1120857758062875e-15j),(6.213749256104744+2.4595047515510593e-16j)
pid_humidity_kd,environmental_control_parameters,(2.116997985568197-1.2145968980213913e-16j),(-0.47736522405528126+9.220922841890023e-18j),2.116997985568197,0.7745084183785098,(21.169979855681966-1.2145968980213913e-15j),(4.773652240552813-9.220922841890023e-17j)
mobility_classifications_boron_retranslocation_rate,nutrient_mobility,(-0.0211943970045022+4.912758240133982e-17j),(-2.116713575688796+9.274033560750986e-17j),2.116713575688796,-0.9899871209558406,(-0.211943970045022+4.912758240133981e-16j),(21.16713575688796-9.274033560750985e-16j)
number_of_layers,canopy_parameters,(1.528842013919789-1.4241078833036489e-16j),(-2.111292976118219+1.381680457090731e-16j),2.111292976118219,-0.27587405859195946,(15.28842013919789-1.4241078833036489e-15j),(21.112929761182187-1.3816804570907308e-15j)
uptake_efficiency,nitrogen_parameters,(0.784792867790192-7.258818540067967e-17j),(-2.110122428957106+8.95535627740025e-17j),2.110122428957106,-0.6280818321152752,(7.847928677901919-7.258818540067966e-16j),(21.101224289571057-8.955356277400249e-16j)
xylem_transport_rates_potassium,nutrient_mobility,(1.1942154118428678-9.481747582543486e-18j),(-2.1080126358028353+9.491320399260017e-17j),2.1080126358028353,-0.43348754577647414,(11.942154118428677-9.481747582543484e-17j),(21.08012635802835-9.491320399260016e-16j)
max_temperature_change_per_hour,environmental_control_parameters,(2.1074987304905286-1.00446961073353e-16j),(-1.8278300705469155+4.704884083642194e-17j),2.1074987304905286,0.13270169794053405,(21.074987304905285-1.00446961073353e-15j),(18.278300705469153-4.704884083642194e-16j)
system_multipliers_nft_surface_area_multiplier,root_system,(2.1065277743639323-9.556397889802777e-17j),(-0.49420320172825527+5.249536887583389e-17j),2.1065277743639323,0.7653944050761542,(21.065277743639324-9.556397889802777e-16j),(4.9420320172825525-5.249536887583389e-16j)
heat_recovery_threshold,stress_parameters,(2.104270965641849-1.3941329734458006e-16j),(-1.6529854561318134+1.0031168320909799e-16j),2.104270965641849,0.21446169095071055,(21.042709656418488-1.3941329734458005e-15j),(16.529854561318132-1.0031168320909798e-15j)
allocation_coefficients_reproductive_reproductive,nitrogen_parameters,(2.1007476595739454-1.4680225591007976e-16j),(-0.9838529119764785+3.837431974969077e-18j),2.1007476595739454,0.5316653537645666,(21.00747659573945-1.4680225591007976e-15j),(9.838529119764784-3.837431974969077e-17j)
max_solar_radiation,environment,(2.098921750139423-1.4117903785859705e-16j),(-1.453453776899484+8.408519783130476e-17j),2.098921750139423,0.3075236002471569,(20.989217501394226-1.4117903785859703e-15j),(14.53453776899484-8.408519783130476e-16j)
channel_depth,root_system,(1.2909314242381678-7.303110655233299e-17j),(-2.097631957280567+8.984590648352301e-17j),2.097631957280567,-0.3845767748924983,(12.909314242381676-7.303110655233298e-16j),(20.976319572805668-8.9845906483523e-16j)
buffering_capacities_leaves_phosphorus,nutrient_mobility,(2.093304558730615-1.5117429363925186e-16j),(-1.2480499199547521+7.91184271008971e-17j),2.093304558730615,0.40378961353259907,(20.933045587306147-1.5117429363925184e-15j),(12.48049919954752-7.91184271008971e-16j)
light_use_efficiency,photosynthesis,(2.0925328176272475-1.220976879556732e-16j),(-0.96558419329346+5.585864610463139e-17j),2.0925328176272475,0.5385572043795472,(20.925328176272476-1.2209768795567319e-15j),(9.6558419329346-5.585864610463139e-16j)
stem_respiration_fraction,model_constants,(1.253446783310284-7.747199518245134e-17j),(-2.0862010332641487+1.4601599729814493e-16j),2.0862010332641487,-0.3991725805307008,(12.53446783310284-7.747199518245133e-16j),(20.862010332641486-1.4601599729814492e-15j)
leaf_area_ratio,leaf_development,(2.0798835484896054-1.139879109658673e-16j),(-0.5510803900243814-1.2904430984331565e-17j),2.0798835484896054,0.7350426708146369,(20.798835484896053-1.139879109658673e-15j),(5.510803900243813+1.2904430984331564e-16j)
protein_respiration_cost,respiration_parameters,(0.8456226750956706-7.704943832527531e-17j),(-2.0754364582170357+1.3991469239250607e-16j),2.0754364582170357,-0.592556702110684,(8.456226750956706-7.704943832527531e-16j),(20.754364582170357-1.3991469239250607e-15j)
V3_to_V4,thermal_requirements,(0.9413206198565668-8.422490784981435e-18j),(-2.074965258270114+8.070470744441161e-17j),2.074965258270114,-0.5463439129379255,(9.413206198565668-8.422490784981435e-17j),(20.749652582701138-8.070470744441161e-16j)
root_temp_tolerance,root_zone_temperature,(0.23383276118708377+3.094501626784926e-17j),(-2.0737746867953146+6.718819965030412e-17j),2.0737746867953146,-0.8872429282332331,(2.3383276118708376+3.094501626784926e-16j),(20.737746867953145-6.718819965030411e-16j)
temperature_stress_sensitivity,leaf_development,(1.2595448156722928-8.69904829629281e-17j),(-2.0694741358937985+1.4183222000129302e-16j),2.0694741358937985,-0.39136962679250886,(12.595448156722927-8.69904829629281e-16j),(20.694741358937982-1.4183222000129302e-15j)
water_salinity_interaction_factor,water,(1.1059579661583208-2.65320454070187e-17j),(-2.0685233822123155+1.2834515619964776e-16j),2.0685233822123155,-0.4653393934684544,(11.059579661583207-2.6532045407018696e-16j),(20.685233822123152-1.2834515619964775e-15j)
mobility_classifications_iron_retranslocation_rate,nutrient_mobility,(2.067836997270954-1.1391361235420867e-16j),(-0.10629934874537968+1.0191204171467976e-17j),2.067836997270954,0.9485939419375564,(20.67836997270954-1.1391361235420866e-15j),(1.0629934874537967-1.0191204171467975e-16j)
genetic_growth_modifier,genetic_parameters,(2.063868896064037-9.911383688648285e-17j),(0.4275502661006778-1.6437783430014102e-17j),2.063868896064037,0.7928403946025592,(20.63868896064037-9.911383688648284e-16j),(-4.275502661006778+1.64377834300141e-16j)
calcium_recovery,senescence_parameters,(-0.019348665873876958+1.1111418730811541e-17j),(-2.060899258655224+1.6222065211068894e-16j),2.060899258655224,-0.990611542125304,(-0.19348665873876958+1.111141873081154e-16j),(20.608992586552237-1.6222065211068892e-15j)
temp_stress_threshold,stress_parameters,(2.0592197334269993-8.548266855165091e-17j),(-1.7098792780940864+1.3707215901133824e-16j),2.0592197334269993,0.16964700253310644,(20.592197334269994-8.54826685516509e-16j),(17.09879278094086-1.3707215901133822e-15j)
temperature_stress_rate,senescence_parameters,(2.0581519222403593-1.3297598230237353e-16j),(-1.464229195025156+1.0378746955398633e-16j),2.0581519222403593,0.28857088769652184,(20.581519222403593-1.3297598230237352e-15j),(14.64229195025156-1.0378746955398633e-15j)
photosynthetic_n_use_efficiency,nitrogen_parameters,(2.051931256163154-8.091455385341862e-17j),(-0.20880671144992027-3.817699949822379e-17j),2.051931256163154,0.8982389342611985,(20.519312561631537-8.091455385341861e-16j),(2.0880671144992027+3.817699949822379e-16j)
co2_enrichment_start_hour,environment,(2.051525591106896-1.1854491980027704e-16j),(-0.9098603097577089+1.821061708819396e-17j),2.051525591106896,0.5564957543294423,(20.515255911068962-1.1854491980027704e-15j),(9.098603097577088-1.8210617088193958e-16j)
ec_factor_zn,nutrient_parameters,(0.8978163690937768-3.521728138165319e-17j),(-2.0480615011759395+1.2187250636122205e-16j),2.0480615011759395,-0.5616262653351592,(8.978163690937768-3.521728138165319e-16j),(20.480615011759394-1.2187250636122206e-15j)
lipid_respiration_cost,respiration_parameters,(2.046997973981909-1.3456243765099497e-16j),(-1.022484493949818+3.7277613968250156e-17j),2.046997973981909,0.5004956004129125,(20.46997973981909-1.3456243765099496e-15j),(10.22484493949818-3.7277613968250155e-16j)
theta,photosynthesis,(2.0374190619917614-7.981604844891873e-17j),(-1.582237263798278+2.9631896831549065e-17j),2.0374190619917614,0.22341098436003734,(20.374190619917613-7.981604844891873e-16j),(15.82237263798278-2.963189683154906e-16j)
phloem_transport_rates_phosphorus,nutrient_mobility,(2.0342362607586812-1.4295145792898682e-16j),(-1.358725809522683+7.720944432985766e-17j),2.0342362607586812,0.3320707944632067,(20.34236260758681-1.4295145792898682e-15j),(13.58725809522683-7.720944432985766e-16j)
co2_morning_target,environment,(1.0852198345692536-2.1265307502324754e-17j),(-2.028929867915351+7.313538556005432e-17j),2.028929867915351,-0.4651269855452046,(10.852198345692535-2.1265307502324754e-16j),(20.289298679153507-7.313538556005432e-16j)
no3_uptake_vmax,nutrient_parameters,(1.0223755165359891-3.243911795127062e-17j),(-2.0203959622745433+1.0881788667228513e-16j),2.0203959622745433,-0.49397269860656023,(10.223755165359892-3.243911795127062e-16j),(20.203959622745433-1.0881788667228512e-15j)
max_lai,canopy_parameters,(1.2029894200077844-3.478824750223786e-17j),(-2.017498623562175+1.249076479918654e-16j),2.017498623562175,-0.40372230941910686,(12.029894200077843-3.4788247502237855e-16j),(20.17498623562175-1.2490764799186539e-15j)
xylem_transport_rates_sulfur,nutrient_mobility,(1.535392122869449-3.3571262870652413e-17j),(-2.0166001528060926+7.863874808136838e-17j),2.0166001528060926,-0.2386234223314147,(15.353921228694489-3.357126287065241e-16j),(20.166001528060924-7.863874808136838e-16j)
phloem_transport_rates_nitrogen,nutrient_mobility,(2.014653797324059-1.3952858546284407e-16j),(-0.24538432340225358-4.6339449094855634e-17j),2.014653797324059,0.8782002527043692,(20.146537973240587-1.3952858546284406e-15j),(2.4538432340225356+4.633944909485563e-16j)
salinity_stress_impact,stress_parameters,(1.626824211879248-5.890512555176445e-17j),(-2.0130178893375343+1.3659904773374436e-16j),2.0130178893375343,-0.19184810999636925,(16.26824211879248-5.890512555176445e-16j),(20.13017889337534-1.3659904773374434e-15j)
establishment_plateau_days,root_system,(-0.43892771372837214+7.286317267474638e-17j),(-2.0127525973515126+1.0798502536703082e-16j),2.0127525973515126,-0.7819266439869775,(-4.389277137283721+7.286317267474638e-16j),(20.127525973515127-1.0798502536703082e-15j)
base_xylem_conductance,root_system,(2.0113313191687126-9.751311586983507e-17j),(-1.2788026446482776+7.602120992387093e-17j),2.0113313191687126,0.36420089894647023,(20.113313191687123-9.751311586983506e-16j),(12.788026446482775-7.602120992387093e-16j)
system_multipliers_dwc_surface_area_multiplier,root_system,(2.0069818488577957-1.317087885537577e-16j),(-1.645748545628231+1.171913572763789e-16j),2.0069818488577957,0.1799883259707347,(20.069818488577955-1.317087885537577e-15j),(16.45748545628231-1.1719135727637889e-15j)
bolting_temperature_divisor,phenology,(2.0030422875746163-1.3055865121012823e-16j),(-1.3970493527649959+6.227408954870478e-17j),2.0030422875746163,0.3025362662429793,(20.03042287574616-1.3055865121012823e-15j),(13.970493527649957-6.227408954870478e-16j)
current_ph,nutrient_parameters,(2.001164527994509-1.321001599645872e-16j),(-0.4489357224609289-1.0250424587835254e-17j),2.001164527994509,0.7756627622663114,(20.01164527994509-1.321001599645872e-15j),(4.4893572246092885+1.0250424587835253e-16j)
phosphate_total,nutrient_parameters,(2.0001348260991083-1.309629579817258e-16j),(-0.7760528925520341+7.005145559334755e-18j),2.0001348260991083,0.6119997100067593,(20.001348260991083-1.3096295798172578e-15j),(7.760528925520341-7.005145559334756e-17j)
recovery_rate_cold,stress_parameters,(1.0663683466206078-8.218797612603994e-17j),(-1.9991592020088729+8.072519683849492e-17j),1.9991592020088729,-0.46659158232668113,(10.663683466206077-8.218797612603994e-16j),(19.991592020088728-8.072519683849491e-16j)
ec_factor_ca,nutrient_parameters,(0.9253381478647402-5.843437972605777e-17j),(-1.9989548855112305+8.530420289891868e-17j),1.9989548855112305,-0.5370890285860123,(9.253381478647402-5.843437972605776e-16j),(19.989548855112304-8.5304202898918685e-16j)
upper_canopy_lai_factor,canopy_parameters,(1.4726861997377938-6.20519525041515e-17j),(-1.996230819930425+1.4870290872987327e-16j),1.996230819930425,-0.26226657507015066,(14.726861997377938-6.20519525041515e-16j),(19.96230819930425-1.4870290872987326e-15j)
daytime_respiratory_quotient,respiration_parameters,(1.9951337680276688-1.4073407422528172e-16j),(-0.7956513778560077-2.6261211819916232e-17j),1.9951337680276688,0.6012039941349068,(19.951337680276687-1.4073407422528171e-15j),(7.956513778560076+2.626121181991623e-16j)
plant_density,system,(0.8816829998311025-7.389182256581935e-17j),(-1.9947409149687254+7.16733465994005e-17j),1.9947409149687254,-0.5579962323854344,(8.816829998311025-7.389182256581934e-16j),(19.947409149687253-7.16733465994005e-16j)
ec_factor_mg,nutrient_parameters,(1.9916598376580545-1.4034085638471533e-16j),(-0.9994477587126758+1.6406896633932627e-17j),1.9916598376580545,0.4981835051271091,(19.916598376580545-1.4034085638471533e-15j),(9.994477587126758-1.6406896633932626e-16j)
buffering_capacities_roots_nitrogen,nutrient_mobility,(1.9916196751544124-8.581589991302787e-17j),(-1.4687293321105193+9.946072396139409e-17j),1.9916196751544124,0.2625452788838074,(19.916196751544124-8.581589991302786e-16j),(14.68729332110519-9.946072396139408e-16j)
phi_psii,photosynthesis,(1.9896489635527723-1.1319321305626215e-16j),(-0.2252707009515753-3.14596722515473e-17j),1.9896489635527723,0.8867786704699276,(19.896489635527722-1.1319321305626214e-15j),(2.252707009515753+3.14596722515473e-16j)
nitrogen_uptake_efficiency,nitrogen_parameters,(1.9868087493759117-8.894047436319138e-17j),(-1.8908655843972693+1.4237226161802762e-16j),1.9868087493759117,0.04829008580155473,(19.868087493759116-8.894047436319138e-16j),(18.908655843972692-1.423722616180276e-15j)
frost_recovery_threshold,stress_parameters,(1.9849684333712507-1.3368781411342988e-16j),(-0.6985210933487148+4.7069581790596833e-17j),1.9849684333712507,0.6480946086571495,(19.849684333712506-1.3368781411342986e-15j),(6.9852109334871475-4.706958179059683e-16j)
potassium_recovery,senescence_parameters,(1.2285131995436582-7.682403756157222e-17j),(-1.9824739018317583+8.036363373302572e-17j),1.9824739018317583,-0.38031305309565916,(12.285131995436581-7.682403756157221e-16j),(19.824739018317583-8.036363373302572e-16j)
phloem_transport_rates_calcium,nutrient_mobility,(1.9822058882860405-1.2378432146473023e-16j),(-0.36936547411981924+8.75059710373336e-18j),1.9822058882860405,0.813659380035845,(19.822058882860404-1.2378432146473023e-15j),(3.693654741198192-8.750597103733359e-17j)
sink_strength_coefficients_senescence_reproductive,nutrient_mobility,(0.25395255073148737+2.7241593651942e-17j),(-1.9820730777082656+9.949214755659854e-17j),1.9820730777082656,-0.8718752837180378,(2.5395255073148735+2.7241593651942e-16j),(19.820730777082655-9.949214755659853e-16j)
vernalization_days,phenology,(1.7616095010230943-9.249122534451655e-17j),(-1.9804773818341717+1.1973746283365645e-16j),1.9804773818341717,-0.11051268891966748,(17.616095010230943-9.249122534451655e-16j),(19.804773818341715-1.1973746283365644e-15j)
frost_damage_rate,stress_parameters,(0.31659755247392324+1.2619046916248883e-18j),(-1.978963760262094+1.0961281121785718e-16j),1.978963760262094,-0.8400185193729909,(3.165975524739232+1.2619046916248882e-17j),(19.78963760262094-1.0961281121785718e-15j)
initial_leaf_number,leaf_development,(1.9747376007527588-7.865915108233322e-17j),(-0.5914415968917902+1.1101933240377737e-16j),1.9747376007527588,0.7004961081075601,(19.74737600752759-7.865915108233321e-16j),(5.9144159689179014-1.1101933240377737e-15j)
storage_pool_sizes_stems_potassium,nutrient_mobility,(1.9713384838932837-1.4439368253984398e-16j),(-0.7042823897956489-2.7745661201972718e-17j),1.9713384838932837,0.6427389839188192,(19.713384838932836-1.4439368253984398e-15j),(7.042823897956489+2.774566120197272e-16j)
redistribution_thresholds_magnesium,nutrient_mobility,(1.5701488138204391-9.709171680721619e-17j),(-1.9680014227487774+1.149349938653675e-16j),1.9680014227487774,-0.20216073237012372,(15.701488138204391-9.70917168072162e-16j),(19.680014227487774-1.149349938653675e-15j)
cold_damage_rate,stress_parameters,(-0.1556949576879767+6.133553118861471e-17j),(-1.9645662373760069+1.687898325584567e-16j),1.9645662373760069,-0.9207484305054879,(-1.556949576879767+6.13355311886147e-16j),(19.645662373760068-1.6878983255845668e-15j)
nh4_uptake_km,nutrient_parameters,(1.964123259291846-1.3859700535831987e-16j),(-1.3165735201935314+1.0672955374982363e-16j),1.964123259291846,0.329688952073092,(19.64123259291846-1.3859700535831986e-15j),(13.165735201935313-1.0672955374982363e-15j)
min_ec,environment,(1.4140195303422938-6.483744765753525e-17j),(-1.9640460140955236+7.357554245585344e-17j),1.9640460140955236,-0.2800476566260726,(14.140195303422937-6.483744765753525e-16j),(19.640460140955234-7.357554245585343e-16j)
initial_canopy_height,model_constants,(1.960607697987949-1.314702722909549e-16j),(-0.5914839719724797+2.7384640887049162e-17j),1.960607697987949,0.6983160004015676,(19.60607697987949-1.3147027229095491e-15j),(5.914839719724797-2.738464088704916e-16j)
crop_coefficient,water,(1.9595911770305037-1.0686547169989338e-16j),(-0.4933369544335447-1.7256639693979716e-17j),1.9595911770305037,0.7482449603691672,(19.595911770305037-1.0686547169989338e-15j),(4.933369544335447+1.7256639693979715e-16j)
mobility_classifications_nitrogen_retranslocation_rate,nutrient_mobility,(1.2520657589070614-8.349077235596096e-17j),(-1.9580425549757292+1.0118699799619871e-16j),1.9580425549757292,-0.36055232521614866,(12.520657589070613-8.349077235596095e-16j),(19.58042554975729-1.011869979961987e-15j)
HM_to_PM,thermal_requirements,(1.4651739935536132-1.1038370819808052e-16j),(-1.9484393929203625+8.808626655275834e-17j),1.9484393929203625,-0.2480269086750606,(14.651739935536131-1.1038370819808052e-15j),(19.484393929203623-8.808626655275834e-16j)
copper_recovery,senescence_parameters,(1.9431401412149836-1.0563807002906958e-16j),(-1.7494633589736168+8.04657745258141e-17j),1.9431401412149836,0.0996720607708031,(19.431401412149835-1.0563807002906957e-15j),(17.494633589736168-8.046577452581409e-16j)
nitrogen_excess_weight,genetic_parameters,(1.9343821299318482-6.476104595757674e-17j),(-1.508452875626121+8.061065183973353e-17j),1.9343821299318482,0.2201887867526637,(19.34382129931848-6.476104595757674e-16j),(15.084528756261209-8.061065183973352e-16j)
light_hours,environment,(1.8575762172521637-1.0799128245977004e-16j),(-1.933021816929318+8.43061399043553e-17j),1.933021816929318,-0.03902987489142916,(18.575762172521635-1.0799128245977004e-15j),(19.33021816929318-8.43061399043553e-16j)
target_vpd,environment,(1.9310963537792851-6.159122567479022e-17j),(-0.569578904453169-5.084981119973782e-17j),1.9310963537792851,0.7050489462431716,(19.31096353779285-6.159122567479022e-16j),(5.695789044531691+5.084981119973782e-16j)
oxygen_factor,environment,(1.9267201054188374-5.574122195352618e-17j),(-0.09508456652490019+4.34362770382083e-17j),1.9267201054188374,0.9506495176660699,(19.267201054188373-5.574122195352617e-16j),(0.9508456652490018-4.3436277038208297e-16j)
sulfur_recovery,senescence_parameters,(0.7058120599753102-3.0327035138547766e-17j),(-1.924634716595929+7.449706656950375e-17j),1.924634716595929,-0.6332747955291648,(7.058120599753101-3.032703513854776e-16j),(19.24634716595929-7.449706656950375e-16j)
critical_n_concentrations_stems_minimum,nitrogen_parameters,(1.9229960720194488-1.2704107470192099e-16j),(-1.5217148997641479+7.401413032518678e-17j),1.9229960720194488,0.20867498280113098,(19.229960720194487-1.27041074701921e-15j),(15.217148997641477-7.401413032518678e-16j)
lateral_root_density,root_system,(1.630643521054789-5.74083411322309e-17j),(-1.9209921248636441+6.896175513546938e-17j),1.9209921248636441,-0.15114512967067198,(16.30643521054789-5.74083411322309e-16j),(19.20992124863644-6.896175513546938e-16j)
stress_weight_salinity,stress_parameters,(1.9196059053591694-1.2739445034977106e-16j),(-0.9519993271663086+5.143104036767655e-17j),1.9196059053591694,0.5040652227061241,(19.196059053591693-1.2739445034977106e-15j),(9.519993271663086-5.143104036767655e-16j)
remobilization_efficiency_leaves,nitrogen_parameters,(1.9187595110737814-7.396749283121333e-17j),(-1.3625478943963074+8.9486429502956e-17j),1.9187595110737814,0.2898808388791805,(19.187595110737814-7.396749283121332e-16j),(13.625478943963074-8.9486429502956e-16j)
min_diurnal_factor,respiration_parameters,(1.8730817642727295-8.318396884386443e-17j),(-1.9186424361885075+1.2292391908157196e-16j),1.9186424361885075,-0.023746306792987868,(18.730817642727295-8.318396884386443e-16j),(19.186424361885074-1.2292391908157196e-15j)
heat_stress_weight,genetic_parameters,(1.9181754007016676-1.118845143137775e-16j),(-1.1179977647913224+6.499263799805133e-17j),1.9181754007016676,0.4171556134113912,(19.181754007016675-1.1188451431377748e-15j),(11.179977647913224-6.499263799805132e-16j)
uptake_kinetics_NO3_min_conc,nitrogen_parameters,(1.9135767078999835-5.993423561915147e-17j),(-1.369178900712363+9.967539921476802e-17j),1.9135767078999835,0.2844922834502198,(19.135767078999834-5.993423561915147e-16j),(13.691789007123628-9.9675399214768e-16j)
day_end_hour,respiration_parameters,(1.9126730386186637-8.400564393006692e-17j),(0.12772499551077526-2.4400200934596505e-17j),1.9126730386186637,0.9332217305666531,(19.126730386186637-8.400564393006691e-16j),(-1.2772499551077525+2.4400200934596504e-16j)
growth_efficiency,respiration_parameters,(0.9289357709995271-4.8646196000690735e-17j),(-1.9122219373142912+8.61731277380177e-17j),1.9122219373142912,-0.5142113198930173,(9.28935770999527-4.864619600069073e-16j),(19.12221937314291-8.617312773801769e-16j)
stress_onset_light,stress_parameters,(1.9075458352608106-1.0337389829099992e-16j),(-1.628724866324555+8.781314647266467e-17j),1.9075458352608106,0.14616737578844785,(19.075458352608106-1.0337389829099991e-15j),(16.28724866324555-8.781314647266466e-16j)
PHOTOSYNTHETIC_CAPACITY,genetic_parameters,(1.904444783766816-7.883162189720131e-17j),(0.8345478207502884-8.23904127095193e-17j),1.904444783766816,0.5617894370769679,(19.04444783766816-7.883162189720131e-16j),(-8.345478207502884+8.239041270951931e-16j)
day_respiration_factor,respiration_parameters,(1.7096378784829058-2.5531801974496784e-17j),(-1.9035762271037457+8.425717686931217e-17j),1.9035762271037457,-0.10188105202170619,(17.096378784829056-2.553180197449678e-16j),(19.035762271037456-8.425717686931216e-16j)
ec_factor_mo,nutrient_parameters,(1.900804343373987-1.0413099669533906e-16j),(-1.4099890303791347+4.291451260346595e-17j),1.900804343373987,0.25821453675954875,(19.008043433739868-1.0413099669533905e-15j),(14.099890303791346-4.2914512603465943e-16j)
ec_factor_b,nutrient_parameters,(0.7935732513257985-3.6699439904428546e-17j),(-1.9000939884917623+1.3764875324750498e-16j),1.9000939884917623,-0.5823505278516705,(7.935732513257984-3.669943990442854e-16j),(19.00093988491762-1.3764875324750496e-15j)
forced_solution_change_interval,system,(1.896789675083312-7.814584366234652e-17j),(-0.8634545218839049+6.328694718824271e-17j),1.896789675083312,0.5447810934304144,(18.96789675083312-7.814584366234652e-16j),(8.63454521883905-6.328694718824271e-16j)
temperature_correction_factor,nutrient_parameters,(0.8044599744932847-3.9329039316624925e-17j),(-1.8911586999257115+1.1098350736246053e-16j),1.8911586999257115,-0.5746205886767274,(8.044599744932846-3.9329039316624925e-16j),(18.911586999257114-1.1098350736246052e-15j)
optimal_n_max,nitrogen_parameters,(0.8751564814807979-5.960276988044025e-17j),(-1.884919855541039+6.338826702130286e-17j),1.884919855541039,-0.5357062641638962,(8.75156481480798-5.960276988044024e-16j),(18.84919855541039-6.338826702130285e-16j)
linear_growth_slope,root_zone_temperature,(1.5177357866965027-1.0082831672298812e-16j),(-1.8835222685820636+1.3917102160944367e-16j),1.8835222685820636,-0.19420342832523507,(15.177357866965027-1.0082831672298811e-15j),(18.835222685820636-1.3917102160944367e-15j)
nitrate_acidification_factor,nutrient_parameters,(0.36814935814991556-3.33110228749659e-17j),(-1.8784989585964962+7.965098737464309e-17j),1.8784989585964962,-0.8040193972612181,(3.681493581499155-3.33110228749659e-16j),(18.78498958596496-7.965098737464309e-16j)
vpd_stress_high_factor,stress_parameters,(1.8783077767273337-1.0894319287266942e-16j),(-1.3597764469213753+5.021573066091399e-17j),1.8783077767273337,0.27606302664061827,(18.783077767273337-1.0894319287266942e-15j),(13.597764469213752-5.021573066091398e-16j)
leaf_area_expansion_rate,leaf_development,(1.8774989284589279-7.195977325845354e-17j),(-0.9262150332675724+8.090676578327365e-17j),1.8774989284589279,0.5066761321521392,(18.774989284589278-7.195977325845353e-16j),(9.262150332675724-8.090676578327364e-16j)
stress_history_days,senescence_parameters,(1.8752888918822113-6.347352119569048e-17j),(-1.0507005266341936+7.9163589782088e-17j),1.8752888918822113,0.43971271243460813,(18.752888918822112-6.347352119569048e-16j),(10.507005266341935-7.9163589782088e-16j)
manganese_recovery,senescence_parameters,(0.3322589127889735+1.7702846993635946e-17j),(-1.8747812769396544+9.693244299140847e-17j),1.8747812769396544,-0.822774572759045,(3.322589127889735+1.7702846993635945e-16j),(18.747812769396543-9.693244299140847e-16j)
mobility_classifications_potassium_remobilization_efficiency,nutrient_mobility,(0.957841114541977-2.885684432219603e-17j),(-1.8689595466823565+9.773575091034725e-17j),1.8689595466823565,-0.4875003494632786,(9.57841114541977-2.8856844322196023e-16j),(18.689595466823565-9.773575091034724e-16j)
medium_diameter_mean,root_system,(1.835867277103677-5.911234018514358e-17j),(-1.8678573210927425+9.835401986853749e-17j),1.8678573210927425,-0.017126599354146867,(18.35867277103677-5.911234018514357e-16j),(18.678573210927425-9.83540198685375e-16j)
q10_factor,respiration_parameters,(1.867423720456802+6.764105789226823e-17j),(-1.0403255485200147+1.769578578086956e-16j),1.867423720456802,0.4429086783445515,(18.67423720456802+6.764105789226822e-16j),(10.403255485200146-1.769578578086956e-15j)
uptake_kinetics_AA_min_conc,nitrogen_parameters,(1.8652659536801224-1.407253990800426e-16j),(-0.40477947937035363+2.9633765199448276e-17j),1.8652659536801224,0.7829910107072217,(18.652659536801224-1.407253990800426e-15j),(4.047794793703536-2.9633765199448277e-16j)
growth_cold_sensitivity,stress_parameters,(1.6109042459743614-8.368089371607235e-17j),(-1.8652301186768516+1.1018633514871542e-16j),1.8652301186768516,-0.13635093608873455,(16.109042459743613-8.368089371607234e-16j),(18.652301186768515-1.1018633514871542e-15j)
mobility_classifications_manganese_retranslocation_rate,nutrient_mobility,(0.29956150100867257+1.2887515748397296e-17j),(-1.8644897575129076+1.159349222409464e-16j),1.8644897575129076,-0.8393332546871882,(2.9956150100867256+1.2887515748397295e-16j),(18.644897575129075-1.159349222409464e-15j)
tank_volume,system,(-0.20342595692366794+6.136104431031476e-17j),(-1.8623070925339638+5.4500962328348326e-17j),1.8623070925339638,-0.8907666959229186,(-2.034259569236679+6.136104431031475e-16j),(18.623070925339636-5.450096232834833e-16j)
system_area,system,(-0.7655493146710621+4.0823900382949455e-17j),(-1.8620365761959743+1.9605036300295623e-17j),1.8620365761959743,-0.5888645129436544,(-7.65549314671062+4.0823900382949453e-16j),(18.620365761959743-1.9605036300295623e-16j)
medium_root_half_life_days,root_system,(1.8566290975964659-1.0301237017225524e-16j),(-0.48252202592060095+1.8168921816195243e-17j),1.8566290975964659,0.7401085512743182,(18.56629097596466-1.0301237017225523e-15j),(4.825220259206009-1.816892181619524e-16j)
phosphate_buffer_pka3,nutrient_parameters,(1.8536838827691147-1.4110022278105667e-16j),(-1.4214972605262348+9.678637742375376e-17j),1.8536838827691147,0.23315012136657326,(18.536838827691145-1.4110022278105665e-15j),(14.214972605262346-9.678637742375376e-16j)
min_temp,leaf_development,(1.8529451419615939-1.2551998124869956e-16j),(-1.141772253231037+5.3166494144341434e-17j),1.8529451419615939,0.38380676935620656,(18.52945141961594-1.2551998124869956e-15j),(11.41772253231037-5.316649414434143e-16j)
maintenance_respiration_coefficient,model_constants,(1.3931972844708351-1.0837749829942709e-16j),(-1.850664134181987+9.237139338592522e-17j),1.850664134181987,-0.24719063889642892,(13.931972844708351-1.0837749829942708e-15j),(18.50664134181987-9.237139338592522e-16j)
plant_spacing,canopy_parameters,(1.8505876398525225-7.547432803127502e-17j),(-0.5449297377503385+3.411787944422831e-17j),1.8505876398525225,0.7055369191843489,(18.505876398525224-7.547432803127501e-16j),(5.449297377503385-3.411787944422831e-16j)
growth_heat_sensitivity,stress_parameters,(0.6447082721827764-3.3888479861044293e-17j),(-1.8489189717230496+4.210589739628333e-17j),1.8489189717230496,-0.6513052859304277,(6.447082721827763-3.3888479861044293e-16j),(18.489189717230495-4.2105897396283326e-16j)
uptake_kinetics_NO3_km,nitrogen_parameters,(1.8478475795056768-9.58954280497152e-17j),(0.18341561341005208-4.9131946766591546e-17j),1.8478475795056768,0.900740940192092,(18.478475795056767-9.58954280497152e-16j),(-1.8341561341005206+4.913194676659155e-16j)
initial_n_no3,nutrient_concentrations,(1.3458009184725415-2.943222791688689e-17j),(-1.847635192370319+6.582037676322124e-17j),1.847635192370319,-0.2716089604539182,(13.458009184725414-2.943222791688689e-16j),(18.476351923703188-6.582037676322123e-16j)
allocation_coefficients_reproductive_roots,nitrogen_parameters,(0.9782960213418171-1.1958801519941692e-17j),(-1.8473362153259947+9.946478603599012e-17j),1.8473362153259947,-0.47042881895260213,(9.782960213418171-1.195880151994169e-16j),(18.473362153259945-9.946478603599011e-16j)
recovery_memory_days,stress_parameters,(0.3234398574449422+1.3027786362453842e-17j),(-1.842583310399332+9.232571444085382e-17j),1.842583310399332,-0.8244639167089574,(3.2343985744494215+1.302778636245384e-16j),(18.42583310399332-9.232571444085382e-16j)
default_ec,system,(1.0350358958492183-2.6247811622003822e-17j),(-1.8409739172658204+1.1190449997589898e-16j),1.8409739172658204,-0.4377780770591068,(10.350358958492183-2.624781162200382e-16j),(18.409739172658202-1.1190449997589896e-15j)
harvest_gdd,phenology,(0.5516921291517605-3.2895072818320067e-18j),(-1.8399142222142577+7.136100719302412e-17j),1.8399142222142577,-0.7001533427532167,(5.516921291517605-3.2895072818320063e-17j),(18.399142222142576-7.136100719302411e-16j)
initial_s_so4,nutrient_concentrations,(1.1577715352612525+2.4668092508876295e-18j),(-1.8397101408888181+5.740245805252432e-17j),1.8397101408888181,-0.3706772009736822,(11.577715352612525+2.4668092508876294e-17j),(18.39710140888818-5.740245805252432e-16j)
FL_SH,genetic_parameters,(1.8375614097499922-8.099682209708423e-17j),(-1.3983538456478684+4.6481093589008705e-17j),1.8375614097499922,0.23901653668373446,(18.37561409749992-8.099682209708422e-16j),(13.983538456478684-4.64810935890087e-16j)
row_spacing,canopy_parameters,(1.8371424744557967-5.3683088456858896e-17j),(-0.16411405160561443-7.995699640159723e-17j),1.8371424744557967,0.9106688491026105,(18.371424744557967-5.36830884568589e-16j),(1.6411405160561443+7.995699640159722e-16j)
rzt_thermal_mass_factor,root_zone_temperature,(1.4836375902255818-9.702592002831761e-17j),(-1.8335176648281053+7.155797427173209e-17j),1.8335176648281053,-0.19082449071213348,(14.836375902255817-9.70259200283176e-16j),(18.335176648281053-7.155797427173208e-16j)
phenology_optimal_temperature_min,phenology,(1.827208629055164-9.735143005249723e-17j),(-0.9323958650681207+1.5118413786879875e-17j),1.827208629055164,0.4897157061094574,(18.272086290551638-9.735143005249723e-16j),(9.323958650681206-1.5118413786879875e-16j)
ph_max,root_system,(0.5788928430785675-1.3592667539455624e-17j),(-1.826870869295445+1.1750913786288427e-16j),1.826870869295445,-0.6831232832007307,(5.788928430785675-1.3592667539455623e-16j),(18.268708692954448-1.1750913786288427e-15j)
ph_max_limit,nutrient_parameters,(1.0461564701675214-7.822863607526052e-17j),(-1.8252176047588815+6.432500375514235e-17j),1.8252176047588815,-0.42683191996401826,(10.461564701675213-7.822863607526052e-16j),(18.252176047588815-6.432500375514235e-16j)
optimal_temperature_min,environment,(1.6318567294764947-1.0030399014368611e-16j),(-1.824056487154615+1.2292880198544546e-16j),1.824056487154615,-0.10536941099775742,(16.318567294764946-1.003039901436861e-15j),(18.240564871546148-1.2292880198544546e-15j)
SDLIP,genetic_parameters,(1.8224722801274482-9.612217607111744e-17j),(-1.071223593186206+5.99312751332495e-17j),1.8224722801274482,0.4122140540259445,(18.22472280127448-9.612217607111744e-16j),(10.71223593186206-5.99312751332495e-16j)
critical_n_factor,nitrogen_parameters,(-0.2692164920865674+5.937965609670296e-17j),(-1.8189279410124783+6.725369980996746e-17j),1.8189279410124783,-0.8519916671703266,(-2.692164920865674+5.937965609670295e-16j),(18.189279410124783-6.725369980996745e-16j)
circulation_fan_power,control_equipment_parameters,(1.6534876184515526-7.244207788098022e-17j),(-1.8174580667430407+8.535383825746477e-17j),1.8174580667430407,-0.09021965969499911,(16.534876184515525-7.244207788098022e-16j),(18.174580667430405-8.535383825746476e-16j)
ca_uptake_vmax,nutrient_parameters,(1.817269605472525-9.310966498616329e-17j),(-1.477828833735627+3.8675100876609517e-17j),1.817269605472525,0.1867861382343634,(18.17269605472525-9.31096649861633e-16j),(14.778288337356269-3.867510087660951e-16j)
frost_recovery_rate,stress_parameters,(1.8172257772277125-6.897989762464924e-17j),(-1.053119888189043+8.779571025364881e-17j),1.8172257772277125,0.42047933647758357,(18.172257772277124-6.897989762464923e-16j),(10.531198881890429-8.779571025364881e-16j)
max_ec_limit,nutrient_parameters,(1.7855773530208738-6.861857399663004e-17j),(-1.815844499283989+8.536141269405782e-17j),1.815844499283989,-0.016668358042249733,(17.855773530208737-6.861857399663003e-16j),(18.15844499283989-8.536141269405781e-16j)
mobility_classifications_manganese_remobilization_efficiency,nutrient_mobility,(0.4684604414918244-7.236457031858025e-18j),(-1.8145939415684147+1.0171137969018935e-16j),1.8145939415684147,-0.7418373164593958,(4.684604414918244-7.236457031858025e-17j),(18.145939415684147-1.0171137969018935e-15j)
light_stress_tolerance,genetic_parameters,(1.8138482273366816-8.871904499524297e-17j),(-0.9940167949784547-3.3714909560521895e-18j),1.8138482273366816,0.4519845817320701,(18.138482273366815-8.871904499524297e-16j),(9.940167949784547+3.371490956052189e-17j)
redistribution_thresholds_calcium,nutrient_mobility,(1.8064099956128736-1.0572495833819284e-16j),(-1.4880033921647418+7.795454191801711e-17j),1.8064099956128736,0.17626485915236745,(18.064099956128736-1.0572495833819284e-15j),(14.880033921647417-7.79545419180171e-16j)
protein_fraction,model_constants,(0.7055906052343123+1.0791208230174846e-17j),(-1.80598570282408+1.1145699529131683e-16j),1.80598570282408,-0.6093044346193013,(7.055906052343122+1.0791208230174846e-16j),(18.0598570282408-1.1145699529131684e-15j)
default_ph,system,(1.8058498965139673-1.0913520683274296e-16j),(-0.7024337560627518+5.025030426075084e-17j),1.8058498965139673,0.6110231767220865,(18.058498965139673-1.0913520683274296e-15j),(7.024337560627518-5.025030426075084e-16j)
max_recovery,senescence_parameters,(1.42587975032051-3.5293647561969744e-17j),(-1.8006183601591594+6.024226436172989e-17j),1.8006183601591594,-0.20811662156189814,(14.2587975032051-3.5293647561969744e-16j),(18.006183601591594-6.024226436172989e-16j)
leaf_area_index,leaf_development,(1.63512594572065-6.17940549244471e-17j),(-1.7968964061193562+8.622653177330065e-17j),1.7968964061193562,-0.09002770546359526,(16.3512594572065-6.17940549244471e-16j),(17.96896406119356-8.622653177330064e-16j)
shaded_light_fraction,canopy_parameters,(1.1517022404385395-2.1336749206688093e-18j),(-1.793925381327583+1.386526217775097e-16j),1.793925381327583,-0.3579988039490084,(11.517022404385395-2.133674920668809e-17j),(17.93925381327583-1.3865262177750969e-15j)
max_temperature_threshold,respiration_parameters,(1.3518219227692996-7.905425970073804e-17j),(-1.7928099796077852+6.33668719485587e-17j),1.7928099796077852,-0.24597590478326153,(13.518219227692995-7.905425970073804e-16j),(17.928099796077852-6.336687194855869e-16j)
allocation_coefficients_vegetative_leaves,nitrogen_parameters,(0.8073821691896644-4.3093976986003964e-17j),(-1.7877820357075842+8.474611024601594e-17j),1.7877820357075842,-0.5483889237816894,(8.073821691896644-4.309397698600396e-16j),(17.87782035707584-8.474611024601593e-16j)
ph_target_min,nutrient_parameters,(1.7845368633774357-9.819332626852354e-17j),(-0.09220089556409145+6.3628615389163764e-18j),1.7845368633774357,0.9483334317960846,(17.845368633774356-9.819332626852354e-16j),(0.9220089556409143-6.362861538916376e-17j)
xylem_transport_rates_molybdenum,nutrient_mobility,(1.7829608356266118-5.800750406514867e-17j),(-0.026140012097693427-5.584772124653961e-17j),1.7829608356266118,0.9853389869393814,(17.829608356266117-5.800750406514867e-16j),(0.26140012097693427+5.584772124653961e-16j)
allocation_coefficients_vegetative_stems,nitrogen_parameters,(1.7817442379277848-6.854208994304256e-17j),(-1.175666402015588+1.0641101179171916e-16j),1.7817442379277848,0.3401598405712153,(17.817442379277846-6.854208994304255e-16j),(11.75666402015588-1.0641101179171915e-15j)
storage_pool_sizes_roots_potassium,nutrient_mobility,(1.7799672117339833-1.120309512154094e-16j),(-0.20736577390884153-1.3313087554727219e-17j),1.7799672117339833,0.8835002282391299,(17.79967211733983-1.1203095121540941e-15j),(2.073657739088415+1.3313087554727218e-16j)
respiration_biosynthetic_cost,respiration_parameters,(1.776585482485794-7.625854728267929e-17j),(-1.2328653157309293+5.1625707656296416e-17j),1.776585482485794,0.3060478497179279,(17.76585482485794-7.625854728267929e-16j),(12.328653157309292-5.162570765629642e-16j)
water_system_stress_factor,water,(1.776478837689274-4.737188108138377e-17j),(-1.6173264329701103+8.433317529542072e-17j),1.776478837689274,0.08958868596834996,(17.76478837689274-4.737188108138377e-16j),(16.1732643297011-8.433317529542072e-16j)
so4_uptake_km,nutrient_parameters,(1.7734772568525738-8.45653484036367e-17j),(-1.0058799315757125+5.845507314496203e-17j),1.7734772568525738,0.4328205068945355,(17.734772568525738-8.45653484036367e-16j),(10.058799315757124-5.845507314496203e-16j)
pid_co2_ki,environmental_control_parameters,(0.9827321410359711-6.271194763119852e-17j),(-1.7730792581122345+1.198515350352183e-16j),1.7730792581122345,-0.4457483293317253,(9.82732141035971-6.271194763119852e-16j),(17.730792581122344-1.198515350352183e-15j)
min_effective_rzt,root_zone_temperature,(1.7730146728653502-8.630211880835957e-17j),(-1.3353658490703841+7.069258819770197e-17j),1.7730146728653502,0.24683880539335099,(17.7301467286535-8.630211880835956e-16j),(13.35365849070384-7.069258819770197e-16j)
experiment_duration,experiment_settings,(1.5388369339696928-5.766322230931729e-17j),(-1.772793794929914+1.1553009067223503e-16j),1.772793794929914,-0.13197071291050547,(15.388369339696927-5.766322230931729e-16j),(17.72793794929914-1.1553009067223503e-15j)
ca_uptake_km,nutrient_parameters,(0.5411089928529188-3.625580746551076e-18j),(-1.7657932125905145+7.413392593790375e-17j),1.7657932125905145,-0.6935603846505431,(5.411089928529187-3.625580746551076e-17j),(17.657932125905145-7.413392593790375e-16j)
max_individual_leaf_area,leaf_development,(1.7635686635018175-8.036186860649777e-17j),(0.5426958059245638-2.5789770281022315e-17j),1.7635686635018175,0.6922740706636487,(17.635686635018175-8.036186860649776e-16j),(-5.426958059245638+2.5789770281022313e-16j)
nutrient_mobility_base_temperature,nutrient_mobility,(1.7634833160008485-6.954343732408058e-17j),(-1.1101801470085841+7.677656764898856e-17j),1.7634833160008485,0.37046178042318945,(17.634833160008483-6.954343732408058e-16j),(11.10180147008584-7.677656764898855e-16j)
adaptation_weight,genetic_parameters,(1.7619676951274366-1.1131050060265447e-16j),(-1.570585830302659+9.833363805937798e-17j),1.7619676951274366,0.10861825977515192,(17.619676951274364-1.1131050060265447e-15j),(15.705858303026588-9.833363805937797e-16j)
ec_factor_default,nutrient_parameters,(0.931387529488179-1.0936343722923931e-17j),(-1.760050901472782+6.453189436996961e-17j),1.760050901472782,-0.4708178446948273,(9.31387529488179-1.0936343722923931e-16j),(17.60050901472782-6.45318943699696e-16j)
FL_SD,genetic_parameters,(1.7554365071639007-5.957884617428359e-17j),(-0.8709900810575006+2.594959360451357e-17j),1.7554365071639007,0.5038327632454903,(17.554365071639005-5.957884617428359e-16j),(8.709900810575006-2.594959360451357e-16j)
HI_to_HD,thermal_requirements,(1.7547576304669819-9.862904007620279e-17j),(-1.0453196309196662+1.5694115433217764e-17j),1.7547576304669819,0.4042940103121351,(17.547576304669818-9.862904007620278e-16j),(10.453196309196661-1.5694115433217763e-16j)
kc_light_interception_factor,crop_parameters,(1.1460289091401046-2.9706699997437523e-17j),(-1.7547448568701278+6.897120547428429e-17j),1.7547448568701278,-0.34689712601053974,(11.460289091401046-2.9706699997437524e-16j),(17.547448568701277-6.897120547428428e-16j)
lower_middle_canopy_lai_factor,canopy_parameters,(1.0443968221032387+5.778185387503994e-18j),(-1.7514467338023039+7.150736755603055e-17j),1.7514467338023039,-0.4036947844620401,(10.443968221032387+5.778185387503994e-17j),(17.51446733802304-7.150736755603055e-16j)
reproductive_root_allocation,model_constants,(0.96414950741722+2.0915391420453235e-18j),(-1.7505785872065933+5.655174702973119e-17j),1.7505785872065933,-0.4492395174582147,(9.6414950741722+2.0915391420453235e-17j),(17.505785872065932-5.655174702973118e-16j)
vpd_stress_low_factor,stress_parameters,(1.749966942382293-1.145187419349992e-16j),(-0.5959647386900362+1.4048948208214216e-17j),1.749966942382293,0.659442287590457,(17.49966942382293-1.1451874193499919e-15j),(5.959647386900362-1.4048948208214214e-16j)
remobilization_rates_storage,nitrogen_parameters,(1.5435577548169421-9.704353748266032e-17j),(-1.7486147576363653+6.851553708438661e-17j),1.7486147576363653,-0.11726825587163779,(15.435577548169421-9.704353748266031e-16j),(17.486147576363653-6.851553708438661e-16j)
VE_to_V1,thermal_requirements,(1.7450578035990922-1.0830453208295245e-16j),(-1.2167597381541226+7.418838997293433e-17j),1.7450578035990922,0.3027395793740367,(17.450578035990922-1.0830453208295245e-15j),(12.167597381541226-7.418838997293432e-16j)
leaf_scattering,canopy_parameters,(1.2059848351660516-3.0791150864505276e-17j),(-1.7338252423574756+6.630098572222916e-17j),1.7338252423574756,-0.3044369145726137,(12.059848351660515-3.0791150864505274e-16j),(17.338252423574755-6.630098572222916e-16j)
humidity_deadband,environmental_control_parameters,(1.174323731119121-6.702057522753776e-17j),(-1.7317932718557492+6.48353471759536e-17j),1.7317932718557492,-0.3219030526312513,(11.74323731119121-6.7020575227537755e-16j),(17.31793271855749-6.483534717595359e-16j)
optimal_ec,environment,(1.4794221418444538-1.0441137011891821e-16j),(-1.730114786621494+9.442444735006964e-17j),1.730114786621494,-0.14489942905267222,(14.794221418444536-1.044113701189182e-15j),(17.30114786621494-9.442444735006964e-16j)
uptake_kinetics_AA_vmax,nitrogen_parameters,(1.7282242156432677-9.864000509610034e-17j),(-0.9101749075413954-8.3046825009401e-18j),1.7282242156432677,0.4733467455768658,(17.282242156432677-9.864000509610034e-16j),(9.101749075413954+8.304682500940101e-17j)
max_co2_enhancement_factor,environmental_control_parameters,(1.7259585571291518-1.1913126918237527e-16j),(-1.2997425077153697+4.044867465054082e-17j),1.7259585571291518,0.24694454432481994,(17.259585571291517-1.1913126918237527e-15j),(12.997425077153697-4.0448674650540815e-16j)
heterosis_factor,genetic_parameters,(1.7251773533892187-1.0901617152799438e-16j),(-1.3537734552834932+6.63741746966949e-17j),1.7251773533892187,0.2152844734346178,(17.251773533892187-1.0901617152799437e-15j),(13.537734552834932-6.637417469669489e-16j)
stress_redistribution_rates_magnesium,nutrient_mobility,(1.153336558075729-7.763666841864097e-17j),(-1.7247236068459053+1.105175887548438e-16j),1.7247236068459053,-0.3312919510709907,(11.533365580757291-7.763666841864097e-16j),(17.247236068459053-1.105175887548438e-15j)
stress_memory_days,stress_parameters,(1.7238996953054952-1.3162899958672303e-16j),(-0.3376270284104097+2.3615396575883166e-17j),1.7238996953054952,0.8041492615087572,(17.23899695305495-1.3162899958672302e-15j),(3.376270284104097-2.3615396575883166e-16j)
amino_acid_uptake_rate,nitrogen_parameters,(1.7221916812606501-7.223331250282416e-17j),(-0.944290666812031-8.98588106743531e-18j),1.7221916812606501,0.45169247007347807,(17.2219168126065-7.223331250282415e-16j),(9.44290666812031+8.98588106743531e-17j)
drought_threshold,phenology,(1.719038645073885-3.790509607681845e-17j),(-0.9997087195567125+1.1463388680614657e-17j),1.719038645073885,0.4184489555127223,(17.19038645073885-3.7905096076818446e-16j),(9.997087195567124-1.1463388680614656e-16j)
nitrogen_stress_factor,nitrogen_parameters,(1.7162570883631751-7.451552611642268e-17j),(-0.7833975286517264+1.6869612127673898e-17j),1.7162570883631751,0.5435430193043709,(17.16257088363175-7.451552611642268e-16j),(7.833975286517264-1.6869612127673895e-16j)
heat_recovery_rate,stress_parameters,(1.7135603362090894-7.132469350862921e-17j),(-1.2395822612804765+5.990274480957446e-17j),1.7135603362090894,0.2766042519268361,(17.135603362090894-7.13246935086292e-16j),(12.395822612804764-5.990274480957446e-16j)
boron_recovery,senescence_parameters,(1.7131242387435917-8.173703100993374e-17j),(-0.736524568388877+4.455984674159612e-19j),1.7131242387435917,0.5700693786639518,(17.131242387435915-8.173703100993374e-16j),(7.36524568388877-4.4559846741596114e-18j)
daily_biomass_loss_factor,senescence_parameters,(1.7040464513032891-8.524616077289734e-17j),(0.26092714365989006-5.881615522148123e-17j),1.7040464513032891,0.8468779161152985,(17.04046451303289-8.524616077289733e-16j),(-2.6092714365989007+5.881615522148123e-16j)
reference_leaf_n,respiration_parameters,(1.703704889452498-8.596777311189806e-17j),(-1.0599341808518046+1.1727355274797344e-17j),1.703704889452498,0.3778651529300801,(17.03704889452498-8.596777311189806e-16j),(10.599341808518044-1.1727355274797343e-16j)
photoperiod_slope,phenology,(1.2479938263372476-8.349567358246632e-17j),(-1.698709857333915+1.1748064767434787e-16j),1.698709857333915,-0.26532843678440504,(12.479938263372475-8.349567358246632e-16j),(16.98709857333915-1.1748064767434785e-15j)
remobilization_rates_metabolic,nitrogen_parameters,(0.5076497567500359+5.320997891136551e-19j),(-1.6981480436711445+1.181987541288349e-16j),1.6981480436711445,-0.7010568315041765,(5.0764975675003585+5.32099789113655e-18j),(16.981480436711443-1.181987541288349e-15j)
senescence_rate,nitrogen_parameters,(1.695805836941582-1.2220542941187121e-16j),(-1.4180667271131426+4.26194635025075e-17j),1.695805836941582,0.16378001760469652,(16.95805836941582-1.222054294118712e-15j),(14.180667271131425-4.26194635025075e-16j)
min_history_threshold,respiration_parameters,(1.6945491266031067-9.063872675170931e-17j),(-0.5981462136095644-3.011245701406706e-17j),1.6945491266031067,0.6470174843448722,(16.945491266031066-9.06387267517093e-16j),(5.981462136095645+3.0112457014067063e-16j)
initial_root_activity,root_system,(1.0156416509960615-6.102203439505423e-17j),(-1.6940193800133543+1.419877112110979e-16j),1.6940193800133543,-0.40045452668430803,(10.156416509960614-6.102203439505423e-16j),(16.940193800133542-1.419877112110979e-15j)
stress_onset_temperature,stress_parameters,(0.4701834810543011+4.242432513125133e-17j),(-1.6924802006362958+9.811040150212722e-17j),1.6924802006362958,-0.7221926254277401,(4.70183481054301+4.2424325131251326e-16j),(16.924802006362956-9.811040150212722e-16j)
normal_senescence_multiplier,senescence_parameters,(1.682463430335985-1.20868776345631e-16j),(-0.4462034518424154-9.534277737278125e-18j),1.682463430335985,0.7347915896434615,(16.82463430335985-1.20868776345631e-15j),(4.462034518424153+9.534277737278124e-17j)
V5_to_V6,thermal_requirements,(1.6821129714733711-6.671983344152983e-17j),(-0.6183201017288171+5.4138175385038e-17j),1.6821129714733711,0.6324146402680508,(16.82112971473371-6.671983344152982e-16j),(6.18320101728817-5.4138175385038e-16j)
ROOT_ACTIVITY,genetic_parameters,(1.0078013701692194-3.663077382208165e-17j),(-1.682061945570572+6.128261031749738e-17j),1.682061945570572,-0.4008535935177089,(10.078013701692194-3.663077382208165e-16j),(16.82061945570572-6.128261031749738e-16j)
V4_to_V5,thermal_requirements,(1.6819903996884005-5.071106728278326e-17j),(-0.3466410375824853-4.7854428678399206e-18j),1.6819903996884005,0.7939102163444555,(16.819903996884005-5.071106728278326e-16j),(3.466410375824853+4.78544286783992e-17j)
mean_leaf_angle,canopy_parameters,(1.6816360859077513-8.684754846704924e-17j),(-1.030690786008861+2.672197183793849e-17j),1.6816360859077513,0.3870904682373704,(16.816360859077513-8.684754846704924e-16j),(10.306907860088609-2.672197183793849e-16j)
nutrient_stress_tolerance,genetic_parameters,(0.07572353698406942+5.5384881091856e-17j),(-1.6811115095559626+6.532198330209717e-17j),1.6811115095559626,-0.9549562675922251,(0.7572353698406942+5.5384881091856e-16j),(16.811115095559625-6.532198330209718e-16j)
channel_width,root_system,(1.010512730228919-1.406414157758579e-17j),(-1.6802318955998072+1.3707218882089185e-16j),1.6802318955998072,-0.39858734209530805,(10.105127302289189-1.406414157758579e-16j),(16.80231895599807-1.3707218882089183e-15j)
enzyme_saturation_lai,photosynthesis,(1.5144374150262805-9.888586396893674e-17j),(-1.678233729880718+9.433577578327724e-17j),1.678233729880718,-0.09760041878438437,(15.144374150262804-9.888586396893674e-16j),(16.782337298807178-9.433577578327723e-16j)
n_effect_slope,respiration_parameters,(1.615233354277567-4.651544308007783e-17j),(-1.6767727483570665+1.2581828521447743e-16j),1.6767727483570665,-0.03670109389587643,(16.15233354277567-4.651544308007783e-16j),(16.767727483570663-1.2581828521447743e-15j)
critical_n_concentrations_stems_optimal,nitrogen_parameters,(1.6308917944898162-5.58197029942105e-17j),(-1.6717823019403957+1.0317893951309652e-16j),1.6717823019403957,-0.024459229771196193,(16.308917944898162-5.58197029942105e-16j),(16.717823019403955-1.0317893951309652e-15j)
rzt_water_uptake_sensitivity_low,root_zone_temperature,(1.6677421865503423-6.015022315979361e-17j),(-1.0995216080122945+7.912346217324823e-17j),1.6677421865503423,0.3407124812938799,(16.677421865503423-6.015022315979361e-16j),(10.995216080122944-7.912346217324822e-16j)
severe_deficiency_threshold,nitrogen_parameters,(1.6665769000370352-4.311551291658764e-17j),(-1.0512924289870422+6.820799534341449e-17j),1.6665769000370352,0.3691905672257427,(16.66576900037035-4.3115512916587635e-16j),(10.512924289870423-6.820799534341449e-16j)
natural_lifespan_gdd,senescence_parameters,(1.6657275829813696-1.0752297904829779e-16j),(0.20660110446398006-4.503799988571156e-17j),1.6657275829813696,0.8759694522833085,(16.657275829813695-1.0752297904829779e-15j),(-2.0660110446398003+4.503799988571156e-16j)
minimum_leaf_life,leaf_development,(1.286757369197071-1.0339038195959725e-16j),(-1.660722413647366+5.526600045724098e-17j),1.660722413647366,-0.22518215047689588,(12.86757369197071-1.0339038195959725e-15j),(16.607224136473658-5.526600045724098e-16j)
ph_min,root_system,(0.5868386885095077-5.228821040463913e-17j),(-1.6573445291736126+7.324851506555111e-17j),1.6573445291736126,-0.6459162967146498,(5.868386885095076-5.228821040463913e-16j),(16.573445291736125-7.324851506555111e-16j)
default_phosphorus_content,nutrient_mobility,(1.6573349251585765-8.444303160216742e-17j),(-1.6283097913899096+1.2127967115396608e-16j),1.6573349251585765,0.017513137102260556,(16.573349251585764-8.444303160216741e-16j),(16.283097913899095-1.2127967115396608e-15j)
target_co2,environment,(1.6515044684330498-8.347776173755998e-17j),(-0.3489356012185719-6.956770709837529e-18j),1.6515044684330498,0.7887165261201852,(16.515044684330498-8.347776173755998e-16j),(3.489356012185719+6.956770709837528e-17j)
mobility_classifications_boron_remobilization_efficiency,nutrient_mobility,(1.6500732602320995-1.0507474552834554e-16j),(-0.40824042871636873+1.9116106136775233e-17j),1.6500732602320995,0.7525925432795962,(16.500732602320994-1.0507474552834553e-15j),(4.082404287163687-1.9116106136775232e-16j)
leaf_appearance_rate,leaf_development,(0.548722152775052-3.2747439117730904e-18j),(-1.6477448536921147+7.929171815147135e-17j),1.6477448536921147,-0.6669859708282347,(5.48722152775052-3.27474391177309e-17j),(16.477448536921145-7.929171815147135e-16j)
max_temp,leaf_development,(1.3632385460923615-2.3211895658158927e-17j),(-1.6476493422768224+9.977804254913927e-17j),1.6476493422768224,-0.1726160954802705,(13.632385460923613-2.3211895658158925e-16j),(16.476493422768222-9.977804254913926e-16j)
low_flow_factor,root_system,(1.6466510932978846-6.176646316281883e-17j),(-1.0555330741080953+7.622729142011051e-17j),1.6466510932978846,0.3589819492397192,(16.466510932978846-6.176646316281883e-16j),(10.555330741080953-7.62272914201105e-16j)
leaf_transmittance,canopy_parameters,(1.643309308089442-5.717874259188232e-17j),(-0.3256234955704993+1.2373709614048681e-17j),1.643309308089442,0.8018489313195223,(16.43309308089442-5.717874259188231e-16j),(3.2562349557049926-1.237370961404868e-16j)
luxury_uptake_threshold,nitrogen_parameters,(1.6403174546270571-9.013576728459261e-17j),(-0.38735304636141293-6.105398947359537e-18j),1.6403174546270571,0.7638548286682216,(16.40317454627057-9.013576728459261e-16j),(3.873530463614129+6.105398947359537e-17j)
number_of_plants,system,(1.64013228228281-8.610756786064571e-17j),(-0.045367083617704876-2.9016421162602043e-17j),1.64013228228281,0.9723393752395624,(16.4013228228281-8.610756786064571e-16j),(0.45367083617704873+2.901642116260204e-16j)
growth_respiration_fraction,model_constants,(0.16020842323528492-9.456135507079026e-18j),(-1.6398273560840941+1.0162887078902454e-16j),1.6398273560840941,-0.9023016522801142,(1.602084232352849-9.456135507079025e-17j),(16.39827356084094-1.0162887078902454e-15j)
nitrogen_recovery,senescence_parameters,(1.639025194476826-8.324359296282451e-17j),(-0.09623108207963725-7.034608517930681e-18j),1.639025194476826,0.9412876126590879,(16.39025194476826-8.324359296282451e-16j),(0.9623108207963724+7.034608517930682e-17j)
ph_min_limit,nutrient_parameters,(1.6356765118697443-1.129734058499305e-16j),(-0.28908576836113703-9.010258889525755e-18j),1.6356765118697443,0.8232622610502106,(16.356765118697442-1.129734058499305e-15j),(2.89085768361137+9.010258889525755e-17j)
po4_uptake_vmax,nutrient_parameters,(1.63419141394209-1.0324103414726428e-16j),(-0.5862605635528886-9.319843016002567e-18j),1.63419141394209,0.6412534305643687,(16.3419141394209-1.0324103414726427e-15j),(5.862605635528886+9.319843016002566e-17j)
stress_response_capacity,genetic_parameters,(1.4645758303071639-5.579231011468338e-17j),(-1.6339547462740467+1.0910789399160727e-16j),1.6339547462740467,-0.1036619382226603,(14.645758303071638-5.579231011468338e-16j),(16.339547462740466-1.0910789399160727e-15j)
sink_strength_coefficients_senescence_leaves,nutrient_mobility,(1.6333613604662802-1.3220787421530186e-16j),(-0.9107121412247979+1.8947458714072168e-17j),1.6333613604662802,0.4424307056187405,(16.3336136046628-1.3220787421530186e-15j),(9.107121412247979-1.8947458714072167e-16j)
lipid_fraction,model_constants,(1.597120889082769-1.0363240449141845e-16j),(-1.630685110715497+6.184911311333068e-17j),1.630685110715497,-0.020582895748646947,(15.97120889082769-1.0363240449141845e-15j),(16.30685110715497-6.184911311333069e-16j)
optimal_ec_max,stress_parameters,(1.630362033159061-5.233540393954707e-17j),(-0.8062048101581267+1.1612693299071346e-17j),1.630362033159061,0.5055056522654733,(16.303620331590608-5.233540393954707e-16j),(8.062048101581267-1.1612693299071345e-16j)
bottom_canopy_lai_factor,canopy_parameters,(1.6288470202979426-6.813003526266449e-17j),(-0.600716534945786-1.0426975966501079e-18j),1.6288470202979426,0.6312013789754761,(16.288470202979425-6.813003526266449e-16j),(6.00716534945786+1.0426975966501078e-17j)
carbon_to_co2_ratio,respiration_parameters,(1.3866723161331715-6.202548713951356e-17j),(-1.6273897624875222+5.910693221994189e-17j),1.6273897624875222,-0.1479162840415105,(13.866723161331715-6.202548713951356e-16j),(16.27389762487522-5.910693221994188e-16j)
circadian_amplitude_2,respiration_parameters,(0.759251976037159-2.2279344932735352e-18j),(-1.6263633814683947+9.040477288206587e-17j),1.6263633814683947,-0.53315969562002,(7.59251976037159-2.2279344932735352e-17j),(16.263633814683946-9.040477288206586e-16j)
gamma_star,photosynthesis,(0.9225969426030751-9.118226499224795e-17j),(-1.624265106571782+4.7243714107029277e-17j),1.624265106571782,-0.43199115780407715,(9.225969426030751-9.118226499224794e-16j),(16.24265106571782-4.724371410702927e-16j)
storage_pool_sizes_stems_phosphorus,nutrient_mobility,(1.62400667750852-3.860157771049961e-17j),(-1.2924953539226687+9.6541506640788e-17j),1.62400667750852,0.20413174907288034,(16.2400667750852-3.8601577710499603e-16j),(12.924953539226685-9.6541506640788e-16j)
head_formation_default,thermal_requirements,(1.4624086929371711-8.292791196062734e-17j),(-1.6233366869850276+9.352597580409153e-17j),1.6233366869850276,-0.09913408311293884,(14.62408692937171-8.292791196062734e-16j),(16.233366869850276-9.352597580409152e-16j)
rzt_pump_heat_generation,root_zone_temperature,(1.6216731308832633-5.4329923005570583e-17j),(-0.9643098488432941+3.79416330299651e-17j),1.6216731308832633,0.405361148015031,(16.21673130883263-5.432992300557058e-16j),(9.64309848843294-3.79416330299651e-16j)
severe_stress_base,respiration_parameters,(1.621114627485691-7.303800806090638e-17j),(-1.0147113566274066+7.39413870038545e-17j),1.621114627485691,0.3740656339637135,(16.211146274856908-7.303800806090638e-16j),(10.147113566274065-7.394138700385449e-16j)
k_uptake_km,nutrient_parameters,(1.6208617825359501-3.741141172241644e-17j),(-1.4938235028394455+5.066109403106943e-17j),1.6208617825359501,0.07837699738823162,(16.2086178253595-3.7411411722416436e-16j),(14.938235028394454-5.066109403106942e-16j)
photosynthesis_sensitivity_low,root_zone_temperature,(1.6208312105348424-5.265115009454566e-17j),(-0.9909918416308514+8.830562555669916e-17j),1.6208312105348424,0.3885903509324431,(16.208312105348423-5.265115009454566e-16j),(9.909918416308514-8.830562555669916e-16j)
xylem_transport_rates_iron,nutrient_mobility,(0.44172391172191006-2.942538474982387e-17j),(-1.6206048401809054+7.307790327225276e-17j),1.6206048401809054,-0.7274326839153453,(4.417239117219101-2.942538474982387e-16j),(16.206048401809053-7.307790327225276e-16j)
initial_cu,nutrient_concentrations,(1.11099922407556-5.422607660973836e-17j),(-1.6198968889264451+7.695277063633873e-17j),1.6198968889264451,-0.3141543565702797,(11.109992240755599-5.422607660973835e-16j),(16.19896888926445-7.695277063633873e-16j)
remobilization_rates_transport,nitrogen_parameters,(1.3986818941377201-9.791038950314365e-17j),(-1.6140371405151228+1.3296451675992728e-16j),1.6140371405151228,-0.13342645034095788,(13.9868189413772-9.791038950314365e-16j),(16.140371405151228-1.3296451675992727e-15j)
age_effect_coefficient,respiration_parameters,(1.6138037689140408-5.733427074790081e-17j),(-1.0283574673249094+3.6336474840054935e-17j),1.6138037689140408,0.36277415684999254,(16.138037689140408-5.733427074790081e-16j),(10.283574673249094-3.6336474840054935e-16j)
transition_defaults_reproductive,thermal_requirements,(1.4742238218195505-5.836727644278615e-17j),(-1.610154286016995+8.942637039052692e-17j),1.610154286016995,-0.08442076972244252,(14.742238218195505-5.836727644278615e-16j),(16.10154286016995-8.942637039052691e-16j)
mobility_classifications_potassium_retranslocation_rate,nutrient_mobility,(1.3548451827300698-7.65488121863571e-17j),(-1.6100545839584275+5.834803733343674e-17j),1.6100545839584275,-0.15850978207267247,(13.548451827300697-7.65488121863571e-16j),(16.100545839584274-5.834803733343673e-16j)
max_diurnal_factor,respiration_parameters,(1.6094409461031558-5.184041054380811e-17j),(-0.08445570027912902-6.918698078259421e-18j),1.6094409461031558,0.9475248219056334,(16.094409461031557-5.18404105438081e-16j),(0.8445570027912902+6.91869807825942e-17j)
reproductive_priority_factor,senescence_parameters,(1.0066240673080453-3.6144891592052764e-17j),(-1.609270986706937+6.173403229599255e-17j),1.609270986706937,-0.3744844245480946,(10.066240673080452-3.6144891592052764e-16j),(16.09270986706937-6.173403229599256e-16j)
size_penalty_threshold,respiration_parameters,(0.6975928290462723+2.0518799464808365e-17j),(-1.6031484643802933+6.111102628243611e-17j),1.6031484643802933,-0.5648607446248398,(6.975928290462723+2.0518799464808363e-16j),(16.031484643802933-6.111102628243611e-16j)
excess_lai_efficiency,photosynthesis,(1.6003080850346245-1.170072658733013e-16j),(-0.929151633840489+4.646892907080811e-18j),1.6003080850346245,0.4193920267419097,(16.003080850346244-1.1700726587330129e-15j),(9.29151633840489-4.6468929070808106e-17j)
water_temp_interaction_factor,water,(0.6277437920419346-5.66589019608178e-17j),(-1.597944331482962+6.513647845661838e-17j),1.597944331482962,-0.6071554060588825,(6.277437920419346-5.66589019608178e-16j),(15.97944331482962-6.513647845661838e-16j)
max_acclimation_days,stress_parameters,(1.2754629348041175-4.0621955992025505e-17j),(-1.5920081905245418+5.174920667424899e-17j),1.5920081905245418,-0.1988339366621773,(12.754629348041174-4.0621955992025504e-16j),(15.920081905245418-5.174920667424899e-16j)
molybdenum_recovery,senescence_parameters,(0.23083847620691036+5.429444771137046e-17j),(-1.5916833725887891+4.486443717899635e-17j),1.5916833725887891,-0.8549721130582247,(2.3083847620691036+5.429444771137046e-16j),(15.91683372588789-4.486443717899635e-16j)
temp_stress_factor,stress_parameters,(1.590547367017366-1.2374441079837857e-16j),(-0.6326683694645804+5.636540848209098e-17j),1.590547367017366,0.6022322990286194,(15.90547367017366-1.2374441079837856e-15j),(6.326683694645803-5.636540848209098e-16j)
mobility_classifications_iron_remobilization_efficiency,nutrient_mobility,(1.5901702252339547-5.4029024455427497e-17j),(-0.3795713984467621-1.0300874943909001e-17j),1.5901702252339547,0.7613014050801276,(15.901702252339545-5.40290244554275e-16j),(3.7957139844676204+1.0300874943909e-16j)
carbohydrate_fraction,model_constants,(1.586581301088322-6.217961973640137e-17j),(-0.4976248319388673-5.094675915958398e-18j),1.586581301088322,0.6863540295114285,(15.86581301088322-6.217961973640137e-16j),(4.976248319388673+5.0946759159583976e-17j)
storage_pool_sizes_roots_nitrogen,nutrient_mobility,(1.5856201006282293-9.397145042859085e-17j),(-0.8288444452515634-8.946763109238847e-18j),1.5856201006282293,0.47727425697796605,(15.856201006282292-9.397145042859085e-16j),(8.288444452515634+8.946763109238846e-17j)
cold_threshold_moderate,stress_parameters,(1.5694914217837206-7.019573682279109e-17j),(-1.5844650025136067+1.024499759270806e-16j),1.5844650025136067,-0.009450243903230356,(15.694914217837205-7.019573682279109e-16j),(15.844650025136065-1.024499759270806e-15j)
death_threshold,senescence_parameters,(1.5842047488298479-7.513171368959884e-17j),(-1.5485435535624643+6.312028386588506e-17j),1.5842047488298479,0.02251047113305538,(15.842047488298478-7.513171368959884e-16j),(15.485435535624642-6.312028386588506e-16j)
critical_n_concentrations_stems_maximum,nitrogen_parameters,(1.298435812475632-9.915879413592455e-17j),(-1.5839651573237152+1.1243410349465375e-16j),1.5839651573237152,-0.18026238994455965,(12.984358124756318-9.915879413592454e-16j),(15.839651573237152-1.1243410349465374e-15j)
coarse_min_activity,root_system,(0.8229442632791214-1.5892819719474368e-17j),(-1.5813677465982678+6.766407072916397e-17j),1.5813677465982678,-0.4795996914383869,(8.229442632791214-1.5892819719474367e-16j),(15.813677465982678-6.766407072916397e-16j)
ph_penalty_factor,root_system,(1.398291529050516-7.506734671336081e-17j),(-1.5807135733694504+9.31447489863664e-17j),1.5807135733694504,-0.11540486992218546,(13.98291529050516-7.50673467133608e-16j),(15.807135733694503-9.31447489863664e-16j)
vernalization_temperature,phenology,(0.27295483070378723-2.838780429622472e-17j),(-1.5804088002811854+4.238614996489971e-17j),1.5804088002811854,-0.8272884644433622,(2.7295483070378723-2.838780429622472e-16j),(15.804088002811852-4.2386149964899705e-16j)
fine_diameter_mean,root_system,(1.0457109755674592-4.42520051918645e-17j),(-1.580177119235819+6.970868934900505e-17j),1.580177119235819,-0.338231795133719,(10.457109755674592-4.42520051918645e-16j),(15.801771192358189-6.970868934900505e-16j)
critical_n_concentrations_roots_optimal,nitrogen_parameters,(1.295189173531134-4.858465322248392e-17j),(-1.575252583018746+3.0193832102380254e-17j),1.575252583018746,-0.1777895256333499,(12.95189173531134-4.858465322248391e-16j),(15.752525830187459-3.019383210238025e-16j)
wind_speed_2m,environment,(1.5715910801202684-1.0537849374738357e-16j),(-0.895939688213005+6.607804426409466e-17j),1.5715910801202684,0.42991551711756865,(15.715910801202684-1.0537849374738357e-15j),(8.959396882130049-6.607804426409466e-16j)
bolting_photoperiod_divisor,phenology,(1.334508302549271-1.0322858363489289e-16j),(-1.5715032779232205+7.825005734262271e-17j),1.5715032779232205,-0.1508078148504686,(13.345083025492709-1.0322858363489289e-15j),(15.715032779232205-7.82500573426227e-16j)
xylem_transport_rates_zinc,nutrient_mobility,(1.5678675224117766-9.951292983056089e-17j),(-1.569330062567374+8.106912761433358e-17j),1.569330062567374,-0.0009319519140573697,(15.678675224117766-9.951292983056088e-16j),(15.69330062567374-8.106912761433358e-16j)
HD_to_HM,thermal_requirements,(1.291821324739571-1.0530985793108055e-16j),(-1.5693251921897724+1.199696098272482e-16j),1.5693251921897724,-0.1768300597169309,(12.918213247395707-1.0530985793108055e-15j),(15.693251921897723-1.1996960982724818e-15j)
system_multipliers_nft_branching_multiplier,root_system,(1.2457465562449301-4.755865876213559e-17j),(-1.5687077543832406+9.191401308751305e-17j),1.5687077543832406,-0.2058772242541041,(12.4574655624493-4.755865876213558e-16j),(15.687077543832405-9.191401308751305e-16j)
temperature_tolerance,genetic_parameters,(1.5667403828031834-4.7371541100357197e-17j),(-0.7493866479572656+1.557731699710023e-17j),1.5667403828031834,0.5216906028703513,(15.667403828031834-4.73715411003572e-16j),(7.493866479572656-1.557731699710023e-16j)
tissue_factor_leaves,respiration_parameters,(1.565226997253652-6.68710217326387e-17j),(-1.4820538685531053+1.3950480306566738e-16j),1.565226997253652,0.053138061665485216,(15.65226997253652-6.687102173263869e-16j),(14.820538685531051-1.3950480306566737e-15j)
primary_root_growth_rate,root_system,(1.557062161096331-8.91547841960336e-17j),(-0.9580141996755378+5.703701977162834e-17j),1.557062161096331,0.3847296378964101,(15.570621610963311-8.91547841960336e-16j),(9.580141996755378-5.703701977162833e-16j)
rd_25,photosynthesis,(0.7095838897060572-5.130422842407662e-17j),(-1.5551752591605918+4.403150616404492e-17j),1.5551752591605918,-0.543727380225264,(7.095838897060572-5.130422842407662e-16j),(15.551752591605918-4.4031506164044915e-16j)
metabolic_water_per_lai,model_constants,(1.262294908628264-6.248999815818934e-17j),(-1.552148591363652+6.280501012853223e-17j),1.552148591363652,-0.18674351434403247,(12.62294908628264-6.248999815818934e-16j),(15.521485913636518-6.280501012853222e-16j)
redistribution_thresholds_nitrogen,nutrient_mobility,(1.5505860758508143-9.755836887387576e-17j),(-0.2834676668681198-5.794736707799064e-17j),1.5505860758508143,0.8171867584245012,(15.505860758508142-9.755836887387576e-16j),(2.834676668681198+5.794736707799064e-16j)
ec_uptake_modifier_n_low,nutrient_parameters,(0.6733382181491794-9.453489089613057e-18j),(-1.5467607615018253+4.2205076979385814e-17j),1.5467607615018253,-0.5646784978593571,(6.733382181491794-9.453489089613057e-17j),(15.467607615018252-4.220507697938581e-16j)
dehumidifier_capacity,control_equipment_parameters,(1.1382847998299697-6.438523533826627e-17j),(-1.5448806765326937+9.504141035023699e-17j),1.5448806765326937,-0.2631891788660866,(11.382847998299695-6.4385235338266265e-16j),(15.448806765326935-9.5041410350237e-16j)
critical_n_concentrations_reproductive_maximum,nitrogen_parameters,(0.30114026468189853+1.3732358828447448e-17j),(-1.5446450481120912+1.0139332089178984e-16j),1.5446450481120912,-0.8050424173178422,(3.011402646818985+1.3732358828447447e-16j),(15.44645048112091-1.0139332089178983e-15j)
pid_temperature_ki,environmental_control_parameters,(0.30244487438690704+5.526827948090083e-18j),(-1.5426527912204273+8.769172237466249e-17j),1.5426527912204273,-0.8039449472310383,(3.02444874386907+5.526827948090082e-17j),(15.426527912204271-8.769172237466248e-16j)
mg_uptake_vmax,nutrient_parameters,(0.9901723422215654-5.144313720525447e-17j),(-1.542604625525149+9.833399292031942e-17j),1.542604625525149,-0.35811657385347145,(9.901723422215653-5.144313720525447e-16j),(15.42604625525149-9.833399292031942e-16j)
solution_change_probability_increase,system,(1.5397127778323076-1.0146546876179594e-16j),(-1.3011053798321746+3.629802325616421e-17j),1.5397127778323076,0.15496877173160678,(15.397127778323075-1.0146546876179593e-15j),(13.011053798321745-3.6298023256164208e-16j)
base_root_conductance,root_system,(1.3038412439713416-1.0198644295600146e-16j),(-1.5373540605071605+5.70500343809437e-17j),1.5373540605071605,-0.15189267230919137,(13.038412439713415-1.0198644295600146e-15j),(15.373540605071604-5.70500343809437e-16j)
rapid_decline_slope,root_zone_temperature,(-0.4523535839170758+5.5285469695766335e-17j),(-1.5371577278549848+4.145307546014279e-17j),1.5371577278549848,-0.7057207756107702,(-4.523535839170758+5.528546969576633e-16j),(15.371577278549847-4.145307546014279e-16j)
sink_strength_coefficients_vegetative_stems,nutrient_mobility,(1.5369683087802428-7.287428589308656e-17j),(-1.07258078636218+9.315756163243847e-17j),1.5369683087802428,0.3021451514420663,(15.369683087802427-7.287428589308656e-16j),(10.7258078636218-9.315756163243847e-16j)
development_cold_sensitivity,stress_parameters,(0.7247426783664749-6.22818820160202e-17j),(-1.5359072333822512+6.967301655272532e-17j),1.5359072333822512,-0.5281338204453241,(7.247426783664748-6.228188201602019e-16j),(15.359072333822512-6.967301655272531e-16j)
bolting_maturity_risk_max,phenology,(1.5351219525486968-6.316976629053857e-17j),(0.12307132746502672-5.138639255339826e-17j),1.5351219525486968,0.9198296088068464,(15.351219525486966-6.316976629053857e-16j),(-1.2307132746502671+5.138639255339825e-16j)
default_co2,system,(1.5337434189025325-6.926884282166759e-17j),(-0.6813098916355633+4.162776563425387e-17j),1.5337434189025325,0.5557862656564333,(15.337434189025323-6.926884282166758e-16j),(6.813098916355632-4.1627765634253867e-16j)
remobilization_efficiency_roots,nitrogen_parameters,(1.5307655780729315-9.407350525656382e-17j),(-0.35443859562963553-3.3049259604499605e-17j),1.5307655780729315,0.7684566463299787,(15.307655780729313-9.407350525656382e-16j),(3.544385956296355+3.3049259604499605e-16j)
WTPSD,genetic_parameters,(1.525295983744522-6.277046177634571e-17j),(-1.0798436998713208+7.31413559406083e-17j),1.525295983744522,0.29204317628873516,(15.252959837445218-6.27704617763457e-16j),(10.798436998713207-7.314135594060829e-16j)
vpd_tolerance,environment,(1.525008971691285-6.052395313737491e-17j),(-0.3234396818156054-5.775604900384187e-17j),1.525008971691285,0.7879096531104993,(15.250089716912848-6.05239531373749e-16j),(3.234396818156054+5.775604900384187e-16j)
phloem_transport_rates_boron,nutrient_mobility,(1.5231795747880559-7.554034404601104e-17j),(-0.8846775157390093+1.7873214712138127e-18j),1.5231795747880559,0.41919027120481933,(15.231795747880557-7.554034404601103e-16j),(8.846775157390093-1.7873214712138125e-17j)
cold_threshold_severe,stress_parameters,(1.5206803495297359-6.206287802905364e-17j),(-1.3843191684127707+3.839902528983881e-17j),1.5206803495297359,0.08967116669794167,(15.206803495297358-6.206287802905364e-16j),(13.843191684127707-3.839902528983881e-16j)
PODUR,genetic_parameters,(1.5197060744786748-7.096107643388742e-17j),(0.12095116887345413-5.865114860804844e-17j),1.5197060744786748,0.9204114723862339,(15.197060744786747-7.096107643388742e-16j),(-1.2095116887345412+5.865114860804844e-16j)
r,photosynthesis,(0.43038801320329667-3.2236130945234074e-17j),(-1.5182604679740939+7.971942560408511e-17j),1.5182604679740939,-0.7165255749709474,(4.303880132032966-3.223613094523407e-16j),(15.182604679740939-7.97194256040851e-16j)
temperature_stress_threshold,senescence_parameters,(-0.20906124419085495+9.211495184930955e-18j),(-1.516521546173752+2.779249187602736e-17j),1.516521546173752,-0.8621442308430597,(-2.0906124419085494+9.211495184930954e-17j),(15.16521546173752-2.779249187602736e-16j)
optimal_light_intensity,environment,(1.2140671463943127-1.0125150214563218e-16j),(-1.515997781016127-4.2244863977966654e-18j),1.515997781016127,-0.19916297926204046,(12.140671463943127-1.0125150214563217e-15j),(15.159977810161267+4.2244863977966654e-17j)
stress_memory_duration,stress_parameters,(1.5148793645395837-7.97819572235174e-17j),(-1.154066271467945+6.785936585708421e-17j),1.5148793645395837,0.23817942307326917,(15.148793645395836-7.97819572235174e-16j),(11.54066271467945-6.78593658570842e-16j)
maintenance_base_rate,respiration_parameters,(1.5147346850070729-1.1970732782502873e-16j),(-0.9241507306335743+1.5722079536665072e-17j),1.5147346850070729,0.3898926724390291,(15.147346850070727-1.1970732782502871e-15j),(9.241507306335743-1.5722079536665071e-16j)
uptake_kinetics_NO3_vmax,nitrogen_parameters,(1.5122394135414865-7.0792285466268e-17j),(-1.2287555051064665+3.889001123029597e-17j),1.5122394135414865,0.18745967463652738,(15.122394135414863-7.0792285466268e-16j),(12.287555051064665-3.8890011230295965e-16j)
ec_factor_n_no3,nutrient_parameters,(0.4328739078599768+2.3915985246423464e-17j),(-1.5117466910841406+5.5408084488617476e-17j),1.5117466910841406,-0.7136597616433057,(4.328739078599768+2.3915985246423463e-16j),(15.117466910841404-5.540808448861747e-16j)
water_use_efficiency,water,(1.511326079754875-1.8968387808445234e-17j),(-0.446373814433515-9.408189477626672e-18j),1.511326079754875,0.7046475804176467,(15.11326079754875-1.8968387808445233e-16j),(4.463738144335149+9.408189477626672e-17j)
SLAVR,genetic_parameters,(0.9618854092145718-6.25841727667358e-17j),(-1.511182525609614+8.616826031433543e-17j),1.511182525609614,-0.36348826636508036,(9.618854092145718-6.258417276673579e-16j),(15.11182525609614-8.616826031433542e-16j)
phloem_transport_rates_zinc,nutrient_mobility,(0.7996228721211818+1.2602150173301222e-18j),(-1.5098524715304207+1.3473311782055477e-16j),1.5098524715304207,-0.47039668629964493,(7.996228721211818+1.2602150173301221e-17j),(15.098524715304206-1.3473311782055477e-15j)
leaf_angle_variance,canopy_parameters,(1.5088077912153435-7.725010397709875e-17j),(-1.0729500718843783+3.381103461157463e-17j),1.5088077912153435,0.2888755757152355,(15.088077912153434-7.725010397709874e-16j),(10.729500718843783-3.3811034611574625e-16j)
initial_k,nutrient_concentrations,(1.5071207844563193-1.1355123102611496e-16j),(-0.824048853126008+7.978887488886273e-17j),1.5071207844563193,0.4532297201227462,(15.071207844563192-1.1355123102611494e-15j),(8.240488531260079-7.978887488886273e-16j)
metabolic_n_concentration,nitrogen_parameters,(1.5054785955599088-6.224575407777735e-17j),(-1.4809163777871643+2.257970503570908e-18j),1.5054785955599088,0.01631522217930268,(15.054785955599087-6.224575407777735e-16j),(14.809163777871643-2.257970503570908e-17j)
default_critical_n_concentration,nitrogen_parameters,(1.504519373766079-1.043600027724474e-16j),(-1.012948008441541+7.610791092837278e-17j),1.504519373766079,0.32672983405594014,(15.045193737660789-1.043600027724474e-15j),(10.129480084415409-7.610791092837278e-16j)
default_humidity,system,(0.7615361129105804-3.880226236434067e-17j),(-1.4997964715397225+7.621001426711285e-17j),1.4997964715397225,-0.49224036236812085,(7.615361129105803-3.880226236434067e-16j),(14.997964715397224-7.621001426711285e-16j)
GE_to_VE,thermal_requirements,(0.7884168778619859+2.6123784989866665e-17j),(-1.4993438914835142+6.678764195439577e-17j),1.4993438914835142,-0.47415874214027515,(7.884168778619858+2.6123784989866665e-16j),(14.993438914835142-6.678764195439577e-16j)
optimal_flow_rate,root_system,(1.4955645778723181-2.8290534333912884e-17j),(-0.702487825119744-1.613996978609808e-17j),1.4955645778723181,0.5302858629353564,(14.95564577872318-2.8290534333912884e-16j),(7.024878251197439+1.613996978609808e-16j)
redistribution_thresholds_potassium,nutrient_mobility,(1.4940791564326217-5.292055782592096e-17j),(-1.150003550433589+8.69709395150692e-17j),1.4940791564326217,0.23029275558637335,(14.940791564326217-5.292055782592096e-16j),(11.500035504335889-8.697093951506919e-16j)
ppfd_to_photosynthesis_factor,canopy_parameters,(1.4788797058722631-8.180343434222426e-17j),(-0.8182987276839278+3.251608688295526e-17j),1.4788797058722631,0.44667661309120194,(14.788797058722631-8.180343434222426e-16j),(8.182987276839278-3.251608688295526e-16j)
mobility_classifications_zinc_retranslocation_rate,nutrient_mobility,(0.34936339124895355+3.490438900061313e-17j),(-1.478654473862378+6.795744714567054e-17j),1.478654473862378,-0.7637288511788795,(3.4936339124895355+3.490438900061313e-16j),(14.786544738623778-6.795744714567053e-16j)
flow_rate_variation,system,(0.7748325459046266+1.468646741025151e-17j),(-1.478070739027014+4.5845113830996965e-17j),1.478070739027014,-0.4757811480560909,(7.748325459046265+1.468646741025151e-16j),(14.78070739027014-4.584511383099696e-16j)
beam_extinction_coeff,canopy_parameters,(1.3806764120762172-6.207848292878318e-17j),(-1.4778820633475434+6.332230953709773e-17j),1.4778820633475434,-0.0657736186682895,(13.806764120762171-6.207848292878318e-16j),(14.778820633475434-6.332230953709772e-16j)
recovery_rate_frost,stress_parameters,(0.8352266888410633-3.830364049005395e-17j),(-1.4774471356625318+1.070841489112127e-16j),1.4774471356625318,-0.4346825218443281,(8.352266888410632-3.830364049005395e-16j),(14.774471356625318-1.070841489112127e-15j)
cold_recovery_rate,stress_parameters,(1.4716542176086915-9.703297300376184e-17j),(-0.8793500011492285+7.093099631947304e-17j),1.4716542176086915,0.402475125863401,(14.716542176086914-9.703297300376184e-16j),(8.793500011492284-7.093099631947304e-16j)
critical_n_concentrations_reproductive_critical,nitrogen_parameters,(0.3879589048182615-5.69281892598758e-18j),(-1.471601845065086+2.3697617110532693e-17j),1.471601845065086,-0.7363696531645061,(3.879589048182615-5.69281892598758e-17j),(14.716018450650859-2.369761711053269e-16j)
cold_recovery_threshold,stress_parameters,(1.4695222672657693-1.2342065311273528e-16j),(0.20151488147225433-5.732296407586707e-17j),1.4695222672657693,0.8628704811345268,(14.695222672657692-1.2342065311273529e-15j),(-2.015148814722543+5.732296407586707e-16j)
buffering_capacities_stems_phosphorus,nutrient_mobility,(0.5573073857182708+3.3072491931876374e-17j),(-1.4692994558431731+9.388365749608776e-17j),1.4692994558431731,-0.6206985693066537,(5.573073857182707+3.307249193187637e-16j),(14.69299455843173-9.388365749608775e-16j)
nitrogen_stress_threshold,leaf_development,(1.2981016427740015-3.1284828237012104e-17j),(-1.4684880328191605+4.01138061411194e-17j),1.4684880328191605,-0.11602844983221018,(12.981016427740014-3.12848282370121e-16j),(14.684880328191605-4.0113806141119396e-16j)
ci_fraction,photosynthesis,(1.4643084357210547-2.0904624047326233e-17j),(-0.8442054282902364+8.794985259206454e-17j),1.4643084357210547,0.4234784095370367,(14.643084357210547-2.090462404732623e-16j),(8.442054282902363-8.794985259206453e-16j)
memory_effect_strength,stress_parameters,(1.4622245049586082-8.319549826913374e-17j),(-0.6204897376701961+6.441864754992503e-17j),1.4622245049586082,0.5756535774321737,(14.622245049586082-8.319549826913374e-16j),(6.204897376701961-6.441864754992502e-16j)
min_ec_limit,nutrient_parameters,(1.2173142680311058-2.2337902027279692e-17j),(-1.459954229355782+9.439854516253004e-17j),1.459954229355782,-0.1661969645663092,(12.173142680311058-2.233790202727969e-16j),(14.599542293557818-9.439854516253004e-16j)
phosphate_buffer_pka2,nutrient_parameters,(1.4568123765612202-7.6151567777487e-17j),(-0.9087339256126197+3.620523429892751e-17j),1.4568123765612202,0.37621759655991527,(14.568123765612201-7.6151567777487e-16j),(9.087339256126196-3.6205234298927506e-16j)
chlorophyll_ratio,nitrogen_parameters,(0.5317417714746572-5.483108980121004e-17j),(-1.4559878313598382+8.931980124117038e-17j),1.4559878313598382,-0.634789687096471,(5.317417714746571-5.483108980121004e-16j),(14.559878313598382-8.931980124117037e-16j)
carbohydrate_respiration_cost,respiration_parameters,(0.669947637464443-6.281394572287087e-17j),(-1.4491313423347323+7.827409958609553e-17j),1.4491313423347323,-0.5376901886718748,(6.699476374644429-6.281394572287087e-16j),(14.491313423347322-7.827409958609553e-16j)
root_metabolism_sensitivity_high,root_zone_temperature,(1.3049983033007222-3.6991464612765635e-17j),(-1.4476689109944179+7.187652816312336e-17j),1.4476689109944179,-0.09855195936734859,(13.049983033007221-3.6991464612765633e-16j),(14.476689109944177-7.187652816312335e-16j)
recovery_rate,senescence_parameters,(1.4473740326683489-4.6800000368249704e-17j),(-1.0161412033958572+2.50332881555343e-17j),1.4473740326683489,0.29794152688885794,(14.473740326683487-4.68000003682497e-16j),(10.161412033958571-2.50332881555343e-16j)
co2_enrichment_duration,environment,(1.4460960822657383-4.266199516812639e-17j),(-0.5162668560775322-2.4048694297356814e-17j),1.4460960822657383,0.642992701239708,(14.460960822657382-4.2661995168126387e-16j),(5.162668560775321+2.4048694297356814e-16j)
leaf_reflectance,canopy_parameters,(1.1593874491514542-9.368476275947662e-17j),(-1.4444368694277339+6.65992249353383e-17j),1.4444368694277339,-0.19734294125932436,(11.59387449151454-9.368476275947661e-16j),(14.444368694277337-6.659922493533829e-16j)
stress_weight_water,stress_parameters,(1.4440617815729813-7.649271104325355e-17j),(-1.3469183171421273+9.657366372454488e-17j),1.4440617815729813,0.06727098914357942,(14.440617815729812-7.649271104325354e-16j),(13.469183171421273-9.657366372454488e-16j)
mobility_classifications_nitrogen_remobilization_efficiency,nutrient_mobility,(1.4428252733627585-6.591398462235654e-17j),(-1.3740605672883237+7.716909390170303e-17j),1.4428252733627585,0.04765975987803879,(14.428252733627584-6.591398462235654e-16j),(13.740605672883236-7.716909390170303e-16j)
clumping_factor,canopy_parameters,(1.4421661700817499-4.7606682052419826e-17j),(-0.8987428949715931+2.603377366488807e-17j),1.4421661700817499,0.3768104441663283,(14.421661700817499-4.760668205241982e-16j),(8.98742894971593-2.603377366488807e-16j)
optimal_vpd_min,stress_parameters,(1.4410619392255466-7.966950862915803e-17j),(-0.8858436557214443+1.2176595770923371e-17j),1.4410619392255466,0.38528412165440085,(14.410619392255466-7.966950862915803e-16j),(8.858436557214443-1.217659577092337e-16j)
stress_weight_light,stress_parameters,(1.4405643502716923-4.142000343851594e-17j),(-1.2812768402477142+3.736530873115968e-17j),1.4405643502716923,0.11057299175419431,(14.405643502716922-4.1420003438515934e-16j),(12.81276840247714-3.736530873115968e-16j)
ec_factor_cu,nutrient_parameters,(1.4381055852592564-5.709209119975697e-17j),(-0.9315433721322157+3.235429405239948e-17j),1.4381055852592564,0.3522427131355028,(14.381055852592564-5.709209119975696e-16j),(9.315433721322156-3.235429405239948e-16j)
buffering_capacities_roots_potassium,nutrient_mobility,(0.8618782977239947-4.4823851633230184e-17j),(-1.4380186549149245+7.442213479303879e-17j),1.4380186549149245,-0.4006487365249203,(8.618782977239947-4.482385163323018e-16j),(14.380186549149245-7.442213479303879e-16j)
uptake_kinetics_NH4_km,nitrogen_parameters,(1.4346913731629343-7.285272340849428e-17j),(-0.23302714250202988-2.3410078787106968e-17j),1.4346913731629343,0.8375768148739223,(14.346913731629343-7.285272340849428e-16j),(2.3302714250202987+2.3410078787106967e-16j)
vegetative_root_allocation,model_constants,(1.1568912789394115-4.987350663289698e-17j),(-1.4316469297510936+1.1954454266091403e-16j),1.4316469297510936,-0.19191578950227012,(11.568912789394114-4.987350663289698e-16j),(14.316469297510936-1.1954454266091401e-15j)
redistribution_thresholds_phosphorus,nutrient_mobility,(0.8822839734260148-2.0206140977718678e-17j),(-1.4300781817465453+7.734393024312734e-17j),1.4300781817465453,-0.3830519305255835,(8.822839734260148-2.0206140977718677e-16j),(14.300781817465452-7.734393024312733e-16j)
critical_n_concentrations_reproductive_optimal,nitrogen_parameters,(1.4300355940128469-3.322054631225374e-17j),(-1.282853618816915+2.2852117018084884e-17j),1.4300355940128469,0.10292189635848292,(14.300355940128467-3.322054631225374e-16j),(12.82853618816915-2.2852117018084883e-16j)
medium_root_fraction,root_system,(1.426135797736336-7.280006435574028e-17j),(-0.23021939259383584+3.3389496100007823e-18j),1.426135797736336,0.8385711985077042,(14.261357977363359-7.280006435574027e-16j),(2.3021939259383584-3.338949610000782e-17j)
root_zone_exploration,nitrogen_parameters,(1.4223836381222796-6.498559226786146e-17j),(-0.6937133903508349+8.180724198505544e-18j),1.4223836381222796,0.5122881255393085,(14.223836381222796-6.498559226786146e-16j),(6.937133903508348-8.180724198505545e-17j)
allocation_coefficients_reproductive_leaves,nitrogen_parameters,(0.06544666864413984+2.9261788328617004e-17j),(-1.4197036970027979+4.511827152602849e-17j),1.4197036970027979,-0.9539011775609888,(0.6544666864413984+2.9261788328617005e-16j),(14.197036970027979-4.511827152602849e-16j)
co2_response_km,environmental_control_parameters,(0.23100751939038117-2.961332849149894e-18j),(-1.419099789677358+7.662055397697139e-17j),1.419099789677358,-0.8372154509001074,(2.3100751939038116-2.961332849149894e-17j),(14.19099789677358-7.662055397697138e-16j)
light_saturation_threshold,environmental_control_parameters,(1.4187656869411178-5.983502914515266e-17j),(0.1640626761413398-1.844287633167338e-17j),1.4187656869411178,0.8843623879182886,(14.187656869411178-5.983502914515266e-16j),(-1.6406267614133978+1.8442876331673377e-16j)
sink_strength_coefficients_reproductive_stems,nutrient_mobility,(0.919840802709614-9.249269894168535e-18j),(-1.417941869582667+3.4879987229260313e-17j),1.417941869582667,-0.35128454667867004,(9.19840802709614-9.249269894168534e-17j),(14.179418695826671-3.487998722926031e-16j)
vcmax_25,photosynthesis,(1.4172397796181126-2.672912788811026e-17j),(-0.9607352209393366+7.052357612216547e-17j),1.4172397796181126,0.32210820303236554,(14.172397796181125-2.672912788811026e-16j),(9.607352209393365-7.052357612216546e-16j)
cold_threshold_mild,stress_parameters,(0.9162407603986837-4.915821502200365e-17j),(-1.415324259275578+9.095121699940846e-17j),1.415324259275578,-0.35262837869559727,(9.162407603986837-4.915821502200365e-16j),(14.15324259275578-9.095121699940846e-16j)
leaf_absorptance,canopy_parameters,(0.2919331507911041+2.9516002729319044e-17j),(-1.4145045091049235+1.2704064061215954e-16j),1.4145045091049235,-0.7936145491852586,(2.919331507911041+2.9516002729319044e-16j),(14.145045091049235-1.2704064061215953e-15j)
min_enzyme_factor,photosynthesis,(0.6520550309408012-9.395386688054456e-18j),(-1.4143238052195632+3.106021705177839e-17j),1.4143238052195632,-0.5389634053146871,(6.520550309408011-9.395386688054456e-17j),(14.143238052195631-3.106021705177839e-16j)
xylem_transport_rates_boron,nutrient_mobility,(1.4127189910238143-5.2450223961626695e-17j),(-1.3192340021657516+2.6559113531545267e-17j),1.4127189910238143,0.06617380346130478,(14.127189910238142-5.245022396162669e-16j),(13.192340021657515-2.6559113531545264e-16j)
alpha,photosynthesis,(1.4117090038436297-5.654199803383952e-17j),(0.38819874315727176-6.58430316619719e-17j),1.4117090038436297,0.7250150405640742,(14.117090038436297-5.654199803383951e-16j),(-3.881987431572717+6.58430316619719e-16j)
maintenance_coefficient,model_constants,(1.410103458412771-1.0705654267462586e-16j),(-0.555684164157861-1.4206079640073193e-17j),1.410103458412771,0.6059266709526792,(14.101034584127708-1.0705654267462586e-15j),(5.55684164157861+1.4206079640073193e-16j)
root_respiration_fraction,model_constants,(0.7292242448499628+8.486429813847038e-18j),(-1.4094976748476933+6.266251072783664e-17j),1.4094976748476933,-0.48263536871122475,(7.2922424484996275+8.486429813847038e-17j),(14.094976748476931-6.266251072783664e-16j)
max_carboxylation,photosynthesis,(1.4082638485350154-5.650166619774545e-17j),(-1.2294583871601352+7.557812878281908e-17j),1.4082638485350154,0.12696872220421437,(14.082638485350152-5.650166619774545e-16j),(12.294583871601352-7.557812878281908e-16j)
light_threshold,environment,(1.4072220371937523-5.5206298357237694e-17j),(-1.1792593078094558+8.516548011711726e-17j),1.4072220371937523,0.16199485465626604,(14.072220371937522-5.520629835723769e-16j),(11.792593078094557-8.516548011711725e-16j)
SIZLF,genetic_parameters,(1.4049661651893777-5.432787921700302e-17j),(-1.2001855873122667+6.949030808906897e-17j),1.4049661651893777,0.14575481100607737,(14.049661651893775-5.432787921700302e-16j),(12.001855873122665-6.949030808906896e-16j)
ec_uptake_low_threshold,nutrient_parameters,(1.284739850833136-6.5536493666696e-17j),(-1.4045734997288293+1.1420552443891277e-16j),1.4045734997288293,-0.08531675196693421,(12.84739850833136-6.553649366669599e-16j),(14.045734997288292-1.1420552443891277e-15j)
phosphate_acidification_factor,nutrient_parameters,(1.4031099562252318-9.564084786926242e-17j),(-1.0131010170046595+8.440944077471847e-17j),1.4031099562252318,0.27796035334950386,(14.031099562252317-9.564084786926241e-16j),(10.131010170046594-8.440944077471846e-16j)
sink_strength_coefficients_senescence_stems,nutrient_mobility,(1.0585992156172057-6.582946465270274e-17j),(-1.39772015926353+2.995331209805523e-17j),1.39772015926353,-0.24262434894336063,(10.585992156172058-6.582946465270274e-16j),(13.9772015926353-2.9953312098055227e-16j)
stress_redistribution_rates_sulfur,nutrient_mobility,(0.6678228687286923-5.848407668988569e-17j),(-1.3881084288926375+3.843951002680365e-17j),1.3881084288926375,-0.5188971878360774,(6.678228687286923-5.848407668988568e-16j),(13.881084288926374-3.8439510026803644e-16j)
max_age_effect,respiration_parameters,(0.508769662282397-4.246743447454545e-17j),(-1.3863570982989164+3.541160499820775e-17j),1.3863570982989164,-0.6330168735698285,(5.0876966228239695-4.2467434474545447e-16j),(13.863570982989163-3.5411604998207747e-16j)
max_leaf_number,leaf_development,(0.5758654714334401-3.0527003609167262e-18j),(-1.3832086464276494+5.979726130875405e-17j),1.3832086464276494,-0.5836741818230374,(5.758654714334401-3.052700360916726e-17j),(13.832086464276493-5.979726130875404e-16j)
co2_injection_rate,control_equipment_parameters,(1.062649636151449-8.307538292806221e-17j),(-1.377940225150522+1.0672472224965773e-16j),1.377940225150522,-0.22881296535532342,(10.62649636151449-8.307538292806221e-16j),(13.779402251505218-1.0672472224965772e-15j)
ec_uptake_modifier_n_high,nutrient_parameters,(1.3770461217363923-7.419246926109078e-17j),(-0.9133367717715685+1.6851814083842483e-17j),1.3770461217363923,0.33674206160945974,(13.770461217363922-7.419246926109077e-16j),(9.133367717715684-1.6851814083842483e-16j)
maximum_height,crop_parameters,(1.3760083326302879-6.181557100264641e-17j),(-0.9826474601972568+3.351259489902125e-17j),1.3760083326302879,0.28587099591258147,(13.760083326302878-6.181557100264641e-16j),(9.826474601972567-3.351259489902125e-16j)
transition_defaults_head_formation,thermal_requirements,(0.9776021148364468-1.7296404126723446e-17j),(-1.3732420333584554+2.9688272010606254e-17j),1.3732420333584554,-0.2881064727930122,(9.776021148364467-1.7296404126723443e-16j),(13.732420333584553-2.9688272010606255e-16j)
temperature_stress_weight,genetic_parameters,(-0.0126787699383544+1.487610239814491e-17j),(-1.3698789936185303+6.216070419154504e-17j),1.3698789936185303,-0.9907446059123343,(-0.126787699383544+1.4876102398144907e-16j),(13.698789936185301-6.216070419154504e-16j)
max_extinction_coefficient,canopy_parameters,(0.56032191615061-4.611525020021207e-17j),(-1.3692982280365682+9.653641829379289e-17j),1.3692982280365682,-0.5907962891662735,(5.6032191615061-4.611525020021206e-16j),(13.692982280365682-9.653641829379288e-16j)
base_temperature_respiration,model_constants,(1.1321313141400693-8.988143227723814e-17j),(-1.3678355602322307+2.3230530391700267e-17j),1.3678355602322307,-0.17231913904339763,(11.321313141400692-8.988143227723814e-16j),(13.678355602322306-2.3230530391700267e-16j)
ec_stress_low_factor,stress_parameters,(1.2792273658675126-5.070075192370387e-17j),(-1.3638044769393847+4.527946279477774e-17j),1.3638044769393847,-0.06201556931509555,(12.792273658675125-5.070075192370387e-16j),(13.638044769393845-4.527946279477773e-16j)
size_penalty_rate,respiration_parameters,(1.3628494175407444-7.204791340640122e-17j),(0.02467651967585578-1.9953905410798972e-19j),1.3628494175407444,0.9818934363853752,(13.628494175407443-7.204791340640122e-16j),(-0.24676519675855776+1.995390541079897e-18j)
nighttime_respiratory_quotient,respiration_parameters,(1.3608175922375048-4.83082923996086e-17j),(-0.1440101941629533-7.252981535151525e-18j),1.3608175922375048,0.894173770985598,(13.608175922375047-4.83082923996086e-16j),(1.4401019416295329+7.252981535151525e-17j)
mobility_classifications_calcium_retranslocation_rate,nutrient_mobility,(0.5936350873665811-2.5667373784708032e-17j),(-1.3600262750679606+4.998343074592442e-17j),1.3600262750679606,-0.5635120451353653,(5.936350873665811-2.566737378470803e-16j),(13.600262750679605-4.998343074592442e-16j)
system_channel_depth,system,(1.023263164678234-1.2163180685304918e-17j),(-1.3575309127324737+6.610140750654097e-17j),1.3575309127324737,-0.24623214463780932,(10.23263164678234-1.2163180685304917e-16j),(13.575309127324736-6.610140750654097e-16j)
rzt_heat_transfer_coefficient,root_zone_temperature,(0.9346875023177361-2.82973717692565e-17j),(-1.353760655571164+6.846305636258783e-17j),1.353760655571164,-0.3095622195317954,(9.346875023177361-2.82973717692565e-16j),(13.53760655571164-6.846305636258782e-16j)
acclimation_decay_rate,stress_parameters,(1.3520170835726084-6.588306087364278e-17j),(-0.6087995212523327+4.1986253045031933e-17j),1.3520170835726084,0.5497101858775161,(13.520170835726084-6.588306087364278e-16j),(6.087995212523326-4.198625304503193e-16j)
cavitation_threshold,root_system,(1.3515319189797648-9.167575237490694e-17j),(-0.8212033170141448+6.429426530324373e-17j),1.3515319189797648,0.39239073418698894,(13.515319189797648-9.167575237490693e-16j),(8.212033170141448-6.429426530324373e-16j)
system_multipliers_dwc_branching_multiplier,root_system,(0.38429382561836295+1.9909394919775373e-17j),(-1.3501151869636672+1.0034504156476974e-16j),1.3501151869636672,-0.7153621932935825,(3.842938256183629+1.9909394919775373e-16j),(13.50115186963667-1.0034504156476973e-15j)
root_base_temperature,root_system,(0.8227866976809323-4.9820170411749963e-17j),(-1.3495339979407017+7.050262088886292e-17j),1.3495339979407017,-0.39031791793578413,(8.227866976809322-4.982017041174996e-16j),(13.495339979407017-7.050262088886292e-16j)
system_multipliers_aeroponics_root_length_multiplier,root_system,(1.3473372120374112-3.876568142224719e-17j),(-0.13117916436363639-3.0511544558590065e-17j),1.3473372120374112,0.9026382087634391,(13.47337212037411-3.8765681422247187e-16j),(1.311791643636364+3.0511544558590065e-16j)
quantum_efficiency,photosynthesis,(0.7764023376567715-2.3020209078738605e-17j),(-1.3446102956434618+1.793327725744571e-17j),1.3446102956434618,-0.42258188846811934,(7.764023376567715-2.30202090787386e-16j),(13.446102956434617-1.7933277257445707e-16j)
circadian_peak_1,respiration_parameters,(0.7636858471399459-3.427542544453944e-17j),(-1.3442783663164253+8.337563828425681e-17j),1.3442783663164253,-0.43189902755588616,(7.636858471399459-3.427542544453944e-16j),(13.442783663164251-8.337563828425681e-16j)
critical_photoperiod,phenology,(1.3441522914758604-6.875454546621787e-18j),(-1.278872353180803+7.280122111747255e-17j),1.3441522914758604,0.04856587955772544,(13.441522914758602-6.875454546621787e-17j),(12.78872353180803-7.280122111747254e-16j)
remobilization_rates_structural,nitrogen_parameters,(1.3433916158109231-8.351786862282709e-17j),(-0.4788426362210647+1.624773642095247e-18j),1.3433916158109231,0.6435569266732272,(13.43391615810923-8.351786862282709e-16j),(4.788426362210647-1.624773642095247e-17j)
stress_weight_ph,stress_parameters,(1.3417558700368628-8.091628586866854e-17j),(-1.0967915112394868+2.3543352630384915e-17j),1.3417558700368628,0.18256999225249967,(13.417558700368627-8.091628586866853e-16j),(10.967915112394868-2.3543352630384914e-16j)
ambient_temperature,environmental_control_parameters,(1.3402561446146057-3.5285906389933497e-17j),(-0.6375169518246196+1.646971684263494e-17j),1.3402561446146057,0.5243320059480575,(13.402561446146056-3.528590638993349e-16j),(6.375169518246196-1.646971684263494e-16j)
phloem_transport_rates_potassium,nutrient_mobility,(1.255860551606592-9.227385432146768e-17j),(-1.339697711424172+4.791359353491804e-17j),1.339697711424172,-0.06257916177856011,(12.558605516065919-9.227385432146768e-16j),(13.396977114241718-4.791359353491804e-16j)
temperature_q10,stress_parameters,(1.3364408288037186-3.9918082931738357e-17j),(-1.2154757096110873+5.263190744204973e-17j),1.3364408288037186,0.09051288810213183,(13.364408288037186-3.9918082931738353e-16j),(12.154757096110872-5.263190744204973e-16j)
transition_defaults_vegetative,thermal_requirements,(1.3359414977143211-6.923410971457741e-17j),(-0.819995589499241+2.9319160274027055e-17j),1.3359414977143211,0.38620396858531486,(13.35941497714321-6.923410971457741e-16j),(8.19995589499241-2.9319160274027056e-16j)
structural_n_concentration,nitrogen_parameters,(0.9926471653706944-2.7228097410151222e-17j),(-1.3350874728849156+4.561233667260451e-17j),1.3350874728849156,-0.25649278752819177,(9.926471653706944-2.722809741015122e-16j),(13.350874728849154-4.561233667260451e-16j)
temperature_decay_factor,respiration_parameters,(1.3350727939823115-5.780666072037441e-17j),(-0.09639229625342033+4.203069164087959e-17j),1.3350727939823115,0.9277999696436797,(13.350727939823114-5.780666072037441e-16j),(0.9639229625342033-4.2030691640879586e-16j)
initial_mo,nutrient_concentrations,(1.3343350638606328-4.484867530432702e-17j),(-0.6393588771156455+3.013927527677842e-17j),1.3343350638606328,0.5208408334367022,(13.343350638606328-4.484867530432702e-16j),(6.393588771156455-3.013927527677842e-16j)
co2_afternoon_target,environment,(1.3051903350550715-9.54426133703781e-17j),(-1.3343291426392274+5.053923067965613e-17j),1.3343291426392274,-0.021837795977775746,(13.051903350550715-9.54426133703781e-16j),(13.343291426392273-5.053923067965613e-16j)
system_multipliers_aeroponics_surface_area_multiplier,root_system,(1.0672867027350206-4.952705049914665e-17j),(-1.334123088752837+2.6816423311835232e-17j),1.334123088752837,-0.2000088209756268,(10.672867027350206-4.952705049914665e-16j),(13.341230887528368-2.681642331183523e-16j)
xylem_transport_rates_magnesium,nutrient_mobility,(-0.03288699630788435+3.924879238555462e-18j),(-1.3328288761658118+2.9052513323270546e-17j),1.3328288761658118,-0.975325417316519,(-0.3288699630788435+3.924879238555462e-17j),(13.328288761658117-2.9052513323270545e-16j)
height_growth_factor,model_constants,(1.3320718501914957-3.351711811924436e-17j),(-0.19774434000513522-2.3673625920918235e-17j),1.3320718501914957,0.8515512958428572,(13.320718501914955-3.351711811924436e-16j),(1.977443400051352+2.3673625920918234e-16j)
storage_pool_sizes_leaves_phosphorus,nutrient_mobility,(1.3307100916543328-4.8408498721936063e-17j),(-0.0382301274712506-4.8557851738314575e-17j),1.3307100916543328,0.9712708818314265,(13.307100916543327-4.840849872193606e-16j),(0.38230127471250597+4.855785173831457e-16j)
humidifier_capacity,control_equipment_parameters,(0.9086590938099965+3.9594521590961557e-19j),(-1.3270072677985612+6.385284849578512e-17j),1.3270072677985612,-0.31525688226454357,(9.086590938099965+3.959452159096155e-18j),(13.270072677985612-6.385284849578512e-16j)
branching_angle_mean,root_system,(-0.0433944220057245+1.553545742460497e-17j),(-1.3263845355782706+8.667286443821462e-17j),1.3263845355782706,-0.96728367917317,(-0.433944220057245+1.553545742460497e-16j),(13.263845355782705-8.667286443821461e-16j)
zinc_recovery,senescence_parameters,(1.1894193859974738-6.938943982105602e-17j),(-1.3239471647223728+6.594493972957e-17j),1.3239471647223728,-0.101611138502728,(11.894193859974738-6.938943982105602e-16j),(13.239471647223727-6.594493972957e-16j)
ec_uptake_modifier_ca_high,nutrient_parameters,(0.5375391737005075+4.893460247756897e-18j),(-1.3205273927111194+5.103580376317496e-17j),1.3205273927111194,-0.5929359915837048,(5.375391737005075+4.8934602477568966e-17j),(13.205273927111193-5.103580376317496e-16j)
buffering_capacities_stems_potassium,nutrient_mobility,(1.3177379207815731-9.861934499497527e-17j),(-1.2259030727476157+7.84484836667805e-17j),1.3177379207815731,0.06969128427258786,(13.177379207815731-9.861934499497526e-16j),(12.259030727476157-7.84484836667805e-16j)
max_acclimation_temperature,respiration_parameters,(1.3160068802477514-7.025881187490214e-17j),(-0.2841326833941017-3.758328735145292e-17j),1.3160068802477514,0.7840948344125594,(13.160068802477513-7.025881187490214e-16j),(2.8413268339410167+3.758328735145291e-16j)
specific_leaf_area,canopy_parameters,(1.309659723472525-3.576433496302747e-17j),(-0.8660924986227487+4.184062030644065e-17j),1.309659723472525,0.33868891048559585,(13.096597234725248-3.576433496302747e-16j),(8.660924986227487-4.1840620306440643e-16j)
sink_strength_coefficients_reproductive_reproductive,nutrient_mobility,(1.30722649159273-7.807857911271513e-17j),(-0.7389362131048529+4.918623450468747e-17j),1.30722649159273,0.43472977494165527,(13.0722649159273-7.807857911271513e-16j),(7.389362131048529-4.918623450468746e-16j)
iron_recovery,senescence_parameters,(1.302898292673751-4.6934301654659163e-17j),(-1.306980284401497+1.1009586870220673e-16j),1.306980284401497,-0.003123223644965239,(13.028982926737509-4.693430165465916e-16j),(13.06980284401497-1.1009586870220673e-15j)
initial_ca,nutrient_concentrations,(1.0031250921397754-5.7532572197938e-17j),(-1.3032884092265036+8.150102520230578e-17j),1.3032884092265036,-0.23031227390787115,(10.031250921397755-5.753257219793799e-16j),(13.032884092265034-8.150102520230577e-16j)
default_potassium_content,nutrient_mobility,(0.42051925021202846+3.844805294981021e-17j),(-1.3031576896250316+1.0109438222687972e-16j),1.3031576896250316,-0.6773074712600377,(4.205192502120284+3.8448052949810203e-16j),(13.031576896250316-1.0109438222687972e-15j)
V10_to_V11+,thermal_requirements,(1.3007575796043849-6.310168167981345e-17j),(-0.8466214025317677+2.10949473086999e-17j),1.3007575796043849,0.3491320628788795,(13.007575796043847-6.310168167981345e-16j),(8.466214025317676-2.10949473086999e-16j)
mobility_classifications_zinc_remobilization_efficiency,nutrient_mobility,(1.2987935295093584-5.593487809017929e-17j),(-1.0766353500255614+5.067027566241759e-17j),1.2987935295093584,0.17104965064595068,(12.987935295093584-5.593487809017928e-16j),(10.766353500255613-5.067027566241759e-16j)
carbonate_conc,nutrient_parameters,(1.2986676398432027-5.214596844743511e-17j),(-1.135098659605278+8.035446540797396e-17j),1.2986676398432027,0.12595137910549123,(12.986676398432026-5.214596844743511e-16j),(11.350986596052778-8.035446540797395e-16j)
heat_damage_rate,stress_parameters,(0.8378264524537503-2.0816425646485565e-17j),(-1.2980965568288914+5.339016382073904e-17j),1.2980965568288914,-0.35457308776746993,(8.378264524537503-2.0816425646485565e-16j),(12.980965568288912-5.339016382073904e-16j)
coarse_turnover_rate,root_system,(0.7567149651879123-7.650321725725477e-18j),(-1.297377930699177+5.073485089819402e-17j),1.297377930699177,-0.41673513377855376,(7.567149651879122-7.650321725725476e-17j),(12.97377930699177-5.073485089819402e-16j)
ko,photosynthesis,(1.29609543551223-7.931461745885318e-17j),(-0.06321752665763683-2.0186684818175342e-17j),1.29609543551223,0.9512246359909039,(12.9609543551223-7.931461745885318e-16j),(0.6321752665763682+2.018668481817534e-16j)
activation_energy,nutrient_mobility,(1.294741395112277-8.399324141475672e-17j),(-1.005513320635698+5.802272278472073e-17j),1.294741395112277,0.2233867516466466,(12.947413951122769-8.399324141475672e-16j),(10.055133206356981-5.802272278472072e-16j)
n_channels,root_system,(1.2166239056283326-6.338805813325504e-17j),(-1.290388616569865+8.702706710538105e-17j),1.290388616569865,-0.05716472541242281,(12.166239056283324-6.338805813325504e-16j),(12.90388616569865-8.702706710538105e-16j)
ph_buffer_capacity,nutrient_parameters,(-0.04260469334010481+1.817409738251709e-18j),(-1.2879657167204153+6.158316520997743e-17j),1.2879657167204153,-0.9669209414606234,(-0.4260469334010481+1.817409738251709e-17j),(12.879657167204153-6.158316520997743e-16j)
ec_decline_rate,nutrient_management,(1.2830252116196865-6.973960826800081e-17j),(-1.272683214217608+1.9581982453681914e-17j),1.2830252116196865,0.008060634591133807,(12.830252116196863-6.973960826800081e-16j),(12.72683214217608-1.9581982453681914e-16j)
rzt_ambient_exchange_factor,root_zone_temperature,(1.2805954632611232-4.309650838720446e-17j),(-0.38961742521591347+6.478147014564414e-17j),1.2805954632611232,0.6957529240157339,(12.80595463261123-4.309650838720446e-16j),(3.8961742521591347-6.478147014564415e-16j)
mobility_classifications_copper_retranslocation_rate,nutrient_mobility,(0.43849596362751947-3.374207602946604e-17j),(-1.2757550502010924+5.4453778977114004e-17j),1.2757550502010924,-0.6562851437990381,(4.384959636275195-3.374207602946604e-16j),(12.757550502010922-5.4453778977114e-16j)
base_solution_change_probability,system,(0.6031770451830392+1.4363762224477705e-17j),(-1.2732717702680658+1.0199012283656039e-16j),1.2732717702680658,-0.52627784635793,(6.031770451830392+1.4363762224477703e-16j),(12.732717702680658-1.0199012283656039e-15j)
bolting_photoperiod_threshold,phenology,(1.2717529381803048-5.567237073451503e-17j),(-0.5794151775532925+1.1354053794653499e-17j),1.2717529381803048,0.5443964309747519,(12.717529381803047-5.567237073451503e-16j),(5.794151775532925-1.1354053794653498e-16j)
stress_onset_salinity,stress_parameters,(1.2021215644076202-9.912187378343183e-17j),(-1.2708028770687205+3.6069422638039515e-17j),1.2708028770687205,-0.05404560683677638,(12.021215644076202-9.912187378343183e-16j),(12.708028770687205-3.6069422638039514e-16j)
max_flow_rate,root_system,(1.2705671312603928-5.950131055610778e-17j),(-0.542270825196543+3.26481355533457e-17j),1.2705671312603928,0.5732056875588978,(12.705671312603927-5.950131055610778e-16j),(5.42270825196543-3.26481355533457e-16j)
uptake_kinetics_NH4_inhibition_ki,nitrogen_parameters,(1.2656600940189628-3.3211241060007387e-17j),(-1.1614489120780607+6.736104521522764e-17j),1.2656600940189628,0.08233741620942725,(12.656600940189627-3.3211241060007387e-16j),(11.614489120780606-6.736104521522764e-16j)
storage_n_concentration,nitrogen_parameters,(1.2626879333570167-9.963551657412273e-17j),(0.24792746358213014-1.605575969605178e-17j),1.2626879333570167,0.8036510391582,(12.626879333570166-9.963551657412273e-16j),(-2.479274635821301+1.605575969605178e-16j)
root_metabolism_sensitivity_low,root_zone_temperature,(0.9838216963690741-4.7233741785419245e-17j),(-1.2618620075954088+3.7181797531766594e-17j),1.2618620075954088,-0.22034129687141102,(9.83821696369074-4.723374178541924e-16j),(12.618620075954087-3.718179753176659e-16j)
xylem_transport_rates_manganese,nutrient_mobility,(0.013827539551902624-5.468860035031606e-18j),(-1.2543535973194144+6.800191998317406e-17j),1.2543535973194144,-0.9889763623419645,(0.13827539551902623-5.4688600350316057e-17j),(12.543535973194144-6.800191998317405e-16j)
air_exchange_rate,control_equipment_parameters,(1.2543155216524366-1.1898420898474013e-17j),(-0.5847488596409304+7.27934874610622e-18j),1.2543155216524366,0.5338103933605306,(12.543155216524365-1.1898420898474013e-16j),(5.8474885964093035-7.279348746106219e-17j)
rzt_min_growth_factor,root_zone_temperature,(0.8416346527778592+6.892110511614491e-18j),(-1.2523587526963307+9.358140702158006e-18j),1.2523587526963307,-0.32796041791873276,(8.416346527778591+6.892110511614491e-17j),(12.523587526963306-9.358140702158006e-17j)
branching_angle_std,root_system,(0.9579524724829578-4.131842203660346e-17j),(-1.2512033670539853+5.208144611077967e-17j),1.2512033670539853,-0.23437508425308984,(9.579524724829577-4.131842203660346e-16j),(12.512033670539852-5.208144611077966e-16j)
environmental_buffer_days,phenology,(1.2507754752803157-6.679214933689146e-17j),(-0.8358801958240116+4.7974491539720105e-17j),1.2507754752803157,0.33171043696976904,(12.507754752803157-6.679214933689146e-16j),(8.358801958240116-4.79744915397201e-16j)
xylem_transport_rates_nitrogen,nutrient_mobility,(0.23648390474421666+3.4167685079477077e-17j),(-1.2499621589652081+6.724220046169126e-17j),1.2499621589652081,-0.810807148802015,(2.3648390474421666+3.4167685079477074e-16j),(12.499621589652081-6.724220046169125e-16j)
circadian_peak_2,respiration_parameters,(0.24339081222396672+4.11299894578987e-17j),(-1.2491588082271416+6.235032309093238e-17j),1.2491588082271416,-0.805156229439396,(2.433908122239667+4.112998945789869e-16j),(12.491588082271415-6.235032309093238e-16j)
critical_n_concentrations_roots_critical,nitrogen_parameters,(1.2482865513232824-1.0853037570848308e-16j),(-0.8654409475483353+4.4363522326441876e-17j),1.2482865513232824,0.3066968905249363,(12.482865513232824-1.0853037570848308e-15j),(8.654409475483353-4.4363522326441876e-16j)
po4_uptake_km,nutrient_parameters,(1.2478554747259336-5.72116700305854e-17j),(-1.1880657211926362+3.0811852803349005e-17j),1.2478554747259336,0.04791400506250856,(12.478554747259334-5.72116700305854e-16j),(11.880657211926362-3.0811852803349005e-16j)
transport_n_concentration,nitrogen_parameters,(1.2468636954900112-4.0076736325846004e-17j),(-0.9849876146391248+4.6361181832281314e-17j),1.2468636954900112,0.21002783367428982,(12.468636954900111-4.0076736325846e-16j),(9.849876146391248-4.636118183228131e-16j)
ionic_strength,nutrient_parameters,(1.2466944474634278-4.2545299768250155e-17j),(-1.0639598508426618+2.6028746171703948e-17j),1.2466944474634278,0.1465752871463933,(12.466944474634277-4.2545299768250153e-16j),(10.639598508426618-2.602874617170395e-16j)
light_saturation,photosynthesis,(1.1760996477387724-9.059351063802348e-17j),(-1.2404409124534614+4.9834223045280593e-17j),1.2404409124534614,-0.05186967316921916,(11.760996477387724-9.059351063802348e-16j),(12.404409124534613-4.983422304528059e-16j)
base_crop_coefficient,crop_parameters,(0.7708513379115951-8.443805781578818e-18j),(-1.2403446661626927+6.52971558532603e-17j),1.2403446661626927,-0.37851844012325153,(7.708513379115951-8.443805781578817e-17j),(12.403446661626926-6.529715585326029e-16j)
storage_pool_sizes_leaves_potassium,nutrient_mobility,(0.6095726588142594-1.8690858214459915e-17j),(-1.2398848500465331+9.011617952169763e-17j),1.2398848500465331,-0.5083634913424565,(6.095726588142593-1.8690858214459915e-16j),(12.39884850046533-9.011617952169763e-16j)
co2_compensation,photosynthesis,(0.98808091239147-9.669527901413807e-18j),(-1.239053771386721+9.25788748387435e-17j),1.239053771386721,-0.2025520318737804,(9.8808091239147-9.669527901413807e-17j),(12.390537713867207-9.25788748387435e-16j)
environmental_history_days,phenology,(0.4315318739256324+2.278853501367605e-17j),(-1.2386349872247884+2.707312198148384e-17j),1.2386349872247884,-0.6516069073000296,(4.315318739256324+2.2788535013676047e-16j),(12.386349872247884-2.707312198148384e-16j)
ec_uptake_modifier_p_low,nutrient_parameters,(1.2369794603312907-7.350480508152374e-17j),(-1.0641644878414827+1.772557787202944e-17j),1.2369794603312907,0.1397072288035602,(12.369794603312906-7.350480508152374e-16j),(10.641644878414827-1.7725577872029437e-16j)
optimal_root_temperature,root_zone_temperature,(1.236360985559314-2.8193939688351324e-17j),(-0.6299136029226536+4.147069204294584e-17j),1.236360985559314,0.4905099640962152,(12.36360985559314-2.8193939688351325e-16j),(6.299136029226536-4.147069204294584e-16j)
damage_rate_heat,stress_parameters,(0.7939251405329945-3.249757023612816e-17j),(-1.2349502814902782+6.114403439840145e-17j),1.2349502814902782,-0.3571197541856308,(7.939251405329944-3.249757023612816e-16j),(12.349502814902781-6.114403439840146e-16j)
initial_mg,nutrient_concentrations,(0.5095127570883626-6.810102732424865e-18j),(-1.225654956219077+8.069072971151354e-17j),1.225654956219077,-0.5842934795775502,(5.095127570883626-6.810102732424864e-17j),(12.25654956219077-8.069072971151354e-16j)
yield_weight,genetic_parameters,(0.9392090470097199-3.9785661553647237e-17j),(-1.2254386483931674+6.549192963796134e-17j),1.2254386483931674,-0.23357317949679532,(9.392090470097198-3.9785661553647234e-16j),(12.254386483931674-6.549192963796133e-16j)
ec_stress_low_threshold,stress_parameters,(0.9718919312368044-7.042867439644666e-17j),(-1.225270964346535+5.220974421106464e-17j),1.225270964346535,-0.20679428508686107,(9.718919312368044-7.042867439644666e-16j),(12.252709643465348-5.220974421106464e-16j)
diffuse_extinction_coeff,canopy_parameters,(1.2235826368492833-5.0811956901488506e-17j),(-0.4952437031064741-1.4630141337619778e-17j),1.2235826368492833,0.595251118974912,(12.235826368492832-5.08119569014885e-16j),(4.952437031064741+1.463014133761978e-16j)
cold_stress_threshold,stress_parameters,(1.2226197995878405-6.343370602848978e-17j),(-0.8276018948409997+1.630200204107051e-17j),1.2226197995878405,0.3230913689439726,(12.226197995878405-6.343370602848978e-16j),(8.276018948409996-1.6302002041070508e-16j)
nitrate_reduction_rate,nitrogen_parameters,(1.2179292821274956-2.2586878869979848e-17j),(-1.173634519010583+4.721957560654627e-17j),1.2179292821274956,0.03636891219130384,(12.179292821274956-2.2586878869979845e-16j),(11.73634519010583-4.721957560654627e-16j)
root_conductivity,nutrient_mobility,(1.1531675498958902-6.309773027680832e-17j),(-1.2154947430151108+1.5684716775925173e-17j),1.2154947430151108,-0.05127722145849362,(11.5316754989589-6.309773027680831e-16j),(12.154947430151108-1.5684716775925173e-16j)
pid_humidity_kp,environmental_control_parameters,(1.211264770183622-6.190741241865297e-17j),(0.09866595931031907-3.428418688602736e-18j),1.211264770183622,0.9185430289569456,(12.11264770183622-6.190741241865297e-16j),(-0.9866595931031906+3.428418688602736e-17j)
night_temp,environment,(1.2110705549516594-9.764367161330983e-17j),(-0.20728188317000626+1.950920398046802e-17j),1.2110705549516594,0.8288440897827954,(12.110705549516593-9.764367161330983e-16j),(2.0728188317000624-1.9509203980468017e-16j)
ec_uptake_high_threshold,nutrient_parameters,(0.09314879512907535+3.6860790769465616e-17j),(-1.210182098598498+8.158113806829342e-17j),1.210182098598498,-0.9230291083986863,(0.9314879512907535+3.6860790769465613e-16j),(12.101820985984977-8.158113806829341e-16j)
optimal_n_min,nitrogen_parameters,(-0.010794813388107949+4.7940956189803814e-17j),(-1.2097730600043188+4.4929532784825066e-17j),1.2097730600043188,-0.9910769930782973,(-0.10794813388107949+4.794095618980381e-16j),(12.097730600043187-4.492953278482506e-16j)
mobility_classifications_phosphorus_remobilization_efficiency,nutrient_mobility,(1.053306781019566-5.817403336454787e-17j),(-1.2091637554892447+1.803825754686825e-17j),1.2091637554892447,-0.12889649872660697,(10.533067810195659-5.817403336454787e-16j),(12.091637554892447-1.803825754686825e-16j)
total_alkalinity,nutrient_parameters,(-0.23881138978786734+4.7697056959293335e-17j),(-1.2031878675546501+3.625178768563002e-17j),1.2031878675546501,-0.8015177876808002,(-2.3881138978786733+4.769705695929333e-16j),(12.031878675546501-3.6251787685630016e-16j)
ph_stress_impact,stress_parameters,(-0.14811415477292722-9.302984828091006e-18j),(-1.2029087593903056+7.854321871460825e-17j),1.2029087593903056,-0.876870000640781,(-1.4811415477292722-9.302984828091006e-17j),(12.029087593903055-7.854321871460825e-16j)
V9_to_V10,thermal_requirements,(1.1979349338594127-8.266714537533691e-18j),(-0.7603215316346206+6.8527393309523224e-18j),1.1979349338594127,0.3653064869015245,(11.979349338594126-8.266714537533692e-17j),(7.603215316346206-6.852739330952322e-17j)
coarse_diameter_mean,root_system,(0.7850264354882324-4.716202862802636e-17j),(-1.1961860687860555+4.4437829845828374e-17j),1.1961860687860555,-0.3437254822028539,(7.850264354882324-4.716202862802636e-16j),(11.961860687860554-4.443782984582837e-16j)
critical_n_concentrations_leaves_critical,nitrogen_parameters,(1.1499228947409035-5.99565799082945e-17j),(-1.196073266706883+1.761214935210359e-17j),1.196073266706883,-0.038584903827040704,(11.499228947409035-5.99565799082945e-16j),(11.960732667068829-1.7612149352103588e-16j)
photosynthesis_sensitivity_high,root_zone_temperature,(0.13355160156148957+6.356291442658281e-17j),(-1.1957988983430956+9.168901115232143e-17j),1.1957988983430956,-0.8883160021751657,(1.3355160156148955+6.356291442658281e-16j),(11.957988983430957-9.168901115232143e-16j)
light_stress_impact,stress_parameters,(0.7435653183071647-5.542476317974448e-17j),(-1.1952132784444827+4.853830422820885e-17j),1.1952132784444827,-0.3778806412903293,(7.435653183071646-5.542476317974447e-16j),(11.952132784444826-4.853830422820885e-16j)
light_stress_weight,genetic_parameters,(1.1882410802792303-8.006530132174609e-17j),(-0.3050345541755367-1.0641605848911265e-17j),1.1882410802792303,0.7432890015013996,(11.882410802792302-8.006530132174609e-16j),(3.050345541755367+1.0641605848911265e-16j)
age_senescence_rate,senescence_parameters,(1.1829437586302851-3.813650503254384e-17j),(-0.048115837310016445-1.4819455881356867e-17j),1.1829437586302851,0.9593253382005844,(11.82943758630285-3.8136505032543843e-16j),(0.4811583731001644+1.4819455881356867e-16j)
root_zone_efficiency_factor,root_system,(0.9428831214343616-2.547724625699513e-17j),(-1.182536054708985+6.505070548610012e-17j),1.182536054708985,-0.2026601491940138,(9.428831214343615-2.547724625699513e-16j),(11.825360547089849-6.505070548610012e-16j)
critical_n_concentrations_roots_maximum,nitrogen_parameters,(1.1820764428686463-9.410486739831497e-17j),(-1.1350268574737827+2.2901169882633754e-17j),1.1820764428686463,0.03980248966021548,(11.820764428686463-9.410486739831496e-16j),(11.350268574737827-2.290116988263375e-16j)
uptake_kinetics_AA_inhibition_ki,nitrogen_parameters,(1.181932161912392-7.195149680586628e-17j),(-0.373796818891732-1.9089946579437136e-17j),1.181932161912392,0.6837408855285564,(11.819321619123919-7.195149680586627e-16j),(3.73796818891732+1.9089946579437135e-16j)
mobility_classifications_magnesium_remobilization_efficiency,nutrient_mobility,(0.6653924417774691-4.357756898928548e-17j),(-1.179071388767767+2.0816011259072177e-17j),1.179071388767767,-0.435663991072786,(6.653924417774691-4.357756898928548e-16j),(11.79071388767767-2.0816011259072176e-16j)
tissue_factor_stems,respiration_parameters,(1.1781638981034814-6.396669537706367e-17j),(-0.8654757056367703+1.3645664043229994e-17j),1.1781638981034814,0.2654029655551768,(11.781638981034813-6.396669537706367e-16j),(8.654757056367703-1.3645664043229993e-16j)
ph_drift_rate,nutrient_parameters,(0.1466023394513108+4.836713078781758e-17j),(-1.1779779789600553+2.5673292814697417e-17j),1.1779779789600553,-0.8755474702670295,(1.4660233945131078+4.836713078781758e-16j),(11.779779789600552-2.5673292814697416e-16j)
bolting_temperature_threshold,phenology,(0.8369004625761219-2.809731392028024e-17j),(-1.1775478456042758+1.3828098854192334e-17j),1.1775478456042758,-0.289285385982211,(8.36900462576122-2.809731392028024e-16j),(11.775478456042757-1.3828098854192334e-16j)
pid_co2_kp,environmental_control_parameters,(0.7379401991832282-4.3022551599399496e-17j),(-1.1739930811478159+5.694322158803725e-17j),1.1739930811478159,-0.3714271310170395,(7.379401991832281-4.3022551599399492e-16j),(11.739930811478159-5.694322158803724e-16j)
XFRT,genetic_parameters,(0.2994207562251479-2.0580398493619906e-17j),(-1.172627773877888+4.229335436573173e-17j),1.172627773877888,-0.7446583111067194,(2.994207562251479-2.0580398493619906e-16j),(11.726277738778881-4.229335436573173e-16j)
initial_leaf_biomass,model_constants,(1.171215941454206-5.3094039607916634e-17j),(-0.8450358104570725+4.5109049987104373e-17j),1.171215941454206,0.278497004226344,(11.712159414542059-5.309403960791663e-16j),(8.450358104570725-4.510904998710437e-16j)
base_temperature,phenology,(0.5246786563939495-5.6393027630657556e-18j),(-1.170672077071117+5.909627199012419e-17j),1.170672077071117,-0.5518141530234211,(5.246786563939495-5.639302763065755e-17j),(11.70672077071117-5.909627199012419e-16j)
no3_uptake_km,nutrient_parameters,(1.1703737661405518-2.573285991020376e-17j),(-0.9959352522058579+6.620348596595788e-17j),1.1703737661405518,0.14904513325681065,(11.703737661405517-2.573285991020376e-16j),(9.959352522058579-6.620348596595788e-16j)
mobility_classifications_molybdenum_retranslocation_rate,nutrient_mobility,(0.6853207548426582-1.8775406361299977e-17j),(-1.165819593925139+3.0137899227236834e-17j),1.165819593925139,-0.41215539830199077,(6.853207548426582-1.8775406361299976e-16j),(11.658195939251389-3.0137899227236833e-16j)
stress_onset_water,stress_parameters,(1.1655076637674397-2.1752381200178598e-17j),(-0.4764985750705042-3.583788868633721e-17j),1.1655076637674397,0.5911665020457707,(11.655076637674396-2.1752381200178596e-16j),(4.7649857507050415+3.5837888686337206e-16j)
photosynthesis_cold_sensitivity,stress_parameters,(0.6656319024061987-2.3262313278628268e-17j),(-1.1636394323628696+5.634414897506416e-17j),1.1636394323628696,-0.4279740924088692,(6.656319024061987-2.3262313278628265e-16j),(11.636394323628696-5.634414897506416e-16j)
mobility_classifications_copper_remobilization_efficiency,nutrient_mobility,(1.1503702633694415-1.8795414390718493e-17j),(-1.1584799113436166+5.034382648276078e-17j),1.1584799113436166,-0.007000249115040308,(11.503702633694415-1.8795414390718492e-16j),(11.584799113436166-5.034382648276077e-16j)
SDPDV,genetic_parameters,(0.9594058244232514-6.553711044350427e-17j),(-1.1584703607813311+8.096423249607323e-17j),1.1584703607813311,-0.1718339485386752,(9.594058244232514-6.553711044350427e-16j),(11.584703607813312-8.096423249607322e-16j)
critical_n_concentrations_leaves_minimum,nitrogen_parameters,(1.150114317859934-7.498622796061369e-17j),(-0.832456825999962+2.1022781042678016e-17j),1.150114317859934,0.2761964501503213,(11.501143178599339-7.498622796061368e-16j),(8.32456825999962-2.1022781042678015e-16j)
SD_PM,genetic_parameters,(0.969758734147376-1.2571824998528643e-17j),(-1.1433726319587172+4.856039385575757e-17j),1.1433726319587172,-0.1518436710470517,(9.69758734147376-1.2571824998528643e-16j),(11.433726319587171-4.856039385575756e-16j)
ec_uptake_modifier_k_high,nutrient_parameters,(1.1409341035819114-2.278024274411988e-18j),(-0.9164745127762514+3.1221244494018437e-17j),1.1409341035819114,0.19673317687759462,(11.409341035819113-2.278024274411988e-17j),(9.164745127762513-3.122124449401844e-16j)
buffering_capacities_leaves_nitrogen,nutrient_mobility,(0.7520192088136208-3.8396369273103964e-17j),(-1.14032171277846+4.9819082762624485e-17j),1.14032171277846,-0.340520135338577,(7.520192088136208-3.839636927310396e-16j),(11.403217127784599-4.981908276262448e-16j)
recovery_memory_duration,stress_parameters,(0.20019073476804738+2.729751729982001e-17j),(-1.1375426123661023+4.0787979167295314e-17j),1.1375426123661023,-0.824014737916808,(2.001907347680474+2.729751729982001e-16j),(11.375426123661024-4.078797916729531e-16j)
critical_n_concentrations_roots_minimum,nitrogen_parameters,(1.1341936413552676-7.653411884880269e-17j),(-0.08413539668616996-2.2826554810933972e-17j),1.1341936413552676,0.9258191955778952,(11.341936413552675-7.653411884880268e-16j),(0.8413539668616995+2.282655481093397e-16j)
max_temperature_factor,root_system,(1.1330541417781859-3.2388814788445087e-17j),(-1.0474768434326513+3.7422328385678543e-17j),1.1330541417781859,0.07552798687204101,(11.330541417781859-3.2388814788445083e-16j),(10.474768434326513-3.7422328385678543e-16j)
pid_temperature_kp,environmental_control_parameters,(0.8840499423167375-2.474578231974328e-17j),(-1.1301130741453629+8.787047796283841e-18j),1.1301130741453629,-0.21773319631286298,(8.840499423167374-2.474578231974328e-16j),(11.301130741453628-8.787047796283841e-17j)
ammonium_alkalinization_factor,nutrient_parameters,(1.1295875186845628-2.964892564837803e-17j),(-0.9380853798552139+3.3402563265091244e-18j),1.1295875186845628,0.16953280348950617,(11.295875186845628-2.964892564837803e-16j),(9.380853798552138-3.340256326509124e-17j)
nutrient_mobility_temperature_q10,nutrient_mobility,(1.1290335058523822-3.7625181247065104e-17j),(-0.11289596427748268-3.291220642058855e-17j),1.1290335058523822,0.9000065421510675,(11.290335058523821-3.7625181247065104e-16j),(1.1289596427748267+3.2912206420588546e-16j)
eav,photosynthesis,(1.125067094808673-5.077542333399311e-17j),(-0.7997569236897258+4.41130322024941e-17j),1.125067094808673,0.28914735185128565,(11.250670948086729-5.077542333399311e-16j),(7.997569236897258-4.41130322024941e-16j)
salt_stress_osmotic_factor,stress_parameters,(1.1245457348027073-1.6523625642087894e-17j),(-1.0740809119230215+6.66993926858397e-17j),1.1245457348027073,0.04487574077059609,(11.245457348027072-1.6523625642087894e-16j),(10.740809119230214-6.669939268583969e-16j)
nutrient_stress_weight,genetic_parameters,(0.5487544113665414+6.945384021200031e-18j),(-1.1214291649497026+5.425073085302538e-17j),1.1214291649497026,-0.5106651150889645,(5.487544113665413+6.945384021200031e-17j),(11.214291649497026-5.425073085302538e-16j)
ec_factor_s_so4,nutrient_parameters,(1.1189551428895537-6.175021679627509e-17j),(-1.0793621198690715+2.1738581072074255e-18j),1.1189551428895537,0.03538392336107275,(11.189551428895536-6.175021679627508e-16j),(10.793621198690714-2.1738581072074253e-17j)
xylem_transport_rates_copper,nutrient_mobility,(0.6510523552820756-3.281919493670928e-17j),(-1.1182132254807238+6.912104319974866e-17j),1.1182132254807238,-0.4177744097042083,(6.5105235528207555-3.281919493670928e-16j),(11.182132254807238-6.912104319974866e-16j)
acclimation_memory_duration,stress_parameters,(0.6052183734231731+1.8866910404636372e-17j),(-1.1168428512032473+1.909961562062081e-17j),1.1168428512032473,-0.45809889657158837,(6.052183734231731+1.886691040463637e-16j),(11.168428512032472-1.909961562062081e-16j)
diurnal_base_factor,respiration_parameters,(1.1151862662249215-6.629747933103674e-17j),(-0.5327433448812706+2.9193449831918375e-17j),1.1151862662249215,0.5222830830900658,(11.151862662249213-6.629747933103674e-16j),(5.327433448812706-2.9193449831918375e-16j)
lai_water_demand_factor,water,(1.114351669518676-2.992165799256841e-17j),(-0.8172671600488945+4.0650816487342386e-17j),1.114351669518676,0.2665985232454506,(11.14351669518676-2.9921657992568406e-16j),(8.172671600488945-4.065081648734238e-16j)
rzt_water_uptake_sensitivity_high,root_zone_temperature,(1.1113477303675612-2.9929147805844016e-17j),(-0.5860064834123551-3.3786525241748637e-17j),1.1113477303675612,0.4727064559545711,(11.113477303675612-2.9929147805844016e-16j),(5.86006483412355+3.3786525241748635e-16j)
storage_pool_sizes_leaves_nitrogen,nutrient_mobility,(0.5080773936819832+4.1870702965115415e-17j),(-1.1098197434236254+8.067875578195003e-17j),1.1098197434236254,-0.5421982743660321,(5.080773936819832+4.187070296511541e-16j),(11.098197434236253-8.067875578195003e-16j)
heat_threshold,phenology,(1.1097175932038126-7.287658216740395e-17j),(-0.12814101849975268-4.9115360501406735e-17j),1.1097175932038126,0.8845282626097665,(11.097175932038125-7.287658216740394e-16j),(1.2814101849975268+4.911536050140673e-16j)
process_sensitivity_respiration,stress_parameters,(0.21899498593062672+4.5584390425729894e-17j),(-1.10719395702316+6.013866633700042e-17j),1.10719395702316,-0.8022072062970572,(2.189949859306267+4.558439042572989e-16j),(11.0719395702316-6.013866633700041e-16j)
daily_area_loss_factor,senescence_parameters,(0.7044665087704423-7.940009748594377e-17j),(-1.1068140052922097+2.3710876443368026e-17j),1.1068140052922097,-0.3635186170376872,(7.044665087704422-7.940009748594376e-16j),(11.068140052922097-2.3710876443368025e-16j)
optimal_temperature_max,environment,(1.1047946075887527-5.83180117870059e-17j),(-0.4863701962267076+2.3575408399370917e-17j),1.1047946075887527,0.5597641472126434,(11.047946075887527-5.831801178700589e-16j),(4.863701962267076-2.3575408399370915e-16j)
development_heat_sensitivity,stress_parameters,(0.9985451787125124-6.277011460741196e-17j),(-1.1027020295543204+7.10333349286398e-17j),1.1027020295543204,-0.09445602533615102,(9.985451787125124-6.277011460741195e-16j),(11.027020295543204-7.103333492863979e-16j)
bolting_photoperiod_risk_max,phenology,(1.1013739129982738-3.247546484471237e-17j),(-0.5436789652190027+8.859916725037517e-18j),1.1013739129982738,0.5063629537593244,(11.013739129982739-3.2475464844712366e-16j),(5.4367896521900265-8.859916725037517e-17j)
flow_rate,system,(0.9892857336152127-8.366302068228689e-17j),(-1.100869219204808+1.6729433769371583e-17j),1.100869219204808,-0.10135943819938531,(9.892857336152126-8.366302068228689e-16j),(11.008692192048079-1.672943376937158e-16j)
water_stress_threshold,leaf_development,(1.09897021001979-4.6596661755562593e-17j),(-0.4997362368733663-9.169048611063355e-18j),1.09897021001979,0.5452686230099293,(10.9897021001979-4.659666175556259e-16j),(4.997362368733663+9.169048611063355e-17j)
LFMAX,genetic_parameters,(0.6887603387751247-4.599240962038933e-17j),(-1.0941822532048788+4.572359350989402e-17j),1.0941822532048788,-0.3705250320431229,(6.887603387751246-4.599240962038933e-16j),(10.941822532048787-4.572359350989402e-16j)
cold_tolerance,genetic_parameters,(0.44629853825697696+1.3911410721625002e-17j),(-1.0924921194172261+1.1401574695807475e-17j),1.0924921194172261,-0.591485805412447,(4.462985382569769+1.3911410721625002e-16j),(10.92492119417226-1.1401574695807475e-16j)
FL_LF,genetic_parameters,(0.858391789406376-3.4856901289018057e-17j),(-1.0891861511843812+6.013001474856418e-17j),1.0891861511843812,-0.21189615891373523,(8.58391789406376-3.4856901289018056e-16j),(10.891861511843812-6.013001474856417e-16j)
stress_weight_oxygen,stress_parameters,(-0.1652954520314925-4.130177625862351e-18j),(-1.0866631322462936+7.979369040365775e-17j),1.0866631322462936,-0.8478871260776075,(-1.652954520314925-4.130177625862351e-17j),(10.866631322462936-7.979369040365775e-16j)
medium_turnover_rate,root_system,(0.7143259970301692-3.563408717806674e-17j),(-1.0845450981534508+1.868685486209198e-17j),1.0845450981534508,-0.34135888102174594,(7.143259970301692-3.563408717806674e-16j),(10.845450981534507-1.868685486209198e-16j)
ph_adjustment_rate,nutrient_parameters,(1.0810087482414918-7.963156333492598e-17j),(-0.710977247599224+2.4073275395518715e-17j),1.0810087482414918,0.3423020407968102,(10.810087482414918-7.963156333492597e-16j),(7.109772475992239-2.4073275395518713e-16j)
light_penetration_lai,photosynthesis,(0.15542759719243204+8.204708956550872e-18j),(-1.0788786750586712+7.54918122011926e-18j),1.0788786750586712,-0.8559359816950876,(1.5542759719243204+8.204708956550872e-17j),(10.788786750586711-7.54918122011926e-17j)
carbon_to_biomass_ratio,model_constants,(-0.8443790904144803+1.3418840371583775e-17j),(-1.0778517630942115-9.242002396507635e-17j),1.0778517630942115,-0.2166092598944184,(-8.443790904144803+1.3418840371583775e-16j),(10.778517630942115+9.242002396507635e-16j)
fine_root_half_life_days,root_system,(1.077548738906035-7.78933356136137e-17j),(-0.4548136466885911+1.8738374821131723e-18j),1.077548738906035,0.5779182599662882,(10.77548738906035-7.78933356136137e-16j),(4.548136466885911-1.8738374821131722e-17j)
circadian_amplitude_1,respiration_parameters,(0.2827432254287024+3.959543975492388e-17j),(-1.0736441721669678+1.0482032083094465e-16j),1.0736441721669678,-0.7366509009609457,(2.827432254287024+3.959543975492388e-16j),(10.736441721669678-1.0482032083094464e-15j)
heat_lethal_temperature,stress_parameters,(1.0689980945167166-6.458521978798317e-17j),(-0.48449337631233935+3.1954566316156234e-17j),1.0689980945167166,0.5467780730410244,(10.689980945167164-6.458521978798317e-16j),(4.844933763123393-3.195456631615623e-16j)
nutrient_stress_impact,stress_parameters,(1.064244580987251-3.0663330190102363e-17j),(-0.7098933761667937-3.5029790021082e-17j),1.064244580987251,0.3329603092662608,(10.642445809872509-3.0663330190102365e-16j),(7.098933761667936+3.5029790021082e-16j)
uptake_kinetics_NH4_vmax,nitrogen_parameters,(1.0356060343276963-5.076464711033733e-17j),(-1.0638103619933508+4.171222312791919e-17j),1.0638103619933508,-0.0265125521176591,(10.356060343276962-5.076464711033733e-16j),(10.638103619933508-4.1712223127919185e-16j)
growth_respiration_coefficient,model_constants,(1.0620644426312078-8.441928847327396e-17j),(-0.8805775349047824+7.324090937135309e-17j),1.0620644426312078,0.17088125771050322,(10.620644426312078-8.441928847327395e-16j),(8.805775349047824-7.324090937135308e-16j)
remobilization_efficiency_reproductive,nitrogen_parameters,(0.7758175879110951+5.144426726882746e-18j),(-1.0574031046961074+8.420305177370921e-17j),1.0574031046961074,-0.26629912049098686,(7.758175879110951+5.1444267268827454e-17j),(10.574031046961075-8.4203051773709205e-16j)
acclimation_memory_days,stress_parameters,(0.7578998368348961-4.8283152911565336e-17j),(-1.0555303055607161+4.555204183342609e-17j),1.0555303055607161,-0.28197245229042806,(7.5789983683489615-4.828315291156533e-16j),(10.555303055607162-4.555204183342609e-16j)
carbonate_buffer_pka,nutrient_parameters,(-0.035631580934833276+3.5184224824056306e-17j),(-1.0549950485077193+4.601631189570908e-17j),1.0549950485077193,-0.9662258311209765,(-0.35631580934833273+3.5184224824056305e-16j),(10.549950485077192-4.601631189570908e-16j)
default_temperature,system,(0.6604033531079504-6.508950579681234e-17j),(-1.0517017025620403+1.0511805018209554e-17j),1.0517017025620403,-0.37206210515857474,(6.604033531079503-6.508950579681234e-16j),(10.517017025620403-1.0511805018209554e-16j)
leaf_respiration_fraction,model_constants,(1.0500120174814416+3.4679533356621253e-19j),(-0.9493869852335598+5.829625522757736e-17j),1.0500120174814416,0.09583226722417991,(10.500120174814414+3.467953335662125e-18j),(9.493869852335598-5.829625522757736e-16j)
cold_damage_threshold,stress_parameters,(-0.10511950416666385+7.191997305348024e-18j),(-1.046653438382579+1.9718933504722268e-17j),1.046653438382579,-0.8995660833741609,(-1.0511950416666385+7.191997305348023e-17j),(10.466534383825788-1.9718933504722267e-16j)
light_stress_threshold,senescence_parameters,(0.8357238613476206+3.5388140241156416e-19j),(-1.0446096175319846+4.059856663405218e-17j),1.0446096175319846,-0.19996537718835256,(8.357238613476206+3.538814024115641e-18j),(10.446096175319845-4.059856663405218e-16j)
nitrogen_stress_rate,senescence_parameters,(0.8975030202115442-2.5464600730641028e-17j),(-1.0426862580390293+9.572457882973467e-17j),1.0426862580390293,-0.13923961950024155,(8.975030202115441-2.5464600730641027e-16j),(10.426862580390292-9.572457882973466e-16j)
temperature_stress_impact,stress_parameters,(1.0398626544559952-6.783923595611306e-17j),(-0.5267935999804961-7.22556620041749e-18j),1.0398626544559952,0.4934007893031907,(10.398626544559951-6.783923595611306e-16j),(5.267935999804961+7.225566200417491e-17j)
stress_onset_nutrient,stress_parameters,(1.0351590253233711-3.395501402963398e-17j),(-0.4023738756395238-1.5091480228475705e-17j),1.0351590253233711,0.6112926943627554,(10.351590253233711-3.3955014029633983e-16j),(4.023738756395238+1.5091480228475705e-16j)
vegetative_stem_allocation,model_constants,(1.0336986625635574-6.317328236863849e-17j),(0.37269361289591035-3.84854369965749e-17j),1.0336986625635574,0.6394562299503844,(10.336986625635573-6.317328236863849e-16j),(-3.726936128959103+3.8485436996574893e-16j)
bolting_maturity_risk_factor,phenology,(-0.09131482901746296+2.2766793805798448e-17j),(-1.0332576071620765+8.22162177210257e-17j),1.0332576071620765,-0.9116243341597393,(-0.9131482901746295+2.276679380579845e-16j),(10.332576071620764-8.221621772102569e-16j)
clumping_index,canopy_parameters,(0.635490112756396-2.603033568137217e-17j),(-1.031684767783745+4.049870182701285e-17j),1.031684767783745,-0.3840268533560406,(6.354901127563959-2.603033568137217e-16j),(10.31684767783745-4.0498701827012846e-16j)
V8_to_V9,thermal_requirements,(1.030835137141695-2.5448614826257452e-17j),(-0.18918935244716767+6.601848239345735e-18j),1.030835137141695,0.816469825648597,(10.30835137141695-2.544861482625745e-16j),(1.8918935244716766-6.601848239345735e-17j)
optimal_rzt_offset,root_zone_temperature,(1.0233706624811043+3.2926833666431678e-18j),(-1.0103868428686356+8.61986400610159e-17j),1.0233706624811043,0.012687308800694182,(10.233706624811042+3.292683366643168e-17j),(10.103868428686354-8.6198640061015895e-16j)
nutrient_uptake_sensitivity_high,root_zone_temperature,(1.0220123769833878-5.77999227693043e-17j),(0.10184840810324135-4.0542503515055585e-17j),1.0220123769833878,0.9003452302565443,(10.220123769833878-5.77999227693043e-16j),(-1.0184840810324134+4.0542503515055585e-16j)
damage_rate_frost,stress_parameters,(1.0211734267081702-4.997031089307657e-17j),(-0.1004832855448951-4.603227067301183e-17j),1.0211734267081702,0.9016001759183936,(10.211734267081702-4.997031089307656e-16j),(1.004832855448951+4.603227067301183e-16j)
heat_threshold_mild,stress_parameters,(1.0183323485130023+4.2614815596145735e-18j),(0.2608774570800872-7.759936000065509e-17j),1.0183323485130023,0.7438189433331586,(10.183323485130021+4.2614815596145735e-17j),(-2.608774570800872+7.759936000065509e-16j)
coarse_root_fraction,root_system,(1.016724987800212-7.866924270100771e-18j),(-0.7310600794420559+2.464016177380298e-17j),1.016724987800212,0.28096575945892827,(10.16724987800212-7.86692427010077e-17j),(7.310600794420558-2.464016177380298e-16j)
critical_n_concentrations_leaves_maximum,nitrogen_parameters,(1.0158378160459707-5.026588320192831e-17j),(-0.37011660818696335-1.1478482489731604e-17j),1.0158378160459707,0.6356538392835199,(10.158378160459707-5.02658832019283e-16j),(3.7011660818696335+1.1478482489731603e-16j)
damage_rate_cold,stress_parameters,(0.5331222395322487-3.7325557804849417e-17j),(-1.0144950436766977+4.161491793844664e-17j),1.0144950436766977,-0.4744949787037642,(5.331222395322486-3.7325557804849413e-16j),(10.144950436766976-4.1614917938446635e-16j)
ambient_co2,environment,(1.0113546025205924-5.469912979208805e-17j),(-0.521692140347873+2.1908160401808964e-17j),1.0113546025205924,0.484164961480708,(10.113546025205924-5.469912979208805e-16j),(5.21692140347873-2.1908160401808963e-16j)
n_stress_threshold,nitrogen_parameters,(1.0113100335844745-4.8664998666286677e-17j),(-0.9285723487711652-1.0683866480595532e-17j),1.0113100335844745,0.08181238400261374,(10.113100335844745-4.866499866628668e-16j),(9.285723487711651+1.0683866480595532e-16j)
water_uptake_sensitivity_high,water,(0.6406282178534323-1.9564514262117775e-17j),(-1.0087132541044415+6.874509635018043e-17j),1.0087132541044415,-0.3649055217161823,(6.4062821785343225-1.9564514262117773e-16j),(10.087132541044415-6.874509635018043e-16j)
frost_threshold,stress_parameters,(0.9148283643500694-1.676132814981664e-17j),(-1.0049881370226368+4.860788852130059e-17j),1.0049881370226368,-0.08971227554951385,(9.148283643500694-1.676132814981664e-16j),(10.049881370226368-4.860788852130059e-16j)
critical_n_concentrations_reproductive_minimum,nitrogen_parameters,(0.32359724425578434+6.987506065326747e-18j),(-1.003670872952204+3.2228722600912114e-17j),1.003670872952204,-0.6775862954915156,(3.235972442557843+6.987506065326747e-17j),(10.036708729522038-3.2228722600912114e-16j)
respiration_cold_sensitivity,stress_parameters,(0.6336292628581256-3.8782098293957584e-17j),(-1.0027970039545373+5.684466000424855e-17j),1.0027970039545373,-0.3681380574937859,(6.336292628581256-3.878209829395758e-16j),(10.027970039545373-5.684466000424855e-16j)
neighbor_shading_distance,canopy_parameters,(0.9309244250139289+2.0950469798047743e-17j),(-0.9948136141872871+6.724067040037383e-17j),0.9948136141872871,-0.06422227064670043,(9.309244250139288+2.0950469798047742e-16j),(9.94813614187287-6.724067040037382e-16j)
canopy_width,canopy_parameters,(-0.17072568150512094-2.1365637438935793e-18j),(-0.9947897656047445+3.0891235550938676e-17j),0.9947897656047445,-0.8283801387910995,(-1.7072568150512093-2.1365637438935793e-17j),(9.947897656047445-3.0891235550938676e-16j)
allocation_coefficients_vegetative_roots,nitrogen_parameters,(0.9935354452521805-6.961878261834412e-17j),(-0.44587149657014225-2.956821297483824e-17j),0.9935354452521805,0.5512273883122806,(9.935354452521805-6.961878261834411e-16j),(4.4587149657014225+2.956821297483824e-16j)
k_uptake_vmax,nutrient_parameters,(0.9827541989339817-7.7130978604596e-17j),(-0.9907411883644189+3.1994440999510505e-17j),0.9907411883644189,-0.008061630549167574,(9.827541989339817-7.7130978604596e-16j),(9.907411883644189-3.1994440999510504e-16j)
phloem_transport_rates_manganese,nutrient_mobility,(0.9886385817077031+8.921940699695017e-19j),(-0.2130654204606635+4.730602916345241e-18j),0.9886385817077031,0.7844860352378422,(9.88638581707703+8.921940699695016e-18j),(2.130654204606635-4.73060291634524e-17j)
so4_uptake_vmax,nutrient_parameters,(0.987390686320143-7.335932183115773e-17j),(-0.23322215709625885-3.062229350967809e-17j),0.987390686320143,0.7637995169212677,(9.87390686320143-7.335932183115773e-16j),(2.3322215709625884+3.062229350967809e-16j)
yield_potential,genetic_parameters,(0.1806639607842859-2.2429675126772044e-17j),(-0.9865302462943666+6.0040759487417894e-18j),0.9865302462943666,-0.8168693139790685,(1.8066396078428588-2.2429675126772044e-16j),(9.865302462943665-6.004075948741789e-17j)
buffering_capacities_roots_phosphorus,nutrient_mobility,(0.7179556680704856+2.9319842299144256e-18j),(-0.9861530897348495+6.363092782157739e-17j),0.9861530897348495,-0.2719632726968133,(7.179556680704856+2.9319842299144253e-17j),(9.861530897348494-6.363092782157738e-16j)
initial_zn,nutrient_concentrations,(0.7988725994464136-4.7882932720562215e-17j),(-0.9838288071968825+2.6347106250700788e-17j),0.9838288071968825,-0.18799633269272187,(7.988725994464136-4.788293272056221e-16j),(9.838288071968824-2.6347106250700787e-16j)
sink_strength_coefficients_reproductive_roots,nutrient_mobility,(0.9825375664331087-5.581825718955357e-17j),(-0.3790569602238759+4.8517052770497974e-17j),0.9825375664331087,0.6142061401275876,(9.825375664331087-5.581825718955357e-16j),(3.790569602238759-4.851705277049797e-16j)
EM_FL,genetic_parameters,(0.979445880434247-5.735781664424473e-17j),(-0.8932473335793856+2.9642111663588446e-17j),0.979445880434247,0.08800746276725817,(9.794458804342469-5.735781664424473e-16j),(8.932473335793855-2.9642111663588446e-16j)
hours_per_day,photosynthesis,(0.9784347249648033-5.848676213429536e-17j),(-0.18624754570862334-3.3194770847432596e-17j),0.9784347249648033,0.8096474491792766,(9.784347249648032-5.848676213429536e-16j),(1.8624754570862334+3.3194770847432597e-16j)
respiration_acclimation_rate,respiration_parameters,(0.39639937429571936-6.565157572363424e-17j),(-0.9755889401357204+4.991013997680912e-18j),0.9755889401357204,-0.5936819719988075,(3.9639937429571934-6.565157572363424e-16j),(9.755889401357203-4.9910139976809116e-17j)
co2_mixing_time,control_equipment_parameters,(0.05142948836043165-1.2277499713952956e-17j),(-0.9752057601970731+6.034551565971829e-17j),0.9752057601970731,-0.9472629362340531,(0.5142948836043165-1.2277499713952955e-16j),(9.75205760197073-6.034551565971828e-16j)
xylem_transport_capacity,nutrient_mobility,(0.9399185238040639-6.596375175196279e-17j),(-0.9749368486533128+9.050114653841596e-17j),0.9749368486533128,-0.03591855708153804,(9.399185238040639-6.596375175196279e-16j),(9.749368486533127-9.050114653841595e-16j)
fine_diameter_std,root_system,(0.9739597983742325-4.6873428114851807e-17j),(-0.2689707271335807-1.0756442310122118e-17j),0.9739597983742325,0.7238379576009647,(9.739597983742325-4.68734281148518e-16j),(2.689707271335807+1.0756442310122116e-16j)
uptake_kinetics_NH4_min_conc,nitrogen_parameters,(0.020870758854822903+2.5096050868473814e-17j),(-0.9719540279050461+7.408848728951474e-17j),0.9719540279050461,-0.9785270102745416,(0.20870758854822902+2.5096050868473813e-16j),(9.719540279050461-7.408848728951474e-16j)
redistribution_thresholds_sulfur,nutrient_mobility,(0.9719355437611741-8.027079273800275e-17j),(-0.8598466189524596+2.4203812631328733e-17j),0.9719355437611741,0.11532547145560218,(9.71935543761174-8.027079273800274e-16j),(8.598466189524595-2.4203812631328733e-16j)
oxygen_stress_impact,stress_parameters,(0.9712333540444447-2.018980722744207e-17j),(-0.9144390418047312+7.333958934657407e-18j),0.9712333540444447,0.058476484568006776,(9.712333540444446-2.0189807227442068e-16j),(9.144390418047312-7.333958934657407e-17j)
optimal_temperature,environment,(0.9700322063399588-7.780400848517016e-17j),(-0.7128911602202392+4.891392670846281e-17j),0.9700322063399588,0.2650850605156109,(9.700322063399588-7.780400848517015e-16j),(7.128911602202392-4.891392670846281e-16j)
ec_factor_p_po4,nutrient_parameters,(-0.7848946618441262+1.2858458659607944e-16j),(-0.9696859378416474+5.478168557813536e-17j),0.9696859378416474,-0.19056817139045507,(-7.8489466184412615+1.2858458659607945e-15j),(9.696859378416473-5.478168557813536e-16j)
mobility_classifications_calcium_remobilization_efficiency,nutrient_mobility,(0.8731258195643582-2.4390930717794527e-17j),(-0.9687873307718955+4.283287736370325e-17j),0.9687873307718955,-0.09874356132559825,(8.731258195643582-2.4390930717794525e-16j),(9.687873307718954-4.2832877363703243e-16j)
process_sensitivity_growth,stress_parameters,(0.07358223342415553+2.412702745968078e-17j),(-0.9684378980969766+3.299673518907618e-17j),0.9684378980969766,-0.9240196675814238,(0.7358223342415552+2.412702745968078e-16j),(9.684378980969765-3.299673518907618e-16j)
reproductive_stem_allocation,model_constants,(0.6978955511085636+1.1529957865357162e-17j),(-0.9626887005561976+1.3881389370535303e-17j),0.9626887005561976,-0.2750558402676261,(6.978955511085635+1.152995786535716e-16j),(9.626887005561976-1.38813893705353e-16j)
critical_n_concentrations_stems_critical,nitrogen_parameters,(0.9560050071678706-2.9497843945811484e-17j),(-0.8944435422613215+6.429533849828582e-17j),0.9560050071678706,0.06439450049422092,(9.560050071678706-2.9497843945811483e-16j),(8.944435422613214-6.429533849828582e-16j)
phloem_transport_rates_sulfur,nutrient_mobility,(0.5577001101407852-2.2638375379156262e-17j),(-0.9526437038959218+5.548262492729551e-17j),0.9526437038959218,-0.41457639633787463,(5.577001101407852-2.263837537915626e-16j),(9.526437038959218-5.548262492729551e-16j)
mobility_classifications_phosphorus_retranslocation_rate,nutrient_mobility,(0.587924928331979-1.0060011051180277e-17j),(-0.9480566203586394+7.552269716679001e-17j),0.9480566203586394,-0.3798630633373211,(5.87924928331979-1.0060011051180276e-16j),(9.480566203586394-7.552269716679001e-16j)
cumulative_stress_threshold,stress_parameters,(0.9392504759670319+1.3302502129825598e-17j),(-0.8040757727356738+2.7572100283802255e-17j),0.9392504759670319,0.1439176308025665,(9.392504759670318+1.3302502129825598e-16j),(8.040757727356738-2.7572100283802255e-16j)
moderate_stress_threshold,respiration_parameters,(0.4368640222970044-1.5454672726151273e-17j),(-0.9360062222947816+1.0107138297874026e-17j),0.9360062222947816,-0.5332680361611737,(4.368640222970043-1.5454672726151272e-16j),(9.360062222947816-1.0107138297874026e-16j)
high_flow_factor,root_system,(0.12382819035549462-6.326296164054623e-18j),(-0.934587252404345+1.7923027148290714e-17j),0.934587252404345,-0.8675049439879147,(1.2382819035549462-6.326296164054623e-17j),(9.34587252404345-1.7923027148290712e-16j)
thermal_mass_factor,environmental_control_parameters,(0.934204542171825-4.221388085186778e-18j),(-0.5009780874620879-6.741430091932706e-18j),0.934204542171825,0.4637383304758705,(9.34204542171825-4.221388085186778e-17j),(5.009780874620879+6.741430091932706e-17j)
head_formation_node_requirement,phenology,(0.933121575465361-3.5247302267493576e-17j),(-0.16313965324494695+1.57543001859054e-17j),0.933121575465361,0.8251678478620679,(9.33121575465361-3.5247302267493576e-16j),(1.6313965324494695-1.57543001859054e-16j)
min_flow_rate,root_system,(0.9275918493619173-6.055933866190083e-17j),(-0.5841396038117186+2.1713435018003057e-17j),0.9275918493619173,0.3702622503490696,(9.275918493619173-6.055933866190083e-16j),(5.841396038117185-2.1713435018003055e-16j)
buffering_capacities_stems_nitrogen,nutrient_mobility,(0.6263510347027983+1.2765897802594577e-17j),(-0.9263190208612588+8.920097822357096e-17j),0.9263190208612588,-0.32382794631547224,(6.2635103470279825+1.2765897802594577e-16j),(9.263190208612588-8.920097822357096e-16j)
min_par_threshold,photosynthesis,(0.9223246997002557-5.988599586640696e-17j),(-0.07868071019431463-1.4614887396458065e-17j),0.9223246997002557,0.9146930465812257,(9.223246997002557-5.988599586640696e-16j),(0.7868071019431463+1.4614887396458064e-16j)
photosynthesis_heat_sensitivity,stress_parameters,(0.44380709599387047-6.640712487946874e-17j),(-0.9223134428873405+2.939789702367822e-17j),0.9223134428873405,-0.5188109862038723,(4.438070959938704-6.640712487946873e-16j),(9.223134428873404-2.939789702367822e-16j)
stress_weight_temperature,stress_parameters,(0.6969540970387696+2.3019012991351347e-17j),(-0.915684447983852+3.1673684036931295e-18j),0.915684447983852,-0.23887088114981245,(6.969540970387696+2.3019012991351346e-16j),(9.156844479838519-3.1673684036931293e-17j)
co2_sensor_accuracy,control_equipment_parameters,(0.9075245079404985-1.5261167164456014e-17j),(-0.11460548254662356-4.423571988488003e-17j),0.9075245079404985,0.873716377305661,(9.075245079404985-1.5261167164456012e-16j),(1.1460548254662355+4.4235719884880026e-16j)
reproductive_default,thermal_requirements,(0.9005454128246072-5.266143245831385e-17j),(0.12067787447526881-6.663453159085317e-17j),0.9005454128246072,0.86599468193752,(9.005454128246072-5.266143245831385e-16j),(-1.206778744752688+6.663453159085317e-16j)
stress_weight_nutrient,stress_parameters,(0.8972100169789624-5.1492213951069713e-17j),(-0.6700176749756411+1.2160347762270957e-17j),0.8972100169789624,0.25322091562052684,(8.972100169789623-5.149221395106971e-16j),(6.700176749756411-1.2160347762270957e-16j)
ammonium_assimilation_rate,nitrogen_parameters,(0.6822957410046903-8.078605024561464e-17j),(-0.889950541534425+2.780324087686126e-17j),0.889950541534425,-0.2333329672137766,(6.822957410046902-8.078605024561463e-16j),(8.89950541534425-2.780324087686126e-16j)
growth_n_use_efficiency,nitrogen_parameters,(-0.029698072735503372+3.960731655859768e-17j),(-0.8827642996476275+3.006310235554439e-17j),0.8827642996476275,-0.9663578684056912,(-0.2969807273550337+3.9607316558597674e-16j),(8.827642996476275-3.006310235554439e-16j)
phloem_transport_rates_molybdenum,nutrient_mobility,(0.8724652340940948-4.221972894207158e-18j),(-0.4552271224653418-6.6753162228608395e-18j),0.8724652340940948,0.478228925719869,(8.724652340940947-4.2219728942071574e-17j),(4.552271224653418+6.675316222860839e-17j)
process_sensitivity_development,stress_parameters,(0.8463561891395323-4.274857424677892e-17j),(-0.8716238620804128+1.0788210808126302e-18j),0.8716238620804128,-0.028989193664995604,(8.463561891395322-4.274857424677892e-16j),(8.716238620804127-1.07882108081263e-17j)
salinity_stress_weight,genetic_parameters,(0.8668435790400834-5.319325255556613e-17j),(-0.41706955183223227-4.322635591411317e-17j),0.8668435790400834,0.5188641158372741,(8.668435790400833-5.319325255556613e-16j),(4.170695518322322+4.322635591411317e-16j)
active_senescence_threshold,senescence_parameters,(0.864214794922813-4.937598918174619e-17j),(-0.030119040140999073-4.434038747140838e-17j),0.864214794922813,0.9651486640613586,(8.642147949228129-4.937598918174618e-16j),(0.3011904014099907+4.434038747140838e-16j)
nutrient_uptake_sensitivity_low,root_zone_temperature,(0.6760976739729474-5.939801383057837e-17j),(-0.8637897432752086+2.4288238797362592e-17j),0.8637897432752086,-0.21728906920171823,(6.7609767397294736-5.939801383057837e-16j),(8.637897432752085-2.428823879736259e-16j)
tissue_factor_roots,respiration_parameters,(0.4145601481783451+1.9954068271195047e-17j),(-0.8567833562241906+1.0858451603603967e-18j),0.8567833562241906,-0.5161435558163795,(4.145601481783451+1.9954068271195047e-16j),(8.567833562241905-1.0858451603603966e-17j)
o2_mmol_mol,photosynthesis,(0.7781227780853099-2.9611896243879634e-17j),(-0.8538086681055331+5.475171156937808e-17j),0.8538086681055331,-0.08864502416935899,(7.781227780853099-2.9611896243879633e-16j),(8.538086681055331-5.475171156937808e-16j)
vegetative_default,thermal_requirements,(0.4042530625831293+1.3027395380485043e-17j),(-0.8491225610100499+9.124959897477313e-18j),0.8491225610100499,-0.5239167098536854,(4.042530625831293+1.3027395380485043e-16j),(8.491225610100498-9.124959897477312e-17j)
proportional_control_factor,nutrient_parameters,(0.5346310225268003+1.6687758210069154e-17j),(-0.8485080381686343+5.232153043784569e-17j),0.8485080381686343,-0.3699163726477903,(5.346310225268002+1.6687758210069153e-16j),(8.485080381686343-5.232153043784569e-16j)
coarse_root_half_life_days,root_system,(0.8476444696854477-6.096851991003309e-18j),(-0.82251447096349+3.613315264942967e-17j),0.8476444696854477,0.02964686212284644,(8.476444696854477-6.096851991003309e-17j),(8.225144709634899-3.613315264942967e-16j)
max_co2_concentration,environmental_control_parameters,(0.8441917620991348+3.785871229115292e-17j),(-0.5524521514584343+5.1234427407615625e-17j),0.8441917620991348,0.34558452680854407,(8.441917620991347+3.785871229115292e-16j),(5.524521514584343-5.123442740761562e-16j)
light_stress_rate,senescence_parameters,(0.6480850709372361-5.61286915183131e-17j),(-0.8433642543198714+6.986547979272801e-17j),0.8433642543198714,-0.23154785418326462,(6.48085070937236-5.61286915183131e-16j),(8.433642543198713-6.9865479792728e-16j)
channel_length,root_system,(0.4711427761084237-3.346725470636417e-18j),(-0.8340093546532862-2.981332421076081e-17j),0.8340093546532862,-0.43508694059638353,(4.711427761084237-3.3467254706364166e-17j),(8.340093546532861+2.981332421076081e-16j)
SFDUR,genetic_parameters,(0.8279010217059719-8.10226836007905e-17j),(-0.7926363996220916-3.116213712202805e-17j),0.8279010217059719,0.04259521507923015,(8.279010217059719-8.10226836007905e-16j),(7.926363996220916+3.1162137122028053e-16j)
critical_n_concentrations_leaves_optimal,nitrogen_parameters,(0.35327011884767934-1.2477474344818861e-17j),(-0.827154841583249+5.684495824950397e-17j),0.827154841583249,-0.5729093259352886,(3.532701188476793-1.247747434481886e-16j),(8.27154841583249-5.684495824950396e-16j)
target_ec,nutrient_management,(0.038199069606496494-2.5278616080893602e-17j),(-0.8267205683809637+9.05102048215092e-17j),0.8267205683809637,-0.9537944608281552,(0.3819906960649649-2.52786160808936e-16j),(8.267205683809637-9.05102048215092e-16j)
psychrometric_constant,environment,(0.4589114619777491-7.494505248156564e-18j),(-0.8262191283699212+2.1296051925361424e-17j),0.8262191283699212,-0.4445644669554518,(4.589114619777491-7.494505248156563e-17j),(8.262191283699211-2.1296051925361422e-16j)
xylem_transport_rates_calcium,nutrient_mobility,(0.2670379746968003+1.0459905535206103e-17j),(-0.8242235231282239+3.16032888260282e-17j),0.8242235231282239,-0.6760126747131708,(2.6703797469680026+1.0459905535206103e-16j),(8.242235231282239-3.16032888260282e-16j)
target_temperature,environment,(0.7811049395671392-8.381786689956223e-17j),(-0.8211112293926794+6.349157878719809e-17j),0.8211112293926794,-0.04872213214661572,(7.811049395671392-8.381786689956223e-16j),(8.211112293926794-6.349157878719809e-16j)
co2_response_vmax,environmental_control_parameters,(0.8209627017943255-4.452695491952149e-17j),(-0.8161798808001347-4.436049182325522e-18j),0.8209627017943255,0.005825868804681749,(8.209627017943255-4.452695491952149e-16j),(8.161798808001347+4.436049182325522e-17j)
co2_tolerance,environment,(0.798596373314903-2.103417724136057e-17j),(-0.5237957543608724+5.130858095149577e-17j),0.798596373314903,0.34410451654489416,(7.985963733149029-2.1034177241360566e-16j),(5.237957543608724-5.130858095149577e-16j)
V2_to_V3,thermal_requirements,(0.7970407881363208-4.6344105825980316e-17j),(-0.12386340042034301-4.6779528080436265e-17j),0.7970407881363208,0.8445959074315802,(7.970407881363208-4.634410582598031e-16j),(1.23863400420343+4.677952808043626e-16j)
seconds_per_hour,photosynthesis,(0.5118203445121327-2.782983017664862e-17j),(-0.79260082244312+2.8062242648266004e-17j),0.79260082244312,-0.3542520648231313,(5.118203445121327-2.782983017664862e-16j),(7.926008224431199-2.8062242648266e-16j)
respiration_growth_efficiency,respiration_parameters,(0.7924183208780238-1.1105447866603247e-17j),(-0.688080278109366+3.1453894033776545e-17j),0.7924183208780238,0.13167040692982468,(7.924183208780238-1.1105447866603247e-16j),(6.88080278109366-3.1453894033776546e-16j)
ec_factor_fe,nutrient_parameters,(0.7665607616158356-4.287555532825356e-17j),(-0.3187823850407134-2.555562332276394e-17j),0.7665607616158356,0.5841394433381235,(7.665607616158356-4.287555532825355e-16j),(3.1878238504071335+2.555562332276394e-16j)
respiration_heat_sensitivity,stress_parameters,(0.7596956613531569+5.5382611265404065e-18j),(-0.7053668022843205+1.1532978961451632e-17j),0.7596956613531569,0.07151397833714991,(7.596956613531569+5.538261126540406e-17j),(7.053668022843204-1.1532978961451632e-16j)
medium_min_activity,root_system,(0.748771795807775+1.586426211813305e-17j),(-0.4861659056282335+3.358161898029262e-17j),0.748771795807775,0.3507155206029659,(7.4877179580777495+1.586426211813305e-16j),(4.861659056282335-3.3581618980292617e-16j)
magnesium_recovery,senescence_parameters,(0.748528254473277-1.495026076302813e-17j),(-0.15741330179508778+1.1253896286926971e-17j),0.748528254473277,0.7897029259024348,(7.485282544732769-1.495026076302813e-16j),(1.5741330179508777-1.125389628692697e-16j)
protein_synthesis,nitrogen_parameters,(0.44378251803745655+5.277292231702762e-18j),(-0.7296154819107176-2.446335210419601e-17j),0.7296154819107176,-0.3917583589711137,(4.437825180374565+5.2772922317027617e-17j),(7.2961548191071754+2.4463352104196007e-16j)
stress_redistribution_rates_phosphorus,nutrient_mobility,(0.3658811394847996+3.376542881257722e-17j),(-0.7247947737149896+4.5184791957590034e-17j),0.7247947737149896,-0.49519346337246806,(3.658811394847996+3.376542881257722e-16j),(7.247947737149896-4.518479195759003e-16j)
light_intensity_control,environment,(-0.06158180268625625+5.98202348690996e-17j),(-0.71589678541248-2.1178121422595135e-17j),0.71589678541248,-0.9139794954509057,(-0.6158180268625625+5.98202348690996e-16j),(7.1589678541248+2.1178121422595133e-16j)
heat_damage_threshold,stress_parameters,(0.7023720952179385+6.486619903837467e-18j),(-0.4145212665281255+3.2445719863106104e-18j),0.7023720952179385,0.40982668680835904,(7.023720952179385+6.486619903837466e-17j),(4.145212665281255-3.2445719863106104e-17j)
moderate_stress_factor,respiration_parameters,(0.45632559243765575-1.8910680070756826e-17j),(-0.6954909522272328+6.928184175381561e-17j),0.6954909522272328,-0.3438799009874628,(4.563255924376557-1.8910680070756826e-16j),(6.954909522272327-6.928184175381561e-16j)
root_conductance_scaling_factor,root_system,(0.6934745165518031-3.697063244638864e-17j),(-0.3040604696385386-1.1329564186942865e-17j),0.6934745165518031,0.561540529058756,(6.934745165518031-3.6970632446388635e-16j),(3.040604696385386+1.1329564186942865e-16j)
storage_pool_sizes_roots_phosphorus,nutrient_mobility,(-0.22512213628784267+5.0000660272061884e-18j),(-0.6875484151685605+4.215522683767039e-17j),0.6875484151685605,-0.6725726780525684,(-2.2512213628784266+5.000066027206188e-17j),(6.875484151685604-4.2155226837670387e-16j)
initial_stem_biomass,model_constants,(0.1736657218303074-2.1835894816268755e-17j),(-0.6789648565464489+5.1248901359704675e-17j),0.6789648565464489,-0.7442198662333466,(1.736657218303074-2.1835894816268754e-16j),(6.789648565464488-5.124890135970467e-16j)
acclimation_memory,respiration_parameters,(0.6642675950029553-2.8982575665658264e-17j),(-0.4879159053221394+1.418912148748168e-17j),0.6642675950029553,0.2654829032869371,(6.6426759500295525-2.8982575665658265e-16j),(4.879159053221394-1.4189121487481677e-16j)
medium_diameter_std,root_system,(0.6611227436515275-3.708040055753882e-17j),(0.07594967107550737-4.1362286244939904e-17j),0.6611227436515275,0.8851201659528145,(6.611227436515274-3.708040055753882e-16j),(-0.7594967107550737+4.13622862449399e-16j)
leaf_thickness,canopy_parameters,(0.6545868921504168+1.0608802746912254e-17j),(-0.4988419688023954-2.026570170601395e-17j),0.6545868921504168,0.23792857024126435,(6.545868921504168+1.0608802746912253e-16j),(4.988419688023954+2.0265701706013948e-16j)
default_leaf_nitrogen_conc,nitrogen_parameters,(0.6506158294435515+3.0826236921854966e-17j),(-0.09421858504273067+6.1396653248098684e-18j),0.6506158294435515,0.8551855322620838,(6.506158294435514+3.0826236921854967e-16j),(0.9421858504273066-6.139665324809868e-17j)
fine_min_activity,root_system,(0.6453464199270682+2.076425700397553e-17j),(-0.5503789304244647+3.225451576145552e-17j),0.6453464199270682,0.1471573817878093,(6.453464199270681+2.076425700397553e-16j),(5.5037893042446475-3.225451576145552e-16j)
severe_stress_threshold,respiration_parameters,(0.6113182796647694-5.3816374538410526e-17j),(-0.32954050751655056-2.9498172169653693e-17j),0.6113182796647694,0.46093464161212094,(6.113182796647693-5.381637453841052e-16j),(3.2954050751655055+2.9498172169653693e-16j)
mobility_classifications_sulfur_retranslocation_rate,nutrient_mobility,(0.5979684048118488+4.153399416295545e-17j),(-0.2370581708224569-3.9702168909391836e-17j),0.5979684048118488,0.6035607083671127,(5.979684048118488+4.153399416295545e-16j),(2.370581708224569+3.9702168909391834e-16j)
vegetative_leaf_allocation,model_constants,(0.5828952160637372-1.0540675923618762e-17j),(-0.4247874875439842+1.4367605295839156e-17j),0.5828952160637372,0.27124554150134683,(5.828952160637371-1.0540675923618762e-16j),(4.247874875439842-1.4367605295839154e-16j)
bolting_sustained_stress_risk,phenology,(0.43711722698350286-2.7532304431459732e-17j),(-0.5324258154533661+4.362283955111865e-17j),0.5324258154533661,-0.17900820302769688,(4.371172269835029-2.753230443145973e-16j),(5.324258154533661-4.362283955111865e-16j)
sink_strength_coefficients_senescence_roots,nutrient_mobility,(0.4748668252420776-3.5894083334145594e-18j),(-0.530913734370693-2.8710148580053513e-17j),0.530913734370693,-0.10556688497623708,(4.748668252420775-3.5894083334145596e-17j),(5.309137343706929+2.871014858005351e-16j)
temp_tolerance,environment,(0.28725226284086525+3.038371545108539e-17j),(-0.5259008959218081-1.7208205870508345e-18j),0.5259008959218081,-0.4537901245873245,(2.8725226284086522+3.038371545108539e-16j),(5.259008959218081+1.7208205870508345e-17j)
nh4_uptake_vmax,nutrient_parameters,(-0.48364581250773986+3.92299983529235e-17j),(-0.518559714968553-2.2045939289874278e-17j),0.518559714968553,-0.0673286054681869,(-4.836458125077399+3.9229998352923495e-16j),(5.18559714968553+2.2045939289874278e-16j)
min_ph_factor,root_system,(0.4980988901767089-2.4378843033483192e-17j),(-0.4616030526215711+1.5138172246351545e-17j),0.4980988901767089,0.07327026475041992,(4.9809889017670885-2.437884303348319e-16j),(4.61603052621571-1.5138172246351545e-16j)
canopy_height,leaf_development,(0.44846541081010804+6.302744407222258e-18j),(-0.21923157308620672+1.4317390610574374e-17j),0.44846541081010804,0.511151656734938,(4.48465410810108+6.302744407222258e-17j),(2.192315730862067-1.4317390610574375e-16j)
self_shading_factor,canopy_parameters,(0.44419003078271485-4.188377827356755e-17j),(-0.1905888818281124-3.8655330776088204e-17j),0.44419003078271485,0.570929402687691,(4.441900307827148-4.1883778273567547e-16j),(1.9058888182811238+3.86553307760882e-16j)
ph_deadband,nutrient_parameters,(0.36752769213265923-3.423130748290416e-17j),(-0.43946392801079104+1.61454056192398e-17j),0.43946392801079104,-0.1636908772097568,(3.675276921326592-3.423130748290416e-16j),(4.39463928010791-1.6145405619239797e-16j)
allocation_coefficients_reproductive_stems,nitrogen_parameters,(0.41765869053702565+3.3102128777617242e-18j),(-0.01950623249917542-4.547954465771935e-17j),0.41765869053702565,0.953296236996543,(4.1765869053702565+3.310212877761724e-17j),(0.19506232499175422+4.547954465771935e-16j)
initial_mn,nutrient_concentrations,(0.12805831508199494+5.995189025866382e-17j),(-0.4021426967085526+2.5849414122573044e-19j),0.4021426967085526,-0.6815600130746539,(1.2805831508199494+5.995189025866382e-16j),(4.021426967085526-2.5849414122573043e-18j)
buffering_capacities_leaves_potassium,nutrient_mobility,(0.39798209549690516-1.2622457734576218e-17j),(-0.18513613453941893+5.157288091378626e-18j),0.39798209549690516,0.5348129058211398,(3.9798209549690515-1.2622457734576218e-16j),(1.8513613453941893-5.1572880913786254e-17j)
extinction_coefficient,canopy_parameters,(0.39699953881339267-3.6362655641750195e-17j),(-0.2952939906917062-1.8665414242962523e-17j),0.39699953881339267,0.25618555735776954,(3.9699953881339267-3.6362655641750193e-16j),(2.9529399069170617+1.8665414242962523e-16j)
active_senescence_multiplier,senescence_parameters,(0.2677267980884719+4.5070936457785804e-17j),(-0.3968613090878062+3.070115583375064e-17j),0.3968613090878062,-0.32538952032424784,(2.677267980884719+4.50709364577858e-16j),(3.968613090878062-3.070115583375064e-16j)
ec_uptake_modifier_p_high,nutrient_parameters,(0.3726350626897219+6.1359527731973145e-18j),(-0.1378276645054735-4.881025342070921e-17j),0.3726350626897219,0.6301269571612025,(3.7263506268972186+6.135952773197314e-17j),(1.378276645054735+4.881025342070921e-16j)
optimal_ec_min,stress_parameters,(-0.09808863584606763+9.728283992300164e-18j),(-0.34249993859829436-8.330311659029885e-18j),0.34249993859829436,-0.7136097710046243,(-0.9808863584606762+9.728283992300164e-17j),(3.4249993859829435+8.330311659029884e-17j)
solution_change_days,system,(0.3376400388283691-4.6122532632332044e-17j),(0.09466398678637306-3.240398190676539e-17j),0.3376400388283691,0.7196304469254811,(3.376400388283691-4.612253263233204e-16j),(-0.9466398678637306+3.2403981906765394e-16j)
reservoir_topup_fraction,system,(0.07021711866197454+2.824045645736583e-17j),(-0.3288949994897164+2.505769060843433e-17j),0.3288949994897164,-0.7865059706869455,(0.7021711866197453+2.824045645736583e-16j),(3.288949994897164-2.505769060843433e-16j)
max_effective_rzt,root_zone_temperature,(0.2935182540190385+3.7180300229041575e-17j),(0.2677187769860096-1.6768458042264422e-17j),0.2935182540190385,0.08789735111791545,(2.935182540190385+3.7180300229041573e-16j),(-2.677187769860096+1.676845804226442e-16j)
fine_turnover_rate,root_system,(0.2012235070556374-5.755502893732633e-18j),(-0.2883508099301677+1.967485544946878e-17j),0.2883508099301677,-0.3021573024040773,(2.012235070556374-5.755502893732633e-17j),(2.883508099301677-1.967485544946878e-16j)
ec_uptake_modifier_fe_low,nutrient_parameters,(0.2776420042512927+2.2048926306463768e-17j),(0.0031804609793799118-5.052108072821071e-17j),0.2776420042512927,0.9885447413191079,(2.776420042512927+2.2048926306463766e-16j),(-0.031804609793799114+5.052108072821071e-16j)
day_start_hour,respiration_parameters,(-0.009906055766380747+1.1774629102218781e-17j),(0.22695924417526592-5.170152833059751e-17j),0.22695924417526592,-0.9563531514110483,(-0.09906055766380746+1.177462910221878e-16j),(-2.269592441752659+5.170152833059751e-16j)
uptake_kinetics_AA_km,nitrogen_parameters,(0.22609440555204988-2.5331945458048847e-19j),(-0.0993932972538997+8.939173334784051e-18j),0.22609440555204988,0.560390284707783,(2.2609440555204987-2.5331945458048846e-18j),(0.9939329725389969-8.93917333478405e-17j)
V1_to_V2,thermal_requirements,(-0.14569222958968728+3.8860854675739685e-17j),(-0.19329711947790676-4.6871258233674125e-17j),0.19329711947790676,-0.24627832021915136,(-1.4569222958968726+3.8860854675739685e-16j),(1.9329711947790675+4.687125823367412e-16j)
stress_redistribution_rates_nitrogen,nutrient_mobility,(0.15600312945178146+3.5664287873902333e-17j),(-0.07523448140063226-1.3476237276891452e-17j),0.15600312945178146,0.5177373578016187,(1.5600312945178145+3.5664287873902333e-16j),(0.7523448140063225+1.347623727689145e-16j)
max_osmotic_adjustment,stress_parameters,(-0.010540795838488746+2.8347356668866064e-18j),(-0.12178217042613036-3.437063987446398e-17j),0.12178217042613036,-0.9134454920485877,(-0.10540795838488745+2.834735666886606e-17j),(1.2178217042613035+3.4370639874463976e-16j)
