parameter_name,category,original_value,modified_value,direction,parameter_change_percent,baseline_biomass,modified_biomass,biomass_change,biomass_change_percent,sensitivity_ratio
GE_to_VE,thermal_requirements,80.0,88.0,increase,10.0,(24.689568425019537+1.8473228386863463e-15j),(26.636135670360915+2.0574673868771505e-15j),(1.9465672453413774+2.1014454819080418e-16j),(7.884168778619858+2.6123784989866665e-16j),(0.7884168778619859+2.6123784989866665e-17j)
GE_to_VE,thermal_requirements,80.0,72.0,decrease,-10.0,(24.689568425019537+1.8473228386863463e-15j),(28.391383785161267+1.9594042544667062e-15j),(3.7018153601417296+1.1208141578035992e-16j),(14.993438914835142-6.678764195439577e-16j),(-1.4993438914835142+6.678764195439577e-17j)
VE_to_V1,thermal_requirements,45.0,49.50000000000001,increase,10.0,(24.689568425019537+1.8473228386863463e-15j),(28.998040829776947+1.902292136667812e-15j),(4.30847240475741+5.4969297981465784e-17j),(17.450578035990922-1.0830453208295245e-15j),(1.7450578035990922-1.0830453208295245e-16j)
VE_to_V1,thermal_requirements,45.0,40.5,decrease,-10.0,(24.689568425019537+1.8473228386863463e-15j),(27.693695706216044+1.8889297109770797e-15j),(3.0041272811965065+4.1606872290733415e-17j),(12.167597381541226-7.418838997293432e-16j),(-1.2167597381541226+7.418838997293433e-17j)
V1_to_V2,thermal_requirements,35.0,38.5,increase,10.0,(24.689568425019537+1.8473228386863463e-15j),(24.329860597874713+1.9163545534294715e-15j),(-0.35970782714482397+6.903171474312514e-17j),(-1.4569222958968726+3.8860854675739685e-16j),(-0.14569222958968728+3.8860854675739685e-17j)
V1_to_V2,thermal_requirements,35.0,31.5,decrease,-10.0,(24.689568425019537+1.8473228386863463e-15j),(25.166810670790433+1.998754170765434e-15j),(0.4772422457708956+1.5143133207908782e-16j),(1.9329711947790675+4.687125823367412e-16j),(-0.19329711947790676-4.6871258233674125e-17j)
V2_to_V3,thermal_requirements,35.0,38.5,increase,10.0,(24.689568425019537+1.8473228386863463e-15j),(26.657427732641857+1.8801404066265367e-15j),(1.9678593076223194+3.2817567940190354e-17j),(7.970407881363208-4.634410582598031e-16j),(0.7970407881363208-4.6344105825980316e-17j)
V2_to_V3,thermal_requirements,35.0,31.5,decrease,-10.0,(24.689568425019537+1.8473228386863463e-15j),(24.995381815022903+1.985701043476937e-15j),(0.30581339000336527+1.3837820479059058e-16j),(1.23863400420343+4.677952808043626e-16j),(-0.12386340042034301-4.6779528080436265e-17j)
V3_to_V4,thermal_requirements,35.0,38.5,increase,10.0,(24.689568425019537+1.8473228386863463e-15j),(27.01364841040259+2.000420380390599e-15j),(2.324079985383051+1.5309754170425284e-16j),(9.413206198565668-8.422490784981435e-17j),(0.9413206198565668-8.422490784981435e-18j)
V3_to_V4,thermal_requirements,35.0,31.5,decrease,-10.0,(24.689568425019537+1.8473228386863463e-15j),(29.81256809737937+2.0313794701276574e-15j),(5.122999672359832+1.840566314413111e-16j),(20.749652582701138-8.070470744441161e-16j),(-2.074965258270114+8.070470744441161e-17j)
V4_to_V5,thermal_requirements,35.0,38.5,increase,10.0,(24.689568425019537+1.8473228386863463e-15j),(28.84233013135281+2.0328373301074975e-15j),(4.152761706333273+1.8551449142115117e-16j),(16.819903996884005-5.071106728278326e-16j),(1.6819903996884005-5.071106728278326e-17j)
V4_to_V5,thermal_requirements,35.0,31.5,decrease,-10.0,(24.689568425019537+1.8473228386863463e-15j),(25.54541018665079+1.9231736811545076e-15j),(0.8558417616312539+7.585084246816126e-17j),(3.466410375824853+4.78544286783992e-17j),(-0.3466410375824853-4.7854428678399206e-18j)
V5_to_V6,thermal_requirements,35.0,38.5,increase,10.0,(24.689568425019537+1.8473228386863463e-15j),(28.84263275580001+1.993335020325622e-15j),(4.153064330780474+1.4601218163927562e-16j),(16.82112971473371-6.671983344152982e-16j),(1.6821129714733711-6.671983344152983e-17j)
V5_to_V6,thermal_requirements,35.0,31.5,decrease,-10.0,(24.689568425019537+1.8473228386863463e-15j),(26.216174071039404+1.8278817046831368e-15j),(1.526605646019867-1.944113400320953e-17j),(6.18320101728817-5.4138175385038e-16j),(-0.6183201017288171+5.4138175385038e-17j)
V6_to_V7,thermal_requirements,35.0,38.5,increase,10.0,(24.689568425019537+1.8473228386863463e-15j),(28.992402476097862+2.0333008703316584e-15j),(4.3028340510783245+1.8597803164531208e-16j),(17.427741048393475-5.50712781479769e-16j),(1.7427741048393477-5.50712781479769e-17j)
V6_to_V7,thermal_requirements,35.0,31.5,decrease,-10.0,(24.689568425019537+1.8473228386863463e-15j),(32.29272297945023+2.0363615109181587e-15j),(7.603154554430695+1.890386722318124e-16j),(30.795007930255785-1.5384819041800392e-15j),(-3.079500793025579+1.5384819041800394e-16j)
V7_to_V8,thermal_requirements,35.0,38.5,increase,10.0,(24.689568425019537+1.8473228386863463e-15j),(31.29440933201695+1.911260334238283e-15j),(6.604840906997413+6.393749555193685e-17j),(26.751544592834197-1.7426383888381441e-15j),(2.6751544592834198-1.7426383888381442e-16j)
V7_to_V8,thermal_requirements,35.0,31.5,decrease,-10.0,(24.689568425019537+1.8473228386863463e-15j),(29.18615554897714+1.907409752007471e-15j),(4.496587123957603+6.008691332112484e-17j),(18.21249787177697-1.1193258407847497e-15j),(-1.8212497871776971+1.1193258407847498e-16j)
V8_to_V9,thermal_requirements,35.0,38.5,increase,10.0,(24.689568425019537+1.8473228386863463e-15j),(27.234655890356965+1.974919836155084e-15j),(2.545087465337428+1.2759699746873753e-16j),(10.30835137141695-2.544861482625745e-16j),(1.030835137141695-2.5448614826257452e-17j)
V8_to_V9,thermal_requirements,35.0,31.5,decrease,-10.0,(24.689568425019537+1.8473228386863463e-15j),(25.156668771272486+1.8659725414638475e-15j),(0.4671003462529484+1.864970277750122e-17j),(1.8918935244716766-6.601848239345735e-17j),(-0.18918935244716767+6.601848239345735e-18j)
V9_to_V10,thermal_requirements,35.0,38.5,increase,10.0,(24.689568425019537+1.8473228386863463e-15j),(27.64721807684386+2.0482099335217632e-15j),(2.9576496518243225+2.0088709483541692e-16j),(11.979349338594126-8.266714537533692e-17j),(1.1979349338594127-8.266714537533691e-18j)
V9_to_V10,thermal_requirements,35.0,31.5,decrease,-10.0,(24.689568425019537+1.8473228386863463e-15j),(26.5667694730504+1.970859654038671e-15j),(1.8772010480308623+1.2353681535232482e-16j),(7.603215316346206-6.852739330952322e-17j),(-0.7603215316346206+6.8527393309523224e-18j)
V10_to_V11+,thermal_requirements,40.0,44.0,increase,10.0,(24.689568425019537+1.8473228386863463e-15j),(27.901082751620063+1.931819428369346e-15j),(3.2115143266005255+8.449658968299971e-17j),(13.007575796043847-6.310168167981345e-16j),(1.3007575796043849-6.310168167981345e-17j)
V10_to_V11+,thermal_requirements,40.0,36.0,decrease,-10.0,(24.689568425019537+1.8473228386863463e-15j),(26.779840129808946+1.9516386294480736e-15j),(2.0902717047894086+1.043157907617273e-16j),(8.466214025317676-2.10949473086999e-16j),(-0.8466214025317677+2.10949473086999e-17j)
V11+_to_HI,thermal_requirements,120.0,132.0,increase,10.0,(24.689568425019537+1.8473228386863463e-15j),(31.90941409512351+1.9283963244153817e-15j),(7.219845670103972+8.107348572903539e-17j),(29.242494424437304-1.85961044142801e-15j),(2.9242494424437306-1.8596104414280101e-16j)
V11+_to_HI,thermal_requirements,120.0,108.0,decrease,-10.0,(24.689568425019537+1.8473228386863463e-15j),(28.950763789492086+1.943538770055801e-15j),(4.261195364472549+9.62159313694548e-17j),(17.259092144172126-9.016569902216984e-16j),(-1.7259092144172126+9.016569902216985e-17j)
HI_to_HD,thermal_requirements,180.0,198.00000000000003,increase,10.0,(24.689568425019537+1.8473228386863463e-15j),(29.021989283693507+1.9279723800328853e-15j),(4.33242085867397+8.064954134653895e-17j),(17.547576304669818-9.862904007620278e-16j),(1.7547576304669819-9.862904007620279e-17j)
HI_to_HD,thermal_requirements,180.0,162.0,decrease,-10.0,(24.689568425019537+1.8473228386863463e-15j),(27.270417480380264+2.001679027792996e-15j),(2.5808490553607264+1.5435618910664964e-16j),(10.453196309196661-1.5694115433217763e-16j),(-1.0453196309196662+1.5694115433217764e-17j)
HD_to_HM,thermal_requirements,200.0,220.00000000000003,increase,10.0,(24.689568425019537+1.8473228386863463e-15j),(27.87901952402524+1.8259584480338424e-15j),(3.1894510990057015-2.1364390652503945e-17j),(12.918213247395707-1.0530985793108055e-15j),(1.291821324739571-1.0530985793108055e-16j)
HD_to_HM,thermal_requirements,200.0,180.0,decrease,-10.0,(24.689568425019537+1.8473228386863463e-15j),(28.56416459638717+1.841028076496873e-15j),(3.8745961713676316-6.294762189473464e-18j),(15.693251921897723-1.1996960982724818e-15j),(-1.5693251921897724+1.199696098272482e-16j)
HM_to_PM,thermal_requirements,100.0,110.00000000000001,increase,10.0,(24.689568425019537+1.8473228386863463e-15j),(28.307019781859644+1.8454551651240435e-15j),(3.6174513568401068-1.8676735623027686e-18j),(14.651739935536131-1.1038370819808052e-15j),(1.4651739935536132-1.1038370819808052e-16j)
HM_to_PM,thermal_requirements,100.0,90.0,decrease,-10.0,(24.689568425019537+1.8473228386863463e-15j),(29.50018119637062+1.989781307184257e-15j),(4.810612771351082+1.4245846849791085e-16j),(19.484393929203623-8.808626655275834e-16j),(-1.9484393929203625+8.808626655275834e-17j)
vegetative_default,thermal_requirements,35.0,38.5,increase,10.0,(24.689568425019537+1.8473228386863463e-15j),(25.687651789986525+1.9541655071628448e-15j),(0.9980833649669876+1.0684266847649846e-16j),(4.042530625831293+1.3027395380485043e-16j),(0.4042530625831293+1.3027395380485043e-17j)
vegetative_default,thermal_requirements,35.0,31.5,decrease,-10.0,(24.689568425019537+1.8473228386863463e-15j),(26.786015382148083+1.9816540564896844e-15j),(2.0964469571285456+1.3433121780333805e-16j),(8.491225610100498-9.124959897477312e-17j),(-0.8491225610100499+9.124959897477313e-18j)
head_formation_default,thermal_requirements,150.0,165.0,increase,10.0,(24.689568425019537+1.8473228386863463e-15j),(28.300192373981105+1.9127315008123843e-15j),(3.6106239489615675+6.540866212603798e-17j),(14.62408692937171-8.292791196062734e-16j),(1.4624086929371711-8.292791196062734e-17j)
head_formation_default,thermal_requirements,150.0,135.0,decrease,-10.0,(24.689568425019537+1.8473228386863463e-15j),(28.697516646035673+1.9162939344476494e-15j),(4.007948221016136+6.897109576130305e-17j),(16.233366869850276-9.352597580409152e-16j),(-1.6233366869850276+9.352597580409153e-17j)
reproductive_default,thermal_requirements,200.0,220.00000000000003,increase,10.0,(24.689568425019537+1.8473228386863463e-15j),(26.912976183996598+1.88366384552095e-15j),(2.2234077589770607+3.6341006834603647e-17j),(9.005454128246072-5.266143245831385e-16j),(0.9005454128246072-5.266143245831385e-17j)
reproductive_default,thermal_requirements,200.0,180.0,decrease,-10.0,(24.689568425019537+1.8473228386863463e-15j),(24.39161996109523+1.989547522040267e-15j),(-0.29794846392430685+1.4222468335392075e-16j),(-1.206778744752688+6.663453159085317e-16j),(0.12067787447526881-6.663453159085317e-17j)
transition_defaults_vegetative,thermal_requirements,35.0,38.5,increase,10.0,(24.689568425019537+1.8473228386863463e-15j),(27.98795032698362+1.9231783337596603e-15j),(3.298381901964081+7.585549507331401e-17j),(13.35941497714321-6.923410971457741e-16j),(1.3359414977143211-6.923410971457741e-17j)
transition_defaults_vegetative,thermal_requirements,35.0,31.5,decrease,-10.0,(24.689568425019537+1.8473228386863463e-15j),(26.71410214653511+1.926414755321778e-15j),(2.0245337215155743+7.909191663543164e-17j),(8.19995589499241-2.9319160274027056e-16j),(-0.819995589499241+2.9319160274027055e-17j)
transition_defaults_head_formation,thermal_requirements,150.0,165.0,increase,10.0,(24.689568425019537+1.8473228386863463e-15j),(27.103225855689363+1.9852134347555375e-15j),(2.4136574306698257+1.3789059606919116e-16j),(9.776021148364467-1.7296404126723443e-16j),(0.9776021148364468-1.7296404126723446e-17j)
transition_defaults_head_formation,thermal_requirements,150.0,135.0,decrease,-10.0,(24.689568425019537+1.8473228386863463e-15j),(28.08004373969119+2.027705913490416e-15j),(3.3904753146716544+1.8038307480406965e-16j),(13.732420333584553-2.9688272010606255e-16j),(-1.3732420333584554+2.9688272010606254e-17j)
transition_defaults_reproductive,thermal_requirements,200.0,220.00000000000003,increase,10.0,(24.689568425019537+1.8473228386863463e-15j),(28.329363417280298+1.975553285672999e-15j),(3.639794992260761+1.2823044698665274e-16j),(14.742238218195505-5.836727644278615e-16j),(1.4742238218195505-5.836727644278615e-17j)
transition_defaults_reproductive,thermal_requirements,200.0,180.0,decrease,-10.0,(24.689568425019537+1.8473228386863463e-15j),(28.664969866965045+1.923980468247331e-15j),(3.9754014419455075+7.665762956098469e-17j),(16.10154286016995-8.942637039052691e-16j),(-1.610154286016995+8.942637039052692e-17j)
EM_FL,genetic_parameters,28.5,31.35,increase,10.0,(24.689568425019537+1.8473228386863463e-15j),(27.107778033378022+1.88664413922991e-15j),(2.4182096083584845+3.93213005435636e-17j),(9.794458804342469-5.735781664424473e-16j),(0.979445880434247-5.735781664424473e-17j)
EM_FL,genetic_parameters,28.5,25.650000000000002,decrease,-10.0,(24.689568425019537+1.8473228386863463e-15j),(26.894957541306987+1.9391493642600107e-15j),(2.2053891162874493+9.182652557366437e-17j),(8.932473335793855-2.9642111663588446e-16j),(-0.8932473335793856+2.9642111663588446e-17j)
FL_SH,genetic_parameters,16.0,17.6,increase,10.0,(24.689568425019537+1.8473228386863463e-15j),(29.226428241139317+1.9868020965208208e-15j),(4.5368598161197795+1.3947925783447445e-16j),(18.37561409749992-8.099682209708422e-16j),(1.8375614097499922-8.099682209708423e-17j)
FL_SH,genetic_parameters,16.0,14.4,decrease,-10.0,(24.689568425019537+1.8473228386863463e-15j),(28.142043720470763+1.9908841241858085e-15j),(3.452475295451226+1.4356128549946223e-16j),(13.983538456478684-4.64810935890087e-16j),(-1.3983538456478684+4.6481093589008705e-17j)
FL_SD,genetic_parameters,24.0,26.400000000000002,increase,10.0,(24.689568425019537+1.8473228386863463e-15j),(29.02366540095958+2.0245110339107437e-15j),(4.334096975940042+1.7718819522439736e-16j),(17.554365071639005-5.957884617428359e-16j),(1.7554365071639007-5.957884617428359e-17j)
FL_SD,genetic_parameters,24.0,21.6,decrease,-10.0,(24.689568425019537+1.8473228386863463e-15j),(26.840005345397785+1.944154398897017e-15j),(2.1504369203782474+9.683156021067058e-17j),(8.709900810575006-2.594959360451357e-16j),(-0.8709900810575006+2.594959360451357e-17j)
SD_PM,genetic_parameters,35.0,38.5,increase,10.0,(24.689568425019537+1.8473228386863463e-15j),(27.083860887268735+1.9954292910940928e-15j),(2.3942924622491972+1.4810645240774647e-16j),(9.69758734147376-1.2571824998528643e-16j),(0.969758734147376-1.2571824998528643e-17j)
SD_PM,genetic_parameters,35.0,31.5,decrease,-10.0,(24.689568425019537+1.8473228386863463e-15j),(27.51250610822348+1.9386471596162095e-15j),(2.822937683203943+9.132432092986317e-17j),(11.433726319587171-4.856039385575756e-16j),(-1.1433726319587172+4.856039385575757e-17j)
FL_LF,genetic_parameters,22.0,24.200000000000003,increase,10.0,(24.689568425019537+1.8473228386863463e-15j),(26.808900707021905+1.919835329451534e-15j),(2.119332282002368+7.25124907651876e-17j),(8.58391789406376-3.4856901289018056e-16j),(0.858391789406376-3.4856901289018057e-17j)
FL_LF,genetic_parameters,22.0,19.8,decrease,-10.0,(24.689568425019537+1.8473228386863463e-15j),(27.378722025744583+1.900072272599514e-15j),(2.689153600725046+5.2749433913167815e-17j),(10.891861511843812-6.013001474856417e-16j),(-1.0891861511843812+6.013001474856418e-17j)
LFMAX,genetic_parameters,1.25,1.375,increase,10.0,(24.689568425019537+1.8473228386863463e-15j),(26.390087976282345+1.8610058346709967e-15j),(1.7005195512628077+1.3682995984650374e-17j),(6.887603387751246-4.599240962038933e-16j),(0.6887603387751247-4.599240962038933e-17j)
LFMAX,genetic_parameters,1.25,1.125,decrease,-10.0,(24.689568425019537+1.8473228386863463e-15j),(27.391057186013928+1.9365640462293815e-15j),(2.7014887609943905+8.924120754303515e-17j),(10.941822532048787-4.572359350989402e-16j),(-1.0941822532048788+4.572359350989402e-17j)
SLAVR,genetic_parameters,180.0,198.00000000000003,increase,10.0,(24.689568425019537+1.8473228386863463e-15j),(27.064421987802646+1.8704965055657136e-15j),(2.374853562783109+2.3173666879367302e-17j),(9.618854092145718-6.258417276673579e-16j),(0.9618854092145718-6.25841727667358e-17j)
SLAVR,genetic_parameters,180.0,162.0,decrease,-10.0,(24.689568425019537+1.8473228386863463e-15j),(28.420612861892778+1.9137413220750138e-15j),(3.7310444368732405+6.641848338866747e-17j),(15.11182525609614-8.616826031433542e-16j),(-1.511182525609614+8.616826031433543e-17j)
SIZLF,genetic_parameters,25.0,27.500000000000004,increase,10.0,(24.689568425019537+1.8473228386863463e-15j),(28.15836925204758+1.972732258008498e-15j),(3.468800827028044+1.2540941932215185e-16j),(14.049661651893775-5.432787921700302e-16j),(1.4049661651893777-5.432787921700302e-17j)
SIZLF,genetic_parameters,25.0,22.5,decrease,-10.0,(24.689568425019537+1.8473228386863463e-15j),(27.652774843086384+1.8974672916526842e-15j),(2.9632064180668465+5.0144452966337934e-17j),(12.001855873122665-6.949030808906896e-16j),(-1.2001855873122667+6.949030808906897e-17j)
XFRT,genetic_parameters,0.0,0.0,increase,10.0,(24.689568425019537+1.8473228386863463e-15j),(25.428825349888726+1.851823403139252e-15j),(0.7392569248691885+4.500564452905508e-18j),(2.994207562251479-2.0580398493619906e-16j),(0.2994207562251479-2.0580398493619906e-17j)
XFRT,genetic_parameters,0.0,0.0,decrease,-10.0,(24.689568425019537+1.8473228386863463e-15j),(27.584735791043183+1.9595245788289682e-15j),(2.895167366023646+1.1220174014262192e-16j),(11.726277738778881-4.229335436573173e-16j),(-1.172627773877888+4.229335436573173e-17j)
SFDUR,genetic_parameters,0.0,0.0,increase,10.0,(24.689568425019537+1.8473228386863463e-15j),(26.733620317474855+1.800221376169224e-15j),(2.044051892455318-4.7101462517122274e-17j),(8.279010217059719-8.10226836007905e-16j),(0.8279010217059719-8.10226836007905e-17j)
SFDUR,genetic_parameters,0.0,0.0,decrease,-10.0,(24.689568425019537+1.8473228386863463e-15j),(26.646553487482613+2.0706863427403624e-15j),(1.956985062463076+2.2336350405401605e-16j),(7.926363996220916+3.1162137122028053e-16j),(-0.7926363996220916-3.116213712202805e-17j)
SDPDV,genetic_parameters,0.0,0.0,increase,10.0,(24.689568425019537+1.8473228386863463e-15j),(27.058299999965552+1.8627477705216277e-15j),(2.3687315749460147+1.5424931835281407e-17j),(9.594058244232514-6.553711044350427e-16j),(0.9594058244232514-6.553711044350427e-17j)
SDPDV,genetic_parameters,0.0,0.0,decrease,-10.0,(24.689568425019537+1.8473228386863463e-15j),(27.549781749106312+1.8614325184085038e-15j),(2.860213324086775+1.4109679722157475e-17j),(11.584703607813312-8.096423249607322e-16j),(-1.1584703607813311+8.096423249607323e-17j)
PODUR,genetic_parameters,0.0,0.0,increase,10.0,(24.689568425019537+1.8473228386863463e-15j),(28.441657136195445+1.952861777421079e-15j),(3.752088711175908+1.0553893873473251e-16j),(15.197060744786747-7.096107643388742e-16j),(1.5197060744786748-7.096107643388742e-17j)
PODUR,genetic_parameters,0.0,0.0,decrease,-10.0,(24.689568425019537+1.8473228386863463e-15j),(24.390945209020813+1.9697864077002124e-15j),(-0.2986232159987239+1.2246356901386605e-16j),(-1.2095116887345412+5.865114860804844e-16j),(0.12095116887345413-5.865114860804844e-17j)
WTPSD,genetic_parameters,0.0,0.0,increase,10.0,(24.689568425019537+1.8473228386863463e-15j),(28.455458380926324+1.9741166882294116e-15j),(3.765889955906786+1.2679384954306527e-16j),(15.252959837445218-6.27704617763457e-16j),(1.525295983744522-6.277046177634571e-17j)
WTPSD,genetic_parameters,0.0,0.0,decrease,-10.0,(24.689568425019537+1.8473228386863463e-15j),(27.35565591664946+1.866221980365296e-15j),(2.6660874916299235+1.8899141678949752e-17j),(10.798436998713207-7.314135594060829e-16j),(-1.0798436998713208+7.31413559406083e-17j)
THRSH,genetic_parameters,0.0,0.0,increase,10.0,(24.689568425019537+1.8473228386863463e-15j),(27.413438012270028+1.989014404738585e-15j),(2.7238695872504906+1.4169156605223854e-16j),(11.032471448509472-2.515791188341851e-16j),(1.1032471448509473-2.5157911883418513e-17j)
THRSH,genetic_parameters,0.0,0.0,decrease,-10.0,(24.689568425019537+1.8473228386863463e-15j),(31.860156483794565+2.080239012250598e-15j),(7.170588058775028+2.329161735642516e-16j),(29.04298663847282-1.2296754095434962e-15j),(-2.904298663847282+1.2296754095434963e-16j)
SDPRO,genetic_parameters,0.0,0.0,increase,10.0,(24.689568425019537+1.8473228386863463e-15j),(31.20000016215613+1.8351380237522564e-15j),(6.510431737136592-1.2184814934089935e-17j),(26.36915974010769-2.0223452941235017e-15j),(2.636915974010769-2.0223452941235018e-16j)
SDPRO,genetic_parameters,0.0,0.0,decrease,-10.0,(24.689568425019537+1.8473228386863463e-15j),(29.3251580960287+1.9642719211641322e-15j),(4.635589671009164+1.169490824777859e-16j),(18.775498992973976-9.311422319710534e-16j),(-1.8775498992973976+9.311422319710534e-17j)
SDLIP,genetic_parameters,0.0,0.0,increase,10.0,(24.689568425019537+1.8473228386863463e-15j),(29.189173831310338+1.946670800954605e-15j),(4.499605406290801+9.93479622682586e-17j),(18.22472280127448-9.612217607111744e-16j),(1.8224722801274482-9.612217607111744e-17j)
SDLIP,genetic_parameters,0.0,0.0,decrease,-10.0,(24.689568425019537+1.8473228386863463e-15j),(27.33437324526615+1.8972446877694958e-15j),(2.6448048202466126+4.992184908314946e-17j),(10.71223593186206-5.99312751332495e-16j),(-1.071223593186206+5.99312751332495e-17j)
EC_TOLERANCE,genetic_parameters,1.8,1.9800000000000002,increase,10.0,(24.689568425019537+1.8473228386863463e-15j),(31.778248143463372+2.11527989509886e-15j),(7.088679718443835+2.679570564125137e-16j),(28.71123381508936-1.0629271383145354e-15j),(2.8711233815089363-1.0629271383145354e-16j)
EC_TOLERANCE,genetic_parameters,1.8,1.62,decrease,-10.0,(24.689568425019537+1.8473228386863463e-15j),(28.034034254680716+1.9709786710518302e-15j),(3.3444658296611784+1.2365583236548391e-16j),(13.546068412731-5.127014818075856e-16j),(-1.3546068412731+5.127014818075856e-17j)
ROOT_ACTIVITY,genetic_parameters,1.0,1.1,increase,10.0,(24.689568425019537+1.8473228386863463e-15j),(27.177786513781676+1.9430564878094756e-15j),(2.488218088762139+9.573364912312925e-17j),(10.078013701692194-3.663077382208165e-16j),(1.0078013701692194-3.663077382208165e-17j)
ROOT_ACTIVITY,genetic_parameters,1.0,0.9,decrease,-10.0,(24.689568425019537+1.8473228386863463e-15j),(28.84250677504815+2.006749863430351e-15j),(4.152938350028613+1.5942702474400483e-16j),(16.82061945570572-6.128261031749738e-16j),(-1.682061945570572+6.128261031749738e-17j)
PHOTOSYNTHETIC_CAPACITY,genetic_parameters,1.0,1.1,increase,10.0,(24.689568425019537+1.8473228386863463e-15j),(29.39156040506777+2.0045034008046763e-15j),(4.701991980048234+1.5718056211832998e-16j),(19.04444783766816-7.883162189720131e-16j),(1.904444783766816-7.883162189720131e-17j)
PHOTOSYNTHETIC_CAPACITY,genetic_parameters,1.0,0.9,decrease,-10.0,(24.689568425019537+1.8473228386863463e-15j),(22.62910587258302+1.8965732869772812e-15j),(-2.060462552436519+4.92504482909349e-17j),(-8.345478207502884+8.239041270951931e-16j),(0.8345478207502884-8.23904127095193e-17j)
NITRATE_EFFICIENCY,genetic_parameters,0.85,0.935,increase,10.0,(24.689568425019537+1.8473228386863463e-15j),(30.894532251458834+2.144025776102293e-15j),(6.204963826439297+2.967029374159466e-16j),(25.131925028512875-6.78686846820285e-16j),(2.513192502851288-6.786868468202851e-17j)
NITRATE_EFFICIENCY,genetic_parameters,0.85,0.765,decrease,-10.0,(24.689568425019537+1.8473228386863463e-15j),(28.19831329878762+1.7422467026124265e-15j),(3.5087448737680837-1.0507613607391977e-16j),(14.2114467671798-1.488918038515668e-15j),(-1.42114467671798+1.4889180385156681e-16j)
yield_potential,genetic_parameters,0.85,0.935,increase,10.0,(24.689568425019537+1.8473228386863463e-15j),(25.135619947191405+1.825319404895441e-15j),(0.4460515221718673-2.2003433790905135e-17j),(1.8066396078428588-2.2429675126772044e-16j),(0.1806639607842859-2.2429675126772044e-17j)
yield_potential,genetic_parameters,0.85,0.765,decrease,-10.0,(24.689568425019537+1.8473228386863463e-15j),(27.12526902694315+2.014743019793244e-15j),(2.435700601923614+1.674201811068975e-16j),(9.865302462943665-6.004075948741789e-17j),(-0.9865302462943666+6.0040759487417894e-18j)
adaptation_score,genetic_parameters,0.8,0.8800000000000001,increase,10.0,(24.689568425019537+1.8473228386863463e-15j),(30.041481538042664+1.9357689277009656e-15j),(5.3519131130231266+8.844608901461925e-17j),(21.676819217300235-1.2636702987936982e-15j),(2.1676819217300234-1.2636702987936982e-16j)
adaptation_score,genetic_parameters,0.8,0.7200000000000001,decrease,-10.0,(24.689568425019537+1.8473228386863463e-15j),(30.739108704633622+2.0951006516888214e-15j),(6.049540279614085+2.4777781300247507e-16j),(24.50241403767793-8.297466930909975e-16j),(-2.450241403767793+8.297466930909975e-17j)
heat_stress_weight,genetic_parameters,0.3,0.33,increase,10.0,(24.689568425019537+1.8473228386863463e-15j),(29.425460705700846+1.92543372413359e-15j),(4.735892280681309+7.811088544724374e-17j),(19.181754007016675-1.1188451431377748e-15j),(1.9181754007016676-1.118845143137775e-16j)
heat_stress_weight,genetic_parameters,0.3,0.27,decrease,-10.0,(24.689568425019537+1.8473228386863463e-15j),(27.449856656302963+1.8933891008387346e-15j),(2.7602882312834254+4.6066262152388304e-17j),(11.179977647913224-6.499263799805132e-16j),(-1.1179977647913224+6.499263799805133e-17j)
cold_stress_weight,genetic_parameters,0.25,0.275,increase,10.0,(24.689568425019537+1.8473228386863463e-15j),(31.64931935648576+2.0533188392428866e-15j),(6.959750931466221+2.059960005565403e-16j),(28.189034379448508-1.2748155987255128e-15j),(2.8189034379448508-1.2748155987255128e-16j)
cold_stress_weight,genetic_parameters,0.25,0.225,decrease,-10.0,(24.689568425019537+1.8473228386863463e-15j),(26.546034200412244+1.9045321767062184e-15j),(1.8564657753927065+5.720933801987207e-17j),(7.519231375107512-3.308893013430378e-16j),(-0.7519231375107512+3.308893013430378e-17j)
salinity_stress_weight,genetic_parameters,0.2,0.22000000000000003,increase,10.0,(24.689568425019537+1.8473228386863463e-15j),(26.829767810869434+1.8761249879272827e-15j),(2.140199385849897+2.8802149240936345e-17j),(8.668435790400833-5.319325255556613e-16j),(0.8668435790400834-5.319325255556613e-17j)
salinity_stress_weight,genetic_parameters,0.2,0.18000000000000002,decrease,-10.0,(24.689568425019537+1.8473228386863463e-15j),(25.71929514881495+2.031093056738957e-15j),(1.029726723795413+1.8377021805261066e-16j),(4.170695518322322+4.322635591411317e-16j),(-0.41706955183223227-4.322635591411317e-17j)
light_stress_weight,genetic_parameters,0.15,0.165,increase,10.0,(24.689568425019537+1.8473228386863463e-15j),(27.623284370716856+1.8691515536875565e-15j),(2.933715945697319+2.182871500121015e-17j),(11.882410802792302-8.006530132174609e-16j),(1.1882410802792303-8.006530132174609e-17j)
light_stress_weight,genetic_parameters,0.15,0.135,decrease,-10.0,(24.689568425019537+1.8473228386863463e-15j),(25.44268557475076+1.9299462341139223e-15j),(0.7531171497312243+8.262339542757595e-17j),(3.050345541755367+1.0641605848911265e-16j),(-0.3050345541755367-1.0641605848911265e-17j)
nutrient_stress_weight,genetic_parameters,0.25,0.275,increase,10.0,(24.689568425019537+1.8473228386863463e-15j),(26.04441938381609+1.9658433477840213e-15j),(1.354850958796554+1.1852050909767497e-16j),(5.487544113665413+6.945384021200031e-17j),(0.5487544113665414+6.945384021200031e-18j)
nutrient_stress_weight,genetic_parameters,0.25,0.225,decrease,-10.0,(24.689568425019537+1.8473228386863463e-15j),(27.458328635203358+1.920544296374092e-15j),(2.768760210183821+7.322145768774551e-17j),(11.214291649497026-5.425073085302538e-16j),(-1.1214291649497026+5.425073085302538e-17j)
temperature_stress_weight,genetic_parameters,0.5,0.55,increase,10.0,(24.689568425019537+1.8473228386863463e-15j),(24.65826508922573+1.8817091153646487e-15j),(-0.031303335793808174+3.43862766783024e-17j),(-0.126787699383544+1.4876102398144907e-16j),(-0.0126787699383544+1.487610239814491e-17j)
temperature_stress_weight,genetic_parameters,0.5,0.45,decrease,-10.0,(24.689568425019537+1.8473228386863463e-15j),(28.071740539713698+1.9469116178527092e-15j),(3.3821721146941606+9.958877916636289e-17j),(13.698789936185301-6.216070419154504e-16j),(-1.3698789936185303+6.216070419154504e-17j)
nitrogen_excess_weight,genetic_parameters,0.3,0.33,increase,10.0,(24.689568425019537+1.8473228386863463e-15j),(29.465474420728277+2.044773439878788e-15j),(4.77590599570874+1.9745060119244172e-16j),(19.34382129931848-6.476104595757674e-16j),(1.9343821299318482-6.476104595757674e-17j)
nitrogen_excess_weight,genetic_parameters,0.3,0.27,decrease,-10.0,(24.689568425019537+1.8473228386863463e-15j),(28.413873473888398+1.9269585630707163e-15j),(3.7243050488688603+7.963572438437002e-17j),(15.084528756261209-8.061065183973352e-16j),(-1.508452875626121+8.061065183973353e-17j)
stress_response_weight,genetic_parameters,0.2,0.22000000000000003,increase,10.0,(24.689568425019537+1.8473228386863463e-15j),(30.557391035033934+1.949516037242014e-15j),(5.867822610014397+1.0219319855566787e-16j),(23.766404130694127-1.364337387703339e-15j),(2.376640413069413-1.3643373877033392e-16j)
stress_response_weight,genetic_parameters,0.2,0.18000000000000002,decrease,-10.0,(24.689568425019537+1.8473228386863463e-15j),(29.40650984910215+2.0051324458838246e-15j),(4.716941424082613+1.5780960719747832e-16j),(19.10499747457161-7.902988465485029e-16j),(-1.9104997474571612+7.90298846548503e-17j)
adaptation_weight,genetic_parameters,0.6,0.66,increase,10.0,(24.689568425019537+1.8473228386863463e-15j),(29.039790622171818+1.89799433300475e-15j),(4.350222197152281+5.0671494318403884e-17j),(17.619676951274364-1.1131050060265447e-15j),(1.7619676951274366-1.1131050060265447e-16j)
adaptation_weight,genetic_parameters,0.6,0.54,decrease,-10.0,(24.689568425019537+1.8473228386863463e-15j),(28.5672770574819+1.8946792375950605e-15j),(3.8777086324623617+4.735639890871418e-17j),(15.705858303026588-9.833363805937797e-16j),(-1.570585830302659+9.833363805937798e-17j)
yield_weight,genetic_parameters,0.25,0.275,increase,10.0,(24.689568425019537+1.8473228386863463e-15j),(27.008435028173924+1.9225959896441914e-15j),(2.3188666031543868+7.527315095784513e-17j),(9.392090470097198-3.9785661553647234e-16j),(0.9392090470097199-3.9785661553647237e-17j)
yield_weight,genetic_parameters,0.25,0.225,decrease,-10.0,(24.689568425019537+1.8473228386863463e-15j),(27.715123561036194+1.9120041711366077e-15j),(3.0255551360166564+6.468133245026139e-17j),(12.254386483931674-6.549192963796133e-16j),(-1.2254386483931674+6.549192963796134e-17j)
heterosis_factor,genetic_parameters,1.05,1.1550000000000002,increase,10.0,(24.689568425019537+1.8473228386863463e-15j),(28.94895685619926+1.896862568618975e-15j),(4.2593884311797225+4.953972993262858e-17j),(17.251773533892187-1.0901617152799437e-15j),(1.7251773533892187-1.0901617152799438e-16j)
heterosis_factor,genetic_parameters,1.05,0.9450000000000001,decrease,-10.0,(24.689568425019537+1.8473228386863463e-15j),(28.03197666063923+1.933533528138774e-15j),(3.3424082356196934+8.621068945242773e-17j),(13.537734552834932-6.637417469669489e-16j),(-1.3537734552834932+6.63741746966949e-17j)
genetic_growth_modifier,genetic_parameters,1.0,1.1,increase,10.0,(24.689568425019537+1.8473228386863463e-15j),(29.785171657983796+1.9838782676941893e-15j),(5.095603232964258+1.3655542900784296e-16j),(20.63868896064037-9.911383688648284e-16j),(2.063868896064037-9.911383688648285e-17j)
genetic_growth_modifier,genetic_parameters,1.0,0.9,decrease,-10.0,(24.689568425019537+1.8473228386863463e-15j),(23.633965270016738+1.808924679436024e-15j),(-1.0556031550027996-3.839815925032214e-17j),(-4.275502661006778+1.64377834300141e-16j),(0.4275502661006778-1.6437783430014102e-17j)
vcmax_25,photosynthesis,55.0,60.50000000000001,increase,10.0,(24.689568425019537+1.8473228386863463e-15j),(28.188672276373637+2.043139716771221e-15j),(3.4991038513541+1.9581687808487475e-16j),(14.172397796181125-2.672912788811026e-16j),(1.4172397796181126-2.672912788811026e-17j)
vcmax_25,photosynthesis,55.0,49.5,decrease,-10.0,(24.689568425019537+1.8473228386863463e-15j),(27.06158222259034+1.8506819844189795e-15j),(2.3720137975708013+3.3591457326331437e-18j),(9.607352209393365-7.052357612216546e-16j),(-0.9607352209393366+7.052357612216547e-17j)
jmax_25,photosynthesis,125.0,137.5,increase,10.0,(24.689568425019537+1.8473228386863463e-15j),(29.945898726918664+2.047920740311261e-15j),(5.256330301899126+2.0059790162491475e-16j),(21.289680772923298-7.804560624941777e-16j),(2.12896807729233-7.804560624941778e-17j)
jmax_25,photosynthesis,125.0,112.5,decrease,-10.0,(24.689568425019537+1.8473228386863463e-15j),(25.916018119104677+1.8386813887529275e-15j),(1.2264496940851402-8.641449933418773e-18j),(4.9674812980622995-4.0667728463915893e-16j),(-0.49674812980622995+4.0667728463915894e-17j)
rd_25,photosynthesis,1.2,1.32,increase,10.0,(24.689568425019537+1.8473228386863463e-15j),(26.44150042483846+1.8517379654112284e-15j),(1.7519319998189218+4.415126724882107e-18j),(7.095838897060572-5.130422842407662e-16j),(0.7095838897060572-5.130422842407662e-17j)
rd_25,photosynthesis,1.2,1.08,decrease,-10.0,(24.689568425019537+1.8473228386863463e-15j),(28.52922902241383+2.0259020276976926e-15j),(3.8396605973942926+1.7857918901134625e-16j),(15.551752591605918-4.4031506164044915e-16j),(-1.5551752591605918+4.403150616404492e-17j)
eav,photosynthesis,65330.0,71863.0,increase,10.0,(24.689568425019537+1.8473228386863463e-15j),(27.467310527021205+1.9297967237444065e-15j),(2.7777421020016675+8.247388505806019e-17j),(11.250670948086729-5.077542333399311e-16j),(1.125067094808673-5.077542333399311e-17j)
eav,photosynthesis,65330.0,58797.0,decrease,-10.0,(24.689568425019537+1.8473228386863463e-15j),(26.6641337541016+1.886150589039446e-15j),(1.9745653290820613+3.882775035309956e-17j),(7.997569236897258-4.41130322024941e-16j),(-0.7997569236897258+4.41130322024941e-17j)
eaj,photosynthesis,37000.0,40700.0,increase,10.0,(24.689568425019537+1.8473228386863463e-15j),(32.377456393895095+2.0235321489105827e-15j),(7.6878879688755575+1.7620931022423636e-16j),(31.138203133129384-1.6161231372771331e-15j),(3.1138203133129387-1.6161231372771333e-16j)
eaj,photosynthesis,37000.0,33300.0,decrease,-10.0,(24.689568425019537+1.8473228386863463e-15j),(28.257129061228145+1.9873501755514996e-15j),(3.567560636208608+1.4002733686515326e-16j),(14.449667871040498-5.140011993984484e-16j),(-1.44496678710405+5.140011993984485e-17j)
ear,photosynthesis,37000.0,40700.0,increase,10.0,(24.689568425019537+1.8473228386863463e-15j),(31.041628527869285+1.915228443281084e-15j),(6.352060102849748+6.790560459473765e-17j),(25.72770812961151-1.649960892557875e-15j),(2.572770812961151-1.649960892557875e-16j)
ear,photosynthesis,37000.0,33300.0,decrease,-10.0,(24.689568425019537+1.8473228386863463e-15j),(24.427862844361044+1.926437356442672e-15j),(-0.2617055806584929+7.911451775632555e-17j),(-1.0599844280521715+3.997471745283213e-16j),(0.10599844280521716-3.9974717452832133e-17j)
kc,photosynthesis,404.9,445.39,increase,10.0,(24.689568425019537+1.8473228386863463e-15j),(22.48243774916684+1.783654955395374e-15j),(-2.207130675852696-6.366788329097238e-17j),(-8.939527163285963+4.109996656083654e-16j),(-0.8939527163285963+4.1099966560836543e-17j)
kc,photosynthesis,404.9,364.40999999999997,decrease,-10.0,(24.689568425019537+1.8473228386863463e-15j),(31.56758256781081+2.0559645491406105e-15j),(6.878014142791272+2.0864171045426423e-16j),(27.857976390633603-1.2393292767956455e-15j),(-2.7857976390633605+1.2393292767956455e-16j)
ko,photosynthesis,278.4,306.24,increase,10.0,(24.689568425019537+1.8473228386863463e-15j),(27.889572119063008+1.8909291411147728e-15j),(3.2000036940434704+4.360630242842646e-17j),(12.9609543551223-7.931461745885318e-16j),(1.29609543551223-7.931461745885318e-17j)
ko,photosynthesis,278.4,250.55999999999997,decrease,-10.0,(24.689568425019537+1.8473228386863463e-15j),(24.84564977002696+1.908841210375602e-15j),(0.1560813450074221+6.151837168925586e-17j),(0.6321752665763682+2.018668481817534e-16j),(-0.06321752665763683-2.0186684818175342e-17j)
gamma_star,photosynthesis,42.75,47.025000000000006,increase,10.0,(24.689568425019537+1.8473228386863463e-15j),(26.967420459330782+1.792631201916195e-15j),(2.2778520343112447-5.4691636770151223e-17j),(9.225969426030751-9.118226499224794e-16j),(0.9225969426030751-9.118226499224795e-17j)
gamma_star,photosynthesis,42.75,38.475,decrease,-10.0,(24.689568425019537+1.8473228386863463e-15j),(28.699808873927104+2.030734350221727e-15j),(4.010240448907567+1.8341151153538057e-16j),(16.24265106571782-4.724371410702927e-16j),(-1.624265106571782+4.7243714107029277e-17j)
alpha,photosynthesis,0.24,0.264,increase,10.0,(24.689568425019537+1.8473228386863463e-15j),(28.175017029680884+1.968511314189915e-15j),(3.4854486046613466+1.2118847550356875e-16j),(14.117090038436297-5.654199803383951e-16j),(1.4117090038436297-5.654199803383952e-17j)
alpha,photosynthesis,0.24,0.216,decrease,-10.0,(24.689568425019537+1.8473228386863463e-15j),(23.731122481850733+1.9381736018208683e-15j),(-0.9584459431688046+9.085076313452199e-17j),(-3.881987431572717+6.58430316619719e-16j),(0.38819874315727176-6.58430316619719e-17j)
theta,photosynthesis,0.7,0.77,increase,10.0,(24.689568425019537+1.8473228386863463e-15j),(29.71986815916801+2.0266375362461503e-15j),(5.030299734148471+1.7931469755980403e-16j),(20.374190619917613-7.981604844891873e-16j),(2.0374190619917614-7.981604844891873e-17j)
theta,photosynthesis,0.7,0.63,decrease,-10.0,(24.689568425019537+1.8473228386863463e-15j),(28.596043943935864+2.0664532676112965e-15j),(3.906475518916327+2.1913042892495021e-16j),(15.82237263798278-2.963189683154906e-16j),(-1.582237263798278+2.9631896831549065e-17j)
phi_psii,photosynthesis,0.85,0.935,increase,10.0,(24.689568425019537+1.8473228386863463e-15j),(29.601925847760075+1.935406077920272e-15j),(4.912357422740538+8.808323923392559e-17j),(19.896489635527722-1.1319321305626214e-15j),(1.9896489635527723-1.1319321305626215e-16j)
phi_psii,photosynthesis,0.85,0.765,decrease,-10.0,(24.689568425019537+1.8473228386863463e-15j),(25.24575206354914+1.9666101828301456e-15j),(0.5561836385296033+1.1928734414379926e-16j),(2.252707009515753+3.14596722515473e-16j),(-0.2252707009515753-3.14596722515473e-17j)
light_saturation,photosynthesis,1200.0,1320.0,increase,10.0,(24.689568425019537+1.8473228386863463e-15j),(27.593307697768317+1.840914944694205e-15j),(2.90373927274878-6.40789399214147e-18j),(11.760996477387724-9.059351063802348e-16j),(1.1760996477387724-9.059351063802348e-17j)
light_saturation,photosynthesis,1200.0,1080.0,decrease,-10.0,(24.689568425019537+1.8473228386863463e-15j),(27.752163503540878+1.9534337754695533e-15j),(3.0625950785213405+1.0611093678320695e-16j),(12.404409124534613-4.983422304528059e-16j),(-1.2404409124534614+4.9834223045280593e-17j)
co2_compensation,photosynthesis,50.0,55.00000000000001,increase,10.0,(24.689568425019537+1.8473228386863463e-15j),(27.12909755461403+2.0059796352034677e-15j),(2.4395291295944936+1.586567965171214e-16j),(9.8808091239147-9.669527901413807e-17j),(0.98808091239147-9.669527901413807e-18j)
co2_compensation,photosynthesis,50.0,45.0,decrease,-10.0,(24.689568425019537+1.8473228386863463e-15j),(27.748738712112633+1.8476428252064126e-15j),(3.059170287093096+3.199865200663098e-19j),(12.390537713867207-9.25788748387435e-16j),(-1.239053771386721+9.25788748387435e-17j)
light_use_efficiency,photosynthesis,2.1,2.3100000000000005,increase,10.0,(24.689568425019537+1.8473228386863463e-15j),(29.855941643260223+1.9324272830248692e-15j),(5.166373218240686+8.51044443385229e-17j),(20.925328176272476-1.2209768795567319e-15j),(2.0925328176272475-1.220976879556732e-16j)
light_use_efficiency,photosynthesis,2.1,1.8900000000000001,decrease,-10.0,(24.689568425019537+1.8473228386863463e-15j),(27.073554126063154+1.8877848254679756e-15j),(2.383985701043617+4.046198678162925e-17j),(9.6558419329346-5.585864610463139e-16j),(-0.96558419329346+5.585864610463139e-17j)
quantum_efficiency,photosynthesis,0.035,0.038500000000000006,increase,10.0,(24.689568425019537+1.8473228386863463e-15j),(26.606472289111736+1.9339135130018513e-15j),(1.9169038640921983+8.659067431550497e-17j),(7.764023376567715-2.30202090787386e-16j),(0.7764023376567715-2.3020209078738605e-17j)
quantum_efficiency,photosynthesis,0.035,0.03150000000000001,decrease,-10.0,(24.689568425019537+1.8473228386863463e-15j),(28.009353214947037+2.0514392819205878e-15j),(3.3197847899274997+2.0411644323424146e-16j),(13.446102956434617-1.7933277257445707e-16j),(-1.3446102956434618+1.793327725744571e-17j)
max_carboxylation,photosynthesis,85.0,93.50000000000001,increase,10.0,(24.689568425019537+1.8473228386863463e-15j),(28.166511089908198+1.9679744603441677e-15j),(3.4769426648886608+1.2065162165782137e-16j),(14.082638485350152-5.650166619774545e-16j),(1.4082638485350154-5.650166619774545e-17j)
max_carboxylation,photosynthesis,85.0,76.5,decrease,-10.0,(24.689568425019537+1.8473228386863463e-15j),(27.72504812256997+1.887844356266051e-15j),(3.035479697550432+4.052151757970477e-17j),(12.294583871601352-7.557812878281908e-16j),(-1.2294583871601352+7.557812878281908e-17j)
enzyme_saturation_lai,photosynthesis,3.5,3.8500000000000005,increase,10.0,(24.689568425019537+1.8473228386863463e-15j),(28.428649043389644+1.8829433906674386e-15j),(3.7390806183701066+3.56205519810923e-17j),(15.144374150262804-9.888586396893674e-16j),(1.5144374150262805-9.888586396893674e-17j)
enzyme_saturation_lai,photosynthesis,3.5,3.15,decrease,-10.0,(24.689568425019537+1.8473228386863463e-15j),(28.83305507572611+1.924435829359736e-15j),(4.143486650706574+7.711299067338985e-17j),(16.782337298807178-9.433577578327723e-16j),(-1.678233729880718+9.433577578327724e-17j)
light_penetration_lai,photosynthesis,4.0,4.4,increase,10.0,(24.689568425019537+1.8473228386863463e-15j),(25.07331245462143+1.896292406010932e-15j),(0.3837440296018926+4.89695673245855e-17j),(1.5542759719243204+8.204708956550872e-17j),(0.15542759719243204+8.204708956550872e-18j)
light_penetration_lai,photosynthesis,4.0,3.6,decrease,-10.0,(24.689568425019537+1.8473228386863463e-15j),(27.353273312035085+2.0279879577184005e-15j),(2.663704887015548+1.8066511903205419e-16j),(10.788786750586711-7.54918122011926e-17j),(-1.0788786750586712+7.54918122011926e-18j)
r,photosynthesis,8.314,9.1454,increase,10.0,(24.689568425019537+1.8473228386863463e-15j),(25.752177855148638+1.8472397832420507e-15j),(1.0626094301291005-8.305544429556875e-20j),(4.303880132032966-3.223613094523407e-16j),(0.43038801320329667-3.2236130945234074e-17j)
r,photosynthesis,8.314,7.482600000000001,decrease,-10.0,(24.689568425019537+1.8473228386863463e-15j),(28.438087996124395+1.9309707411171313e-15j),(3.7485195711048576+8.364790243078502e-17j),(15.182604679740939-7.97194256040851e-16j),(-1.5182604679740939+7.971942560408511e-17j)
ci_fraction,photosynthesis,0.7,0.77,increase,10.0,(24.689568425019537+1.8473228386863463e-15j),(28.304882756926368+2.0662152657236276e-15j),(3.6153143319068306+2.1889242703728126e-16j),(14.643084357210547-2.090462404732623e-16j),(1.4643084357210547-2.0904624047326233e-17j)
ci_fraction,photosynthesis,0.7,0.63,decrease,-10.0,(24.689568425019537+1.8473228386863463e-15j),(26.77387519367401+1.7861304451544846e-15j),(2.0843067686544714-6.11923935318617e-17j),(8.442054282902363-8.794985259206453e-16j),(-0.8442054282902364+8.794985259206454e-17j)
o2_mmol_mol,photosynthesis,210.0,231.00000000000003,increase,10.0,(24.689568425019537+1.8473228386863463e-15j),(26.610719982279893+1.917956742761468e-15j),(1.9211515572603552+7.063390407512154e-17j),(7.781227780853099-2.9611896243879633e-16j),(0.7781227780853099-2.9611896243879634e-17j)
o2_mmol_mol,photosynthesis,210.0,189.0,decrease,-10.0,(24.689568425019537+1.8473228386863463e-15j),(26.797585178326173+1.869869251014409e-15j),(2.108016753306636+2.2546412328062832e-17j),(8.538086681055331-5.475171156937808e-16j),(-0.8538086681055331+5.475171156937808e-17j)
min_par_threshold,photosynthesis,0.1,0.11000000000000001,increase,10.0,(24.689568425019537+1.8473228386863463e-15j),(26.966748303353043+1.869850047666018e-15j),(2.2771798783335058+2.252720897967163e-17j),(9.223246997002557-5.988599586640696e-16j),(0.9223246997002557-5.988599586640696e-17j)
min_par_threshold,photosynthesis,0.1,0.09000000000000001,decrease,-10.0,(24.689568425019537+1.8473228386863463e-15j),(24.883827702826704+1.897941232216829e-15j),(0.19425927780716634+5.0618393530482606e-17j),(0.7868071019431463+1.4614887396458064e-16j),(-0.07868071019431463-1.4614887396458065e-17j)
enzyme_saturation_rate,photosynthesis,0.1,0.11000000000000001,increase,10.0,(24.689568425019537+1.8473228386863463e-15j),(31.160184262548768+1.8663852788145586e-15j),(6.47061583752923+1.9062440128212293e-17j),(26.20789365832793-1.883718487721367e-15j),(2.620789365832793-1.8837184877213672e-16j)
enzyme_saturation_rate,photosynthesis,0.1,0.09000000000000001,decrease,-10.0,(24.689568425019537+1.8473228386863463e-15j),(26.470317540158014+1.9510204543133855e-15j),(1.7807491151384767+1.0369761562703923e-16j),(7.2125566736676054-1.1965211602841264e-16j),(-0.7212556673667606+1.1965211602841265e-17j)
min_enzyme_factor,photosynthesis,0.3,0.33,increase,10.0,(24.689568425019537+1.8473228386863463e-15j),(26.29946415534865+1.94458164950865e-15j),(1.6098957303291144+9.725881082230362e-17j),(6.520550309408011-9.395386688054456e-17j),(0.6520550309408012-9.395386688054456e-18j)
min_enzyme_factor,photosynthesis,0.3,0.27,decrease,-10.0,(24.689568425019537+1.8473228386863463e-15j),(28.18147286142978+2.03190776993475e-15j),(3.491904436410241+1.8458493124840377e-16j),(14.143238052195631-3.106021705177839e-16j),(-1.4143238052195632+3.106021705177839e-17j)
excess_lai_efficiency,photosynthesis,0.2,0.22000000000000003,increase,10.0,(24.689568425019537+1.8473228386863463e-15j),(28.640660021676972+1.854065516427901e-15j),(3.9510915966574345+6.742677741554828e-18j),(16.003080850346244-1.1700726587330129e-15j),(1.6003080850346245-1.170072658733013e-16j)
excess_lai_efficiency,photosynthesis,0.2,0.18000000000000002,decrease,-10.0,(24.689568425019537+1.8473228386863463e-15j),(26.983603709111883+2.0074941640266622e-15j),(2.2940352840923453+1.6017132534031593e-16j),(9.29151633840489-4.6468929070808106e-17j),(-0.929151633840489+4.646892907080811e-18j)
seconds_per_hour,photosynthesis,3600.0,3960.0000000000005,increase,10.0,(24.689568425019537+1.8473228386863463e-15j),(25.953230766734475+1.8731619302182e-15j),(1.2636623417149373+2.5839091531853698e-17j),(5.118203445121327-2.782983017664862e-16j),(0.5118203445121327-2.782983017664862e-17j)
seconds_per_hour,photosynthesis,3600.0,3240.0,decrease,-10.0,(24.689568425019537+1.8473228386863463e-15j),(26.646465648963154+1.9244573328100356e-15j),(1.956897223943617+7.713449412368924e-17j),(7.926008224431199-2.8062242648266e-16j),(-0.79260082244312+2.8062242648266004e-17j)
hours_per_day,photosynthesis,24.0,26.400000000000002,increase,10.0,(24.689568425019537+1.8473228386863463e-15j),(27.105281534162906+1.883670028478221e-15j),(2.4157131091433683+3.634718979187483e-17j),(9.784347249648032-5.848676213429536e-16j),(0.9784347249648033-5.848676213429536e-17j)
hours_per_day,photosynthesis,24.0,21.6,decrease,-10.0,(24.689568425019537+1.8473228386863463e-15j),(25.14940557739604+1.9636852297890813e-15j),(0.459837152376501+1.16362391102735e-16j),(1.8624754570862334+3.3194770847432597e-16j),(-0.18624754570862334-3.3194770847432596e-17j)
environment_optimal_temperature,environment,22.0,24.200000000000003,increase,10.0,(24.689568425019537+1.8473228386863463e-15j),(29.834136351863705+1.9452990790733867e-15j),(5.144567926844168+9.797624038704036e-17j),(20.83701034494732-1.162234210314598e-15j),(2.083701034494732-1.1622342103145979e-16j)
environment_optimal_temperature,environment,22.0,19.8,decrease,-10.0,(24.689568425019537+1.8473228386863463e-15j),(18.42277763652698+1.6569888460952268e-15j),(-6.266790788492557-1.903339925911195e-16j),(-25.382342374774+1.128249025241609e-15j),(2.5382342374774005-1.1282490252416092e-16j)
optimal_temperature_max,environment,28.0,30.800000000000004,increase,10.0,(24.689568425019537+1.8473228386863463e-15j),(27.41725863098505+1.907429415509331e-15j),(2.727690205965512+6.010657682298451e-17j),(11.047946075887527-5.831801178700589e-16j),(1.1047946075887527-5.83180117870059e-17j)
optimal_temperature_max,environment,28.0,25.2,decrease,-10.0,(24.689568425019537+1.8473228386863463e-15j),(25.890395448982485+1.878964449958537e-15j),(1.2008270239629475+3.164161127219082e-17j),(4.863701962267076-2.3575408399370915e-16j),(-0.4863701962267076+2.3575408399370917e-17j)
optimal_temperature_min,environment,15.0,16.5,increase,10.0,(24.689568425019537+1.8473228386863463e-15j),(28.71855226324339+1.9011332364734376e-15j),(4.028983838223851+5.381039778709124e-17j),(16.318567294764946-1.003039901436861e-15j),(1.6318567294764947-1.0030399014368611e-16j)
optimal_temperature_min,environment,15.0,13.5,decrease,-10.0,(24.689568425019537+1.8473228386863463e-15j),(29.19308517009+1.8807790526612837e-15j),(4.503516745070463+3.345621397493742e-17j),(18.240564871546148-1.2292880198544546e-15j),(-1.824056487154615+1.2292880198544546e-16j)
optimal_light_intensity,environment,18.0,19.8,increase,10.0,(24.689568425019537+1.8473228386863463e-15j),(27.687047813366597+1.821614646373584e-15j),(2.9974793883470596-2.5708192312762393e-17j),(12.140671463943127-1.0125150214563217e-15j),(1.2140671463943127-1.0125150214563218e-16j)
optimal_light_intensity,environment,18.0,16.2,decrease,-10.0,(24.689568425019537+1.8473228386863463e-15j),(28.432501519677082+2.137806645711134e-15j),(3.7429330946575448+2.9048380702478787e-16j),(15.159977810161267+4.2244863977966654e-17j),(-1.515997781016127-4.2244863977966654e-18j)
min_ec,environment,1.0,1.1,increase,10.0,(24.689568425019537+1.8473228386863463e-15j),(28.180721619889542+1.9484570359168984e-15j),(3.491153194870005+1.011341972305521e-16j),(14.140195303422937-6.483744765753525e-16j),(1.4140195303422938-6.483744765753525e-17j)
min_ec,environment,1.0,0.9,decrease,-10.0,(24.689568425019537+1.8473228386863463e-15j),(29.53871327050937+2.0284907055061286e-15j),(4.849144845489832+1.8116786681978233e-16j),(19.640460140955234-7.357554245585343e-16j),(-1.9640460140955236+7.357554245585344e-17j)
max_ec,environment,2.5,2.75,increase,10.0,(24.689568425019537+1.8473228386863463e-15j),(30.176747803431294+2.078243556961159e-15j),(5.487179378411756+2.3092071827481256e-16j),(22.224687300938164-7.275988100302331e-16j),(2.2224687300938166-7.275988100302332e-17j)
max_ec,environment,2.5,2.25,decrease,-10.0,(24.689568425019537+1.8473228386863463e-15j),(23.075203862953913+1.7651459542301057e-15j),(-1.6143645620656244-8.21768844562406e-17j),(-6.538650389812744+1.5639438029825952e-16j),(0.6538650389812745-1.5639438029825953e-17j)
optimal_ec,environment,1.8,1.9800000000000002,increase,10.0,(24.689568425019537+1.8473228386863463e-15j),(28.342197845075297+1.8628327030649923e-15j),(3.65262942005576+1.550986437864597e-17j),(14.794221418444536-1.044113701189182e-15j),(1.4794221418444538-1.0441137011891821e-16j)
optimal_ec,environment,1.8,1.62,decrease,-10.0,(24.689568425019537+1.8473228386863463e-15j),(28.961147165762483+1.9338010091894105e-15j),(4.271578740742946+8.64781705030642e-17j),(17.30114786621494-9.442444735006964e-16j),(-1.730114786621494+9.442444735006964e-17j)
optimal_vpd_min,stress_parameters,0.5,0.55,increase,10.0,(24.689568425019537+1.8473228386863463e-15j),(28.247488160339586+1.916832923446917e-15j),(3.5579197353200485+6.951008476057066e-17j),(14.410619392255466-7.966950862915803e-16j),(1.4410619392255466-7.966950862915803e-17j)
optimal_vpd_min,stress_parameters,0.5,0.45,decrease,-10.0,(24.689568425019537+1.8473228386863463e-15j),(26.876678180199942+1.9809032709113076e-15j),(2.187109755180405+1.335804322249613e-16j),(8.858436557214443-1.217659577092337e-16j),(-0.8858436557214443+1.2176595770923371e-17j)
optimal_vpd_max,stress_parameters,1.2,1.32,increase,10.0,(24.689568425019537+1.8473228386863463e-15j),(31.001242421287824+1.8403330586200045e-15j),(6.311673996268286-6.989780066341803e-18j),(25.56413254219648-1.9410701344813265e-15j),(2.556413254219648-1.9410701344813267e-16j)
optimal_vpd_max,stress_parameters,1.2,1.08,decrease,-10.0,(24.689568425019537+1.8473228386863463e-15j),(27.680070109280358+1.9278604929339434e-15j),(2.9905016842608205+8.053765424759704e-17j),(12.112409714016513-5.800735527218121e-16j),(-1.2112409714016514+5.800735527218122e-17j)
min_humidity,environment,60.0,66.0,increase,10.0,(24.689568425019537+1.8473228386863463e-15j),(31.372361776001963+1.956504929970625e-15j),(6.6827933509824256+1.0918209128427852e-16j),(27.067274874721253-1.5830080646140299e-15j),(2.7067274874721257-1.58300806461403e-16j)
min_humidity,environment,60.0,54.0,decrease,-10.0,(24.689568425019537+1.8473228386863463e-15j),(29.467264386209486+2.0124767330863963e-15j),(4.7776959611899485+1.6515389440005e-16j),(19.35107118498029-7.789640540482285e-16j),(-1.9351071184980293+7.789640540482286e-17j)
max_humidity,environment,85.0,93.50000000000001,increase,10.0,(24.689568425019537+1.8473228386863463e-15j),(30.517166353597077+1.867814119279759e-15j),(5.827597928577539+2.049128059341256e-17j),(23.603482362502767-1.6830640076855691e-15j),(2.360348236250277-1.6830640076855693e-16j)
max_humidity,environment,85.0,76.5,decrease,-10.0,(24.689568425019537+1.8473228386863463e-15j),(29.042558232956512+1.8550693053356746e-15j),(4.352989807936975+7.746466649328315e-18j),(17.6308865874132-1.2878026965454825e-15j),(-1.7630886587413201+1.2878026965454826e-16j)
co2_enrichment_start_hour,environment,6.0,6.6000000000000005,increase,10.0,(24.689568425019537+1.8473228386863463e-15j),(29.754696570750774+1.9336235556617346e-15j),(5.0651281457312365+8.630071697538828e-17j),(20.515255911068962-1.1854491980027704e-15j),(2.051525591106896-1.1854491980027704e-16j)
co2_enrichment_start_hour,environment,6.0,5.4,decrease,-10.0,(24.689568425019537+1.8473228386863463e-15j),(26.93597426251678+1.9704421840432318e-15j),(2.2464058374972424+1.2311934535688544e-16j),(9.098603097577088-1.8210617088193958e-16j),(-0.9098603097577089+1.821061708819396e-17j)
co2_enrichment_duration,environment,8.0,8.8,increase,10.0,(24.689568425019537+1.8473228386863463e-15j),(28.2599172422448+2.00913284577165e-15j),(3.5703488172252626+1.6181000708530387e-16j),(14.460960822657382-4.2661995168126387e-16j),(1.4460960822657383-4.266199516812639e-17j)
co2_enrichment_duration,environment,8.0,7.2,decrease,-10.0,(24.689568425019537+1.8473228386863463e-15j),(25.96420901188913+2.0020691824339254e-15j),(1.2746405868695945+1.5474634374757905e-16j),(5.162668560775321+2.4048694297356814e-16j),(-0.5162668560775322-2.4048694297356814e-17j)
co2_morning_target,environment,800.0,880.0000000000001,increase,10.0,(24.689568425019537+1.8473228386863463e-15j),(27.368929361198134+1.9952948507600936e-15j),(2.679360936178597+1.4797201207374724e-16j),(10.852198345692535-2.1265307502324754e-16j),(1.0852198345692536-2.1265307502324754e-17j)
co2_morning_target,environment,800.0,720.0,decrease,-10.0,(24.689568425019537+1.8473228386863463e-15j),(29.698908705365728+2.0415635763881216e-15j),(5.009340280346191+1.9424073770177528e-16j),(20.289298679153507-7.313538556005432e-16j),(-2.028929867915351+7.313538556005432e-17j)
co2_afternoon_target,environment,600.0,660.0,increase,10.0,(24.689568425019537+1.8473228386863463e-15j),(27.912027033521174+1.8527899368172747e-15j),(3.2224586085016362+5.467098130928386e-18j),(13.051903350550715-9.54426133703781e-16j),(1.3051903350550715-9.54426133703781e-17j)
co2_afternoon_target,environment,600.0,540.0,decrease,-10.0,(24.689568425019537+1.8473228386863463e-15j),(27.983969491888423+1.9690373292372463e-15j),(3.294401066868886+1.2171449055089997e-16j),(13.343291426392273-5.053923067965613e-16j),(-1.3343291426392274+5.053923067965613e-17j)
target_vpd,environment,0.7,0.77,increase,10.0,(24.689568425019537+1.8473228386863463e-15j),(29.457361981213477+2.0519926004225312e-15j),(4.76779355619394+2.046697617361849e-16j),(19.31096353779285-6.159122567479022e-16j),(1.9310963537792851-6.159122567479022e-17j)
target_vpd,environment,0.7,0.63,decrease,-10.0,(24.689568425019537+1.8473228386863463e-15j),(26.095834158513956+2.0780884398509003e-15j),(1.4062657334944184+2.3076560116455394e-16j),(5.695789044531691+5.084981119973782e-16j),(-0.569578904453169-5.084981119973782e-17j)
vpd_tolerance,environment,0.3,0.33,increase,10.0,(24.689568425019537+1.8473228386863463e-15j),(28.454749760553604+1.979610200713246e-15j),(3.7651813355340664+1.322873620268997e-16j),(15.250089716912848-6.05239531373749e-16j),(1.525008971691285-6.052395313737491e-17j)
vpd_tolerance,environment,0.3,0.27,decrease,-10.0,(24.689568425019537+1.8473228386863463e-15j),(25.48812704057483+2.049669782185801e-15j),(0.7985586155552937+2.023469434994548e-16j),(3.234396818156054+5.775604900384187e-16j),(-0.3234396818156054-5.775604900384187e-17j)
day_temp,environment,23.0,25.3,increase,10.0,(24.689568425019537+1.8473228386863463e-15j),(30.934518382762406+1.9895971998301566e-15j),(6.244949957742868+1.422743611438103e-16j),(25.29388059863556-1.3162857541710229e-15j),(2.5293880598635563-1.3162857541710228e-16j)
day_temp,environment,23.0,20.7,decrease,-10.0,(24.689568425019537+1.8473228386863463e-15j),(27.51108108287766+1.9784387307691434e-15j),(2.821512657858122+1.311158920827971e-16j),(11.427954548605639-3.2400453872342945e-16j),(-1.1427954548605639+3.2400453872342945e-17j)
night_temp,environment,19.0,20.900000000000002,increase,10.0,(24.689568425019537+1.8473228386863463e-15j),(27.679649358420075+1.829968657071926e-15j),(2.990080933400538-1.7354181614420224e-17j),(12.110705549516593-9.764367161330983e-16j),(1.2110705549516594-9.764367161330983e-17j)
night_temp,environment,19.0,17.1,decrease,-10.0,(24.689568425019537+1.8473228386863463e-15j),(25.201338448798815+1.8374471117095902e-15j),(0.5117700237792775-9.87572697675611e-18j),(2.0728188317000624-1.9509203980468017e-16j),(-0.20728188317000626+1.950920398046802e-17j)
temp_tolerance,environment,3.0,3.3000000000000003,increase,10.0,(24.689568425019537+1.8473228386863463e-15j),(25.39878186488466+1.9754036874109623e-15j),(0.709213439865124+1.2808084872461598e-16j),(2.8725226284086522+3.038371545108539e-16j),(0.28725226284086525+3.038371545108539e-17j)
temp_tolerance,environment,3.0,2.7,decrease,-10.0,(24.689568425019537+1.8473228386863463e-15j),(25.987995040483593+1.9487223440416604e-15j),(1.2984266154640558+1.0139950535531412e-16j),(5.259008959218081+1.7208205870508345e-17j),(-0.5259008959218081-1.7208205870508345e-18j)
target_co2,environment,400.0,440.00000000000006,increase,10.0,(24.689568425019537+1.8473228386863463e-15j),(28.767061682779868+1.9463060399205426e-15j),(4.077493257760331+9.898320123419626e-17j),(16.515044684330498-8.347776173755998e-16j),(1.6515044684330498-8.347776173755998e-17j)
target_co2,environment,400.0,360.0,decrease,-10.0,(24.689568425019537+1.8473228386863463e-15j),(25.551075365240663+1.9289584758682988e-15j),(0.8615069402211262+8.163563718195246e-17j),(3.489356012185719+6.956770709837528e-17j),(-0.3489356012185719-6.956770709837529e-18j)
ambient_co2,environment,350.0,385.00000000000006,increase,10.0,(24.689568425019537+1.8473228386863463e-15j),(27.186559291108598+1.8991028934319523e-15j),(2.4969908660890603+5.178005474560598e-17j),(10.113546025205924-5.469912979208805e-16j),(1.0113546025205924-5.469912979208805e-17j)
ambient_co2,environment,350.0,315.0,decrease,-10.0,(24.689568425019537+1.8473228386863463e-15j),(25.977603804610908+1.8896059167184486e-15j),(1.2880353795913706+4.228307803210227e-17j),(5.21692140347873-2.1908160401808963e-16j),(-0.521692140347873+2.1908160401808964e-17j)
co2_tolerance,environment,50.0,55.00000000000001,increase,10.0,(24.689568425019537+1.8473228386863463e-15j),(26.66126840531261+1.942916894791561e-15j),(1.9716999802930744+9.559405610521474e-17j),(7.985963733149029-2.1034177241360566e-16j),(0.798596373314903-2.103417724136057e-17j)
co2_tolerance,environment,50.0,45.0,decrease,-10.0,(24.689568425019537+1.8473228386863463e-15j),(25.982797536822286+1.8174061526508637e-15j),(1.2932291118027486-2.9916686035482595e-17j),(5.237957543608724-5.130858095149577e-16j),(-0.5237957543608724+5.130858095149577e-17j)
light_hours,environment,16.0,17.6,increase,10.0,(24.689568425019537+1.8473228386863463e-15j),(29.275843937073162+1.923851319999787e-15j),(4.586275512053625+7.652848131344075e-17j),(18.575762172521635-1.0799128245977004e-15j),(1.8575762172521637-1.0799128245977004e-16j)
light_hours,environment,16.0,14.4,decrease,-10.0,(24.689568425019537+1.8473228386863463e-15j),(29.462115866632736+1.996266152713812e-15j),(4.772547441613199+1.4894331402746566e-16j),(19.33021816929318-8.43061399043553e-16j),(-1.933021816929318+8.43061399043553e-17j)
light_intensity_control,environment,300.0,330.0,increase,10.0,(24.689568425019537+1.8473228386863463e-15j),(24.5375256119037+1.983640269831504e-15j),(-0.15204281311583756+1.363174311451577e-16j),(-0.6158180268625625+5.98202348690996e-16j),(-0.06158180268625625+5.98202348690996e-17j)
light_intensity_control,environment,300.0,270.0,decrease,-10.0,(24.689568425019537+1.8473228386863463e-15j),(26.457086691888833+2.031859954667461e-15j),(1.7675182668692955+1.8453711598111475e-16j),(7.1589678541248+2.1178121422595133e-16j),(-0.71589678541248-2.1178121422595135e-17j)
light_threshold,environment,8.0,8.8,increase,10.0,(24.689568425019537+1.8473228386863463e-15j),(28.16393890266859+1.9709802114491145e-15j),(3.474370477649053+1.236573727627682e-16j),(14.072220371937522-5.520629835723769e-16j),(1.4072220371937523-5.5206298357237694e-17j)
light_threshold,environment,8.0,7.2,decrease,-10.0,(24.689568425019537+1.8473228386863463e-15j),(27.60110876211981+1.8549002090112116e-15j),(2.9115403371002735+7.577370324865244e-18j),(11.792593078094557-8.516548011711725e-16j),(-1.1792593078094558+8.516548011711726e-17j)
max_solar_radiation,environment,20.0,22.0,increase,10.0,(24.689568425019537+1.8473228386863463e-15j),(29.87171564190244+1.886496495712328e-15j),(5.182147216882903+3.91736570259817e-17j),(20.989217501394226-1.4117903785859703e-15j),(2.098921750139423-1.4117903785859705e-16j)
max_solar_radiation,environment,20.0,18.0,decrease,-10.0,(24.689568425019537+1.8473228386863463e-15j),(28.278083072755827+1.9082199498517506e-15j),(3.5885146477362895+6.089711116540432e-17j),(14.53453776899484-8.408519783130476e-16j),(-1.453453776899484+8.408519783130476e-17j)
max_economic_co2,environment,1200.0,1320.0,increase,10.0,(24.689568425019537+1.8473228386863463e-15j),(27.770305314340078+1.9029905125408244e-15j),(3.0807368893205407+5.566767385447812e-17j),(12.47788878398794-7.08150148387516e-16j),(1.247788878398794-7.08150148387516e-17j)
max_economic_co2,environment,1200.0,1080.0,decrease,-10.0,(24.689568425019537+1.8473228386863463e-15j),(30.941844403188917+2.0724122738972273e-15j),(6.252275978169379+2.2508943521088104e-16j),(25.323553131992142-9.830805512068782e-16j),(-2.5323553131992145+9.830805512068782e-17j)
min_daylight_co2,environment,500.0,550.0,increase,10.0,(24.689568425019537+1.8473228386863463e-15j),(30.710842168553846+1.864509039333446e-15j),(6.021273743534309+1.7186200647099527e-17j),(24.38792626862024-1.755144212063181e-15j),(2.4387926268620244-1.7551442120631812e-16j)
min_daylight_co2,environment,500.0,450.0,decrease,-10.0,(24.689568425019537+1.8473228386863463e-15j),(29.482988653722945+2.0205130220591427e-15j),(4.793420228703408+1.7319018337279642e-16j),(19.41475908443148-7.511799804564295e-16j),(-1.941475908443148+7.511799804564295e-17j)
optimal_temperature,environment,22.0,24.200000000000003,increase,10.0,(24.689568425019537+1.8473228386863463e-15j),(27.084536078309846+1.8344243644661166e-15j),(2.3949676532903084-1.2898474220229682e-17j),(9.700322063399588-7.780400848517015e-16j),(0.9700322063399588-7.780400848517016e-17j)
optimal_temperature,environment,22.0,19.8,decrease,-10.0,(24.689568425019537+1.8473228386863463e-15j),(26.449665933004454+1.8582504768230935e-15j),(1.7600975079849164+1.0927638136747217e-17j),(7.128911602202392-4.891392670846281e-16j),(-0.7128911602202392+4.891392670846281e-17j)
optimal_vpd,environment,0.7,0.77,increase,10.0,(24.689568425019537+1.8473228386863463e-15j),(32.13248780946665+2.038093071473395e-15j),(7.442919384447116+1.9077023278704883e-16j),(30.14600845312761-1.4829091380506963e-15j),(3.0146008453127613-1.4829091380506964e-16j)
optimal_vpd,environment,0.7,0.63,decrease,-10.0,(24.689568425019537+1.8473228386863463e-15j),(26.747040856922634+1.8145944298372806e-15j),(2.057472431903097-3.272840884906568e-17j),(8.333367341561656-7.560788579528023e-16j),(-0.8333367341561657+7.560788579528023e-17j)
oxygen_factor,environment,0.95,1.045,increase,10.0,(24.689568425019537+1.8473228386863463e-15j),(29.446557212879462+2.065627572784406e-15j),(4.756988787859925+2.1830473409805978e-16j),(19.267201054188373-5.574122195352617e-16j),(1.9267201054188374-5.574122195352618e-17j)
oxygen_factor,environment,0.95,0.855,decrease,-10.0,(24.689568425019537+1.8473228386863463e-15j),(24.924328116157522+1.7576457344148554e-15j),(0.23475969113798456-8.967710427149094e-17j),(0.9508456652490018-4.3436277038208297e-16j),(-0.09508456652490019+4.34362770382083e-17j)
psychrometric_constant,environment,0.665,0.7315000000000002,increase,10.0,(24.689568425019537+1.8473228386863463e-15j),(25.822601019172076+1.913594991137387e-15j),(1.1330325941525388+6.627215245104073e-17j),(4.589114619777491-7.494505248156563e-17j),(0.4589114619777491-7.494505248156564e-18j)
psychrometric_constant,environment,0.665,0.5985,decrease,-10.0,(24.689568425019537+1.8473228386863463e-15j),(26.729467795414454+1.9473731521266765e-15j),(2.0398993703949166+1.0005031344033015e-16j),(8.262191283699211-2.1296051925361422e-16j),(-0.8262191283699212+2.1296051925361424e-17j)
wind_speed_2m,environment,2.0,2.2,increase,10.0,(24.689568425019537+1.8473228386863463e-15j),(28.56975897589751+1.877471495034386e-15j),(3.8801905508779733+3.0148656348039586e-17j),(15.715910801202684-1.0537849374738357e-15j),(1.5715910801202684-1.0537849374738357e-16j)
wind_speed_2m,environment,2.0,1.8,decrease,-10.0,(24.689568425019537+1.8473228386863463e-15j),(26.901604848702103+1.8496879839735037e-15j),(2.212036423682566+2.3651452871573636e-18j),(8.959396882130049-6.607804426409466e-16j),(-0.895939688213005+6.607804426409466e-17j)
target_temperature,environment,22.0,24.200000000000003,increase,10.0,(24.689568425019537+1.8473228386863463e-15j),(26.6180828102759+1.7846754421080636e-15j),(1.9285143852563635-6.264739657828271e-17j),(7.811049395671392-8.381786689956223e-16j),(0.7811049395671392-8.381786689956223e-17j)
target_temperature,environment,22.0,19.8,decrease,-10.0,(24.689568425019537+1.8473228386863463e-15j),(26.716856613283785+1.8422506235143337e-15j),(2.0272881882642473-5.072215172012597e-18j),(8.211112293926794-6.349157878719809e-16j),(-0.8211112293926794+6.349157878719809e-17j)
target_humidity,environment,70.0,77.0,increase,10.0,(24.689568425019537+1.8473228386863463e-15j),(30.140800393604128+1.8701136853254943e-15j),(5.45123196858459+2.279084663914801e-17j),(22.07908973840346-1.5596919883063041e-15j),(2.2079089738403463-1.5596919883063043e-16j)
target_humidity,environment,70.0,63.0,decrease,-10.0,(24.689568425019537+1.8473228386863463e-15j),(26.053049474954996+1.98236740039136e-15j),(1.3634810499354586+1.3504456170501387e-16j),(5.522498516230664+1.3376574584067103e-16j),(-0.5522498516230664-1.3376574584067103e-17j)
harvest_gdd,phenology,800.0,880.0000000000001,increase,10.0,(24.689568425019537+1.8473228386863463e-15j),(26.051672482243248+1.9411165341849616e-15j),(1.3621040572237106+9.379369549861533e-17j),(5.516921291517605-3.2895072818320063e-17j),(0.5516921291517605-3.2895072818320067e-18j)
harvest_gdd,phenology,800.0,720.0,decrease,-10.0,(24.689568425019537+1.8473228386863463e-15j),(29.23223723357209+2.0110271480813207e-15j),(4.542668808552552+1.6370430939497434e-16j),(18.399142222142576-7.136100719302411e-16j),(-1.8399142222142577+7.136100719302412e-17j)
base_temperature,phenology,4.0,4.4,increase,10.0,(24.689568425019537+1.8473228386863463e-15j),(25.98497738383811+1.930324730035316e-15j),(1.295408958818573+8.300189134896953e-17j),(5.246786563939495-5.639302763065755e-17j),(0.5246786563939495-5.6393027630657556e-18j)
base_temperature,phenology,4.0,3.6,decrease,-10.0,(24.689568425019537+1.8473228386863463e-15j),(27.579907260030247+1.9176776200485584e-15j),(2.8903388350107093+7.035478136221209e-17j),(11.70672077071117-5.909627199012419e-16j),(-1.170672077071117+5.909627199012419e-17j)
maximum_temperature,phenology,35.0,38.5,increase,10.0,(24.689568425019537+1.8473228386863463e-15j),(31.329127560387583+2.0089503030232455e-15j),(6.639559135368046+1.616274643368992e-16j),(26.89216360963098-1.3574867331462775e-15j),(2.689216360963098-1.3574867331462777e-16j)
maximum_temperature,phenology,35.0,31.5,decrease,-10.0,(24.689568425019537+1.8473228386863463e-15j),(28.669587248324998+2.0104350983956444e-15j),(3.9800188233054605+1.6311225970929804e-16j),(16.120244610157908-5.45496374451702e-16j),(-1.6120244610157908+5.45496374451702e-17j)
photoperiod_sensitivity,phenology,0.05,0.05500000000000001,increase,10.0,(24.689568425019537+1.8473228386863463e-15j),(30.25994486030564+1.953639610354592e-15j),(5.570376435286104+1.0631677166824588e-16j),(22.561659804637493-1.2574943285558634e-15j),(2.2561659804637495-1.2574943285558635e-16j)
photoperiod_sensitivity,phenology,0.05,0.045000000000000005,decrease,-10.0,(24.689568425019537+1.8473228386863463e-15j),(28.431995847906418+1.996078850295554e-15j),(3.7424274228868804+1.4875601160920762e-16j),(15.157929691044888-5.316410687538354e-16j),(-1.515792969104489+5.3164106875383544e-17j)
thermal_time_scale,phenology,1.0,1.1,increase,10.0,(24.689568425019537+1.8473228386863463e-15j),(26.81378632875387+1.8693253517722936e-15j),(2.1242179037343334+2.2002513085947247e-17j),(8.603706096303108-5.546298430463603e-16j),(0.8603706096303109-5.546298430463603e-17j)
thermal_time_scale,phenology,1.0,0.9,decrease,-10.0,(24.689568425019537+1.8473228386863463e-15j),(35.95149643403369+1.858571172571815e-15j),(11.261928009014156+1.1248333885468756e-17j),(45.614114492182516-3.36738012783834e-15j),(-4.561411449218252+3.36738012783834e-16j)
vernalization_temperature,phenology,5.0,5.5,increase,10.0,(24.689568425019537+1.8473228386863463e-15j),(25.363482121979615+1.827658144294463e-15j),(0.6739136969600779-1.966469439188325e-17j),(2.7295483070378723-2.838780429622472e-16j),(0.27295483070378723-2.838780429622472e-17j)
vernalization_temperature,phenology,5.0,4.5,decrease,-10.0,(24.689568425019537+1.8473228386863463e-15j),(28.591529546424074+2.0346257908252255e-15j),(3.901961121404536+1.8730295213887917e-16j),(15.804088002811852-4.2386149964899705e-16j),(-1.5804088002811854+4.238614996489971e-17j)
vernalization_days,phenology,0.0,0.0,increase,10.0,(24.689568425019537+1.8473228386863463e-15j),(29.03890625638696+1.944392141409294e-15j),(4.349337831367421+9.706930272294781e-17j),(17.616095010230943-9.249122534451655e-16j),(1.7616095010230943-9.249122534451655e-17j)
vernalization_days,phenology,0.0,0.0,decrease,-10.0,(24.689568425019537+1.8473228386863463e-15j),(29.57928160831937+1.9175543204157673e-15j),(4.889713183299833+7.023148172942103e-17j),(19.804773818341715-1.1973746283365644e-15j),(-1.9804773818341717+1.1973746283365645e-16j)
stress_acceleration_factor,phenology,1.3,1.4300000000000002,increase,10.0,(24.689568425019537+1.8473228386863463e-15j),(26.446393775212577+1.988722582603682e-15j),(1.75682535019304+1.4139974391733568e-16j),(7.115658402569464+4.030269364158821e-17j),(0.7115658402569465+4.030269364158821e-18j)
stress_acceleration_factor,phenology,1.3,1.1700000000000002,decrease,-10.0,(24.689568425019537+1.8473228386863463e-15j),(30.451351935777016+1.9422252426048484e-15j),(5.761783510757478+9.490240391850206e-17j),(23.336914649827133-1.3617319852047121e-15j),(-2.333691464982713+1.3617319852047122e-16j)
drought_threshold,phenology,0.6,0.66,increase,10.0,(24.689568425019537+1.8473228386863463e-15j),(28.933800650299993+2.0712987273247334e-15j),(4.244232225280456+2.239758886383871e-16j),(17.19038645073885-3.7905096076818446e-16j),(1.719038645073885-3.790509607681845e-17j)
drought_threshold,phenology,0.6,0.54,decrease,-10.0,(24.689568425019537+1.8473228386863463e-15j),(27.15780610867795+2.003698701732183e-15j),(2.468237683658412+1.5637586304583687e-16j),(9.997087195567124-1.1463388680614656e-16j),(-0.9997087195567125+1.1463388680614657e-17j)
heat_threshold,phenology,28.0,30.800000000000004,increase,10.0,(24.689568425019537+1.8473228386863463e-15j),(27.42941327000489+1.872394367927723e-15j),(2.7398448449853525+2.5071529241376875e-17j),(11.097175932038125-7.287658216740394e-16j),(1.1097175932038126-7.287658216740395e-17j)
heat_threshold,phenology,28.0,25.2,decrease,-10.0,(24.689568425019537+1.8473228386863463e-15j),(25.00594306944967+1.992258327072957e-15j),(0.31637464443013386+1.449354883866106e-16j),(1.2814101849975268+4.911536050140673e-16j),(-0.12814101849975268-4.9115360501406735e-17j)
critical_photoperiod,phenology,12.0,13.200000000000001,increase,10.0,(24.689568425019537+1.8473228386863463e-15j),(28.008222422423543+2.0786559608097476e-15j),(3.318653997404006+2.3133312212340134e-16j),(13.441522914758602-6.875454546621787e-17j),(1.3441522914758604-6.875454546621787e-18j)
critical_photoperiod,phenology,12.0,10.8,decrease,-10.0,(24.689568425019537+1.8473228386863463e-15j),(27.847049072091856+1.9038287762454097e-15j),(3.157480647072319+5.650593755906334e-17j),(12.78872353180803-7.280122111747254e-16j),(-1.278872353180803+7.280122111747255e-17j)
photoperiod_slope,phenology,0.1,0.11000000000000001,increase,10.0,(24.689568425019537+1.8473228386863463e-15j),(27.77081132195508+1.8717203738688424e-15j),(3.0812428969355423+2.439753518249608e-17j),(12.479938263372475-8.349567358246632e-16j),(1.2479938263372476-8.349567358246632e-17j)
photoperiod_slope,phenology,0.1,0.09000000000000001,decrease,-10.0,(24.689568425019537+1.8473228386863463e-15j),(28.883609750709624+1.8710747413246605e-15j),(4.194041325690087+2.375190263831423e-17j),(16.98709857333915-1.1748064767434785e-15j),(-1.698709857333915+1.1748064767434787e-16j)
phenology_optimal_temperature_min,phenology,18.0,19.8,increase,10.0,(24.689568425019537+1.8473228386863463e-15j),(29.2008676724039+1.9445107824807202e-15j),(4.511299247384361+9.71879437943739e-17j),(18.272086290551638-9.735143005249723e-16j),(1.827208629055164-9.735143005249723e-17j)
phenology_optimal_temperature_min,phenology,18.0,16.2,decrease,-10.0,(24.689568425019537+1.8473228386863463e-15j),(26.991613576000002+1.9822397451431586e-15j),(2.302045150980465+1.349169064568123e-16j),(9.323958650681206-1.5118413786879875e-16j),(-0.9323958650681207+1.5118413786879875e-17j)
phenology_optimal_temperature_max,phenology,24.0,26.400000000000002,increase,10.0,(24.689568425019537+1.8473228386863463e-15j),(25.107338135864257+1.9153620575476607e-15j),(0.4177697108447198+6.803921886131435e-17j),(1.6920899695491103+1.4897325773195926e-16j),(0.16920899695491104+1.4897325773195927e-17j)
phenology_optimal_temperature_max,phenology,24.0,21.6,decrease,-10.0,(24.689568425019537+1.8473228386863463e-15j),(34.052387390318884+2.6199503472235885e-15j),(9.362818965299347+7.726275085372422e-16j),(37.92216536199716+2.9195604248642833e-16j),(-3.792216536199716-2.919560424864283e-17j)
bolting_photoperiod_threshold,phenology,14.0,15.400000000000002,increase,10.0,(24.689568425019537+1.8473228386863463e-15j),(27.829471543711765+1.944803982809754e-15j),(3.139903118692228+9.748114412340785e-17j),(12.717529381803047-5.567237073451503e-16j),(1.2717529381803048-5.567237073451503e-17j)
bolting_photoperiod_threshold,phenology,14.0,12.6,decrease,-10.0,(24.689568425019537+1.8473228386863463e-15j),(26.120119492289223+1.9263268589374715e-15j),(1.4305510672696862+7.900402025112516e-17j),(5.794151775532925-1.1354053794653498e-16j),(-0.5794151775532925+1.1354053794653499e-17j)
bolting_temperature_threshold,phenology,25.0,27.500000000000004,increase,10.0,(24.689568425019537+1.8473228386863463e-15j),(26.755839548589904+1.932554317049349e-15j),(2.066271123570367+8.523147836300253e-17j),(8.36900462576122-2.809731392028024e-16j),(0.8369004625761219-2.809731392028024e-17j)
bolting_temperature_threshold,phenology,25.0,22.5,decrease,-10.0,(24.689568425019537+1.8473228386863463e-15j),(27.596883235797648+2.030712962284563e-15j),(2.907314810778111+1.8339012359821664e-16j),(11.775478456042757-1.3828098854192334e-16j),(-1.1775478456042758+1.3828098854192334e-17j)
head_formation_node_requirement,phenology,8.0,8.8,increase,10.0,(24.689568425019537+1.8473228386863463e-15j),(26.993405323650943+1.932676450336098e-15j),(2.303836898631406+8.535361164975175e-17j),(9.33121575465361-3.5247302267493576e-16j),(0.933121575465361-3.5247302267493576e-17j)
head_formation_node_requirement,phenology,8.0,7.2,decrease,-10.0,(24.689568425019537+1.8473228386863463e-15j),(25.092353188182045+1.8385633121770015e-15j),(0.4027847631625079-8.759526509344782e-18j),(1.6313965324494695-1.57543001859054e-16j),(-0.16313965324494695+1.57543001859054e-17j)
environmental_buffer_days,phenology,5.0,5.5,increase,10.0,(24.689568425019537+1.8473228386863463e-15j),(27.777679093146507+1.9134745147110255e-15j),(3.088110668126969+6.615167602467923e-17j),(12.507754752803157-6.679214933689146e-16j),(1.2507754752803157-6.679214933689146e-17j)
environmental_buffer_days,phenology,5.0,4.5,decrease,-10.0,(24.689568425019537+1.8473228386863463e-15j),(26.753320554011104+1.8832899471489335e-15j),(2.063752128991567+3.5967108462587205e-17j),(8.358801958240116-4.79744915397201e-16j),(-0.8358801958240116+4.7974491539720105e-17j)
bolting_photoperiod_divisor,phenology,2.0,2.2,increase,10.0,(24.689568425019537+1.8473228386863463e-15j),(27.984411829974228+1.838982687350774e-15j),(3.2948434049546904-8.340151335572304e-18j),(13.345083025492709-1.0322858363489289e-15j),(1.334508302549271-1.0322858363489289e-16j)
bolting_photoperiod_divisor,phenology,2.0,1.8,decrease,-10.0,(24.689568425019537+1.8473228386863463e-15j),(28.569542196062322+1.94443421382191e-15j),(3.879973771042785+9.711137513556364e-17j),(15.715032779232205-7.82500573426227e-16j),(-1.5715032779232205+7.825005734262271e-17j)
bolting_photoperiod_risk_max,phenology,0.3,0.33,increase,10.0,(24.689568425019537+1.8473228386863463e-15j),(27.408813083669777+1.970601635886068e-15j),(2.71924465865024+1.232787971997218e-16j),(11.013739129982739-3.2475464844712366e-16j),(1.1013739129982738-3.247546484471237e-17j)
bolting_photoperiod_risk_max,phenology,0.3,0.27,decrease,-10.0,(24.689568425019537+1.8473228386863463e-15j),(26.031888326321376+1.9258831436003098e-15j),(1.3423199013018383+7.856030491396346e-17j),(5.4367896521900265-8.859916725037517e-17j),(-0.5436789652190027+8.859916725037517e-18j)
bolting_temperature_divisor,phenology,5.0,5.5,increase,10.0,(24.689568425019537+1.8473228386863463e-15j),(29.634993386747652+1.8950057399023875e-15j),(4.945424961728115+4.76829012160412e-17j),(20.03042287574616-1.3055865121012823e-15j),(2.0030422875746163-1.3055865121012823e-16j)
bolting_temperature_divisor,phenology,5.0,4.5,decrease,-10.0,(24.689568425019537+1.8473228386863463e-15j),(28.1388229838416+1.9516509167979677e-15j),(3.4492545588220622+1.0432807811162142e-16j),(13.970493527649957-6.227408954870478e-16j),(-1.3970493527649959+6.227408954870478e-17j)
bolting_temperature_risk_max,phenology,0.4,0.44000000000000006,increase,10.0,(24.689568425019537+1.8473228386863463e-15j),(26.39312737457583+1.868083896256939e-15j),(1.7035589495562924+2.0761057570592572e-17j),(6.899913843086726-4.321769618066739e-16j),(0.6899913843086727-4.3217696180667396e-17j)
bolting_temperature_risk_max,phenology,0.4,0.36000000000000004,decrease,-10.0,(24.689568425019537+1.8473228386863463e-15j),(30.693102837967217+2.0717289877622947e-15j),(6.00353441294768+2.244061490759484e-16j),(24.316076772180065-9.104666664859367e-16j),(-2.4316076772180066+9.104666664859367e-17j)
environmental_history_days,phenology,7.0,7.700000000000001,increase,10.0,(24.689568425019537+1.8473228386863463e-15j),(25.755001997905918+1.983304616771351e-15j),(1.0654335728863806+1.3598177808500462e-16j),(4.315318739256324+2.2788535013676047e-16j),(0.4315318739256324+2.278853501367605e-17j)
environmental_history_days,phenology,7.0,6.3,decrease,-10.0,(24.689568425019537+1.8473228386863463e-15j),(27.7477047520905+2.009296338991904e-15j),(3.0581363270709616+1.6197350030555769e-16j),(12.386349872247884-2.707312198148384e-16j),(-1.2386349872247884+2.707312198148384e-17j)
bolting_sustained_stress_risk,phenology,0.2,0.22000000000000003,increase,10.0,(24.689568425019537+1.8473228386863463e-15j),(25.768791993555936+1.8600964309294338e-15j),(1.0792235685363991+1.277359224308748e-17j),(4.371172269835029-2.753230443145973e-16j),(0.43711722698350286-2.7532304431459732e-17j)
bolting_sustained_stress_risk,phenology,0.2,0.18000000000000002,decrease,-10.0,(24.689568425019537+1.8473228386863463e-15j),(26.004104785207808+1.8379761673665676e-15j),(1.3145363601882707-9.346671319778743e-18j),(5.324258154533661-4.362283955111865e-16j),(-0.5324258154533661+4.362283955111865e-17j)
bolting_maturity_risk_factor,phenology,0.02,0.022000000000000002,increase,10.0,(24.689568425019537+1.8473228386863463e-15j),(24.464116053094976+1.8866642731195337e-15j),(-0.22545237192456113+3.934143443318737e-17j),(-0.9131482901746295+2.276679380579845e-16j),(-0.09131482901746296+2.2766793805798448e-17j)
bolting_maturity_risk_factor,phenology,0.02,0.018000000000000002,decrease,-10.0,(24.689568425019537+1.8473228386863463e-15j),(27.24063686428954+1.8352105829750804e-15j),(2.5510684392700043-1.2112255711265886e-17j),(10.332576071620764-8.221621772102569e-16j),(-1.0332576071620765+8.22162177210257e-17j)
bolting_maturity_risk_max,phenology,0.3,0.33,increase,10.0,(24.689568425019537+1.8473228386863463e-15j),(28.4797182738396+1.9749459962752704e-15j),(3.7901498488200644+1.2762315758892406e-16j),(15.351219525486966-6.316976629053857e-16j),(1.5351219525486968-6.316976629053857e-17j)
bolting_maturity_risk_max,phenology,0.3,0.27,decrease,-10.0,(24.689568425019537+1.8473228386863463e-15j),(24.38571062895896+1.9514583767911914e-15j),(-0.3038577960605764+1.0413553810484506e-16j),(-1.2307132746502671+5.138639255339825e-16j),(0.12307132746502672-5.138639255339826e-17j)
bolting_risk_threshold,phenology,0.7,0.77,increase,10.0,(24.689568425019537+1.8473228386863463e-15j),(27.01312051420425+1.9593999800702085e-15j),(2.3235520891847123+1.1207714138386216e-16j),(9.411068063992996-2.502095916103425e-16j),(0.9411068063992997-2.502095916103425e-17j)
bolting_risk_threshold,phenology,0.7,0.63,decrease,-10.0,(24.689568425019537+1.8473228386863463e-15j),(30.583942853365084+1.9416108862197784e-15j),(5.894374428345547+9.428804753343208e-17j),(23.873946789496713-1.4044021265814901e-15j),(-2.3873946789496716+1.4044021265814902e-16j)
nitrogen_uptake_efficiency,nitrogen_parameters,0.15,0.165,increase,10.0,(24.689568425019537+1.8473228386863463e-15j),(29.594913481533943+1.9947603638143732e-15j),(4.905345056514406+1.4743752512802694e-16j),(19.868087493759116-8.894047436319138e-16j),(1.9868087493759117-8.894047436319138e-17j)
nitrogen_uptake_efficiency,nitrogen_parameters,0.15,0.135,decrease,-10.0,(24.689568425019537+1.8473228386863463e-15j),(29.35803394786863+1.845115787076347e-15j),(4.668465522849093-2.2070516099994635e-18j),(18.908655843972692-1.423722616180276e-15j),(-1.8908655843972693+1.4237226161802762e-16j)
uptake_efficiency,nitrogen_parameters,0.15,0.165,increase,10.0,(24.689568425019537+1.8473228386863463e-15j),(26.627188145896863+1.8130823204872354e-15j),(1.9376197208773256-3.4240518199110865e-17j),(7.847928677901919-7.258818540067966e-16j),(0.784792867790192-7.258818540067967e-17j)
uptake_efficiency,nitrogen_parameters,0.15,0.135,decrease,-10.0,(24.689568425019537+1.8473228386863463e-15j),(29.899369634510027+2.0160266926487215e-15j),(5.2098012094904895+1.6870385396237522e-16j),(21.101224289571057-8.955356277400249e-16j),(-2.110122428957106+8.95535627740025e-17j)
translocation_rate,nitrogen_parameters,0.35,0.385,increase,10.0,(24.689568425019537+1.8473228386863463e-15j),(30.334859610685616+2.0523117206796266e-15j),(5.645291185666078+2.0498888199328033e-16j),(22.86508653567771-8.805463097742209e-16j),(2.2865086535677714-8.805463097742209e-17j)
translocation_rate,nitrogen_parameters,0.35,0.315,decrease,-10.0,(24.689568425019537+1.8473228386863463e-15j),(26.92240133471334+1.9761065021374714e-15j),(2.2328329096938013+1.2878366345112508e-16j),(9.043628755499537-1.550507296694207e-16j),(-0.9043628755499538+1.550507296694207e-17j)
protein_synthesis,nitrogen_parameters,0.65,0.7150000000000001,increase,10.0,(24.689568425019537+1.8473228386863463e-15j),(25.785248309510862+1.942333203549724e-15j),(1.0956798844913251+9.501036486337784e-17j),(4.437825180374565+5.2772922317027617e-17j),(0.44378251803745655+5.277292231702762e-18j)
protein_synthesis,nitrogen_parameters,0.65,0.5850000000000001,decrease,-10.0,(24.689568425019537+1.8473228386863463e-15j),(26.490957561478364+2.042505333573817e-15j),(1.8013891364588268+1.9518249488747066e-16j),(7.2961548191071754+2.4463352104196007e-16j),(-0.7296154819107176-2.446335210419601e-17j)
chlorophyll_ratio,nitrogen_parameters,0.025,0.027500000000000004,increase,10.0,(24.689568425019537+1.8473228386863463e-15j),(26.002415910146002+1.8101771162126767e-15j),(1.3128474851264649-3.71457224736696e-17j),(5.317417714746571-5.483108980121004e-16j),(0.5317417714746572-5.483108980121004e-17j)
chlorophyll_ratio,nitrogen_parameters,0.025,0.022500000000000003,decrease,-10.0,(24.689568425019537+1.8473228386863463e-15j),(28.28433954385499+1.8957640616130876e-15j),(3.594771118835453+4.844122292674124e-17j),(14.559878313598382-8.931980124117037e-16j),(-1.4559878313598382+8.931980124117038e-17j)
senescence_rate,nitrogen_parameters,0.7,0.77,increase,10.0,(24.689568425019537+1.8473228386863463e-15j),(28.87643984969121+1.8588729928049973e-15j),(4.186871424671672+1.1550154118651003e-17j),(16.95805836941582-1.222054294118712e-15j),(1.695805836941582-1.2220542941187121e-16j)
senescence_rate,nitrogen_parameters,0.7,0.63,decrease,-10.0,(24.689568425019537+1.8473228386863463e-15j),(28.19071397404988+2.004059927825799e-15j),(3.501145549030344+1.5673708913945253e-16j),(14.180667271131425-4.26194635025075e-16j),(-1.4180667271131426+4.26194635025075e-17j)
nitrate_reduction_rate,nitrogen_parameters,0.8,0.8800000000000001,increase,10.0,(24.689568425019537+1.8473228386863463e-15j),(27.69658325981171+2.0165476674274457e-15j),(3.007014834792173+1.6922482874109942e-16j),(12.179292821274956-2.2586878869979845e-16j),(1.2179292821274956-2.2586878869979848e-17j)
nitrate_reduction_rate,nitrogen_parameters,0.8,0.7200000000000001,decrease,-10.0,(24.689568425019537+1.8473228386863463e-15j),(27.587221401327206+1.947547929516417e-15j),(2.8976529763076684+1.0022509083007075e-16j),(11.73634519010583-4.721957560654627e-16j),(-1.173634519010583+4.721957560654627e-17j)
ammonium_assimilation_rate,nitrogen_parameters,1.2,1.32,increase,10.0,(24.689568425019537+1.8473228386863463e-15j),(26.374127163383008+1.7739076176633683e-15j),(1.6845587383634708-7.341522102297805e-17j),(6.822957410046902-8.078605024561463e-16j),(0.6822957410046903-8.078605024561464e-17j)
ammonium_assimilation_rate,nitrogen_parameters,1.2,1.08,decrease,-10.0,(24.689568425019537+1.8473228386863463e-15j),(26.886817904029275+1.9430804329474722e-15j),(2.197249479009738+9.57575942611259e-17j),(8.89950541534425-2.780324087686126e-16j),(-0.889950541534425+2.780324087686126e-17j)
amino_acid_uptake_rate,nitrogen_parameters,0.4,0.44000000000000006,increase,10.0,(24.689568425019537+1.8473228386863463e-15j),(28.941585360567963+1.9871263100647602e-15j),(4.252016935548426+1.3980347137841392e-16j),(17.2219168126065-7.223331250282415e-16j),(1.7221916812606501-7.223331250282416e-17j)
amino_acid_uptake_rate,nitrogen_parameters,0.4,0.36000000000000004,decrease,-10.0,(24.689568425019537+1.8473228386863463e-15j),(27.020981328155834+2.043949562749722e-15j),(2.3314129031362967+1.9662672406337559e-16j),(9.44290666812031+8.98588106743531e-17j),(-0.944290666812031-8.98588106743531e-18j)
photosynthetic_n_use_efficiency,nitrogen_parameters,40.0,44.0,increase,10.0,(24.689568425019537+1.8473228386863463e-15j),(29.755698140267185+2.0266062445844114e-15j),(5.066129715247648+1.792834058980651e-16j),(20.519312561631537-8.091455385341861e-16j),(2.051931256163154-8.091455385341862e-17j)
photosynthetic_n_use_efficiency,nitrogen_parameters,40.0,36.0,decrease,-10.0,(24.689568425019537+1.8473228386863463e-15j),(25.20510318401415+1.9801535435169224e-15j),(0.5155347589946118+1.3283070483057605e-16j),(2.0880671144992027+3.817699949822379e-16j),(-0.20880671144992027-3.817699949822379e-17j)
growth_n_use_efficiency,nitrogen_parameters,30.0,33.0,increase,10.0,(24.689568425019537+1.8473228386863463e-15j),(24.616245165130096+1.9396254011139106e-15j),(-0.07332325988944177+9.23025624275643e-17j),(-0.2969807273550337+3.9607316558597674e-16j),(-0.029698072735503372+3.960731655859768e-17j)
growth_n_use_efficiency,nitrogen_parameters,30.0,27.0,decrease,-10.0,(24.689568425019537+1.8473228386863463e-15j),(26.869075382950992+1.9361734016103904e-15j),(2.179506957931455+8.885056292404405e-17j),(8.827642996476275-3.006310235554439e-16j),(-0.8827642996476275+3.006310235554439e-17j)
n_stress_threshold,nitrogen_parameters,0.75,0.8250000000000001,increase,10.0,(24.689568425019537+1.8473228386863463e-15j),(27.186449252328806+1.913992669442195e-15j),(2.496880827309269+6.666983075584864e-17j),(10.113100335844745-4.866499866628668e-16j),(1.0113100335844745-4.8664998666286677e-17j)
n_stress_threshold,nitrogen_parameters,0.75,0.675,decrease,-10.0,(24.689568425019537+1.8473228386863463e-15j),(26.982173479276216+2.0452381346637496e-15j),(2.292605054256679+1.9791529597740332e-16j),(9.285723487711651+1.0683866480595532e-16j),(-0.9285723487711652-1.0683866480595532e-17j)
luxury_uptake_threshold,nitrogen_parameters,1.2,1.32,increase,10.0,(24.689568425019537+1.8473228386863463e-15j),(28.7394414284964+1.9278011089577294e-15j),(4.049873003476861+8.047827027138313e-17j),(16.40317454627057-9.013576728459261e-16j),(1.6403174546270571-9.013576728459261e-17j)
luxury_uptake_threshold,nitrogen_parameters,1.2,1.08,decrease,-10.0,(24.689568425019537+1.8473228386863463e-15j),(25.645926379297524+1.9339534181114508e-15j),(0.956357954277987+8.663057942510448e-17j),(3.873530463614129+6.105398947359537e-17j),(-0.38735304636141293-6.105398947359537e-18j)
specific_root_activity,nitrogen_parameters,0.08,0.08800000000000001,increase,10.0,(24.689568425019537+1.8473228386863463e-15j),(27.46082213824302+1.9229918605038358e-15j),(2.7712537132234836+7.566902181748946e-17j),(11.224391068801319-5.333496140277048e-16j),(1.122439106880132-5.3334961402770485e-17j)
specific_root_activity,nitrogen_parameters,0.08,0.07200000000000001,decrease,-10.0,(24.689568425019537+1.8473228386863463e-15j),(31.434909578150094+1.845917392683224e-15j),(6.745341153130557-1.4054460031224187e-18j),(27.320611834976695-2.0498752322726812e-15j),(-2.73206118349767+2.0498752322726813e-16j)
root_zone_exploration,nitrogen_parameters,0.85,0.935,increase,10.0,(24.689568425019537+1.8473228386863463e-15j),(28.201372241024362+1.949636394000274e-15j),(3.511803816004825+1.0231355531392762e-16j),(14.223836381222796-6.498559226786146e-16j),(1.4223836381222796-6.498559226786146e-17j)
root_zone_exploration,nitrogen_parameters,0.85,0.765,decrease,-10.0,(24.689568425019537+1.8473228386863463e-15j),(26.40231684686146+1.955276242649588e-15j),(1.7127484218419227+1.0795340396324181e-16j),(6.937133903508348-8.180724198505545e-17j),(-0.6937133903508349+8.180724198505544e-18j)
uptake_kinetics_NO3_vmax,nitrogen_parameters,0.15,0.165,increase,10.0,(24.689568425019537+1.8473228386863463e-15j),(28.42322227258393+1.9518991817077357e-15j),(3.733653847564394+1.0457634302138941e-16j),(15.122394135414863-7.0792285466268e-16j),(1.5122394135414865-7.0792285466268e-17j)
uptake_kinetics_NO3_vmax,nitrogen_parameters,0.15,0.135,decrease,-10.0,(24.689568425019537+1.8473228386863463e-15j),(27.723312737114092+1.9782958901288046e-15j),(3.033744312094555+1.3097305144245828e-16j),(12.287555051064665-3.8890011230295965e-16j),(-1.2287555051064665+3.889001123029597e-17j)
uptake_kinetics_NO3_km,nitrogen_parameters,0.5,0.55,increase,10.0,(24.689568425019537+1.8473228386863463e-15j),(29.25182435034075+1.9519182690415603e-15j),(4.562255925321214+1.04595430355214e-16j),(18.478475795056767-9.58954280497152e-16j),(1.8478475795056768-9.58954280497152e-17j)
uptake_kinetics_NO3_km,nitrogen_parameters,0.5,0.45,decrease,-10.0,(24.689568425019537+1.8473228386863463e-15j),(24.236723191269096+1.9347447096787588e-15j),(-0.45284523375044117+8.742187099241247e-17j),(-1.8341561341005206+4.913194676659155e-16j),(0.18341561341005208-4.9131946766591546e-17j)
uptake_kinetics_NO3_min_conc,nitrogen_parameters,0.1,0.11000000000000001,increase,10.0,(24.689568425019537+1.8473228386863463e-15j),(29.414106731641564+2.052847193162505e-15j),(4.724538306622026+2.0552435447615873e-16j),(19.135767078999834-5.993423561915147e-16j),(1.9135767078999835-5.993423561915147e-17j)
uptake_kinetics_NO3_min_conc,nitrogen_parameters,0.1,0.09000000000000001,decrease,-10.0,(24.689568425019537+1.8473228386863463e-15j),(28.07001204054263+1.8541601251192723e-15j),(3.3804436155230917+6.837286432926021e-18j),(13.691789007123628-9.9675399214768e-16j),(-1.369178900712363+9.967539921476802e-17j)
uptake_kinetics_NO3_inhibition_ki,nitrogen_parameters,2.0,2.2,increase,10.0,(24.689568425019537+1.8473228386863463e-15j),(27.49061037741997+2.084708666810086e-15j),(2.801041952400432+2.3738582812373975e-16j),(11.345042182114268+1.126235678010683e-16j),(1.1345042182114269+1.1262356780106829e-17j)
uptake_kinetics_NO3_inhibition_ki,nitrogen_parameters,2.0,1.8,decrease,-10.0,(24.689568425019537+1.8473228386863463e-15j),(30.035293576038807+1.9201649305818495e-15j),(5.34572515101927+7.284209189550322e-17j),(21.651756154644243-1.3249957994178982e-15j),(-2.1651756154644244+1.3249957994178982e-16j)
uptake_kinetics_NH4_vmax,nitrogen_parameters,0.12,0.132,increase,10.0,(24.689568425019537+1.8473228386863463e-15j),(27.246435029609216+1.913296983755577e-15j),(2.556866604589679+6.597414506923064e-17j),(10.356060343276962-5.076464711033733e-16j),(1.0356060343276963-5.076464711033733e-17j)
uptake_kinetics_NH4_vmax,nitrogen_parameters,0.12,0.108,decrease,-10.0,(24.689568425019537+1.8473228386863463e-15j),(27.3160702973875+1.9408572777528526e-15j),(2.626501872367964+9.353443906650633e-17j),(10.638103619933508-4.1712223127919185e-16j),(-1.0638103619933508+4.171222312791919e-17j)
uptake_kinetics_NH4_km,nitrogen_parameters,0.3,0.33,increase,10.0,(24.689568425019537+1.8473228386863463e-15j),(28.231759507668688+1.9324864227430585e-15j),(3.5421910826491505+8.516358405671221e-17j),(14.346913731629343-7.285272340849428e-16j),(1.4346913731629343-7.285272340849428e-17j)
uptake_kinetics_NH4_km,nitrogen_parameters,0.3,0.27,decrease,-10.0,(24.689568425019537+1.8473228386863463e-15j),(25.264902382988602+1.9481689491290657e-15j),(0.5753339579690646+1.0084611044271935e-16j),(2.3302714250202987+2.3410078787106967e-16j),(-0.23302714250202988-2.3410078787106968e-17j)
uptake_kinetics_NH4_min_conc,nitrogen_parameters,0.05,0.05500000000000001,increase,10.0,(24.689568425019537+1.8473228386863463e-15j),(24.74109742790236+1.9131394081471648e-15j),(0.05152900288282325+6.581656946081848e-17j),(0.20870758854822902+2.5096050868473813e-16j),(0.020870758854822903+2.5096050868473814e-17j)
uptake_kinetics_NH4_min_conc,nitrogen_parameters,0.05,0.045000000000000005,decrease,-10.0,(24.689568425019537+1.8473228386863463e-15j),(27.089280972813036+1.8439528484324977e-15j),(2.3997125477934986-3.3699902538486308e-18j),(9.719540279050461-7.408848728951474e-16j),(-0.9719540279050461+7.408848728951474e-17j)
uptake_kinetics_NH4_inhibition_ki,nitrogen_parameters,1.5,1.6500000000000001,increase,10.0,(24.689568425019537+1.8473228386863463e-15j),(27.81442857442932+1.999133997592773e-15j),(3.124860149409784+1.5181115890642676e-16j),(12.656600940189627-3.3211241060007387e-16j),(1.2656600940189628-3.3211241060007387e-17j)
uptake_kinetics_NH4_inhibition_ki,nitrogen_parameters,1.5,1.35,decrease,-10.0,(24.689568425019537+1.8473228386863463e-15j),(27.557135663711115+1.8955684353090477e-15j),(2.867567238691578+4.8245596622701426e-17j),(11.614489120780606-6.736104521522764e-16j),(-1.1614489120780607+6.736104521522764e-17j)
uptake_kinetics_AA_vmax,nitrogen_parameters,0.08,0.08800000000000001,increase,10.0,(24.689568425019537+1.8473228386863463e-15j),(28.956479427609555+1.9230437295527623e-15j),(4.266911002590017+7.5720890866416e-17j),(17.282242156432677-9.864000509610034e-16j),(1.7282242156432677-9.864000509610034e-17j)
uptake_kinetics_AA_vmax,nitrogen_parameters,0.08,0.07200000000000001,decrease,-10.0,(24.689568425019537+1.8473228386863463e-15j),(26.93675099086745+2.035965430761894e-15j),(2.247182565847911+1.8864259207554764e-16j),(9.101749075413954+8.304682500940101e-17j),(-0.9101749075413954-8.3046825009401e-18j)
uptake_kinetics_AA_km,nitrogen_parameters,0.8,0.8800000000000001,increase,10.0,(24.689568425019537+1.8473228386863463e-15j),(25.247785754658683+1.8884643397931724e-15j),(0.5582173296391453+4.1141501106826124e-17j),(2.2609440555204987-2.5331945458048846e-18j),(0.22609440555204988-2.5331945458048847e-19j)
uptake_kinetics_AA_km,nitrogen_parameters,0.8,0.7200000000000001,decrease,-10.0,(24.689568425019537+1.8473228386863463e-15j),(24.934966186373384+1.8436135563180672e-15j),(0.24539776135384628-3.709282368279108e-18j),(0.9939329725389969-8.93917333478405e-17j),(-0.0993932972538997+8.939173334784051e-18j)
uptake_kinetics_AA_min_conc,nitrogen_parameters,0.2,0.22000000000000003,increase,10.0,(24.689568425019537+1.8473228386863463e-15j),(29.294829564444008+1.844452741359593e-15j),(4.605261139424471-2.8700973267534914e-18j),(18.652659536801224-1.407253990800426e-15j),(1.8652659536801224-1.407253990800426e-16j)
uptake_kinetics_AA_min_conc,nitrogen_parameters,0.2,0.18000000000000002,decrease,-10.0,(24.689568425019537+1.8473228386863463e-15j),(25.68895149031535+1.8489341890153145e-15j),(0.9993830652958131+1.611350328968205e-18j),(4.047794793703536-2.9633765199448277e-16j),(-0.40477947937035363+2.9633765199448276e-17j)
uptake_kinetics_AA_inhibition_ki,nitrogen_parameters,0.0,0.0,increase,10.0,(24.689568425019537+1.8473228386863463e-15j),(27.607707923546265+1.8880187259671144e-15j),(2.9181394985267275+4.069588728076806e-17j),(11.819321619123919-7.195149680586627e-16j),(1.181932161912392-7.195149680586628e-17j)
uptake_kinetics_AA_inhibition_ki,nitrogen_parameters,0.0,0.0,decrease,-10.0,(24.689568425019537+1.8473228386863463e-15j),(25.612456638727743+1.9635074329733444e-15j),(0.9228882137082053+1.1618459428699814e-16j),(3.73796818891732+1.9089946579437135e-16j),(-0.373796818891732-1.9089946579437136e-17j)
allocation_coefficients_vegetative_leaves,nitrogen_parameters,0.6,0.66,increase,10.0,(24.689568425019537+1.8473228386863463e-15j),(26.68296015615443+1.8900752214053492e-15j),(1.993391731134892+4.2752382719002893e-17j),(8.073821691896644-4.309397698600396e-16j),(0.8073821691896644-4.3093976986003964e-17j)
allocation_coefficients_vegetative_leaves,nitrogen_parameters,0.6,0.54,decrease,-10.0,(24.689568425019537+1.8473228386863463e-15j),(29.10352511498185+1.9683494084345992e-15j),(4.413956689962312+1.2102656974825293e-16j),(17.87782035707584-8.474611024601593e-16j),(-1.7877820357075842+8.474611024601594e-17j)
allocation_coefficients_vegetative_stems,nitrogen_parameters,0.2,0.22000000000000003,increase,10.0,(24.689568425019537+1.8473228386863463e-15j),(29.08861805283977+2.0072410590642667e-15j),(4.399049627820233+1.5991822037792035e-16j),(17.817442379277846-6.854208994304255e-16j),(1.7817442379277848-6.854208994304256e-17j)
allocation_coefficients_vegetative_stems,nitrogen_parameters,0.2,0.18000000000000002,decrease,-10.0,(24.689568425019537+1.8473228386863463e-15j),(27.592238032775576+1.801782182517585e-15j),(2.9026696077560388-4.554065616876116e-17j),(11.75666402015588-1.0641101179171915e-15j),(-1.175666402015588+1.0641101179171916e-16j)
allocation_coefficients_vegetative_roots,nitrogen_parameters,0.2,0.22000000000000003,increase,10.0,(24.689568425019537+1.8473228386863463e-15j),(27.142564560843134+1.8589751408800057e-15j),(2.4529961358235965+1.1652302193659359e-17j),(9.935354452521805-6.961878261834411e-16j),(0.9935354452521805-6.961878261834412e-17j)
allocation_coefficients_vegetative_roots,nitrogen_parameters,0.2,0.18000000000000002,decrease,-10.0,(24.689568425019537+1.8473228386863463e-15j),(25.790405907352977+2.0026923403044567e-15j),(1.1008374823334393+1.553695016181104e-16j),(4.4587149657014225+2.956821297483824e-16j),(-0.44587149657014225-2.956821297483824e-17j)
allocation_coefficients_reproductive_leaves,nitrogen_parameters,0.4,0.44000000000000006,increase,10.0,(24.689568425019537+1.8473228386863463e-15j),(24.851153425387444+1.9316590437743548e-15j),(0.16158500036790713+8.433620508800848e-17j),(0.6544666864413984+2.9261788328617005e-16j),(0.06544666864413984+2.9261788328617004e-17j)
allocation_coefficients_reproductive_leaves,nitrogen_parameters,0.4,0.36000000000000004,decrease,-10.0,(24.689568425019537+1.8473228386863463e-15j),(28.194755582059916+1.998192879844368e-15j),(3.5051871570403783+1.508700411580218e-16j),(14.197036970027979-4.511827152602849e-16j),(-1.4197036970027979+4.511827152602849e-17j)
allocation_coefficients_reproductive_stems,nitrogen_parameters,0.2,0.22000000000000003,increase,10.0,(24.689568425019537+1.8473228386863463e-15j),(25.720749706851333+1.9326506552015222e-15j),(1.0311812818317954+8.532781651517594e-17j),(4.1765869053702565+3.310212877761724e-17j),(0.41765869053702565+3.3102128777617242e-18j)
allocation_coefficients_reproductive_stems,nitrogen_parameters,0.2,0.18000000000000002,decrease,-10.0,(24.689568425019537+1.8473228386863463e-15j),(24.73772847121981+1.963213302542141e-15j),(0.04816004620027314+1.1589046385579464e-16j),(0.19506232499175422+4.547954465771935e-16j),(-0.01950623249917542-4.547954465771935e-17j)
allocation_coefficients_reproductive_roots,nitrogen_parameters,0.1,0.11000000000000001,increase,10.0,(24.689568425019537+1.8473228386863463e-15j),(27.104939080903854+1.998519932167636e-15j),(2.415370655884317+1.5119709348128962e-16j),(9.782960213418171-1.195880151994169e-16j),(0.9782960213418171-1.1958801519941692e-17j)
allocation_coefficients_reproductive_roots,nitrogen_parameters,0.1,0.09000000000000001,decrease,-10.0,(24.689568425019537+1.8473228386863463e-15j),(29.250561814250315+1.9430112127452065e-15j),(4.560993389230777+9.568837405886023e-17j),(18.473362153259945-9.946478603599011e-16j),(-1.8473362153259947+9.946478603599012e-17j)
allocation_coefficients_reproductive_reproductive,nitrogen_parameters,0.3,0.33,increase,10.0,(24.689568425019537+1.8473228386863463e-15j),(29.876223733494594+1.872950317447216e-15j),(5.186655308475057+2.562747876086956e-17j),(21.00747659573945-1.4680225591007976e-15j),(2.1007476595739454-1.4680225591007976e-16j)
allocation_coefficients_reproductive_reproductive,nitrogen_parameters,0.3,0.27,decrease,-10.0,(24.689568425019537+1.8473228386863463e-15j),(27.118658804059336+2.0195977801743323e-15j),(2.429090379039799+1.7227494148798596e-16j),(9.838529119764784-3.837431974969077e-17j),(-0.9838529119764785+3.837431974969077e-18j)
critical_n_concentrations_leaves_minimum,nitrogen_parameters,0.015,0.0165,increase,10.0,(24.689568425019537+1.8473228386863463e-15j),(27.529151039759288+1.8746483227178602e-15j),(2.8395826147397507+2.7325484031513905e-17j),(11.501143178599339-7.498622796061368e-16j),(1.150114317859934-7.498622796061369e-17j)
critical_n_concentrations_leaves_minimum,nitrogen_parameters,0.015,0.0135,decrease,-10.0,(24.689568425019537+1.8473228386863463e-15j),(26.744868401659602+1.9492001502716137e-15j),(2.0552999766400646+1.0187731158526735e-16j),(8.32456825999962-2.1022781042678015e-16j),(-0.832456825999962+2.1022781042678016e-17j)
critical_n_concentrations_leaves_critical,nitrogen_parameters,0.025,0.027500000000000004,increase,10.0,(24.689568425019537+1.8473228386863463e-15j),(27.528678424339745+1.911720513087066e-15j),(2.8391099993202076+6.439767440071977e-17j),(11.499228947409035-5.99565799082945e-16j),(1.1499228947409035-5.99565799082945e-17j)
critical_n_concentrations_leaves_critical,nitrogen_parameters,0.025,0.022500000000000003,decrease,-10.0,(24.689568425019537+1.8473228386863463e-15j),(27.64262170098916+2.024792548265285e-15j),(2.953053275969623+1.7746970957893855e-16j),(11.960732667068829-1.7612149352103588e-16j),(-1.196073266706883+1.761214935210359e-17j)
critical_n_concentrations_leaves_optimal,nitrogen_parameters,0.045,0.0495,increase,10.0,(24.689568425019537+1.8473228386863463e-15j),(25.561777102199994+1.881776888902839e-15j),(0.8722086771804562+3.445405021649268e-17j),(3.532701188476793-1.247747434481886e-16j),(0.35327011884767934-1.2477474344818861e-17j)
critical_n_concentrations_leaves_optimal,nitrogen_parameters,0.045,0.0405,decrease,-10.0,(24.689568425019537+1.8473228386863463e-15j),(26.73177803095512+1.859777293053168e-15j),(2.0422096059355823+1.2454454366821605e-17j),(8.27154841583249-5.684495824950396e-16j),(-0.827154841583249+5.684495824950397e-17j)
critical_n_concentrations_leaves_maximum,nitrogen_parameters,0.06,0.066,increase,10.0,(24.689568425019537+1.8473228386863463e-15j),(27.197628151818478+1.9108765822088396e-15j),(2.5080597267989404+6.355374352249324e-17j),(10.158378160459707-5.02658832019283e-16j),(1.0158378160459707-5.026588320192831e-17j)
critical_n_concentrations_leaves_maximum,nitrogen_parameters,0.06,0.054,decrease,-10.0,(24.689568425019537+1.8473228386863463e-15j),(25.603370357326355+1.9440352028989984e-15j),(0.9138019323068178+9.671236421265205e-17j),(3.7011660818696335+1.1478482489731603e-16j),(-0.37011660818696335-1.1478482489731604e-17j)
critical_n_concentrations_stems_minimum,nitrogen_parameters,0.008,0.0088,increase,10.0,(24.689568425019537+1.8473228386863463e-15j),(29.437362735136336+1.888903364276803e-15j),(4.747794310116799+4.158052559045655e-17j),(19.229960720194487-1.27041074701921e-15j),(1.9229960720194488-1.2704107470192099e-16j)
critical_n_concentrations_stems_minimum,nitrogen_parameters,0.008,0.007200000000000001,decrease,-10.0,(24.689568425019537+1.8473228386863463e-15j),(28.446616839129405+1.9456950140085065e-15j),(3.7570484141098675+9.83721753221602e-17j),(15.217148997641477-7.401413032518678e-16j),(-1.5217148997641479+7.401413032518678e-17j)
critical_n_concentrations_stems_critical,nitrogen_parameters,0.015,0.0165,increase,10.0,(24.689568425019537+1.8473228386863463e-15j),(27.04990352893278+1.9510989234012514e-15j),(2.3603351039132434+1.0377608471490507e-16j),(9.560050071678706-2.9497843945811483e-16j),(0.9560050071678706-2.9497843945811484e-17j)
critical_n_concentrations_stems_critical,nitrogen_parameters,0.015,0.0135,decrease,-10.0,(24.689568425019537+1.8473228386863463e-15j),(26.897910928917312+1.8538130211135098e-15j),(2.208342503897775+6.490182427163486e-18j),(8.944435422613214-6.429533849828582e-16j),(-0.8944435422613215+6.429533849828582e-17j)
critical_n_concentrations_stems_optimal,nitrogen_parameters,0.025,0.027500000000000004,increase,10.0,(24.689568425019537+1.8473228386863463e-15j),(28.71616988040546+2.010784766971083e-15j),(4.026601455385922+1.6346192828473688e-16j),(16.308917944898162-5.58197029942105e-16j),(1.6308917944898162-5.58197029942105e-17j)
critical_n_concentrations_stems_optimal,nitrogen_parameters,0.025,0.022500000000000003,decrease,-10.0,(24.689568425019537+1.8473228386863463e-15j),(28.817126778568944+1.901410652742004e-15j),(4.127558353549407+5.408781405565782e-17j),(16.717823019403955-1.0317893951309652e-15j),(-1.6717823019403957+1.0317893951309652e-16j)
critical_n_concentrations_stems_maximum,nitrogen_parameters,0.035,0.038500000000000006,increase,10.0,(24.689568425019537+1.8473228386863463e-15j),(27.895350408780832+1.8423670685056625e-15j),(3.2057819837612946-4.955770180683816e-18j),(12.984358124756318-9.915879413592454e-16j),(1.298435812475632-9.915879413592455e-17j)
critical_n_concentrations_stems_maximum,nitrogen_parameters,0.035,0.03150000000000001,decrease,-10.0,(24.689568425019537+1.8473228386863463e-15j),(28.600310038478607+1.862337390613399e-15j),(3.91074161345907+1.501455192705288e-17j),(15.839651573237152-1.1243410349465374e-15j),(-1.5839651573237152+1.1243410349465375e-16j)
critical_n_concentrations_roots_minimum,nitrogen_parameters,0.012,0.013200000000000002,increase,10.0,(24.689568425019537+1.8473228386863463e-15j),(27.489843576565832+1.867885583986579e-15j),(2.8002751515462947+2.0562745300232554e-17j),(11.341936413552675-7.653411884880268e-16j),(1.1341936413552676-7.653411884880269e-17j)
critical_n_concentrations_roots_minimum,nitrogen_parameters,0.012,0.0108,decrease,-10.0,(24.689568425019537+1.8473228386863463e-15j),(24.897295088364473+1.9192231413615774e-15j),(0.2077266633449355+7.190030267523104e-17j),(0.8413539668616995+2.282655481093397e-16j),(-0.08413539668616996-2.2826554810933972e-17j)
critical_n_concentrations_roots_critical,nitrogen_parameters,0.02,0.022000000000000002,increase,10.0,(24.689568425019537+1.8473228386863463e-15j),(27.771534047312322+1.8099648505100308e-15j),(3.0819656222927847-3.7357988176315547e-17j),(12.482865513232824-1.0853037570848308e-15j),(1.2482865513232824-1.0853037570848308e-16j)
critical_n_concentrations_roots_critical,nitrogen_parameters,0.02,0.018000000000000002,decrease,-10.0,(24.689568425019537+1.8473228386863463e-15j),(26.826304774250374+1.8976660994750287e-15j),(2.136736349230837+5.0343260788682376e-17j),(8.654409475483353-4.4363522326441876e-16j),(-0.8654409475483353+4.4363522326441876e-17j)
critical_n_concentrations_roots_optimal,nitrogen_parameters,0.035,0.038500000000000006,increase,10.0,(24.689568425019537+1.8473228386863463e-15j),(27.88733459734368+1.966632680740446e-15j),(3.197766172324144+1.1930984205409952e-16j),(12.95189173531134-4.858465322248391e-16j),(1.295189173531134-4.858465322248392e-17j)
critical_n_concentrations_roots_optimal,nitrogen_parameters,0.035,0.03150000000000001,decrease,-10.0,(24.689568425019537+1.8473228386863463e-15j),(28.578799068532547+2.0637755776468384e-15j),(3.8892306435130095+2.1645273896049205e-16j),(15.752525830187459-3.019383210238025e-16j),(-1.575252583018746+3.0193832102380254e-17j)
critical_n_concentrations_roots_maximum,nitrogen_parameters,0.05,0.05500000000000001,increase,10.0,(24.689568425019537+1.8473228386863463e-15j),(27.60806414700045+1.8333496634089742e-15j),(2.9184957219809142-1.39731752773721e-17j),(11.820764428686463-9.410486739831496e-16j),(1.1820764428686463-9.410486739831497e-17j)
critical_n_concentrations_roots_maximum,nitrogen_parameters,0.05,0.045000000000000005,decrease,-10.0,(24.689568425019537+1.8473228386863463e-15j),(27.491900751202923+2.0004569422366892e-15j),(2.802332326183386+1.531341035503429e-16j),(11.350268574737827-2.290116988263375e-16j),(-1.1350268574737827+2.2901169882633754e-17j)
critical_n_concentrations_reproductive_minimum,nitrogen_parameters,0.02,0.022000000000000002,increase,10.0,(24.689568425019537+1.8473228386863463e-15j),(25.488516055439632+1.924353547583326e-15j),(0.7989476304200949+7.703070889697984e-17j),(3.235972442557843+6.987506065326747e-17j),(0.32359724425578434+6.987506065326747e-18j)
critical_n_concentrations_reproductive_minimum,nitrogen_parameters,0.02,0.018000000000000002,decrease,-10.0,(24.689568425019537+1.8473228386863463e-15j),(27.16758849441479+1.953161926108614e-15j),(2.478020069395253+1.0583908742226755e-16j),(10.036708729522038-3.2228722600912114e-16j),(-1.003670872952204+3.2228722600912114e-17j)
critical_n_concentrations_reproductive_critical,nitrogen_parameters,0.03,0.033,increase,10.0,(24.689568425019537+1.8473228386863463e-15j),(25.64742221768015+1.9049360489801564e-15j),(0.957853792660611+5.761321029381004e-17j),(3.879589048182615-5.69281892598758e-17j),(0.3879589048182615-5.69281892598758e-18j)
critical_n_concentrations_reproductive_critical,nitrogen_parameters,0.03,0.027,decrease,-10.0,(24.689568425019537+1.8473228386863463e-15j),(28.32288986983148+2.0606668145544752e-15j),(3.633321444811944+2.133439758681289e-16j),(14.716018450650859-2.369761711053269e-16j),(-1.471601845065086+2.3697617110532693e-17j)
critical_n_concentrations_reproductive_optimal,nitrogen_parameters,0.05,0.05500000000000001,increase,10.0,(24.689568425019537+1.8473228386863463e-15j),(28.2202645898789+2.029476484852487e-15j),(3.530696164859364+1.8215364616614088e-16j),(14.300355940128467-3.322054631225374e-16j),(1.4300355940128469-3.322054631225374e-17j)
critical_n_concentrations_reproductive_optimal,nitrogen_parameters,0.05,0.045000000000000005,decrease,-10.0,(24.689568425019537+1.8473228386863463e-15j),(27.856878645125953+2.027886426882082e-15j),(3.1673102201064154+1.8056358819573554e-16j),(12.82853618816915-2.2852117018084883e-16j),(-1.282853618816915+2.2852117018084884e-17j)
critical_n_concentrations_reproductive_maximum,nitrogen_parameters,0.07,0.07700000000000001,increase,10.0,(24.689568425019537+1.8473228386863463e-15j),(25.43307074205876+1.936857768839026e-15j),(0.7435023170392228+8.953493015267969e-17j),(3.011402646818985+1.3732358828447447e-16j),(0.30114026468189853+1.3732358828447448e-17j)
critical_n_concentrations_reproductive_maximum,nitrogen_parameters,0.07,0.06300000000000001,decrease,-10.0,(24.689568425019537+1.8473228386863463e-15j),(28.503230385792644+1.882332912790689e-15j),(3.813661960773107+3.5010074104342846e-17j),(15.44645048112091-1.0139332089178983e-15j),(-1.5446450481120912+1.0139332089178984e-16j)
remobilization_rates_structural,nitrogen_parameters,0.02,0.022000000000000002,increase,10.0,(24.689568425019537+1.8473228386863463e-15j),(28.00634434703567+1.8892886267975653e-15j),(3.3167759220161344+4.196578811121903e-17j),(13.43391615810923-8.351786862282709e-16j),(1.3433916158109231-8.351786862282709e-17j)
remobilization_rates_structural,nitrogen_parameters,0.02,0.018000000000000002,decrease,-10.0,(24.689568425019537+1.8473228386863463e-15j),(25.87181022819921+1.9317690364879735e-15j),(1.1822418031796715+8.44461978016272e-17j),(4.788426362210647-1.624773642095247e-17j),(-0.4788426362210647+1.624773642095247e-18j)
remobilization_rates_metabolic,nitrogen_parameters,0.15,0.165,increase,10.0,(24.689568425019537+1.8473228386863463e-15j),(25.94293376554199+1.9424158690713633e-15j),(1.2533653405224534+9.509303038501696e-17j),(5.0764975675003585+5.32099789113655e-18j),(0.5076497567500359+5.320997891136551e-19j)
remobilization_rates_metabolic,nitrogen_parameters,0.15,0.135,decrease,-10.0,(24.689568425019537+1.8473228386863463e-15j),(28.882222657022716+1.8691979823591777e-15j),(4.1926542320031785+2.1875143672831417e-17j),(16.981480436711443-1.181987541288349e-15j),(-1.6981480436711445+1.181987541288349e-16j)
remobilization_rates_storage,nitrogen_parameters,0.25,0.275,increase,10.0,(24.689568425019537+1.8473228386863463e-15j),(28.50054590557178+1.892871482128413e-15j),(3.8109774805522427+4.5548643442066734e-17j),(15.435577548169421-9.704353748266031e-16j),(1.5435577548169421-9.704353748266032e-17j)
remobilization_rates_storage,nitrogen_parameters,0.25,0.225,decrease,-10.0,(24.689568425019537+1.8473228386863463e-15j),(29.006822795785737+2.0011865323687185e-15j),(4.3172543707662+1.5386369368237216e-16j),(17.486147576363653-6.851553708438661e-16j),(-1.7486147576363653+6.851553708438661e-17j)
remobilization_rates_transport,nitrogen_parameters,0.3,0.33,increase,10.0,(24.689568425019537+1.8473228386863463e-15j),(28.142853658034454+1.863968013280297e-15j),(3.453285233014917+1.6645174593950874e-17j),(13.9868189413772-9.791038950314365e-16j),(1.3986818941377201-9.791038950314365e-17j)
remobilization_rates_transport,nitrogen_parameters,0.3,0.27,decrease,-10.0,(24.689568425019537+1.8473228386863463e-15j),(28.674556467146637+1.817203952438117e-15j),(3.9849880421270996-3.011888624822919e-17j),(16.140371405151228-1.3296451675992727e-15j),(-1.6140371405151228+1.3296451675992728e-16j)
remobilization_efficiency_leaves,nitrogen_parameters,0.75,0.8250000000000001,increase,10.0,(24.689568425019537+1.8473228386863463e-15j),(29.426902849000854+2.0191571178133324e-15j),(4.737334423981316+1.7183427912698607e-16j),(19.187595110737814-7.396749283121332e-16j),(1.9187595110737814-7.396749283121333e-17j)
remobilization_efficiency_leaves,nitrogen_parameters,0.75,0.675,decrease,-10.0,(24.689568425019537+1.8473228386863463e-15j),(28.05364037212593+1.8780912906661834e-15j),(3.3640719471063925+3.076845197983714e-17j),(13.625478943963074-8.9486429502956e-16j),(-1.3625478943963074+8.9486429502956e-17j)
remobilization_efficiency_stems,nitrogen_parameters,0.6,0.66,increase,10.0,(24.689568425019537+1.8473228386863463e-15j),(25.725864768097516+1.882449434285225e-15j),(1.0362963430779786+3.5126595598878806e-17j),(4.197304404996535-1.717776777370975e-16j),(0.4197304404996535-1.717776777370975e-17j)
remobilization_efficiency_stems,nitrogen_parameters,0.6,0.54,decrease,-10.0,(24.689568425019537+1.8473228386863463e-15j),(30.93217493625502+1.9569523446131023e-15j),(6.242606511235483+1.0962950592675602e-16j),(25.28438895233764-1.4477968170955658e-15j),(-2.528438895233764+1.4477968170955658e-16j)
remobilization_efficiency_roots,nitrogen_parameters,0.5,0.55,increase,10.0,(24.689568425019537+1.8473228386863463e-15j),(28.46896257326916+1.897841235489913e-15j),(3.7793941482496223+5.051839680356655e-17j),(15.307655780729313-9.407350525656382e-16j),(1.5307655780729315-9.407350525656382e-17j)
remobilization_efficiency_roots,nitrogen_parameters,0.5,0.45,decrease,-10.0,(24.689568425019537+1.8473228386863463e-15j),(25.56466202094611+1.994396285588353e-15j),(0.8750935959265718+1.4707344690200676e-16j),(3.544385956296355+3.3049259604499605e-16j),(-0.35443859562963553-3.3049259604499605e-17j)
remobilization_efficiency_reproductive,nitrogen_parameters,0.4,0.44000000000000006,increase,10.0,(24.689568425019537+1.8473228386863463e-15j),(26.605028567225997+2.0033427611347052e-15j),(1.9154601422064594+1.5601992244835893e-16j),(7.758175879110951+5.1444267268827454e-17j),(0.7758175879110951+5.144426726882746e-18j)
remobilization_efficiency_reproductive,nitrogen_parameters,0.4,0.36000000000000004,decrease,-10.0,(24.689568425019537+1.8473228386863463e-15j),(27.3002510556418+1.8347656283503976e-15j),(2.6106826306222644-1.2557210335948703e-17j),(10.574031046961075-8.4203051773709205e-16j),(-1.0574031046961074+8.420305177370921e-17j)
heat_threshold_mild,stress_parameters,25.0,27.500000000000004,increase,10.0,(24.689568425019537+1.8473228386863463e-15j),(27.203787044821798+2.04596311322027e-15j),(2.5142186198022607+1.9864027453392358e-16j),(10.183323485130021+4.2614815596145735e-17j),(1.0183323485130023+4.2614815596145735e-18j)
heat_threshold_mild,stress_parameters,25.0,22.5,decrease,-10.0,(24.689568425019537+1.8473228386863463e-15j),(24.045473242307146+1.99071982107749e-15j),(-0.6440951827123911+1.4339698239114358e-16j),(-2.608774570800872+7.759936000065509e-16j),(0.2608774570800872-7.759936000065509e-17j)
heat_threshold_moderate,stress_parameters,28.0,30.800000000000004,increase,10.0,(24.689568425019537+1.8473228386863463e-15j),(26.86877222665054+1.912741110468955e-15j),(2.1792038016310045+6.541827178260881e-17j),(8.826415124464775-3.9544680963299447e-16j),(0.8826415124464776-3.954468096329945e-17j)
heat_threshold_moderate,stress_parameters,28.0,25.2,decrease,-10.0,(24.689568425019537+1.8473228386863463e-15j),(29.925275455565266+1.9746482195342602e-15j),(5.235707030545729+1.2732538084791393e-16j),(21.206150469767014-1.0709813773752703e-15j),(-2.1206150469767016+1.0709813773752704e-16j)
heat_threshold_severe,stress_parameters,32.0,35.2,increase,10.0,(24.689568425019537+1.8473228386863463e-15j),(30.24419560029758+1.9452129940251097e-15j),(5.554627175278043+9.789015533876337e-17j),(22.49787067824636-1.2868517685251887e-15j),(2.249787067824636-1.2868517685251888e-16j)
heat_threshold_severe,stress_parameters,32.0,28.8,decrease,-10.0,(24.689568425019537+1.8473228386863463e-15j),(27.1476138824326+1.9909278310247325e-15j),(2.458045457413064+1.4360499233838616e-16j),(9.95580568723983-1.632708972603172e-16j),(-0.9955805687239829+1.6327089726031722e-17j)
cold_threshold_mild,stress_parameters,18.0,19.8,increase,10.0,(24.689568425019537+1.8473228386863463e-15j),(26.95172731978506+1.8952125755845714e-15j),(2.2621588947655233+4.7889736898225074e-17j),(9.162407603986837-4.915821502200365e-16j),(0.9162407603986837-4.915821502200365e-17j)
cold_threshold_mild,stress_parameters,18.0,16.2,decrease,-10.0,(24.689568425019537+1.8473228386863463e-15j),(28.183942939316985+1.884224291972438e-15j),(3.494374514297448+3.690145328609161e-17j),(14.15324259275578-9.095121699940846e-16j),(-1.415324259275578+9.095121699940846e-17j)
cold_threshold_moderate,stress_parameters,15.0,16.5,increase,10.0,(24.689568425019537+1.8473228386863463e-15j),(28.564575010080574+1.963948328801587e-15j),(3.875006585061037+1.1662549011524085e-16j),(15.694914217837205-7.019573682279109e-16j),(1.5694914217837206-7.019573682279109e-17j)
cold_threshold_moderate,stress_parameters,15.0,13.5,decrease,-10.0,(24.689568425019537+1.8473228386863463e-15j),(28.60154413468038+1.8870801082312806e-15j),(3.911975709660844+3.9757269544934324e-17j),(15.844650025136065-1.024499759270806e-15j),(-1.5844650025136067+1.024499759270806e-16j)
cold_threshold_severe,stress_parameters,12.0,13.200000000000001,increase,10.0,(24.689568425019537+1.8473228386863463e-15j),(28.44406257924924+1.975011025313932e-15j),(3.754494154229704+1.2768818662758555e-16j),(15.206803495297358-6.206287802905364e-16j),(1.5206803495297359-6.206287802905364e-17j)
cold_threshold_severe,stress_parameters,12.0,10.8,decrease,-10.0,(24.689568425019537+1.8473228386863463e-15j),(28.107392708078862+2.0082457440356134e-15j),(3.417824283059325+1.609229053492671e-16j),(13.843191684127707-3.839902528983881e-16j),(-1.3843191684127707+3.839902528983881e-17j)
frost_threshold,stress_parameters,0.0,0.0,increase,10.0,(24.689568425019537+1.8473228386863463e-15j),(26.94824017489651+1.9749381759556317e-15j),(2.2586717498769744+1.2761533726928534e-16j),(9.148283643500694-1.676132814981664e-16j),(0.9148283643500694-1.676132814981664e-17j)
frost_threshold,stress_parameters,0.0,0.0,decrease,-10.0,(24.689568425019537+1.8473228386863463e-15j),(27.170840762554867+1.912965813535185e-15j),(2.48127233753533+6.564297484883874e-17j),(10.049881370226368-4.860788852130059e-16j),(-1.0049881370226368+4.860788852130059e-17j)
heat_lethal_temperature,stress_parameters,40.0,44.0,increase,10.0,(24.689568425019537+1.8473228386863463e-15j),(27.328878585098135+1.8853431778176043e-15j),(2.6393101600785975+3.802033913125797e-17j),(10.689980945167164-6.458521978798317e-16j),(1.0689980945167166-6.458521978798317e-17j)
heat_lethal_temperature,stress_parameters,40.0,36.0,decrease,-10.0,(24.689568425019537+1.8473228386863463e-15j),(25.88576166161276+1.8579299614562942e-15j),(1.1961932365932242+1.060712276994792e-17j),(4.844933763123393-3.195456631615623e-16j),(-0.48449337631233935+3.1954566316156234e-17j)
cold_lethal_temperature,stress_parameters,5.0,5.5,increase,10.0,(24.689568425019537+1.8473228386863463e-15j),(31.753295366209034+1.8201417441566577e-15j),(7.063726941189497-2.7181094529688603e-17j),(28.61016774206294-2.2507613249819344e-15j),(2.8610167742062944-2.2507613249819347e-16j)
cold_lethal_temperature,stress_parameters,5.0,4.5,decrease,-10.0,(24.689568425019537+1.8473228386863463e-15j),(26.14394755562218+1.922812240523901e-15j),(1.4543791306026428+7.548940183755453e-17j),(5.8906624270063235-1.34996894043207e-16j),(-0.5890662427006323+1.34996894043207e-17j)
acclimation_rate,stress_parameters,0.05,0.05500000000000001,increase,10.0,(24.689568425019537+1.8473228386863463e-15j),(25.964924295077903+2.033996862747349e-15j),(1.275355870058366+1.866740240610027e-16j),(5.165565667668639+3.695866536182551e-16j),(0.5165565667668639+3.695866536182551e-17j)
acclimation_rate,stress_parameters,0.05,0.045000000000000005,decrease,-10.0,(24.689568425019537+1.8473228386863463e-15j),(30.18057175558486+2.046956130131245e-15j),(5.491003330565324+1.9963329144489879e-16j),(22.240175429720896-8.554809261801727e-16j),(-2.22401754297209+8.554809261801727e-17j)
acclimation_decay_rate,stress_parameters,0.02,0.022000000000000002,increase,10.0,(24.689568425019537+1.8473228386863463e-15j),(28.027640254685664+1.934421608415172e-15j),(3.338071829666127+8.709876972882551e-17j),(13.520170835726084-6.588306087364278e-16j),(1.3520170835726084-6.588306087364278e-17j)
acclimation_decay_rate,stress_parameters,0.02,0.018000000000000002,decrease,-10.0,(24.689568425019537+1.8473228386863463e-15j),(26.192668168727398+1.856125517918871e-15j),(1.5030997437078604+8.802679232524696e-18j),(6.087995212523326-4.198625304503193e-16j),(-0.6087995212523327+4.1986253045031933e-17j)
default_leaf_nitrogen_conc,nitrogen_parameters,4.5,4.95,increase,10.0,(24.689568425019537+1.8473228386863463e-15j),(26.295910828964278+2.04362123535734e-15j),(1.6063424039447405+1.9629839667099352e-16j),(6.506158294435514+3.0826236921854967e-16j),(0.6506158294435515+3.0826236921854966e-17j)
default_leaf_nitrogen_conc,nitrogen_parameters,4.5,4.05,decrease,-10.0,(24.689568425019537+1.8473228386863463e-15j),(24.92219004525164+1.8495694843698e-15j),(0.2326216202321021+2.246645683453508e-18j),(0.9421858504273066-6.139665324809868e-17j),(-0.09421858504273067+6.1396653248098684e-18j)
default_root_nitrogen_conc,nitrogen_parameters,2.8,3.08,increase,10.0,(24.689568425019537+1.8473228386863463e-15j),(24.053833617572213+1.959899880036234e-15j),(-0.6357348074473244+1.1257704134988782e-16j),(-2.5749125967025535+6.486301707189888e-16j),(-0.2574912596702554+6.486301707189888e-17j)
default_root_nitrogen_conc,nitrogen_parameters,2.8,2.52,decrease,-10.0,(24.689568425019537+1.8473228386863463e-15j),(30.73028355586502+2.0889826311729602e-15j),(6.040715130845484+2.416597924866139e-16j),(24.46666959445122-8.518520015298531e-16j),(-2.446666959445122+8.518520015298531e-17j)
structural_n_concentration,nitrogen_parameters,0.01,0.011000000000000001,increase,10.0,(24.689568425019537+1.8473228386863463e-15j),(27.140371436151682+1.9634718192118984e-15j),(2.4508030111321446+1.1614898052555206e-16j),(9.926471653706944-2.722809741015122e-16j),(0.9926471653706944-2.7228097410151222e-17j)
structural_n_concentration,nitrogen_parameters,0.01,0.009000000000000001,decrease,-10.0,(24.689568425019537+1.8473228386863463e-15j),(27.98584177653739+1.981341705986451e-15j),(3.296273351517854+1.3401886730010458e-16j),(13.350874728849154-4.561233667260451e-16j),(-1.3350874728849156+4.561233667260451e-17j)
metabolic_n_concentration,nitrogen_parameters,0.04,0.044000000000000004,increase,10.0,(24.689568425019537+1.8473228386863463e-15j),(28.406530104767405+1.9717512575124505e-15j),(3.716961679747868+1.244284188261042e-16j),(15.054785955599087-6.224575407777735e-16j),(1.5054785955599088-6.224575407777735e-17j)
metabolic_n_concentration,nitrogen_parameters,0.04,0.036000000000000004,decrease,-10.0,(24.689568425019537+1.8473228386863463e-15j),(28.345887049130365+2.115321071648476e-15j),(3.6563186241108276+2.6799823296212965e-16j),(14.809163777871643-2.257970503570908e-17j),(-1.4809163777871643+2.257970503570908e-18j)
storage_n_concentration,nitrogen_parameters,0.02,0.022000000000000002,increase,10.0,(24.689568425019537+1.8473228386863463e-15j),(27.807090438025995+1.8345862740268572e-15j),(3.1175220130064574-1.273656465948909e-17j),(12.626879333570166-9.963551657412273e-16j),(1.2626879333570167-9.963551657412273e-17j)
storage_n_concentration,nitrogen_parameters,0.02,0.018000000000000002,decrease,-10.0,(24.689568425019537+1.8473228386863463e-15j),(24.077446217364283+1.841163609868196e-15j),(-0.6121222076552542-6.1592288181505084e-18j),(-2.479274635821301+1.605575969605178e-16j),(0.24792746358213014-1.605575969605178e-17j)
transport_n_concentration,nitrogen_parameters,0.001,0.0011,increase,10.0,(24.689568425019537+1.8473228386863463e-15j),(27.768021077666873+1.9787110844502578e-15j),(3.0784526526473357+1.3138824576391147e-16j),(12.468636954900111-4.0076736325846e-16j),(1.2468636954900112-4.0076736325846004e-17j)
transport_n_concentration,nitrogen_parameters,0.001,0.0009000000000000001,decrease,-10.0,(24.689568425019537+1.8473228386863463e-15j),(27.12146033596248+1.9148180932096622e-15j),(2.4318919109429444+6.749525452331589e-17j),(9.849876146391248-4.636118183228131e-16j),(-0.9849876146391248+4.6361181832281314e-17j)
critical_n_factor,nitrogen_parameters,1.2,1.32,increase,10.0,(24.689568425019537+1.8473228386863463e-15j),(24.024884524768034+1.94419566947346e-15j),(-0.6646839002515037+9.687283078711379e-17j),(-2.692164920865674+5.937965609670295e-16j),(-0.2692164920865674+5.937965609670296e-17j)
critical_n_factor,nitrogen_parameters,1.2,1.08,decrease,-10.0,(24.689568425019537+1.8473228386863463e-15j),(29.180423011000286+2.017291069092663e-15j),(4.490854585980749+1.6996823040631681e-16j),(18.189279410124783-6.725369980996745e-16j),(-1.8189279410124783+6.725369980996746e-17j)
default_critical_n_concentration,nitrogen_parameters,0.045,0.0495,increase,10.0,(24.689568425019537+1.8473228386863463e-15j),(28.404161827556052+1.867595795798205e-15j),(3.714593402536515+2.0272957111858832e-17j),(15.045193737660789-1.043600027724474e-15j),(1.504519373766079-1.043600027724474e-16j)
default_critical_n_concentration,nitrogen_parameters,0.045,0.0405,decrease,-10.0,(24.689568425019537+1.8473228386863463e-15j),(27.190493341560007+1.846539890270802e-15j),(2.5009249165404697-7.829484155443212e-19j),(10.129480084415409-7.610791092837278e-16j),(-1.012948008441541+7.610791092837278e-17j)
optimal_n_min,nitrogen_parameters,0.025,0.027500000000000004,increase,10.0,(24.689568425019537+1.8473228386863463e-15j),(24.662916496641436+1.963692839976128e-15j),(-0.02665192837810082+1.1637000128978162e-16j),(-0.10794813388107949+4.794095618980381e-16j),(-0.010794813388107949+4.7940956189803814e-17j)
optimal_n_min,nitrogen_parameters,0.025,0.022500000000000003,decrease,-10.0,(24.689568425019537+1.8473228386863463e-15j),(27.676445899391727+1.959877901624181e-15j),(2.9868774743721893+1.1255506293783486e-16j),(12.097730600043187-4.492953278482506e-16j),(-1.2097730600043188+4.4929532784825066e-17j)
optimal_n_max,nitrogen_parameters,0.06,0.066,increase,10.0,(24.689568425019537+1.8473228386863463e-15j),(26.850292008231488+1.8618358277243503e-15j),(2.1607235832119507+1.4512989038004012e-17j),(8.75156481480798-5.960276988044024e-16j),(0.8751564814807979-5.960276988044025e-17j)
optimal_n_max,nitrogen_parameters,0.06,0.054,decrease,-10.0,(24.689568425019537+1.8473228386863463e-15j),(29.34335419992538+2.0390254929131927e-15j),(4.653785774905842+1.9170265422684635e-16j),(18.84919855541039-6.338826702130285e-16j),(-1.884919855541039+6.338826702130286e-17j)
severe_deficiency_threshold,nitrogen_parameters,0.015,0.0165,increase,10.0,(24.689568425019537+1.8473228386863463e-15j),(28.80427486592167+2.0487430550395066e-15j),(4.114706440902133+2.0142021635316031e-16j),(16.66576900037035-4.3115512916587635e-16j),(1.6665769000370352-4.311551291658764e-17j)
severe_deficiency_threshold,nitrogen_parameters,0.015,0.0135,decrease,-10.0,(24.689568425019537+1.8473228386863463e-15j),(27.285164061037595+1.8731278932904624e-15j),(2.595595636018057+2.5805054604116093e-17j),(10.512924289870423-6.820799534341449e-16j),(-1.0512924289870422+6.820799534341449e-17j)
nitrogen_stress_factor,nitrogen_parameters,0.8,0.8800000000000001,increase,10.0,(24.689568425019537+1.8473228386863463e-15j),(28.92693310682628+1.980395312247634e-15j),(4.237364681806742+1.3307247356128767e-16j),(17.16257088363175-7.451552611642268e-16j),(1.7162570883631751-7.451552611642268e-17j)
nitrogen_stress_factor,nitrogen_parameters,0.8,0.7200000000000001,decrease,-10.0,(24.689568425019537+1.8473228386863463e-15j),(26.623743113783338+1.9503913090382495e-15j),(1.9341746887638003+1.0306847035190315e-16j),(7.833975286517264-1.6869612127673895e-16j),(-0.7833975286517264+1.6869612127673898e-17j)
memory_effect_strength,stress_parameters,0.4,0.44000000000000006,increase,10.0,(24.689568425019537+1.8473228386863463e-15j),(28.299737621811126+1.9120368162990965e-15j),(3.6101691967915883+6.471397761275021e-17j),(14.622245049586082-8.319549826913374e-16j),(1.4622245049586082-8.319549826913374e-17j)
memory_effect_strength,stress_parameters,0.4,0.36000000000000004,decrease,-10.0,(24.689568425019537+1.8473228386863463e-15j),(26.22153080854261+1.8029004643901025e-15j),(1.531962383523073-4.442237429624378e-17j),(6.204897376701961-6.441864754992502e-16j),(-0.6204897376701961+6.441864754992503e-17j)
temperature_q10,stress_parameters,2.0,2.2,increase,10.0,(24.689568425019537+1.8473228386863463e-15j),(27.98918315389346+1.9956505812526724e-15j),(3.299614728873923+1.4832774256632604e-16j),(13.364408288037186-3.9918082931738353e-16j),(1.3364408288037186-3.9918082931738357e-17j)
temperature_q10,stress_parameters,2.0,1.8,decrease,-10.0,(24.689568425019537+1.8473228386863463e-15j),(27.69052549515875+1.9419145344966736e-15j),(3.0009570701392114+9.45916958103273e-17j),(12.154757096110872-5.263190744204973e-16j),(-1.2154757096110873+5.263190744204973e-17j)
photosynthesis_heat_sensitivity,stress_parameters,0.8,0.8800000000000001,increase,10.0,(24.689568425019537+1.8473228386863463e-15j),(25.785308991424525+1.7653520117643543e-15j),(1.095740566404988-8.197082692199203e-17j),(4.438070959938704-6.640712487946873e-16j),(0.44380709599387047-6.640712487946874e-17j)
photosynthesis_heat_sensitivity,stress_parameters,0.8,0.7200000000000001,decrease,-10.0,(24.689568425019537+1.8473228386863463e-15j),(26.96672051076777+1.94512176842189e-15j),(2.2771520857482344+9.779892973554378e-17j),(9.223134428873404-2.939789702367822e-16j),(-0.9223134428873405+2.939789702367822e-17j)
photosynthesis_cold_sensitivity,stress_parameters,0.7,0.77,increase,10.0,(24.689568425019537+1.8473228386863463e-15j),(26.332984865052914+1.9128528926919742e-15j),(1.643416440033377+6.55300540056279e-17j),(6.656319024061987-2.3262313278628265e-16j),(0.6656319024061987-2.3262313278628268e-17j)
photosynthesis_cold_sensitivity,stress_parameters,0.7,0.63,decrease,-10.0,(24.689568425019537+1.8473228386863463e-15j),(27.562543963756934+1.9231733364794067e-15j),(2.8729755387373963+7.58504977930604e-17j),(11.636394323628696-5.634414897506416e-16j),(-1.1636394323628696+5.634414897506416e-17j)
respiration_heat_sensitivity,stress_parameters,0.6,0.66,increase,10.0,(24.689568425019537+1.8473228386863463e-15j),(26.56522422633646+2.0013368809571424e-15j),(1.875655801316924+1.5401404227079604e-16j),(7.596956613531569+5.538261126540406e-17j),(0.7596956613531569+5.5382611265404065e-18j)
respiration_heat_sensitivity,stress_parameters,0.6,0.54,decrease,-10.0,(24.689568425019537+1.8473228386863463e-15j),(26.431088617993133+1.9491524317161374e-15j),(1.7415201929735957+1.0182959302979109e-16j),(7.053668022843204-1.1532978961451632e-16j),(-0.7053668022843205+1.1532978961451632e-17j)
respiration_cold_sensitivity,stress_parameters,0.5,0.55,increase,10.0,(24.689568425019537+1.8473228386863463e-15j),(26.253971729162576+1.8686232925906774e-15j),(1.5644033041430383+2.130045390433106e-17j),(6.336292628581256-3.878209829395758e-16j),(0.6336292628581256-3.8782098293957584e-17j)
respiration_cold_sensitivity,stress_parameters,0.5,0.45,decrease,-10.0,(24.689568425019537+1.8473228386863463e-15j),(27.16543094957355+1.8922248072063056e-15j),(2.475862524554014+4.4901968519959325e-17j),(10.027970039545373-5.684466000424855e-16j),(-1.0027970039545373+5.684466000424855e-17j)
growth_heat_sensitivity,stress_parameters,0.9,0.9900000000000001,increase,10.0,(24.689568425019537+1.8473228386863463e-15j),(26.281325325042815+1.882752076000757e-15j),(1.5917569000232774+3.5429237314410616e-17j),(6.447082721827763-3.3888479861044293e-16j),(0.6447082721827764-3.3888479861044293e-17j)
growth_heat_sensitivity,stress_parameters,0.9,0.81,decrease,-10.0,(24.689568425019537+1.8473228386863463e-15j),(29.254469571486837+2.084920219534554e-15j),(4.5649011464672995+2.3759738084820754e-16j),(18.489189717230495-4.2105897396283326e-16j),(-1.8489189717230496+4.210589739628333e-17j)
growth_cold_sensitivity,stress_parameters,0.8,0.8800000000000001,increase,10.0,(24.689568425019537+1.8473228386863463e-15j),(28.666821485733387+1.9383043440118953e-15j),(3.977253060713849+9.098150532554897e-17j),(16.109042459743613-8.368089371607234e-16j),(1.6109042459743614-8.368089371607235e-17j)
growth_cold_sensitivity,stress_parameters,0.8,0.7200000000000001,decrease,-10.0,(24.689568425019537+1.8473228386863463e-15j),(29.29474108936748+1.919845752334451e-15j),(4.605172664347943+7.252291364810472e-17j),(18.652301186768515-1.1018633514871542e-15j),(-1.8652301186768516+1.1018633514871542e-16j)
development_heat_sensitivity,stress_parameters,0.7,0.77,increase,10.0,(24.689568425019537+1.8473228386863463e-15j),(27.15493337654913+1.876809666131321e-15j),(2.465364951529594+2.9486827444974774e-17j),(9.985451787125124-6.277011460741195e-16j),(0.9985451787125124-6.277011460741196e-17j)
development_heat_sensitivity,stress_parameters,0.7,0.63,decrease,-10.0,(24.689568425019537+1.8473228386863463e-15j),(27.41209214612847+1.8756492647146964e-15j),(2.7225237211089315+2.8326426028350065e-17j),(11.027020295543204-7.103333492863979e-16j),(-1.1027020295543204+7.10333349286398e-17j)
development_cold_sensitivity,stress_parameters,0.6,0.66,increase,10.0,(24.689568425019537+1.8473228386863463e-15j),(26.478926819825638+1.827434930110704e-15j),(1.7893583948061007-1.988790857564221e-17j),(7.247426783664748-6.228188201602019e-16j),(0.7247426783664749-6.22818820160202e-17j)
development_cold_sensitivity,stress_parameters,0.6,0.54,decrease,-10.0,(24.689568425019537+1.8473228386863463e-15j),(28.48165709832689+1.9590348187638026e-15j),(3.7920886733073544+1.1171198007745631e-16j),(15.359072333822512-6.967301655272531e-16j),(-1.5359072333822512+6.967301655272532e-17j)
max_acclimation_days,stress_parameters,14.0,15.400000000000002,increase,10.0,(24.689568425019537+1.8473228386863463e-15j),(27.838631365261786+1.9826481634201778e-15j),(3.149062940242249+1.3532532473383145e-16j),(12.754629348041174-4.0621955992025504e-16j),(1.2754629348041175-4.0621955992025505e-17j)
max_acclimation_days,stress_parameters,14.0,12.6,decrease,-10.0,(24.689568425019537+1.8473228386863463e-15j),(28.62016794033426+2.0136515897470825e-15j),(3.9305995153147215+1.663287510607362e-16j),(15.920081905245418-5.174920667424899e-16j),(-1.5920081905245418+5.174920667424899e-17j)
acclimation_memory_days,stress_parameters,7.0,7.700000000000001,increase,10.0,(24.689568425019537+1.8473228386863463e-15j),(26.56079041310417+1.868122385729945e-15j),(1.8712219880846312+2.0799547043598553e-17j),(7.5789983683489615-4.828315291156533e-16j),(0.7578998368348961-4.8283152911565336e-17j)
acclimation_memory_days,stress_parameters,7.0,6.3,decrease,-10.0,(24.689568425019537+1.8473228386863463e-15j),(27.295627195401845+1.9298473373505626e-15j),(2.606058770382308+8.252449866421629e-17j),(10.555303055607162-4.555204183342609e-16j),(-1.0555303055607161+4.555204183342609e-17j)
stress_memory_days,stress_parameters,21.0,23.1,increase,10.0,(24.689568425019537+1.8473228386863463e-15j),(28.945802373531073+1.8407964473592472e-15j),(4.256233948511536-6.526391327099112e-18j),(17.23899695305495-1.3162899958672302e-15j),(1.7238996953054952-1.3162899958672303e-16j)
stress_memory_days,stress_parameters,21.0,18.900000000000002,decrease,-10.0,(24.689568425019537+1.8473228386863463e-15j),(25.52315498702702+1.8513880557759578e-15j),(0.8335865620074827+4.065217089611442e-18j),(3.376270284104097-2.3615396575883166e-16j),(-0.3376270284104097+2.3615396575883166e-17j)
recovery_memory_days,stress_parameters,14.0,15.400000000000002,increase,10.0,(24.689568425019537+1.8473228386863463e-15j),(25.488127474196084+1.93923766452853e-15j),(0.7985590491765464+9.191482584218383e-17j),(3.2343985744494215+1.302778636245384e-16j),(0.3234398574449422+1.3027786362453842e-17j)
recovery_memory_days,stress_parameters,14.0,12.6,decrease,-10.0,(24.689568425019537+1.8473228386863463e-15j),(29.23882709710987+1.959759257427017e-15j),(4.549258672090332+1.124364187406705e-16j),(18.42583310399332-9.232571444085382e-16j),(-1.842583310399332+9.232571444085382e-17j)
heat_damage_threshold,stress_parameters,35.0,38.5,increase,10.0,(24.689568425019537+1.8473228386863463e-15j),(26.4236948154903+1.993088824557843e-15j),(1.7341263904707631+1.4576598587149678e-16j),(7.023720952179385+6.486619903837466e-17j),(0.7023720952179385+6.486619903837467e-18j)
heat_damage_threshold,stress_parameters,35.0,31.5,decrease,-10.0,(24.689568425019537+1.8473228386863463e-15j),(25.71300354237673+1.9158875907576142e-15j),(1.0234351173571916+6.856475207126791e-17j),(4.145212665281255-3.2445719863106104e-17j),(-0.4145212665281255+3.2445719863106104e-18j)
cold_damage_threshold,stress_parameters,8.0,8.8,increase,10.0,(24.689568425019537+1.8473228386863463e-15j),(24.43003290592684+1.8456606035607947e-15j),(-0.25953551909269734-1.6622351255516536e-18j),(-1.0511950416666385+7.191997305348023e-17j),(-0.10511950416666385+7.191997305348024e-18j)
cold_damage_threshold,stress_parameters,8.0,7.2,decrease,-10.0,(24.689568425019537+1.8473228386863463e-15j),(27.273710593442402+1.9919883229743943e-15j),(2.584142168422865+1.4466548428804797e-16j),(10.466534383825788-1.9718933504722267e-16j),(-1.046653438382579+1.9718933504722268e-17j)
heat_recovery_threshold,stress_parameters,28.0,30.800000000000004,increase,10.0,(24.689568425019537+1.8473228386863463e-15j),(29.884922624119174+1.891844205633162e-15j),(5.195354199099636+4.452136694681556e-17j),(21.042709656418488-1.3941329734458005e-15j),(2.104270965641849-1.3941329734458006e-16j)
heat_recovery_threshold,stress_parameters,28.0,25.2,decrease,-10.0,(24.689568425019537+1.8473228386863463e-15j),(28.77071817749239+1.905017400557222e-15j),(4.081149752472854+5.769456187087586e-17j),(16.529854561318132-1.0031168320909798e-15j),(-1.6529854561318134+1.0031168320909799e-16j)
cold_recovery_threshold,stress_parameters,16.0,17.6,increase,10.0,(24.689568425019537+1.8473228386863463e-15j),(28.317755481994343+1.814070777305418e-15j),(3.628187056974806-3.3252061380928153e-17j),(14.695222672657692-1.2342065311273529e-15j),(1.4695222672657693-1.2342065311273528e-16j)
cold_recovery_threshold,stress_parameters,16.0,14.4,decrease,-10.0,(24.689568425019537+1.8473228386863463e-15j),(24.192036879542645+1.9516244587860653e-15j),(-0.4975315454768925+1.0430162009971896e-16j),(-2.015148814722543+5.732296407586707e-16j),(0.20151488147225433-5.732296407586707e-17j)
heat_damage_rate,stress_parameters,0.1,0.11000000000000001,increase,10.0,(24.689568425019537+1.8473228386863463e-15j),(26.758125777634362+1.95070157619736e-15j),(2.0685573526148247+1.0337873751101363e-16j),(8.378264524537503-2.0816425646485565e-16j),(0.8378264524537503-2.0816425646485565e-17j)
heat_damage_rate,stress_parameters,0.1,0.09000000000000001,decrease,-10.0,(24.689568425019537+1.8473228386863463e-15j),(27.894512801230455+1.9553051700238444e-15j),(3.2049443762109178+1.0798233133749809e-16j),(12.980965568288912-5.339016382073904e-16j),(-1.2980965568288914+5.339016382073904e-17j)
cold_damage_rate,stress_parameters,0.08,0.08800000000000001,increase,10.0,(24.689568425019537+1.8473228386863463e-15j),(24.305164293892755+1.969995732982438e-15j),(-0.3844041311267823+1.2267289429609187e-16j),(-1.556949576879767+6.13355311886147e-16j),(-0.1556949576879767+6.133553118861471e-17j)
cold_damage_rate,stress_parameters,0.08,0.07200000000000001,decrease,-10.0,(24.689568425019537+1.8473228386863463e-15j),(29.539997679337347+1.7935068344880656e-15j),(4.85042925431781-5.3816004198280745e-17j),(19.645662373760068-1.6878983255845668e-15j),(-1.9645662373760069+1.687898325584567e-16j)
heat_recovery_rate,stress_parameters,0.15,0.165,increase,10.0,(24.689568425019537+1.8473228386863463e-15j),(28.920274942142917+1.987775163063472e-15j),(4.23070651712338+1.404523243771258e-16j),(17.135603362090894-7.13246935086292e-16j),(1.7135603362090894-7.132469350862921e-17j)
heat_recovery_rate,stress_parameters,0.15,0.135,decrease,-10.0,(24.689568425019537+1.8473228386863463e-15j),(27.750043530852015+1.928416409173488e-15j),(3.0604751058324773+8.109357048714177e-17j),(12.395822612804764-5.990274480957446e-16j),(-1.2395822612804765+5.990274480957446e-17j)
cold_recovery_rate,stress_parameters,0.12,0.132,increase,10.0,(24.689568425019537+1.8473228386863463e-15j),(28.323019175381376+1.8796146607241634e-15j),(3.6334507503618383+3.229182203781709e-17j),(14.716542176086914-9.703297300376184e-16j),(1.4716542176086915-9.703297300376184e-17j)
cold_recovery_rate,stress_parameters,0.12,0.108,decrease,-10.0,(24.689568425019537+1.8473228386863463e-15j),(26.860645627311026+1.834641604010086e-15j),(2.171077202291489-1.2681234676260374e-17j),(8.793500011492284-7.093099631947304e-16j),(-0.8793500011492285+7.093099631947304e-17j)
frost_damage_rate,stress_parameters,0.15,0.165,increase,10.0,(24.689568425019537+1.8473228386863463e-15j),(25.4712341185194+1.9089242158450466e-15j),(0.781665693499864+6.160137715870032e-17j),(3.165975524739232+1.2619046916248882e-17j),(0.31659755247392324+1.2619046916248883e-18j)
frost_damage_rate,stress_parameters,0.15,0.135,decrease,-10.0,(24.689568425019537+1.8473228386863463e-15j),(29.57554454198203+1.9422720335306207e-15j),(4.8859761169624925+9.494919484427436e-17j),(19.78963760262094-1.0961281121785718e-15j),(-1.978963760262094+1.0961281121785718e-16j)
frost_recovery_rate,stress_parameters,0.08,0.08800000000000001,increase,10.0,(24.689568425019537+1.8473228386863463e-15j),(29.17622044207683+2.0127147165831143e-15j),(4.486652017057292+1.6539187789676801e-16j),(18.172257772277124-6.897989762464923e-16j),(1.8172257772277125-6.897989762464924e-17j)
frost_recovery_rate,stress_parameters,0.08,0.07200000000000001,decrease,-10.0,(24.689568425019537+1.8473228386863463e-15j),(27.289675978938767+1.825104261245924e-15j),(2.60010755391923-2.2218577440422122e-17j),(10.531198881890429-8.779571025364881e-16j),(-1.053119888189043+8.779571025364881e-17j)
frost_recovery_threshold,stress_parameters,4.0,4.4,increase,10.0,(24.689568425019537+1.8473228386863463e-15j),(29.59036982074187+1.8839411473756812e-15j),(4.900801395722333+3.661830868933492e-17j),(19.849684333712506-1.3368781411342986e-15j),(1.9849684333712507-1.3368781411342988e-16j)
frost_recovery_threshold,stress_parameters,4.0,3.6,decrease,-10.0,(24.689568425019537+1.8473228386863463e-15j),(26.414186858074792+1.8601494695554707e-15j),(1.7246184330552552+1.2826630869124415e-17j),(6.9852109334871475-4.706958179059683e-16j),(-0.6985210933487148+4.7069581790596833e-17j)
recovery_rate_heat,stress_parameters,0.15,0.165,increase,10.0,(24.689568425019537+1.8473228386863463e-15j),(32.437297542508375+1.9977488836533734e-15j),(7.747729117488838+1.5042604496702708e-16j),(31.380577352002486-1.738687853827118e-15j),(3.138057735200249-1.738687853827118e-16j)
recovery_rate_heat,stress_parameters,0.15,0.135,decrease,-10.0,(24.689568425019537+1.8473228386863463e-15j),(26.634835821232127+1.866657992259329e-15j),(1.9452673962125893+1.933515357298269e-17j),(7.878904008064085-5.112022917268114e-16j),(-0.7878904008064085+5.112022917268114e-17j)
recovery_rate_cold,stress_parameters,0.12,0.132,increase,10.0,(24.689568425019537+1.8473228386863463e-15j),(27.322385851035982+1.8413969327750175e-15j),(2.6328174260164445-5.925905911328827e-18j),(10.663683466206077-8.218797612603994e-16j),(1.0663683466206078-8.218797612603994e-17j)
recovery_rate_cold,stress_parameters,0.12,0.108,decrease,-10.0,(24.689568425019537+1.8473228386863463e-15j),(29.62540621607009+2.0173250567937235e-15j),(4.935837791050552+1.7000221810737714e-16j),(19.991592020088728-8.072519683849491e-16j),(-1.9991592020088729+8.072519683849492e-17j)
recovery_rate_frost,stress_parameters,0.08,0.08800000000000001,increase,10.0,(24.689568425019537+1.8473228386863463e-15j),(26.75170707347393+1.9070461371833398e-15j),(2.0621386484543933+5.972329849699348e-17j),(8.352266888410632-3.830364049005395e-16j),(0.8352266888410633-3.830364049005395e-17j)
recovery_rate_frost,stress_parameters,0.08,0.07200000000000001,decrease,-10.0,(24.689568425019537+1.8473228386863463e-15j),(28.337321640048458+1.8558688801746216e-15j),(3.6477532150289207+8.546041488275272e-18j),(14.774471356625318-1.070841489112127e-15j),(-1.4774471356625318+1.070841489112127e-16j)
damage_rate_heat,stress_parameters,0.1,0.11000000000000001,increase,10.0,(24.689568425019537+1.8473228386863463e-15j),(26.6497353331728+1.9137513447185567e-15j),(1.960166908153262+6.642850603221034e-17j),(7.939251405329944-3.249757023612816e-16j),(0.7939251405329945-3.249757023612816e-17j)
damage_rate_heat,stress_parameters,0.1,0.09000000000000001,decrease,-10.0,(24.689568425019537+1.8473228386863463e-15j),(27.738607372654673+1.9244960425441505e-15j),(3.049038947635136+7.71732038578042e-17j),(12.349502814902781-6.114403439840146e-16j),(-1.2349502814902782+6.114403439840145e-17j)
damage_rate_cold,stress_parameters,0.08,0.08800000000000001,increase,10.0,(24.689568425019537+1.8473228386863463e-15j),(26.005824226202648+1.8536525362338147e-15j),(1.316255801183111+6.3296975474684246e-18j),(5.331222395322486-3.7325557804849413e-16j),(0.5331222395322487-3.7325557804849417e-17j)
damage_rate_cold,stress_parameters,0.08,0.07200000000000001,decrease,-10.0,(24.689568425019537+1.8473228386863463e-15j),(27.194312904789438+1.9319873886838678e-15j),(2.5047444797699008+8.466454999752145e-17j),(10.144950436766976-4.1614917938446635e-16j),(-1.0144950436766977+4.161491793844664e-17j)
damage_rate_frost,stress_parameters,0.15,0.165,increase,10.0,(24.689568425019537+1.8473228386863463e-15j),(27.210801544271842+1.912591997026695e-15j),(2.5212331192523045+6.52691583403488e-17j),(10.211734267081702-4.997031089307656e-16j),(1.0211734267081702-4.997031089307657e-17j)
damage_rate_frost,stress_parameters,0.15,0.135,decrease,-10.0,(24.689568425019537+1.8473228386863463e-15j),(24.937657320422684+1.9795370351697135e-15j),(0.24808889540314638+1.322141964833672e-16j),(1.004832855448951+4.603227067301183e-16j),(-0.1004832855448951-4.603227067301183e-17j)
stress_memory_duration,stress_parameters,21.0,23.1,increase,10.0,(24.689568425019537+1.8473228386863463e-15j),(28.429740197664554+1.930191754288008e-15j),(3.7401717726450165+8.286891560166175e-17j),(15.148793645395836-7.97819572235174e-16j),(1.5148793645395837-7.97819572235174e-17j)
stress_memory_duration,stress_parameters,21.0,18.900000000000002,decrease,-10.0,(24.689568425019537+1.8473228386863463e-15j),(27.538908242661037+1.892974291089688e-15j),(2.8493398176415+4.565145240334166e-17j),(11.54066271467945-6.78593658570842e-16j),(-1.154066271467945+6.785936585708421e-17j)
acclimation_memory_duration,stress_parameters,7.0,7.700000000000001,increase,10.0,(24.689568425019537+1.8473228386863463e-15j),(26.183826469290583+2.0057077985884675e-15j),(1.4942580442710458+1.583849599021212e-16j),(6.052183734231731+1.886691040463637e-16j),(0.6052183734231731+1.8866910404636372e-17j)
acclimation_memory_duration,stress_parameters,7.0,6.3,decrease,-10.0,(24.689568425019537+1.8473228386863463e-15j),(27.447005224497186+2.006483642635791e-15j),(2.7574367994776487+1.591608039494446e-16j),(11.168428512032472-1.909961562062081e-16j),(-1.1168428512032473+1.909961562062081e-17j)
recovery_memory_duration,stress_parameters,14.0,15.400000000000002,increase,10.0,(24.689568425019537+1.8473228386863463e-15j),(25.1838307094306+1.951700922450094e-15j),(0.49426228441106446+1.0437808376374756e-16j),(2.001907347680474+2.729751729982001e-16j),(0.20019073476804738+2.729751729982001e-17j)
recovery_memory_duration,stress_parameters,14.0,12.6,decrease,-10.0,(24.689568425019537+1.8473228386863463e-15j),(27.498112041458374+1.9567599232097085e-15j),(2.808543616438836+1.0943708452336215e-16j),(11.375426123661024-4.078797916729531e-16j),(-1.1375426123661023+4.0787979167295314e-17j)
cumulative_stress_threshold,stress_parameters,0.8,0.8800000000000001,increase,10.0,(24.689568425019537+1.8473228386863463e-15j),(27.008537314481558+2.053676027892268e-15j),(2.3189688894620204+2.0635318920592168e-16j),(9.392504759670318+1.3302502129825598e-16j),(0.9392504759670319+1.3302502129825598e-17j)
cumulative_stress_threshold,stress_parameters,0.8,0.7200000000000001,decrease,-10.0,(24.689568425019537+1.8473228386863463e-15j),(26.674796806005325+1.927787266929401e-15j),(1.985228380985788+8.046442824305463e-17j),(8.040757727356738-2.7572100283802255e-16j),(-0.8040757727356738+2.7572100283802255e-17j)
stress_interaction_factor,stress_parameters,1.2,1.32,increase,10.0,(24.689568425019537+1.8473228386863463e-15j),(27.939289613604046+1.9554945822455144e-15j),(3.249721188584509+1.0817174355916806e-16j),(13.162324803099256-5.467041234053298e-16j),(1.3162324803099257-5.4670412340532984e-17j)
stress_interaction_factor,stress_parameters,1.2,1.08,decrease,-10.0,(24.689568425019537+1.8473228386863463e-15j),(30.302046439697826+2.067795398443688e-15j),(5.612478014678288+2.204725597573418e-16j),(22.732183560530775-8.07888803298466e-16j),(-2.2732183560530776+8.07888803298466e-17j)
phosphorus_recovery,senescence_parameters,0.65,0.7150000000000001,increase,10.0,(24.689568425019537+1.8473228386863463e-15j),(31.435559686950686+1.992464878096075e-15j),(6.745991261931149+1.4514203940972877e-16j),(27.323244966465264-1.4565119119765134e-15j),(2.7323244966465268-1.4565119119765136e-16j)
phosphorus_recovery,senescence_parameters,0.65,0.5850000000000001,decrease,-10.0,(24.689568425019537+1.8473228386863463e-15j),(29.813343239278616+1.9750211311505865e-15j),(5.123774814259079+1.2769829246424014e-16j),(20.752792134944027-1.0355497994472636e-15j),(-2.0752792134944027+1.0355497994472636e-16j)
nitrogen_recovery,senescence_parameters,0.75,0.8250000000000001,increase,10.0,(24.689568425019537+1.8473228386863463e-15j),(28.736250893956193+1.9445788677402704e-15j),(4.046682468936655+9.72560290539241e-17j),(16.39025194476826-8.324359296282451e-16j),(1.639025194476826-8.324359296282451e-17j)
nitrogen_recovery,senescence_parameters,0.75,0.675,decrease,-10.0,(24.689568425019537+1.8473228386863463e-15j),(24.927158813581425+1.8824679710927352e-15j),(0.23759038856188752+3.514513240638891e-17j),(0.9623108207963724+7.034608517930682e-17j),(-0.09623108207963725-7.034608517930681e-18j)
potassium_recovery,senescence_parameters,0.8,0.8800000000000001,increase,10.0,(24.689568425019537+1.8473228386863463e-15j),(27.72271449513682+1.884593654594539e-15j),(3.033146070117283+3.7270815908192844e-17j),(12.285131995436581-7.682403756157221e-16j),(1.2285131995436582-7.682403756157222e-17j)
potassium_recovery,senescence_parameters,0.8,0.7200000000000001,decrease,-10.0,(24.689568425019537+1.8473228386863463e-15j),(29.584210930028604+2.0151354268882158e-15j),(4.894642505009067+1.6781258820186945e-16j),(19.824739018317583-8.036363373302572e-16j),(-1.9824739018317583+8.036363373302572e-17j)
calcium_recovery,senescence_parameters,0.3,0.33,increase,10.0,(24.689568425019537+1.8473228386863463e-15j),(24.641797404016945+1.8711821287549954e-15j),(-0.04777102100259256+2.3859290068649128e-17j),(-0.19348665873876958+1.111141873081154e-16j),(-0.019348665873876958+1.1111418730811541e-17j)
calcium_recovery,senescence_parameters,0.3,0.27,decrease,-10.0,(24.689568425019537+1.8473228386863463e-15j),(29.777839751383556+1.8275216765370874e-15j),(5.088271326364019-1.9801162149258867e-17j),(20.608992586552237-1.6222065211068892e-15j),(-2.060899258655224+1.6222065211068894e-16j)
magnesium_recovery,senescence_parameters,0.6,0.66,increase,10.0,(24.689568425019537+1.8473228386863463e-15j),(26.537652380707378+1.9486886240673305e-15j),(1.8480839556878408+1.013657853809842e-16j),(7.485282544732769-1.495026076302813e-16j),(0.748528254473277-1.495026076302813e-17j)
magnesium_recovery,senescence_parameters,0.6,0.54,decrease,-10.0,(24.689568425019537+1.8473228386863463e-15j),(25.078215073587344+1.84861677319584e-15j),(0.38864664856780706+1.2939345094935356e-18j),(1.5741330179508777-1.125389628692697e-16j),(-0.15741330179508778+1.1253896286926971e-17j)
sulfur_recovery,senescence_parameters,0.7,0.77,increase,10.0,(24.689568425019537+1.8473228386863463e-15j),(26.43218794001598+1.9028329715894964e-15j),(1.7426195149964414+5.551013290315009e-17j),(7.058120599753101-3.032703513854776e-16j),(0.7058120599753102-3.0327035138547766e-17j)
sulfur_recovery,senescence_parameters,0.7,0.63,decrease,-10.0,(24.689568425019537+1.8473228386863463e-15j),(29.441408477875864+2.0189349632428748e-15j),(4.751840052856327+1.7161212455652848e-16j),(19.24634716595929-7.449706656950375e-16j),(-1.924634716595929+7.449706656950375e-17j)
iron_recovery,senescence_parameters,0.4,0.44000000000000006,increase,10.0,(24.689568425019537+1.8473228386863463e-15j),(27.906368079800508+1.9721314507221916e-15j),(3.2167996547809707+1.248086120358453e-16j),(13.028982926737509-4.693430165465916e-16j),(1.302898292673751-4.6934301654659163e-17j)
iron_recovery,senescence_parameters,0.4,0.36000000000000004,decrease,-10.0,(24.689568425019537+1.8473228386863463e-15j),(27.916446341207763+1.8169423432316025e-15j),(3.2268779161882257-3.038049545474382e-17j),(13.06980284401497-1.1009586870220673e-15j),(-1.306980284401497+1.1009586870220673e-16j)
manganese_recovery,senescence_parameters,0.35,0.385,increase,10.0,(24.689568425019537+1.8473228386863463e-15j),(25.509901341232133+1.9524093516982655e-15j),(0.8203329162125961+1.0508651301191919e-16j),(3.322589127889735+1.7702846993635945e-16j),(0.3322589127889735+1.7702846993635946e-17j)
manganese_recovery,senescence_parameters,0.35,0.315,decrease,-10.0,(24.689568425019537+1.8473228386863463e-15j),(29.318322486914248+1.9543334473454954e-15j),(4.6287540618947105+1.0701060865914908e-16j),(18.747812769396543-9.693244299140847e-16j),(-1.8747812769396544+9.693244299140847e-17j)
zinc_recovery,senescence_parameters,0.5,0.55,increase,10.0,(24.689568425019537+1.8473228386863463e-15j),(27.626193556682473+1.895727466095715e-15j),(2.936625131662936+4.840462740936867e-17j),(11.894193859974738-6.938943982105602e-16j),(1.1894193859974738-6.938943982105602e-17j)
zinc_recovery,senescence_parameters,0.5,0.45,decrease,-10.0,(24.689568425019537+1.8473228386863463e-15j),(27.9583368364719+1.929083411973213e-15j),(3.2687684114523634+8.176057328686653e-17j),(13.239471647223727-6.594493972957e-16j),(-1.3239471647223728+6.594493972957e-17j)
copper_recovery,senescence_parameters,0.45,0.49500000000000005,increase,10.0,(24.689568425019537+1.8473228386863463e-15j),(29.487097572612484+1.9454677190228396e-15j),(4.797529147592947+9.814488033649332e-17j),(19.431401412149835-1.0563807002906957e-15j),(1.9431401412149836-1.0563807002906958e-16j)
copper_recovery,senescence_parameters,0.45,0.405,decrease,-10.0,(24.689568425019537+1.8473228386863463e-15j),(29.0089179558639+1.9718386759313074e-15j),(4.319349530844363+1.2451583724496113e-16j),(17.494633589736168-8.046577452581409e-16j),(-1.7494633589736168+8.04657745258141e-17j)
boron_recovery,senescence_parameters,0.25,0.275,increase,10.0,(24.689568425019537+1.8473228386863463e-15j),(28.919198236321478+1.9619869898623957e-15j),(4.22962981130194+1.1466415117604943e-16j),(17.131242387435915-8.173703100993374e-16j),(1.7131242387435917-8.173703100993374e-17j)
boron_recovery,senescence_parameters,0.25,0.225,decrease,-10.0,(24.689568425019537+1.8473228386863463e-15j),(26.508015797814053+1.982282540945049e-15j),(1.818447372794516+1.3495970225870262e-16j),(7.36524568388877-4.4559846741596114e-18j),(-0.736524568388877+4.455984674159612e-19j)
molybdenum_recovery,senescence_parameters,0.85,0.935,increase,10.0,(24.689568425019537+1.8473228386863463e-15j),(25.259498660363313+2.024016805787657e-15j),(0.5699302353437758+1.7669396710131068e-16j),(2.3083847620691036+5.429444771137046e-16j),(0.23083847620691036+5.429444771137046e-17j)
molybdenum_recovery,senescence_parameters,0.85,0.765,decrease,-10.0,(24.689568425019537+1.8473228386863463e-15j),(28.619365978869215+2.030589784142322e-15j),(3.929797553849678+1.8326694545597588e-16j),(15.91683372588789-4.486443717899635e-16j),(-1.5916833725887891+4.486443717899635e-17j)
natural_lifespan_gdd,senescence_parameters,800.0,880.0000000000001,increase,10.0,(24.689568425019537+1.8473228386863463e-15j),(28.80217793876563+1.8895669045459863e-15j),(4.112609513746094+4.224406585964e-17j),(16.657275829813695-1.0752297904829779e-15j),(1.6657275829813696-1.0752297904829779e-16j)
natural_lifespan_gdd,senescence_parameters,800.0,720.0,decrease,-10.0,(24.689568425019537+1.8473228386863463e-15j),(24.179479214484733+1.9203538227993627e-15j),(-0.5100892105348045+7.303098411301638e-17j),(-2.0660110446398003+4.503799988571156e-16j),(0.20660110446398006-4.503799988571156e-17j)
age_senescence_rate,senescence_parameters,0.02,0.022000000000000002,increase,10.0,(24.689568425019537+1.8473228386863463e-15j),(27.61020551218476+1.9716933558570564e-15j),(2.920637087165222+1.2437051717071012e-16j),(11.82943758630285-3.8136505032543843e-16j),(1.1829437586302851-3.813650503254384e-17j)
age_senescence_rate,senescence_parameters,0.02,0.018000000000000002,decrease,-10.0,(24.689568425019537+1.8473228386863463e-15j),(24.808364350778813+1.892799984203309e-15j),(0.11879592575927589+4.547714551696286e-17j),(0.4811583731001644+1.4819455881356867e-16j),(-0.048115837310016445-1.4819455881356867e-17j)
water_stress_threshold,leaf_development,0.6,0.66,increase,10.0,(24.689568425019537+1.8473228386863463e-15j),(27.402878444753707+1.93529296860775e-15j),(2.7133100197341697+8.797012992140352e-17j),(10.9897021001979-4.659666175556259e-16j),(1.09897021001979-4.6596661755562593e-17j)
water_stress_threshold,leaf_development,0.6,0.54,decrease,-10.0,(24.689568425019537+1.8473228386863463e-15j),(25.923395626494212+1.962278240363398e-15j),(1.233827201474675+1.1495540167705186e-16j),(4.997362368733663+9.169048611063355e-17j),(-0.4997362368733663-9.169048611063355e-18j)
nitrogen_stress_threshold,leaf_development,0.7,0.77,increase,10.0,(24.689568425019537+1.8473228386863463e-15j),(27.894525358209435+2.0098832291073448e-15j),(3.204956933189898+1.6256039042099845e-16j),(12.981016427740014-3.12848282370121e-16j),(1.2981016427740015-3.1284828237012104e-17j)
nitrogen_stress_threshold,leaf_development,0.7,0.63,decrease,-10.0,(24.689568425019537+1.8473228386863463e-15j),(28.315202001780637+2.0195607306718747e-15j),(3.6256335767611+1.7223789198552839e-16j),(14.684880328191605-4.0113806141119396e-16j),(-1.4684880328191605+4.01138061411194e-17j)
temperature_stress_threshold,senescence_parameters,0.8,0.8800000000000001,increase,10.0,(24.689568425019537+1.8473228386863463e-15j),(24.173405235672554+1.8314452616450604e-15j),(-0.5161631893469831-1.587757704128588e-17j),(-2.0906124419085494+9.211495184930954e-17j),(-0.20906124419085495+9.211495184930955e-18j)
temperature_stress_threshold,senescence_parameters,0.8,0.7200000000000001,decrease,-10.0,(24.689568425019537+1.8473228386863463e-15j),(28.433794673246865+2.058854864459519e-15j),(3.744226248227328+2.1153202577317257e-16j),(15.16521546173752-2.779249187602736e-16j),(-1.516521546173752+2.779249187602736e-17j)
light_stress_threshold,senescence_parameters,0.5,0.55,increase,10.0,(24.689568425019537+1.8473228386863463e-15j),(26.7529345709359+2.0025817341865246e-15j),(2.063366145916362+1.5525889550017833e-16j),(8.357238613476206+3.538814024115641e-18j),(0.8357238613476206+3.5388140241156416e-19j)
light_stress_threshold,senescence_parameters,0.5,0.45,decrease,-10.0,(24.689568425019537+1.8473228386863463e-15j),(27.26866448796848+1.940059850197256e-15j),(2.579096062948942+9.273701151090978e-17j),(10.446096175319845-4.059856663405218e-16j),(-1.0446096175319846+4.059856663405218e-17j)
water_stress_rate,senescence_parameters,0.05,0.05500000000000001,increase,10.0,(24.689568425019537+1.8473228386863463e-15j),(30.01054585184799+2.129153451215192e-15j),(5.320977426828453+2.8183061252884586e-16j),(21.551520606720537-4.710311161431524e-16j),(2.155152060672054-4.710311161431524e-17j)
water_stress_rate,senescence_parameters,0.05,0.045000000000000005,decrease,-10.0,(24.689568425019537+1.8473228386863463e-15j),(26.505107740072475+1.8136142599962615e-15j),(1.8155393150529378-3.37085786900848e-17j),(7.353467196344892-6.867307468673923e-16j),(-0.7353467196344892+6.867307468673923e-17j)
nitrogen_stress_rate,senescence_parameters,0.08,0.08800000000000001,increase,10.0,(24.689568425019537+1.8473228386863463e-15j),(26.905464647937+1.950249621173526e-15j),(2.2158962229174612+1.029267824871795e-16j),(8.975030202115441-2.5464600730641027e-16j),(0.8975030202115442-2.5464600730641028e-17j)
nitrogen_stress_rate,senescence_parameters,0.08,0.07200000000000001,decrease,-10.0,(24.689568425019537+1.8473228386863463e-15j),(27.263915796387757+1.8036007985950456e-15j),(2.5743473713682192-4.3722040091300667e-17j),(10.426862580390292-9.572457882973466e-16j),(-1.0426862580390293+9.572457882973467e-17j)
temperature_stress_rate,senescence_parameters,0.06,0.066,increase,10.0,(24.689568425019537+1.8473228386863463e-15j),(29.771056696343422+1.8992179824365646e-15j),(5.0814882713238845+5.189514375021832e-17j),(20.581519222403593-1.3297598230237352e-15j),(2.0581519222403593-1.3297598230237353e-16j)
temperature_stress_rate,senescence_parameters,0.06,0.054,decrease,-10.0,(24.689568425019537+1.8473228386863463e-15j),(28.304687115068024+1.861566458869198e-15j),(3.6151186900484866+1.4243620182851795e-17j),(14.64229195025156-1.0378746955398633e-15j),(-1.464229195025156+1.0378746955398633e-16j)
light_stress_rate,senescence_parameters,0.04,0.044000000000000004,increase,10.0,(24.689568425019537+1.8473228386863463e-15j),(26.28966249543339+1.8284657569969275e-15j),(1.6000940704138529-1.8857081689418803e-17j),(6.48085070937236-5.61286915183131e-16j),(0.6480850709372361-5.61286915183131e-17j)
light_stress_rate,senescence_parameters,0.04,0.036000000000000004,decrease,-10.0,(24.689568425019537+1.8473228386863463e-15j),(26.77179837144414+1.8306245891310864e-15j),(2.0822299464246043-1.6698249555259918e-17j),(8.433642543198713-6.9865479792728e-16j),(-0.8433642543198714+6.986547979272801e-17j)
early_senescence_threshold,senescence_parameters,0.2,0.22000000000000003,increase,10.0,(24.689568425019537+1.8473228386863463e-15j),(26.62863141820603+1.8801085249082547e-15j),(1.939062993186493+3.278568622190834e-17j),(7.8537743544415894-4.548434350629742e-16j),(0.7853774354441589-4.548434350629742e-17j)
early_senescence_threshold,senescence_parameters,0.2,0.18000000000000002,decrease,-10.0,(24.689568425019537+1.8473228386863463e-15j),(31.336794994476307+1.929429482815674e-15j),(6.64722656945677+8.210664412932779e-17j),(26.923218968545047-1.6818930231495568e-15j),(-2.692321896854505+1.681893023149557e-16j)
active_senescence_threshold,senescence_parameters,0.5,0.55,increase,10.0,(24.689568425019537+1.8473228386863463e-15j),(26.82327745633564+1.8850640251599265e-15j),(2.1337090313161013+3.774118647358022e-17j),(8.642147949228129-4.937598918174618e-16j),(0.864214794922813-4.937598918174619e-17j)
active_senescence_threshold,senescence_parameters,0.5,0.45,decrease,-10.0,(24.689568425019537+1.8473228386863463e-15j),(24.763931035265248+1.9623613008062458e-15j),(0.07436261024571067+1.1503846211989947e-16j),(0.3011904014099907+4.434038747140838e-16j),(-0.030119040140999073-4.434038747140838e-17j)
late_senescence_threshold,senescence_parameters,0.8,0.8800000000000001,increase,10.0,(24.689568425019537+1.8473228386863463e-15j),(28.23120476454736+2.0158706853740455e-15j),(3.541636339527823+1.6854784668769922e-16j),(14.344666859137375-3.9062837662599033e-16j),(1.4344666859137376-3.9062837662599037e-17j)
late_senescence_threshold,senescence_parameters,0.8,0.7200000000000001,decrease,-10.0,(24.689568425019537+1.8473228386863463e-15j),(30.745981289019927+1.8778947554058423e-15j),(6.056412864000389+3.0571916719495963e-17j),(24.53025002196083-1.711577080038468e-15j),(-2.453025002196083+1.7115770800384681e-16j)
death_threshold,senescence_parameters,1.0,1.1,increase,10.0,(24.689568425019537+1.8473228386863463e-15j),(28.60090157956708+1.954479641450388e-15j),(3.911333154547542+1.0715680276404174e-16j),(15.842047488298478-7.513171368959884e-16j),(1.5842047488298479-7.513171368959884e-17j)
death_threshold,senescence_parameters,1.0,0.9,decrease,-10.0,(24.689568425019537+1.8473228386863463e-15j),(28.512855627499874+1.977547569254649e-15j),(3.823287202480337+1.302247305683028e-16j),(15.485435535624642-6.312028386588506e-16j),(-1.5485435535624643+6.312028386588506e-17j)
recovery_rate,senescence_parameters,0.03,0.033,increase,10.0,(24.689568425019537+1.8473228386863463e-15j),(28.263072446635704+1.999152368215042e-15j),(3.5735040216161664+1.5182952952869587e-16j),(14.473740326683487-4.68000003682497e-16j),(1.4473740326683489-4.6800000368249704e-17j)
recovery_rate,senescence_parameters,0.03,0.027,decrease,-10.0,(24.689568425019537+1.8473228386863463e-15j),(27.19837720209191+1.9732308158407563e-15j),(2.508808777072371+1.2590797715440998e-16j),(10.161412033958571-2.50332881555343e-16j),(-1.0161412033958572+2.50332881555343e-17j)
max_recovery,senescence_parameters,0.3,0.33,increase,10.0,(24.689568425019537+1.8473228386863463e-15j),(28.210003991158338+2.023590368840115e-15j),(3.5204355661388007+1.7626753015376876e-16j),(14.2587975032051-3.5293647561969744e-16j),(1.42587975032051-3.5293647561969744e-17j)
max_recovery,senescence_parameters,0.3,0.27,decrease,-10.0,(24.689568425019537+1.8473228386863463e-15j),(29.13521744606914+2.031219629930639e-15j),(4.445649021049604+1.8389679124429267e-16j),(18.006183601591594-6.024226436172989e-16j),(-1.8006183601591594+6.024226436172989e-17j)
reproductive_priority_factor,senescence_parameters,1.2,1.32,increase,10.0,(24.689568425019537+1.8473228386863463e-15j),(27.174879803826883+1.9440386242196057e-15j),(2.4853113788073458+9.671578553325941e-17j),(10.066240673080452-3.6144891592052764e-16j),(1.0066240673080453-3.6144891592052764e-17j)
reproductive_priority_factor,senescence_parameters,1.2,1.08,decrease,-10.0,(24.689568425019537+1.8473228386863463e-15j),(28.6627890390895+1.9921884819718225e-15j),(3.9732206140699624+1.4486564328547622e-16j),(16.09270986706937-6.173403229599256e-16j),(-1.609270986706937+6.173403229599255e-17j)
lower_canopy_factor,senescence_parameters,1.5,1.6500000000000001,increase,10.0,(24.689568425019537+1.8473228386863463e-15j),(26.931168338872432+1.914038417870054e-15j),(2.2415999138528946+6.671557918370767e-17j),(9.07913769598879-4.0910154155517464e-16j),(0.907913769598879-4.0910154155517466e-17j)
lower_canopy_factor,senescence_parameters,1.5,1.35,decrease,-10.0,(24.689568425019537+1.8473228386863463e-15j),(32.42081385480657+2.002502263754806e-15j),(7.73124542978703+1.551794250684597e-16j),(31.313813577852816-1.7144398700381358e-15j),(-3.1313813577852816+1.714439870038136e-16j)
active_senescence_multiplier,senescence_parameters,2.0,2.2,increase,10.0,(24.689568425019537+1.8473228386863463e-15j),(25.35057433508121+2.0080588185154876e-15j),(0.6610059100616716+1.6073597982914127e-16j),(2.677267980884719+4.50709364577858e-16j),(0.2677267980884719+4.5070936457785804e-17j)
active_senescence_multiplier,senescence_parameters,2.0,1.8,decrease,-10.0,(24.689568425019537+1.8473228386863463e-15j),(25.66940186961616+1.8448361059247755e-15j),(0.9798334445966219-2.4867327615708575e-18j),(3.968613090878062-3.070115583375064e-16j),(-0.3968613090878062+3.070115583375064e-17j)
normal_senescence_multiplier,senescence_parameters,1.0,1.1,increase,10.0,(24.689568425019537+1.8473228386863463e-15j),(28.843498023606877+1.8597083582943864e-15j),(4.1539295985873395+1.238551960804007e-17j),(16.82463430335985-1.20868776345631e-15j),(1.682463430335985-1.20868776345631e-16j)
normal_senescence_multiplier,senescence_parameters,1.0,0.9,decrease,-10.0,(24.689568425019537+1.8473228386863463e-15j),(25.79122549059386+1.953290741673031e-15j),(1.1016570655743223+1.0596790298668459e-16j),(4.462034518424153+9.534277737278124e-17j),(-0.4462034518424154-9.534277737278125e-18j)
stress_history_days,senescence_parameters,7.0,7.700000000000001,increase,10.0,(24.689568425019537+1.8473228386863463e-15j),(29.31957576630003+2.0370358541234355e-15j),(4.630007341280493+1.8971301543708922e-16j),(18.752888918822112-6.347352119569048e-16j),(1.8752888918822113-6.347352119569048e-17j)
stress_history_days,senescence_parameters,7.0,6.3,decrease,-10.0,(24.689568425019537+1.8473228386863463e-15j),(27.283702679673436+1.845969659963954e-15j),(2.5941342546538984-1.3531787223921677e-18j),(10.507005266341935-7.9163589782088e-16j),(-1.0507005266341936+7.9163589782088e-17j)
daily_area_loss_factor,senescence_parameters,0.1,0.11000000000000001,increase,10.0,(24.689568425019537+1.8473228386863463e-15j),(26.428865832161783+1.7814251317772306e-15j),(1.7392974071422458-6.589770690911573e-17j),(7.044665087704422-7.940009748594376e-16j),(0.7044665087704423-7.940009748594377e-17j)
daily_area_loss_factor,senescence_parameters,0.1,0.09000000000000001,decrease,-10.0,(24.689568425019537+1.8473228386863463e-15j),(27.422244436762732+1.9932459870651954e-15j),(2.7326760117431945+1.4592314837884907e-16j),(11.068140052922097-2.3710876443368025e-16j),(-1.1068140052922097+2.3710876443368026e-17j)
daily_biomass_loss_factor,senescence_parameters,0.1,0.11000000000000001,increase,10.0,(24.689568425019537+1.8473228386863463e-15j),(28.896785570905966+1.9516461395165785e-15j),(4.207217145886428+1.0432330083023221e-16j),(17.04046451303289-8.524616077289733e-16j),(1.7040464513032891-8.524616077289734e-17j)
daily_biomass_loss_factor,senescence_parameters,0.1,0.09000000000000001,decrease,-10.0,(24.689568425019537+1.8473228386863463e-15j),(24.04535056828596+1.9443357203984686e-15j),(-0.6442178567335759+9.701288171212226e-17j),(-2.6092714365989007+5.881615522148123e-16j),(0.26092714365989006-5.881615522148123e-17j)
primary_root_growth_rate,root_system,2.0,2.2,increase,10.0,(24.689568425019537+1.8473228386863463e-15j),(28.533887701859204+1.9148431733485213e-15j),(3.8443192768396663+6.752033466217495e-17j),(15.570621610963311-8.91547841960336e-16j),(1.557062161096331-8.91547841960336e-17j)
primary_root_growth_rate,root_system,2.0,1.8,decrease,-10.0,(24.689568425019537+1.8473228386863463e-15j),(27.05486413852249+1.8834770495299096e-15j),(2.3652957135029524+3.615421084356332e-17j),(9.580141996755378-5.703701977162833e-16j),(-0.9580141996755378+5.703701977162834e-17j)
lateral_root_density,root_system,3.0,3.3000000000000003,increase,10.0,(24.689568425019537+1.8473228386863463e-15j),(28.715556904009237+2.0068166238512816e-15j),(4.025988478989699+1.594937851649353e-16j),(16.30643521054789-5.74083411322309e-16j),(1.630643521054789-5.74083411322309e-17j)
lateral_root_density,root_system,3.0,2.7,decrease,-10.0,(24.689568425019537+1.8473228386863463e-15j),(29.432415076094+2.0319285039934073e-15j),(4.742846651074462+1.84605665307061e-16j),(19.20992124863644-6.896175513546938e-16j),(-1.9209921248636441+6.896175513546938e-17j)
branching_angle_mean,root_system,45.0,49.50000000000001,increase,10.0,(24.689568425019537+1.8473228386863463e-15j),(24.582429469882086+1.8776628619119457e-15j),(-0.10713895513745086+3.03400232255994e-17j),(-0.433944220057245+1.553545742460497e-16j),(-0.0433944220057245+1.553545742460497e-17j)
branching_angle_mean,root_system,45.0,40.5,decrease,-10.0,(24.689568425019537+1.8473228386863463e-15j),(27.964354599924285+1.8783573215177843e-15j),(3.2747861749047473+3.103448283143795e-17j),(13.263845355782705-8.667286443821461e-16j),(-1.3263845355782706+8.667286443821462e-17j)
branching_angle_std,root_system,10.0,11.0,increase,10.0,(24.689568425019537+1.8473228386863463e-15j),(27.054711736748+1.922274185957073e-15j),(2.3651433117284633+7.495134727072657e-17j),(9.579524724829577-4.131842203660346e-16j),(0.9579524724829578-4.131842203660346e-17j)
branching_angle_std,root_system,10.0,9.0,decrease,-10.0,(24.689568425019537+1.8473228386863463e-15j),(27.778735539468958+1.9498736515237483e-15j),(3.0891671144494204+1.0255081283740203e-16j),(12.512033670539852-5.208144611077966e-16j),(-1.2512033670539853+5.208144611077967e-17j)
fine_root_fraction,root_system,0.65,0.7150000000000001,increase,10.0,(24.689568425019537+1.8473228386863463e-15j),(24.818198567490143+1.935981330308847e-15j),(0.12863014247060534+8.865849162250073e-17j),(0.5209898377172769+3.2011141710773747e-16j),(0.0520989837717277+3.2011141710773747e-17j)
fine_root_fraction,root_system,0.65,0.5850000000000001,decrease,-10.0,(24.689568425019537+1.8473228386863463e-15j),(30.62551470766638+1.8967121057539124e-15j),(5.935946282646842+4.938926706756611e-17j),(24.042325003265606-1.598853762340096e-15j),(-2.404232500326561+1.598853762340096e-16j)
medium_root_fraction,root_system,0.25,0.275,increase,10.0,(24.689568425019537+1.8473228386863463e-15j),(28.210636161177646+1.9310359446833093e-15j),(3.521067736158109+8.371310599696297e-17j),(14.261357977363359-7.280006435574027e-16j),(1.426135797736336-7.280006435574028e-17j)
medium_root_fraction,root_system,0.25,0.225,decrease,-10.0,(24.689568425019537+1.8473228386863463e-15j),(25.257970169640732+1.8816080703846748e-15j),(0.5684017446211946+3.428523169832847e-17j),(2.3021939259383584-3.338949610000782e-17j),(-0.23021939259383584+3.3389496100007823e-18j)
coarse_root_fraction,root_system,0.1,0.11000000000000001,increase,10.0,(24.689568425019537+1.8473228386863463e-15j),(27.199818540591586+2.015721671242879e-15j),(2.510250115572049+1.6839883255653288e-16j),(10.16724987800212-7.86692427010077e-17j),(1.016724987800212-7.866924270100771e-18j)
coarse_root_fraction,root_system,0.1,0.09000000000000001,decrease,-10.0,(24.689568425019537+1.8473228386863463e-15j),(26.494524210438023+1.921537740795077e-15j),(1.8049557854184854+7.42149021087305e-17j),(7.310600794420558-2.464016177380298e-16j),(-0.7310600794420559+2.464016177380298e-17j)
fine_diameter_mean,root_system,0.1,0.11000000000000001,increase,10.0,(24.689568425019537+1.8473228386863463e-15j),(27.27138369342621+1.9312431244565352e-15j),(2.5818152684066717+8.39202857701889e-17j),(10.457109755674592-4.42520051918645e-16j),(1.0457109755674592-4.42520051918645e-17j)
fine_diameter_mean,root_system,0.1,0.09000000000000001,decrease,-10.0,(24.689568425019537+1.8473228386863463e-15j),(28.590957535921838+1.96712482128967e-15j),(3.9013891109023007+1.1980198260332355e-16j),(15.801771192358189-6.970868934900505e-16j),(-1.580177119235819+6.970868934900505e-17j)
fine_diameter_std,root_system,0.02,0.022000000000000002,increase,10.0,(24.689568425019537+1.8473228386863463e-15j),(27.094233133537422+1.9115161855605664e-15j),(2.4046647085178847+6.419334687422007e-17j),(9.739597983742325-4.68734281148518e-16j),(0.9739597983742325-4.6873428114851807e-17j)
fine_diameter_std,root_system,0.02,0.018000000000000002,decrease,-10.0,(24.689568425019537+1.8473228386863463e-15j),(25.353645542208717+1.9235676072460935e-15j),(0.6640771171891799+7.624476855974722e-17j),(2.689707271335807+1.0756442310122116e-16j),(-0.2689707271335807-1.0756442310122118e-17j)
medium_diameter_mean,root_system,0.4,0.44000000000000006,increase,10.0,(24.689568425019537+1.8473228386863463e-15j),(29.22224550075009+2.0405209768889867e-15j),(4.532677075730554+1.9319813820264038e-16j),(18.35867277103677-5.911234018514357e-16j),(1.835867277103677-5.911234018514358e-17j)
medium_diameter_mean,root_system,0.4,0.36000000000000004,decrease,-10.0,(24.689568425019537+1.8473228386863463e-15j),(29.301227538748833+1.9495445572105595e-15j),(4.611659113729296+1.0222171852421322e-16j),(18.678573210927425-9.83540198685375e-16j),(-1.8678573210927425+9.835401986853749e-17j)
medium_diameter_std,root_system,0.1,0.11000000000000001,increase,10.0,(24.689568425019537+1.8473228386863463e-15j),(26.32185194669164+1.877903644359342e-15j),(1.6322835216721039+3.0580805672995825e-17j),(6.611227436515274-3.708040055753882e-16j),(0.6611227436515275-3.708040055753882e-17j)
medium_diameter_std,root_system,0.1,0.09000000000000001,decrease,-10.0,(24.689568425019537+1.8473228386863463e-15j),(24.50205196493189+1.935414182135465e-15j),(-0.18751646008764666+8.809134344911876e-17j),(-0.7594967107550737+4.13622862449399e-16j),(0.07594967107550737-4.1362286244939904e-17j)
coarse_diameter_mean,root_system,1.0,1.1,increase,10.0,(24.689568425019537+1.8473228386863463e-15j),(26.627764814463127+1.875901551723902e-15j),(1.9381963894435899+2.857871303755585e-17j),(7.850264354882324-4.716202862802636e-16j),(0.7850264354882324-4.716202862802636e-17j)
coarse_diameter_mean,root_system,1.0,0.9,decrease,-10.0,(24.689568425019537+1.8473228386863463e-15j),(27.64290020445438+1.9585819390412425e-15j),(2.953331779434844+1.1125910035489622e-16j),(11.961860687860554-4.443782984582837e-16j),(-1.1961860687860555+4.4437829845828374e-17j)
coarse_diameter_std,root_system,0.2,0.22000000000000003,increase,10.0,(24.689568425019537+1.8473228386863463e-15j),(30.64997159946978+1.966604255074977e-15j),(5.960403174450242+1.1928141638863065e-16j),(24.14138259464341-1.3231817269264764e-15j),(2.414138259464341-1.3231817269264765e-16j)
coarse_diameter_std,root_system,0.2,0.18000000000000002,decrease,-10.0,(24.689568425019537+1.8473228386863463e-15j),(26.547832148948064+1.8161356263473984e-15j),(1.858263723928527-3.118721233894786e-17j),(7.526513594484009-6.894661502231136e-16j),(-0.752651359448401+6.894661502231136e-17j)
fine_turnover_rate,root_system,0.02,0.022000000000000002,increase,10.0,(24.689568425019537+1.8473228386863463e-15j),(25.186380579636793+1.8702852284612695e-15j),(0.49681215461725614+2.2962389774923238e-17j),(2.012235070556374-5.755502893732633e-17j),(0.2012235070556374-5.755502893732633e-18j)
fine_turnover_rate,root_system,0.02,0.018000000000000002,decrease,-10.0,(24.689568425019537+1.8473228386863463e-15j),(25.401494130237605+1.852014173372914e-15j),(0.7119257052180679+4.691334686567655e-18j),(2.883508099301677-1.967485544946878e-16j),(-0.2883508099301677+1.967485544946878e-17j)
medium_turnover_rate,root_system,0.01,0.011000000000000001,increase,10.0,(24.689568425019537+1.8473228386863463e-15j),(26.453208483164204+1.89130288817987e-15j),(1.7636400581446665+4.3980049493523657e-17j),(7.143259970301692-3.563408717806674e-16j),(0.7143259970301692-3.563408717806674e-17j)
medium_turnover_rate,root_system,0.01,0.009000000000000001,decrease,-10.0,(24.689568425019537+1.8473228386863463e-15j),(27.367263466107453+2.001536293450163e-15j),(2.6776950410879152+1.5421345476381659e-16j),(10.845450981534507-1.868685486209198e-16j),(-1.0845450981534508+1.868685486209198e-17j)
coarse_turnover_rate,root_system,0.005,0.0055000000000000005,increase,10.0,(24.689568425019537+1.8473228386863463e-15j),(26.55786501614386+1.9682242082710124e-15j),(1.8682965911243237+1.2090136958466612e-16j),(7.567149651879122-7.650321725725476e-17j),(0.7567149651879123-7.650321725725477e-18j)
coarse_turnover_rate,root_system,0.005,0.0045000000000000005,decrease,-10.0,(24.689568425019537+1.8473228386863463e-15j),(27.892738544330296+1.961728269586756e-15j),(3.2031701193107587+1.1440543090040964e-16j),(12.97377930699177-5.073485089819402e-16j),(-1.297377930699177+5.073485089819402e-17j)
fine_root_half_life_days,root_system,35.0,38.5,increase,10.0,(24.689568425019537+1.8473228386863463e-15j),(27.349989757070944+1.8540655942556926e-15j),(2.6604213320514063+6.742755569346242e-18j),(10.77548738906035-7.78933356136137e-16j),(1.077548738906035-7.78933356136137e-17j)
fine_root_half_life_days,root_system,35.0,31.5,decrease,-10.0,(24.689568425019537+1.8473228386863463e-15j),(25.8124836900746+1.926715178500552e-15j),(1.1229152650550631+7.939233981420577e-17j),(4.548136466885911-1.8738374821131722e-17j),(-0.4548136466885911+1.8738374821131723e-18j)
medium_root_half_life_days,root_system,70.0,77.0,increase,10.0,(24.689568425019537+1.8473228386863463e-15j),(29.27350553951856+1.93596907598317e-15j),(4.583937114499022+8.86462372968236e-17j),(18.56629097596466-1.0301237017225523e-15j),(1.8566290975964659-1.0301237017225524e-16j)
medium_root_half_life_days,root_system,70.0,63.0,decrease,-10.0,(24.689568425019537+1.8473228386863463e-15j),(25.88089448257411+1.891601950712601e-15j),(1.1913260575545728+4.427911202625487e-17j),(4.825220259206009-1.816892181619524e-16j),(-0.48252202592060095+1.8168921816195243e-17j)
coarse_root_half_life_days,root_system,140.0,154.0,increase,10.0,(24.689568425019537+1.8473228386863463e-15j),(26.782366038458363+1.9888572730390474e-15j),(2.092797613438826+1.4153443435270112e-16j),(8.476444696854477-6.096851991003309e-17j),(0.8476444696854477-6.096851991003309e-18j)
coarse_root_half_life_days,root_system,140.0,126.0,decrease,-10.0,(24.689568425019537+1.8473228386863463e-15j),(26.72032115616172+1.9100566209474566e-15j),(2.030752731142183+6.273378226111028e-17j),(8.225144709634899-3.613315264942967e-16j),(-0.82251447096349+3.613315264942967e-17j)
root_zone_efficiency_factor,root_system,0.6,0.66,increase,10.0,(24.689568425019537+1.8473228386863463e-15j),(27.017506159364505+1.9586015696557877e-15j),(2.3279377343449674+1.1127873096944136e-16j),(9.428831214343615-2.547724625699513e-16j),(0.9428831214343616-2.547724625699513e-17j)
root_zone_efficiency_factor,root_system,0.6,0.54,decrease,-10.0,(24.689568425019537+1.8473228386863463e-15j),(27.60919890879855+1.9051680404102555e-15j),(2.919630483779013+5.78452017239092e-17j),(11.825360547089849-6.505070548610012e-16j),(-1.182536054708985+6.505070548610012e-17j)
fine_min_activity,root_system,0.2,0.22000000000000003,increase,10.0,(24.689568425019537+1.8473228386863463e-15j),(26.28290088428261+2.017805211135355e-15j),(1.593332459263074+1.7048237244900875e-16j),(6.453464199270681+2.076425700397553e-16j),(0.6453464199270682+2.076425700397553e-17j)
fine_min_activity,root_system,0.2,0.18000000000000002,decrease,-10.0,(24.689568425019537+1.8473228386863463e-15j),(26.048430251259926+1.8693605881060013e-15j),(1.358861826240389+2.203774941965502e-17j),(5.5037893042446475-3.225451576145552e-16j),(-0.5503789304244647+3.225451576145552e-17j)
medium_min_activity,root_system,0.25,0.275,increase,10.0,(24.689568425019537+1.8473228386863463e-15j),(26.53825367375162+2.0248133411301447e-15j),(1.8486852487320817+1.7749050244379835e-16j),(7.4877179580777495+1.586426211813305e-16j),(0.748771795807775+1.586426211813305e-17j)
medium_min_activity,root_system,0.25,0.225,decrease,-10.0,(24.689568425019537+1.8473228386863463e-15j),(25.889891064311524+1.854221808808426e-15j),(1.2003226392919863+6.898970122079737e-18j),(4.861659056282335-3.3581618980292617e-16j),(-0.4861659056282335+3.358161898029262e-17j)
coarse_min_activity,root_system,0.3,0.33,increase,10.0,(24.689568425019537+1.8473228386863463e-15j),(26.721382294840254+1.960108525945443e-15j),(2.0318138698207164+1.1278568725909686e-16j),(8.229442632791214-1.5892819719474367e-16j),(0.8229442632791214-1.5892819719474368e-17j)
coarse_min_activity,root_system,0.3,0.27,decrease,-10.0,(24.689568425019537+1.8473228386863463e-15j),(28.593897143495226+1.972392843733335e-15j),(3.904328718475689+1.2507000504698877e-16j),(15.813677465982678-6.766407072916397e-16j),(-1.5813677465982678+6.766407072916397e-17j)
establishment_plateau_days,root_system,7.0,7.700000000000001,increase,10.0,(24.689568425019537+1.8473228386863463e-15j),(23.605874842846134+1.9461347484177823e-15j),(-1.083693582173403+9.881190973143603e-17j),(-4.389277137283721+7.286317267474638e-16j),(-0.43892771372837214+7.286317267474638e-17j)
establishment_plateau_days,root_system,7.0,6.3,decrease,-10.0,(24.689568425019537+1.8473228386863463e-15j),(29.658967722514134+1.95253285558994e-15j),(4.969399297494597+1.0521001690359353e-16j),(20.127525973515127-1.0798502536703082e-15j),(-2.0127525973515126+1.0798502536703082e-16j)
root_base_temperature,root_system,20.0,22.0,increase,10.0,(24.689568425019537+1.8473228386863463e-15j),(26.72099327217846+1.8763142538529733e-15j),(2.031424847158924+2.899141516662699e-17j),(8.227866976809322-4.982017041174996e-16j),(0.8227866976809323-4.9820170411749963e-17j)
root_base_temperature,root_system,20.0,18.0,decrease,-10.0,(24.689568425019537+1.8473228386863463e-15j),(28.02150962342425+1.922557408026422e-15j),(3.3319411984047136+7.523456934007585e-17j),(13.495339979407017-7.050262088886292e-16j),(-1.3495339979407017+7.050262088886292e-17j)
temperature_range,root_system,10.0,11.0,increase,10.0,(24.689568425019537+1.8473228386863463e-15j),(29.4044493182587+1.999677734852988e-15j),(4.714880893239162+1.5235489616664176e-16j),(19.09665171976545-8.1176758146114e-16j),(1.9096651719765452-8.117675814611401e-17j)
temperature_range,root_system,10.0,9.0,decrease,-10.0,(24.689568425019537+1.8473228386863463e-15j),(30.65249653341464+1.996695219285378e-15j),(5.962928108395104+1.4937238059903165e-16j),(24.15160931834063-1.202069672259732e-15j),(-2.415160931834063+1.202069672259732e-16j)
min_temperature_factor,root_system,0.5,0.55,increase,10.0,(24.689568425019537+1.8473228386863463e-15j),(27.198783002482838+1.8930920635212315e-15j),(2.5092145774633003+4.5769224834885194e-17j),(10.163055644668745-5.750413322478725e-16j),(1.0163055644668746-5.750413322478725e-17j)
min_temperature_factor,root_system,0.5,0.45,decrease,-10.0,(24.689568425019537+1.8473228386863463e-15j),(31.19646361955798+1.918158785350737e-15j),(6.506895194538444+7.083594666439053e-17j),(26.35483570439646-1.6850150850737672e-15j),(-2.6354835704396464+1.6850150850737673e-16j)
max_temperature_factor,root_system,2.5,2.75,increase,10.0,(24.689568425019537+1.8473228386863463e-15j),(27.48703020128797+1.9766679321513864e-15j),(2.797461776268431+1.293450934650401e-16j),(11.330541417781859-3.2388814788445083e-16j),(1.1330541417781859-3.2388814788445087e-17j)
max_temperature_factor,root_system,2.5,2.25,decrease,-10.0,(24.689568425019537+1.8473228386863463e-15j),(27.27574354497493+1.948431514542992e-15j),(2.586175119955392+1.0110867585664577e-16j),(10.474768434326513-3.7422328385678543e-16j),(-1.0474768434326513+3.7422328385678543e-17j)
min_flow_rate,root_system,0.5,0.55,increase,10.0,(24.689568425019537+1.8473228386863463e-15j),(26.979752668550685+1.8691606059502106e-15j),(2.2901842435311472+2.1837767263864333e-17j),(9.275918493619173-6.055933866190083e-16j),(0.9275918493619173-6.055933866190083e-17j)
min_flow_rate,root_system,0.5,0.45,decrease,-10.0,(24.689568425019537+1.8473228386863463e-15j),(26.13178389682686+1.9016227478346843e-15j),(1.442215471807323+5.429990914833801e-17j),(5.841396038117185-2.1713435018003055e-16j),(-0.5841396038117186+2.1713435018003057e-17j)
max_flow_rate,root_system,4.0,4.4,increase,10.0,(24.689568425019537+1.8473228386863463e-15j),(27.826543837602962+1.935131438817162e-15j),(3.136975412583425+8.780860013081562e-17j),(12.705671312603927-5.950131055610778e-16j),(1.2705671312603928-5.950131055610778e-17j)
max_flow_rate,root_system,4.0,3.6,decrease,-10.0,(24.689568425019537+1.8473228386863463e-15j),(26.028411689377723+1.8668909290308687e-15j),(1.3388432643581858+1.9568090344522368e-17j),(5.42270825196543-3.26481355533457e-16j),(-0.542270825196543+3.26481355533457e-17j)
low_flow_factor,root_system,0.5,0.55,increase,10.0,(24.689568425019537+1.8473228386863463e-15j),(28.755078909030672+1.9990137240230623e-15j),(4.065510484011135+1.5169088533671595e-16j),(16.466510932978846-6.176646316281883e-16j),(1.6466510932978846-6.176646316281883e-17j)
low_flow_factor,root_system,0.5,0.45,decrease,-10.0,(24.689568425019537+1.8473228386863463e-15j),(27.29563403082584+1.8541119814281432e-15j),(2.606065605806304+6.789142741796926e-18j),(10.555330741080953-7.62272914201105e-16j),(-1.0555330741080953+7.622729142011051e-17j)
high_flow_factor,root_system,0.7,0.77,increase,10.0,(24.689568425019537+1.8473228386863463e-15j),(24.99529488289237+1.8545785508961004e-15j),(0.3057264578728329+7.255712209754039e-18j),(1.2382819035549462-6.326296164054623e-17j),(0.12382819035549462-6.326296164054623e-18j)
high_flow_factor,root_system,0.7,0.63,decrease,-10.0,(24.689568425019537+1.8473228386863463e-15j),(26.997024016758346+1.9757200957813924e-15j),(2.307455591738808+1.2839725709504612e-16j),(9.34587252404345-1.7923027148290712e-16j),(-0.934587252404345+1.7923027148290714e-17j)
optimal_flow_rate,root_system,1.5,1.6500000000000001,increase,10.0,(24.689568425019537+1.8473228386863463e-15j),(28.382052822960944+2.0537537905079795e-15j),(3.6924843979414064+2.0643095182163318e-16j),(14.95564577872318-2.8290534333912884e-16j),(1.4955645778723181-2.8290534333912884e-17j)
optimal_flow_rate,root_system,1.5,1.35,decrease,-10.0,(24.689568425019537+1.8473228386863463e-15j),(26.423980547623245+2.0169439078517883e-15j),(1.7344121226037075+1.6962106916544195e-16j),(7.024878251197439+1.613996978609808e-16j),(-0.702487825119744-1.613996978609808e-17j)
optimal_oxygen_level,root_system,6.0,6.6000000000000005,increase,10.0,(24.689568425019537+1.8473228386863463e-15j),(30.894738063002446+1.8430277355000012e-15j),(6.205169637982909-4.295103186345063e-18j),(25.132758625682612-1.8978796437593944e-15j),(2.5132758625682614-1.8978796437593945e-16j)
optimal_oxygen_level,root_system,6.0,5.4,decrease,-10.0,(24.689568425019537+1.8473228386863463e-15j),(29.8950713795543+1.9300416521782294e-15j),(5.2055029545347615+8.271881349188304e-17j),(21.08381509520307-1.2424976927394796e-15j),(-2.1083815095203073+1.2424976927394797e-16j)
ph_min,root_system,5.5,6.050000000000001,increase,10.0,(24.689568425019537+1.8473228386863463e-15j),(26.13844782045996+1.8266335550164663e-15j),(1.4488793954404215-2.068928366988001e-17j),(5.868386885095076-5.228821040463913e-16j),(0.5868386885095077-5.228821040463913e-17j)
ph_min,root_system,5.5,4.95,decrease,-10.0,(24.689568425019537+1.8473228386863463e-15j),(28.781480540705907+1.972640456243575e-15j),(4.09191211568637+1.2531761755722857e-16j),(16.573445291736125-7.324851506555111e-16j),(-1.6573445291736126+7.324851506555111e-17j)
ph_max,root_system,6.5,7.15,increase,10.0,(24.689568425019537+1.8473228386863463e-15j),(26.118829871013777+1.920703326174064e-15j),(1.4292614459942392+7.338048748771776e-17j),(5.788928430785675-1.3592667539455623e-16j),(0.5788928430785675-1.3592667539455624e-17j)
ph_max,root_system,6.5,5.8500000000000005,decrease,-10.0,(24.689568425019537+1.8473228386863463e-15j),(29.20003375813402+1.8946798767212983e-15j),(4.510465333114482+4.7357038034952006e-17j),(18.268708692954448-1.1750913786288427e-15j),(-1.826870869295445+1.1750913786288427e-16j)
min_ph_factor,root_system,0.3,0.33,increase,10.0,(24.689568425019537+1.8473228386863463e-15j),(25.919353088163952+1.8791474729413226e-15j),(1.2297846631444145+3.182463425497624e-17j),(4.9809889017670885-2.437884303348319e-16j),(0.4980988901767089-2.4378843033483192e-17j)
min_ph_factor,root_system,0.3,0.27,decrease,-10.0,(24.689568425019537+1.8473228386863463e-15j),(25.829246440309355+1.89522033088726e-15j),(1.1396780152898174+4.789749220091355e-17j),(4.61603052621571-1.5138172246351545e-16j),(-0.4616030526215711+1.5138172246351545e-17j)
ph_penalty_factor,root_system,0.15,0.165,increase,10.0,(24.689568425019537+1.8473228386863463e-15j),(28.141889863481328+1.9202943870455947e-15j),(3.452321438461791+7.29715483592484e-17j),(13.98291529050516-7.50673467133608e-16j),(1.398291529050516-7.506734671336081e-17j)
ph_penalty_factor,root_system,0.15,0.135,decrease,-10.0,(24.689568425019537+1.8473228386863463e-15j),(28.592282018025756+1.9093613018840192e-15j),(3.9027135930062187+6.203846319767292e-17j),(15.807135733694503-9.31447489863664e-16j),(-1.5807135733694504+9.31447489863664e-17j)
channel_width,root_system,10.0,11.0,increase,10.0,(24.689568425019537+1.8473228386863463e-15j),(27.184480744753557+1.9992734046379673e-15j),(2.49491231973402+1.5195056595162099e-16j),(10.105127302289189-1.406414157758579e-16j),(1.010512730228919-1.406414157758579e-17j)
channel_width,root_system,10.0,9.0,decrease,-10.0,(24.689568425019537+1.8473228386863463e-15j),(28.83798846065071+1.8192905956833633e-15j),(4.1484200356311725-2.803224300298301e-17j),(16.80231895599807-1.3707218882089183e-15j),(-1.6802318955998072+1.3707218882089185e-16j)
channel_depth,root_system,5.0,5.5,increase,10.0,(24.689568425019537+1.8473228386863463e-15j),(27.876822398093154+1.9054888987657805e-15j),(3.1872539730736165+5.816606007943419e-17j),(12.909314242381676-7.303110655233298e-16j),(1.2909314242381678-7.303110655233299e-17j)
channel_depth,root_system,5.0,4.5,decrease,-10.0,(24.689568425019537+1.8473228386863463e-15j),(29.86853119899816+2.012997515287335e-15j),(5.178962773978622+1.656746766009886e-16j),(20.976319572805668-8.9845906483523e-16j),(-2.097631957280567+8.984590648352301e-17j)
n_channels,root_system,4.0,4.4,increase,10.0,(24.689568425019537+1.8473228386863463e-15j),(27.69336034157206+1.9155701715212347e-15j),(3.0037919165525224+6.824733283488838e-17j),(12.166239056283324-6.338805813325504e-16j),(1.2166239056283326-6.338805813325504e-17j)
n_channels,root_system,4.0,3.6,decrease,-10.0,(24.689568425019537+1.8473228386863463e-15j),(27.875482229386336+1.870833202090678e-15j),(3.1859138043667983+2.3510363404331796e-17j),(12.90388616569865-8.702706710538105e-16j),(-1.290388616569865+8.702706710538105e-17j)
channel_length,root_system,200.0,220.00000000000003,increase,10.0,(24.689568425019537+1.8473228386863463e-15j),(25.852799605887796+1.926095198994361e-15j),(1.1632311808682587+7.877236030801455e-17j),(4.711427761084237-3.3467254706364166e-17j),(0.4711427761084237-3.346725470636417e-18j)
channel_length,root_system,200.0,180.0,decrease,-10.0,(24.689568425019537+1.8473228386863463e-15j),(26.748701527901407+2.074999102347141e-15j),(2.0591331028818693+2.276762636607947e-16j),(8.340093546532861+2.981332421076081e-16j),(-0.8340093546532862-2.981332421076081e-17j)
system_multipliers_nft_root_length_multiplier,root_system,1.0,1.1,increase,10.0,(24.689568425019537+1.8473228386863463e-15j),(25.74716944882294+1.904411284929407e-15j),(1.0576010238034037+5.708844624306078e-17j),(4.283594616144315-8.928214150302407e-17j),(0.4283594616144315-8.928214150302407e-18j)
system_multipliers_nft_root_length_multiplier,root_system,1.0,0.9,decrease,-10.0,(24.689568425019537+1.8473228386863463e-15j),(31.47182059943278+1.9833948495497355e-15j),(6.7822521744132445+1.3607201086338922e-16j),(27.47011230678439-1.504237098029929e-15j),(-2.747011230678439+1.5042370980299292e-16j)
system_multipliers_nft_surface_area_multiplier,root_system,1.0,1.1,increase,10.0,(24.689568425019537+1.8473228386863463e-15j),(29.89049458745578+2.0005231858803094e-15j),(5.200926162436243+1.5320034719396313e-16j),(21.065277743639324-9.556397889802777e-16j),(2.1065277743639323-9.556397889802777e-17j)
system_multipliers_nft_surface_area_multiplier,root_system,1.0,0.9,decrease,-10.0,(24.689568425019537+1.8473228386863463e-15j),(25.909734801512887+1.8090093246511443e-15j),(1.2201663764933492-3.8313514035201995e-17j),(4.9420320172825525-5.249536887583389e-16j),(-0.49420320172825527+5.249536887583389e-17j)
system_multipliers_nft_branching_multiplier,root_system,1.0,1.1,increase,10.0,(24.689568425019537+1.8473228386863463e-15j),(27.765262909083702+1.9600321691719686e-15j),(3.075694484064165+1.1270933048562231e-16j),(12.4574655624493-4.755865876213558e-16j),(1.2457465562449301-4.755865876213559e-17j)
system_multipliers_nft_branching_multiplier,root_system,1.0,0.9,decrease,-10.0,(24.689568425019537+1.8473228386863463e-15j),(28.562640169089914+1.91018207334177e-15j),(3.8730717440703764+6.285923465542372e-17j),(15.687077543832405-9.191401308751305e-16j),(-1.5687077543832406+9.191401308751305e-17j)
system_multipliers_dwc_root_length_multiplier,root_system,0.8,0.8800000000000001,increase,10.0,(24.689568425019537+1.8473228386863463e-15j),(28.93749699311122+2.0313068089645124e-15j),(4.247928568091684+1.8398397027816612e-16j),(17.20535772422406-5.421501507635383e-16j),(1.7205357724224062-5.421501507635383e-17j)
system_multipliers_dwc_root_length_multiplier,root_system,0.8,0.7200000000000001,decrease,-10.0,(24.689568425019537+1.8473228386863463e-15j),(30.89905721277559+1.9171627401648093e-15j),(6.209488787756051+6.983990147846298e-17j),(25.150252450195016-1.5989200346702681e-15j),(-2.5150252450195016+1.5989200346702682e-16j)
system_multipliers_dwc_surface_area_multiplier,root_system,1.1,1.2100000000000002,increase,10.0,(24.689568425019537+1.8473228386863463e-15j),(29.644719993534213+1.8928938645912986e-15j),(4.955151568514676+4.557102590495232e-17j),(20.069818488577955-1.317087885537577e-15j),(2.0069818488577957-1.317087885537577e-16j)
system_multipliers_dwc_surface_area_multiplier,root_system,1.1,0.9900000000000001,decrease,-10.0,(24.689568425019537+1.8473228386863463e-15j),(28.752850557785997+1.8620053227641265e-15j),(4.06328213276646+1.4682484077780207e-17j),(16.45748545628231-1.1719135727637889e-15j),(-1.645748545628231+1.171913572763789e-16j)
system_multipliers_dwc_branching_multiplier,root_system,1.2,1.32,increase,10.0,(24.689568425019537+1.8473228386863463e-15j),(25.638373295311247+1.9674697515866944e-15j),(0.9488048702917098+1.2014691290034805e-16j),(3.842938256183629+1.9909394919775373e-16j),(0.38429382561836295+1.9909394919775373e-17j)
system_multipliers_dwc_branching_multiplier,root_system,1.2,1.08,decrease,-10.0,(24.689568425019537+1.8473228386863463e-15j),(28.022944554039288+1.848985123677392e-15j),(3.3333761290197508+1.6622849910457327e-18j),(13.50115186963667-1.0034504156476973e-15j),(-1.3501151869636672+1.0034504156476974e-16j)
system_multipliers_aeroponics_root_length_multiplier,root_system,1.5,1.6500000000000001,increase,10.0,(24.689568425019537+1.8473228386863463e-15j),(28.01608585383681+2.000508724605508e-15j),(3.3265174288172723+1.5318588591916178e-16j),(13.47337212037411-3.8765681422247187e-16j),(1.3473372120374112-3.876568142224719e-17j)
system_multipliers_aeroponics_root_length_multiplier,root_system,1.5,1.35,decrease,-10.0,(24.689568425019537+1.8473228386863463e-15j),(25.013444120468826+1.946887552028454e-15j),(0.3238756954492885+9.956471334210776e-17j),(1.311791643636364+3.0511544558590065e-16j),(-0.13117916436363639-3.0511544558590065e-17j)
system_multipliers_aeroponics_surface_area_multiplier,root_system,2.0,2.2,increase,10.0,(24.689568425019537+1.8473228386863463e-15j),(27.324653232648515+1.9222049986064033e-15j),(2.635084807628978+7.488215992005699e-17j),(10.672867027350206-4.952705049914665e-16j),(1.0672867027350206-4.952705049914665e-17j)
system_multipliers_aeroponics_surface_area_multiplier,root_system,2.0,1.8,decrease,-10.0,(24.689568425019537+1.8473228386863463e-15j),(27.983460753735695+2.0275698520063505e-15j),(3.293892328716158+1.8024701332000421e-16j),(13.341230887528368-2.681642331183523e-16j),(-1.334123088752837+2.6816423311835232e-17j)
system_multipliers_aeroponics_branching_multiplier,root_system,3.0,3.3000000000000003,increase,10.0,(24.689568425019537+1.8473228386863463e-15j),(30.04391618913391+1.9318245529967917e-15j),(5.354347764114372+8.450171431044542e-17j),(21.68668026893684-1.280383997843252e-15j),(2.168668026893684-1.280383997843252e-16j)
system_multipliers_aeroponics_branching_multiplier,root_system,3.0,2.7,decrease,-10.0,(24.689568425019537+1.8473228386863463e-15j),(27.671443267362363+2.0043967013277915e-15j),(2.981874842342826+1.5707386264144523e-16j),(12.07746847174979-2.674650671714982e-16j),(-1.2077468471749793+2.674650671714982e-17j)
base_root_conductance,root_system,50.0,55.00000000000001,increase,10.0,(24.689568425019537+1.8473228386863463e-15j),(27.90869618585884+1.836384283308639e-15j),(3.219127760839303-1.093855537770739e-17j),(13.038412439713415-1.0198644295600146e-15j),(1.3038412439713416-1.0198644295600146e-16j)
base_root_conductance,root_system,50.0,45.0,decrease,-10.0,(24.689568425019537+1.8473228386863463e-15j),(28.485229252056854+1.9904676926487506e-15j),(3.7956608270373167+1.4314485396240426e-16j),(15.373540605071604-5.70500343809437e-16j),(-1.5373540605071605+5.70500343809437e-17j)
root_conductance_scaling_factor,root_system,1.0,1.1,increase,10.0,(24.689568425019537+1.8473228386863463e-15j),(26.401727077760846+1.8841510739835222e-15j),(1.7121586527413086+3.6828235297175905e-17j),(6.934745165518031-3.6970632446388635e-16j),(0.6934745165518031-3.697063244638864e-17j)
root_conductance_scaling_factor,root_system,1.0,0.9,decrease,-10.0,(24.689568425019537+1.8473228386863463e-15j),(25.440280602067965+1.931464828698761e-15j),(0.7507121770484275+8.414199001241456e-17j),(3.040604696385386+1.1329564186942865e-16j),(-0.3040604696385386-1.1329564186942865e-17j)
base_xylem_conductance,root_system,30.0,33.0,increase,10.0,(24.689568425019537+1.8473228386863463e-15j),(29.65545864801961+1.978124992232381e-15j),(4.965890223000073+1.3080215354603477e-16j),(20.113313191687123-9.751311586983506e-16j),(2.0113313191687126-9.751311586983507e-17j)
base_xylem_conductance,root_system,30.0,27.0,decrease,-10.0,(24.689568425019537+1.8473228386863463e-15j),(27.846876964733497+1.895865885432654e-15j),(3.1573085397139593+4.8543046746307736e-17j),(12.788026446482775-7.602120992387093e-16j),(-1.2788026446482776+7.602120992387093e-17j)
xylem_conductance_scaling_factor,root_system,1.0,1.1,increase,10.0,(24.689568425019537+1.8473228386863463e-15j),(32.280619355084085+1.8833142165537967e-15j),(7.591050930064547+3.599137786745039e-17j),(30.745984698428526-2.154700358822526e-15j),(3.0745984698428526-2.1547003588225262e-16j)
xylem_conductance_scaling_factor,root_system,1.0,0.9,decrease,-10.0,(24.689568425019537+1.8473228386863463e-15j),(29.532516140362965+1.9109366887820146e-15j),(4.842947715343428+6.361385009566828e-17j),(19.615359944630523-1.2100056546524605e-15j),(-1.9615359944630524+1.2100056546524607e-16j)
cavitation_threshold,root_system,-2.0,-2.2,increase,10.0,(24.689568425019537+1.8473228386863463e-15j),(28.026442404244424+1.8706509406832955e-15j),(3.3368739792248867+2.3328101996949192e-17j),(13.515319189797648-9.167575237490693e-16j),(1.3515319189797648-9.167575237490694e-17j)
cavitation_threshold,root_system,-2.0,-1.8,decrease,-10.0,(24.689568425019537+1.8473228386863463e-15j),(26.71708397364691+1.840285836704788e-15j),(2.027515548627374-7.037001981558206e-18j),(8.212033170141448-6.429426530324373e-16j),(-0.8212033170141448+6.429426530324373e-17j)
optimal_ec_min,stress_parameters,1.0,1.1,increase,10.0,(24.689568425019537+1.8473228386863463e-15j),(24.447391816375706+1.853221414293535e-15j),(-0.24217660864383106+5.89857560718882e-18j),(-0.9808863584606762+9.728283992300164e-17j),(-0.09808863584606763+9.728283992300164e-18j)
optimal_ec_min,stress_parameters,1.0,0.9,decrease,-10.0,(24.689568425019537+1.8473228386863463e-15j),(25.535185991978295+1.931160814539212e-15j),(0.845617566958758+8.38379758528657e-17j),(3.4249993859829435+8.330311659029884e-17j),(-0.34249993859829436-8.330311659029885e-18j)
optimal_ec_max,stress_parameters,2.5,2.75,increase,10.0,(24.689568425019537+1.8473228386863463e-15j),(28.714861922542998+2.0192894869428818e-15j),(4.02529349752346+1.7196664825653548e-16j),(16.303620331590608-5.233540393954707e-16j),(1.630362033159061-5.233540393954707e-17j)
optimal_ec_max,stress_parameters,2.5,2.25,decrease,-10.0,(24.689568425019537+1.8473228386863463e-15j),(26.680053307517433+1.9675836559521173e-15j),(1.9904848824978956+1.2026081726577098e-16j),(8.062048101581267-1.1612693299071345e-16j),(-0.8062048101581267+1.1612693299071346e-17j)
vpd_stress_high_factor,stress_parameters,0.25,0.275,increase,10.0,(24.689568425019537+1.8473228386863463e-15j),(29.32702926269512+1.925330882602417e-15j),(4.637460837675583+7.800804391607062e-17j),(18.783077767273337-1.0894319287266942e-15j),(1.8783077767273337-1.0894319287266942e-16j)
vpd_stress_high_factor,stress_parameters,0.25,0.225,decrease,-10.0,(24.689568425019537+1.8473228386863463e-15j),(28.04679778791906+1.9745369754604105e-15j),(3.357229362899524+1.2721413677406416e-16j),(13.597764469213752-5.021573066091398e-16j),(-1.3597764469213753+5.021573066091399e-17j)
vpd_stress_low_factor,stress_parameters,0.15,0.165,increase,10.0,(24.689568425019537+1.8473228386863463e-15j),(29.01016128156652+1.887856397152107e-15j),(4.320592856546984+4.0533558465760636e-17j),(17.49966942382293-1.1451874193499919e-15j),(1.749966942382293-1.145187419349992e-16j)
vpd_stress_low_factor,stress_parameters,0.15,0.135,decrease,-10.0,(24.689568425019537+1.8473228386863463e-15j),(26.16097964449819+1.9227305191611047e-15j),(1.4714112194786537+7.540768047475838e-17j),(5.959647386900362-1.4048948208214214e-16j),(-0.5959647386900362+1.4048948208214216e-17j)
ec_stress_high_factor,stress_parameters,0.2,0.22000000000000003,increase,10.0,(24.689568425019537+1.8473228386863463e-15j),(25.20725128018928+1.894731224157661e-15j),(0.5176828551697419+4.740838547131482e-17j),(2.096767534604373+3.51335421546589e-17j),(0.20967675346043732+3.51335421546589e-18j)
ec_stress_high_factor,stress_parameters,0.2,0.18000000000000002,decrease,-10.0,(24.689568425019537+1.8473228386863463e-15j),(31.780298710581032+2.0455445467561954e-15j),(7.090730285561495+1.9822170806984904e-16j),(28.719539213881113-1.3459971971680786e-15j),(-2.8719539213881116+1.3459971971680787e-16j)
ec_stress_low_threshold,stress_parameters,0.8,0.8800000000000001,increase,10.0,(24.689568425019537+1.8473228386863463e-15j),(27.089127658819084+1.85297729725777e-15j),(2.399559233799547+5.654458571423771e-18j),(9.718919312368044-7.042867439644666e-16j),(0.9718919312368044-7.042867439644666e-17j)
ec_stress_low_threshold,stress_parameters,0.8,0.7200000000000001,decrease,-10.0,(24.689568425019537+1.8473228386863463e-15j),(27.714709556361882+1.9447663370728213e-15j),(3.0251411313423446+9.744349838647497e-17j),(12.252709643465348-5.220974421106464e-16j),(-1.225270964346535+5.220974421106464e-17j)
ec_stress_low_factor,stress_parameters,0.1,0.11000000000000001,increase,10.0,(24.689568425019537+1.8473228386863463e-15j),(27.847925583093883+1.9584594631882866e-15j),(3.1583571580743453+1.1113662450194033e-16j),(12.792273658675125-5.070075192370387e-16j),(1.2792273658675126-5.070075192370387e-17j)
ec_stress_low_factor,stress_parameters,0.1,0.09000000000000001,decrease,-10.0,(24.689568425019537+1.8473228386863463e-15j),(28.05674282019383+1.9874685149696484e-15j),(3.367174395174292+1.4014567628330207e-16j),(13.638044769393845-4.527946279477773e-16j),(-1.3638044769393847+4.527946279477774e-17j)
temp_stress_threshold,stress_parameters,5.0,5.5,increase,10.0,(24.689568425019537+1.8473228386863463e-15j),(29.773693076079176+2.016674183593752e-15j),(5.084124651059639+1.6935134490740551e-16j),(20.592197334269994-8.54826685516509e-16j),(2.0592197334269993-8.548266855165091e-17j)
temp_stress_threshold,stress_parameters,5.0,4.5,decrease,-10.0,(24.689568425019537+1.8473228386863463e-15j),(28.911186568522233+1.8247674979607598e-15j),(4.221618143502695-2.2555340725586536e-17j),(17.09879278094086-1.3707215901133822e-15j),(-1.7098792780940864+1.3707215901133824e-16j)
temp_stress_factor,stress_parameters,0.1,0.11000000000000001,increase,10.0,(24.689568425019537+1.8473228386863463e-15j),(28.61656123014053+1.8356286766346784e-15j),(3.9269928051209924-1.1694162051667903e-17j),(15.90547367017366-1.2374441079837856e-15j),(1.590547367017366-1.2374441079837857e-16j)
temp_stress_factor,stress_parameters,0.1,0.09000000000000001,decrease,-10.0,(24.689568425019537+1.8473228386863463e-15j),(26.251599324843667+1.8250333505567072e-15j),(1.56203089982413-2.22894881296391e-17j),(6.326683694645803-5.636540848209098e-16j),(-0.6326683694645804+5.636540848209098e-17j)
heat_stress_threshold,stress_parameters,28.0,30.800000000000004,increase,10.0,(24.689568425019537+1.8473228386863463e-15j),(30.84638267672596+2.0155457959873168e-15j),(6.156814251706422+1.6822295730097045e-16j),(24.936905116038087-1.1844767034193863e-15j),(2.493690511603809-1.1844767034193864e-16j)
heat_stress_threshold,stress_parameters,28.0,25.2,decrease,-10.0,(24.689568425019537+1.8473228386863463e-15j),(29.503417395346155+1.968801369353241e-15j),(4.813848970326617+1.2147853066689475e-16j),(19.497501485074288-9.668183061401702e-16j),(-1.949750148507429+9.668183061401703e-17j)
cold_stress_threshold,stress_parameters,15.0,16.5,increase,10.0,(24.689568425019537+1.8473228386863463e-15j),(27.708163944990304+1.916565104022923e-15j),(3.0185955199707664+6.924226533657688e-17j),(12.226197995878405-6.343370602848978e-16j),(1.2226197995878405-6.343370602848978e-17j)
cold_stress_threshold,stress_parameters,15.0,13.5,decrease,-10.0,(24.689568425019537+1.8473228386863463e-15j),(26.732881786154806+1.959958687368552e-15j),(2.0433133611352687+1.1263584868220564e-16j),(8.276018948409996-1.6302002041070508e-16j),(-0.8276018948409997+1.630200204107051e-17j)
water_stress_factor,stress_parameters,0.2,0.22000000000000003,increase,10.0,(24.689568425019537+1.8473228386863463e-15j),(26.72859085456354+1.9429821396395287e-15j),(2.0390224295440014+9.56593009531824e-17j),(8.258639415817928-2.304796510023639e-16j),(0.8258639415817929-2.3047965100236392e-17j)
water_stress_factor,stress_parameters,0.2,0.18000000000000002,decrease,-10.0,(24.689568425019537+1.8473228386863463e-15j),(30.254052621564778+1.8756569262642194e-15j),(5.564484196545241+2.833408757787306e-17j),(22.537794508009252-1.5715614425709507e-15j),(-2.2537794508009252+1.5715614425709508e-16j)
max_osmotic_adjustment,stress_parameters,0.3,0.33,increase,10.0,(24.689568425019537+1.8473228386863463e-15j),(24.663543655008684+1.8523744534187533e-15j),(-0.026024770010852905+5.051614732407e-18j),(-0.10540795838488745+2.834735666886606e-17j),(-0.010540795838488746+2.8347356668866064e-18j)
max_osmotic_adjustment,stress_parameters,0.3,0.27,decrease,-10.0,(24.689568425019537+1.8473228386863463e-15j),(24.99024334798787+1.954679563662873e-15j),(0.30067492296833365+1.0735672497652669e-16j),(1.2178217042613035+3.4370639874463976e-16j),(-0.12178217042613036-3.437063987446398e-17j)
salt_stress_osmotic_factor,stress_parameters,0.5,0.55,increase,10.0,(24.689568425019537+1.8473228386863463e-15j),(27.46602331166707+2.0142666219992087e-15j),(2.7764548866475316+1.669437833128624e-16j),(11.245457348027072-1.6523625642087894e-16j),(1.1245457348027073-1.6523625642087894e-17j)
salt_stress_osmotic_factor,stress_parameters,0.5,0.45,decrease,-10.0,(24.689568425019537+1.8473228386863463e-15j),(27.34142784191262+1.881062336643163e-15j),(2.651859416893082+3.373949795681685e-17j),(10.740809119230214-6.669939268583969e-16j),(-1.0740809119230215+6.66993926858397e-17j)
number_of_layers,canopy_parameters,5.0,5.5,increase,10.0,(24.689568425019537+1.8473228386863463e-15j),(28.464213376391267+1.77814322529772e-15j),(3.77464495137173-6.917961338862631e-17j),(15.28842013919789-1.4241078833036489e-15j),(1.528842013919789-1.4241078833036489e-16j)
number_of_layers,canopy_parameters,5.0,4.5,decrease,-10.0,(24.689568425019537+1.8473228386863463e-15j),(29.902259664932927+1.896215870211933e-15j),(5.21269123991339+4.8893031525586524e-17j),(21.112929761182187-1.3816804570907308e-15j),(-2.111292976118219+1.381680457090731e-16j)
row_spacing,canopy_parameters,0.3,0.33,increase,10.0,(24.689568425019537+1.8473228386863463e-15j),(29.225393907978148+2.054161135212441e-15j),(4.535825482958611+2.0683829652609475e-16j),(18.371424744557967-5.36830884568589e-16j),(1.8371424744557967-5.3683088456858896e-17j)
row_spacing,canopy_parameters,0.3,0.27,decrease,-10.0,(24.689568425019537+1.8473228386863463e-15j),(25.094758935681938+2.075050375626014e-15j),(0.4051905106624005+2.2772753693966767e-16j),(1.6411405160561443+7.995699640159722e-16j),(-0.16411405160561443-7.995699640159723e-17j)
plant_spacing,canopy_parameters,0.3,0.33,increase,10.0,(24.689568425019537+1.8473228386863463e-15j),(29.258589441082965+2.0028432612693157e-15j),(4.569021016063427+1.5552042258296937e-16j),(18.505876398525224-7.547432803127501e-16j),(1.8505876398525225-7.547432803127502e-17j)
plant_spacing,canopy_parameters,0.3,0.27,decrease,-10.0,(24.689568425019537+1.8473228386863463e-15j),(26.03497642972103+1.8637533817834182e-15j),(1.3454080047014934+1.6430543097071912e-17j),(5.449297377503385-3.411787944422831e-16j),(-0.5449297377503385+3.411787944422831e-17j)
plant_height,canopy_parameters,30.0,33.0,increase,10.0,(24.689568425019537+1.8473228386863463e-15j),(25.834922588364055+1.889631100146117e-15j),(1.1453541633445177+4.230826145977055e-17j),(4.639020592129331-1.757399104069711e-16j),(0.4639020592129331-1.757399104069711e-17j)
plant_height,canopy_parameters,30.0,27.0,decrease,-10.0,(24.689568425019537+1.8473228386863463e-15j),(30.576855288318715+1.9041010792766127e-15j),(5.8872868632991775+5.677824059026638e-17j),(23.84524007043075-1.5541799620180501e-15j),(-2.3845240070430753+1.5541799620180502e-16j)
canopy_width,canopy_parameters,0.3,0.33,increase,10.0,(24.689568425019537+1.8473228386863463e-15j),(24.26805408547666+1.8105092099519486e-15j),(-0.42151433954287754-3.681362873439775e-17j),(-1.7072568150512093-2.1365637438935793e-17j),(-0.17072568150512094-2.1365637438935793e-18j)
canopy_width,canopy_parameters,0.3,0.27,decrease,-10.0,(24.689568425019537+1.8473228386863463e-15j),(27.145661423660286+1.954823496668825e-15j),(2.4560929986407487+1.0750065798247852e-16j),(9.947897656047445-3.0891235550938676e-16j),(-0.9947897656047445+3.0891235550938676e-17j)
self_shading_factor,canopy_parameters,0.8,0.8800000000000001,increase,10.0,(24.689568425019537+1.8473228386863463e-15j),(25.786254440891675+1.825969836586157e-15j),(1.0966860158721374-2.1353002100189214e-17j),(4.441900307827148-4.1883778273567547e-16j),(0.44419003078271485-4.188377827356755e-17j)
self_shading_factor,canopy_parameters,0.8,0.7200000000000001,decrease,-10.0,(24.689568425019537+1.8473228386863463e-15j),(25.16012414891385+1.977969101525222e-15j),(0.4705557238943143+1.3064626283887586e-16j),(1.9058888182811238+3.86553307760882e-16j),(-0.1905888818281124-3.8655330776088204e-17j)
neighbor_shading_distance,canopy_parameters,0.6,0.66,increase,10.0,(24.689568425019537+1.8473228386863463e-15j),(26.987980654009874+2.0710204395897854e-15j),(2.298412228990337+2.236976009034391e-16j),(9.309244250139288+2.0950469798047742e-16j),(0.9309244250139289+2.0950469798047743e-17j)
neighbor_shading_distance,canopy_parameters,0.6,0.54,decrease,-10.0,(24.689568425019537+1.8473228386863463e-15j),(27.14572030478134+1.865082716379353e-15j),(2.4561518797618014+1.775987769300679e-17j),(9.94813614187287-6.724067040037382e-16j),(-0.9948136141872871+6.724067040037383e-17j)
max_lai,canopy_parameters,4.0,4.4,increase,10.0,(24.689568425019537+1.8473228386863463e-15j),(27.659697385005213+1.9836631400048868e-15j),(2.9701289599856757+1.3634030131854048e-16j),(12.029894200077843-3.4788247502237855e-16j),(1.2029894200077844-3.478824750223786e-17j)
max_lai,canopy_parameters,4.0,3.6,decrease,-10.0,(24.689568425019537+1.8473228386863463e-15j),(29.670685456401642+1.911628374928472e-15j),(4.981117031382105+6.430553624212586e-17j),(20.17498623562175-1.2490764799186539e-15j),(-2.017498623562175+1.249076479918654e-16j)
specific_leaf_area,canopy_parameters,180.0,198.00000000000003,increase,10.0,(24.689568425019537+1.8473228386863463e-15j),(27.923061760636244+2.000958670969692e-15j),(3.233493335616707+1.536358322833455e-16j),(13.096597234725248-3.576433496302747e-16j),(1.309659723472525-3.576433496302747e-17j)
specific_leaf_area,canopy_parameters,180.0,162.0,decrease,-10.0,(24.689568425019537+1.8473228386863463e-15j),(26.827913425733787+1.904015398198306e-15j),(2.1383450007142493+5.669255951195983e-17j),(8.660924986227487-4.1840620306440643e-16j),(-0.8660924986227487+4.184062030644065e-17j)
extinction_coefficient,canopy_parameters,0.7,0.77,increase,10.0,(24.689568425019537+1.8473228386863463e-15j),(25.669743152842983+1.8308836427278976e-15j),(0.9801747278234458-1.6439195958448718e-17j),(3.9699953881339267-3.6362655641750193e-16j),(0.39699953881339267-3.6362655641750195e-17j)
extinction_coefficient,canopy_parameters,0.7,0.63,decrease,-10.0,(24.689568425019537+1.8473228386863463e-15j),(25.418636543887533+1.9479572742128043e-15j),(0.7290681188679962+1.0063443552645797e-16j),(2.9529399069170617+1.8665414242962523e-16j),(-0.2952939906917062-1.8665414242962523e-17j)
clumping_factor,canopy_parameters,0.9,0.9900000000000001,increase,10.0,(24.689568425019537+1.8473228386863463e-15j),(28.25021445866771+1.996198645601493e-15j),(3.5606460336481724+1.4887580691514654e-16j),(14.421661700817499-4.760668205241982e-16j),(1.4421661700817499-4.7606682052419826e-17j)
clumping_factor,canopy_parameters,0.9,0.81,decrease,-10.0,(24.689568425019537+1.8473228386863463e-15j),(26.908525845209667+1.9490734026590846e-15j),(2.2189574201901294+1.0175056397273825e-16j),(8.98742894971593-2.603377366488807e-16j),(-0.8987428949715931+2.603377366488807e-17j)
leaf_scattering,canopy_parameters,0.15,0.165,increase,10.0,(24.689568425019537+1.8473228386863463e-15j),(27.66709293575635+1.9940851489820796e-15j),(2.9775245107368136+1.4676231029573332e-16j),(12.059848351660515-3.0791150864505274e-16j),(1.2059848351660516-3.0791150864505276e-17j)
leaf_scattering,canopy_parameters,0.15,0.135,decrease,-10.0,(24.689568425019537+1.8473228386863463e-15j),(28.970308120840635+2.0039220631726097e-15j),(4.280739695821097+1.5659922448626337e-16j),(17.338252423574755-6.630098572222916e-16j),(-1.7338252423574756+6.630098572222916e-17j)
leaf_reflectance,canopy_parameters,0.1,0.11000000000000001,increase,10.0,(24.689568425019537+1.8473228386863463e-15j),(27.552046000712906+1.830195494003543e-15j),(2.8624775756933687-1.7127344682803397e-17j),(11.59387449151454-9.368476275947661e-16j),(1.1593874491514542-9.368476275947662e-17j)
leaf_reflectance,canopy_parameters,0.1,0.09000000000000001,decrease,-10.0,(24.689568425019537+1.8473228386863463e-15j),(28.255820717355242+1.949726348370362e-15j),(3.5662522923357045+1.0240350968401585e-16j),(14.444368694277337-6.659922493533829e-16j),(-1.4444368694277339+6.65992249353383e-17j)
leaf_transmittance,canopy_parameters,0.05,0.05500000000000001,increase,10.0,(24.689568425019537+1.8473228386863463e-15j),(28.746828185574117+2.009723272504409e-15j),(4.0572597605545795+1.6240043381806268e-16j),(16.43309308089442-5.717874259188231e-16j),(1.643309308089442-5.717874259188232e-17j)
leaf_transmittance,canopy_parameters,0.05,0.045000000000000005,decrease,-10.0,(24.689568425019537+1.8473228386863463e-15j),(25.493518782487726+1.876925855685635e-15j),(0.8039503574681888+2.960301699928886e-17j),(3.2562349557049926-1.237370961404868e-16j),(-0.3256234955704993+1.2373709614048681e-17j)
max_individual_leaf_area,leaf_development,0.008,0.0088,increase,10.0,(24.689568425019537+1.8473228386863463e-15j),(29.043743343994375+1.974700920281937e-15j),(4.354174918974838+1.2737808159559075e-16j),(17.635686635018175-8.036186860649776e-16j),(1.7635686635018175-8.036186860649777e-17j)
max_individual_leaf_area,leaf_development,0.008,0.007200000000000001,decrease,-10.0,(24.689568425019537+1.8473228386863463e-15j),(23.349675901584973+1.810743232813856e-15j),(-1.339892523434564-3.6579605872490384e-17j),(-5.426958059245638+2.5789770281022313e-16j),(0.5426958059245638-2.5789770281022315e-17j)
leaf_area_expansion_rate,leaf_development,0.2,0.22000000000000003,increase,10.0,(24.689568425019537+1.8473228386863463e-15j),(29.325032251228293+2.0164919291301304e-15j),(4.635463826208756+1.6916909044378407e-16j),(18.774989284589278-7.195977325845353e-16j),(1.8774989284589279-7.195977325845354e-17j)
leaf_area_expansion_rate,leaf_development,0.2,0.18000000000000002,decrease,-10.0,(24.689568425019537+1.8473228386863463e-15j),(26.976353369033685+1.818669344150012e-15j),(2.2867849440141477-2.8653494536334326e-17j),(9.262150332675724-8.090676578327364e-16j),(-0.9262150332675724+8.090676578327365e-17j)
temperature_stress_sensitivity,leaf_development,0.8,0.8800000000000001,increase,10.0,(24.689568425019537+1.8473228386863463e-15j),(27.799330216111507+1.8652256809765164e-15j),(3.1097617910919695+1.7902842290170134e-17j),(12.595448156722927-8.69904829629281e-16j),(1.2595448156722928-8.69904829629281e-17j)
temperature_stress_sensitivity,leaf_development,0.8,0.7200000000000001,decrease,-10.0,(24.689568425019537+1.8473228386863463e-15j),(29.79901075321535+1.879443892157642e-15j),(5.1094423281958115+3.2121053471295664e-17j),(20.694741358937982-1.4183222000129302e-15j),(-2.0694741358937985+1.4183222000129302e-16j)
leaf_thickness,canopy_parameters,0.2,0.22000000000000003,increase,10.0,(24.689568425019537+1.8473228386863463e-15j),(26.305715211406397+1.994438846396507e-15j),(1.6161467863868602+1.4711600771016067e-16j),(6.545868921504168+1.0608802746912253e-16j),(0.6545868921504168+1.0608802746912254e-17j)
leaf_thickness,canopy_parameters,0.2,0.18000000000000002,decrease,-10.0,(24.689568425019537+1.8473228386863463e-15j),(25.921187717221358+1.9895101977679057e-15j),(1.2316192922018203+1.4218735908155935e-16j),(4.988419688023954+2.0265701706013948e-16j),(-0.4988419688023954-2.026570170601395e-17j)
leaf_absorptance,canopy_parameters,0.85,0.935,increase,10.0,(24.689568425019537+1.8473228386863463e-15j),(25.41033877521839+1.974126053270812e-15j),(0.7207703501988512+1.2680321458446577e-16j),(2.919331507911041+2.9516002729319044e-16j),(0.2919331507911041+2.9516002729319044e-17j)
leaf_absorptance,canopy_parameters,0.85,0.765,decrease,-10.0,(24.689568425019537+1.8473228386863463e-15j),(28.181919011524005+1.794969628280558e-15j),(3.492350586504468-5.235321040578844e-17j),(14.145045091049235-1.2704064061215953e-15j),(-1.4145045091049235+1.2704064061215954e-16j)
mean_leaf_angle,canopy_parameters,45.0,49.50000000000001,increase,10.0,(24.689568425019537+1.8473228386863463e-15j),(28.841455345919684+1.9435524644297555e-15j),(4.1518869209001465+9.622962574340916e-17j),(16.816360859077513-8.684754846704924e-16j),(1.6816360859077513-8.684754846704924e-17j)
mean_leaf_angle,canopy_parameters,45.0,40.5,decrease,-10.0,(24.689568425019537+1.8473228386863463e-15j),(27.23429949363983+1.9717493063336986e-15j),(2.544731068620294+1.244264676473523e-16j),(10.306907860088609-2.672197183793849e-16j),(-1.030690786008861+2.672197183793849e-17j)
leaf_angle_variance,canopy_parameters,15.0,16.5,increase,10.0,(24.689568425019537+1.8473228386863463e-15j),(28.41474974516092+1.9353211750781014e-15j),(3.725181320141381+8.79983363917551e-17j),(15.088077912153434-7.725010397709874e-16j),(1.5088077912153435-7.725010397709875e-17j)
leaf_angle_variance,canopy_parameters,15.0,13.5,decrease,-10.0,(24.689568425019537+1.8473228386863463e-15j),(27.338635846661436+1.9620533706862457e-15j),(2.649067421641899+1.1473053199989936e-16j),(10.729500718843783-3.3811034611574625e-16j),(-1.0729500718843783+3.381103461157463e-17j)
beam_extinction_coeff,canopy_parameters,0.7,0.77,increase,10.0,(24.689568425019537+1.8473228386863463e-15j),(28.09839889989616+1.949109250373578e-15j),(3.4088304748766234+1.0178641168723176e-16j),(13.806764120762171-6.207848292878318e-16j),(1.3806764120762172-6.207848292878318e-17j)
beam_extinction_coeff,canopy_parameters,0.7,0.63,decrease,-10.0,(24.689568425019537+1.8473228386863463e-15j),(28.33839545773236+1.963995318122384e-15j),(3.6488270327128234+1.1667247943603775e-16j),(14.778820633475434-6.332230953709772e-16j),(-1.4778820633475434+6.332230953709773e-17j)
diffuse_extinction_coeff,canopy_parameters,0.5,0.55,increase,10.0,(24.689568425019537+1.8473228386863463e-15j),(27.71054114863516+1.947905525020676e-15j),(3.020972723615621+1.0058268633432988e-16j),(12.235826368492832-5.08119569014885e-16j),(1.2235826368492833-5.0811956901488506e-17j)
diffuse_extinction_coeff,canopy_parameters,0.5,0.45,decrease,-10.0,(24.689568425019537+1.8473228386863463e-15j),(25.912303754510273+1.9749315265950523e-15j),(1.2227353294907353+1.2760868790870603e-16j),(4.952437031064741+1.463014133761978e-16j),(-0.4952437031064741-1.4630141337619778e-17j)
clumping_index,canopy_parameters,0.9,0.9900000000000001,increase,10.0,(24.689568425019537+1.8473228386863463e-15j),(26.25856608725178+1.900450603198625e-15j),(1.568997662232242+5.3127764512278606e-17j),(6.354901127563959-2.603033568137217e-16j),(0.635490112756396-2.603033568137217e-17j)
clumping_index,canopy_parameters,0.9,0.81,decrease,-10.0,(24.689568425019537+1.8473228386863463e-15j),(27.236753591744254+1.9379187750832698e-15j),(2.5471851667247165+9.059593639692345e-17j),(10.31684767783745-4.0498701827012846e-16j),(-1.031684767783745+4.049870182701285e-17j)
max_extinction_coefficient,canopy_parameters,10.0,11.0,increase,10.0,(24.689568425019537+1.8473228386863463e-15j),(26.072979053903392+1.836975823432995e-15j),(1.3834106288838548-1.0347015253351363e-17j),(5.6032191615061-4.611525020021206e-16j),(0.56032191615061-4.611525020021207e-17j)
max_extinction_coefficient,canopy_parameters,10.0,9.0,decrease,-10.0,(24.689568425019537+1.8473228386863463e-15j),(28.070306654556223+1.8619321771517253e-15j),(3.3807382295366857+1.460933846537896e-17j),(13.692982280365682-9.653641829379288e-16j),(-1.3692982280365682+9.653641829379289e-17j)
upper_canopy_lai_factor,canopy_parameters,0.8,0.8800000000000001,increase,10.0,(24.689568425019537+1.8473228386863463e-15j),(28.325567094720363+1.966171931059998e-15j),(3.6359986697008253+1.188490923736518e-16j),(14.726861997377938-6.20519525041515e-16j),(1.4726861997377938-6.20519525041515e-17j)
upper_canopy_lai_factor,canopy_parameters,0.8,0.7200000000000001,decrease,-10.0,(24.689568425019537+1.8473228386863463e-15j),(29.618176167100046+1.8489500531724868e-15j),(4.928607742080509+1.627214486140441e-18j),(19.96230819930425-1.4870290872987326e-15j),(-1.996230819930425+1.4870290872987327e-16j)
middle_canopy_lai_factor,canopy_parameters,1.2,1.32,increase,10.0,(24.689568425019537+1.8473228386863463e-15j),(30.80094547725079+1.9189261537609284e-15j),(6.111377052231251+7.160331507458208e-17j),(24.752871119602872-1.5620448268250092e-15j),(2.4752871119602875-1.5620448268250093e-16j)
middle_canopy_lai_factor,canopy_parameters,1.2,1.08,decrease,-10.0,(24.689568425019537+1.8473228386863463e-15j),(29.320234000027632+1.9128383519169944e-15j),(4.630665575008095+6.551551323064805e-17j),(18.755554958650237-1.1379710337834507e-15j),(-1.8755554958650238+1.1379710337834507e-16j)
lower_middle_canopy_lai_factor,canopy_parameters,0.9,0.9900000000000001,increase,10.0,(24.689568425019537+1.8473228386863463e-15j),(27.268139105238625+2.0545227392483445e-15j),(2.5785706802190873+2.0719990056199823e-16j),(10.443968221032387+5.778185387503994e-17j),(1.0443968221032387+5.778185387503994e-18j)
lower_middle_canopy_lai_factor,canopy_parameters,0.9,0.81,decrease,-10.0,(24.689568425019537+1.8473228386863463e-15j),(29.013814822718434+1.9943229894791426e-15j),(4.3242463976988965+1.4700015079279633e-16j),(17.51446733802304-7.150736755603055e-16j),(-1.7514467338023039+7.150736755603055e-17j)
bottom_canopy_lai_factor,canopy_parameters,0.6,0.66,increase,10.0,(24.689568425019537+1.8473228386863463e-15j),(28.71112142117306+1.9800133520769507e-15j),(4.021552996153524+1.3269051339060434e-16j),(16.288470202979425-6.813003526266449e-16j),(1.6288470202979426-6.813003526266449e-17j)
bottom_canopy_lai_factor,canopy_parameters,0.6,0.54,decrease,-10.0,(24.689568425019537+1.8473228386863463e-15j),(26.172711624378+1.9608689515104435e-15j),(1.4831431993584623+1.1354611282409714e-16j),(6.00716534945786+1.0426975966501078e-17j),(-0.600716534945786-1.0426975966501079e-18j)
shaded_light_fraction,canopy_parameters,0.2,0.22000000000000003,increase,10.0,(24.689568425019537+1.8473228386863463e-15j),(27.5330715520751+2.054811472604121e-15j),(2.8435031270555626+2.0748863391777473e-16j),(11.517022404385395-2.133674920668809e-17j),(1.1517022404385395-2.1336749206688093e-18j)
shaded_light_fraction,canopy_parameters,0.2,0.18000000000000002,decrease,-10.0,(24.689568425019537+1.8473228386863463e-15j),(29.1186927701862+1.836391432200484e-15j),(4.429124345166663-1.0931406485862218e-17j),(17.93925381327583-1.3865262177750969e-15j),(-1.793925381327583+1.386526217775097e-16j)
max_temperature_gradient,canopy_parameters,3.0,3.3000000000000003,increase,10.0,(24.689568425019537+1.8473228386863463e-15j),(31.618744942216885+2.007928841457903e-15j),(6.929176517197348+1.6060600277155668e-16j),(28.065199026223418-1.4493928059107558e-15j),(2.806519902622342-1.449392805910756e-16j)
max_temperature_gradient,canopy_parameters,3.0,2.7,decrease,-10.0,(24.689568425019537+1.8473228386863463e-15j),(29.13619162835004+2.0278677989412066e-15j),(4.446623203330503+1.8054496025486032e-16j),(18.01012932581054-6.162937700587397e-16j),(-1.801012932581054+6.162937700587398e-17j)
temperature_gradient_factor,canopy_parameters,0.5,0.55,increase,10.0,(24.689568425019537+1.8473228386863463e-15j),(30.344439003149027+2.0094577793978405e-15j),(5.65487057812949+1.621349407114942e-16j),(22.90388588728446-1.0570203971913454e-15j),(2.290388588728446-1.0570203971913455e-16j)
temperature_gradient_factor,canopy_parameters,0.5,0.45,decrease,-10.0,(24.689568425019537+1.8473228386863463e-15j),(26.25092930256163+1.956421419649546e-15j),(1.5613608775420929+1.0909858096319956e-16j),(6.323969907711568-3.129078370515106e-17j),(-0.6323969907711569+3.129078370515106e-18j)
ppfd_to_photosynthesis_factor,canopy_parameters,0.05,0.05500000000000001,increase,10.0,(24.689568425019537+1.8473228386863463e-15j),(28.340858594070138+1.9185505153597102e-15j),(3.6512901690506006+7.12276766733639e-17j),(14.788797058722631-8.180343434222426e-16j),(1.4788797058722631-8.180343434222426e-17j)
ppfd_to_photosynthesis_factor,canopy_parameters,0.05,0.045000000000000005,decrease,-10.0,(24.689568425019537+1.8473228386863463e-15j),(26.709912667945414+1.9182082163371358e-15j),(2.0203442429258764+7.088537765078948e-17j),(8.182987276839278-3.251608688295526e-16j),(-0.8182987276839278+3.251608688295526e-17j)
carbon_to_biomass_ratio,model_constants,0.45,0.49500000000000005,increase,10.0,(24.689568425019537+1.8473228386863463e-15j),(22.60483289207513+1.7244692986170222e-15j),(-2.084735532944407-1.2285354006932408e-16j),(-8.443790904144803+1.3418840371583775e-16j),(-0.8443790904144803+1.3418840371583775e-17j)
carbon_to_biomass_ratio,model_constants,0.45,0.405,decrease,-10.0,(24.689568425019537+1.8473228386863463e-15j),(27.350737910713786+2.2746179071073443e-15j),(2.6611694856942485+4.2729506842099803e-16j),(10.778517630942115+9.242002396507635e-16j),(-1.0778517630942115-9.242002396507635e-17j)
growth_respiration_fraction,model_constants,0.25,0.275,increase,10.0,(24.689568425019537+1.8473228386863463e-15j),(25.085116107792743+1.853571716141765e-15j),(0.3955476827732056+6.248877455418569e-18j),(1.602084232352849-9.456135507079025e-17j),(0.16020842323528492-9.456135507079026e-18j)
growth_respiration_fraction,model_constants,0.25,0.225,decrease,-10.0,(24.689568425019537+1.8473228386863463e-15j),(28.73823139634525+1.8993345953957167e-15j),(4.048662971325712+5.201175670937038e-17j),(16.39827356084094-1.0162887078902454e-15j),(-1.6398273560840941+1.0162887078902454e-16j)
vegetative_leaf_allocation,model_constants,0.6,0.66,increase,10.0,(24.689568425019537+1.8473228386863463e-15j),(26.128711557181756+1.9289779292596876e-15j),(1.4391431321622186+8.165509057334127e-17j),(5.828952160637371-1.0540675923618762e-16j),(0.5828952160637372-1.0540675923618762e-17j)
vegetative_leaf_allocation,model_constants,0.6,0.54,decrease,-10.0,(24.689568425019537+1.8473228386863463e-15j),(25.73835039900047+1.8903218040136363e-15j),(1.0487819739809332+4.2998965327290006e-17j),(4.247874875439842-1.4367605295839154e-16j),(-0.4247874875439842+1.4367605295839156e-17j)
vegetative_stem_allocation,model_constants,0.25,0.275,increase,10.0,(24.689568425019537+1.8473228386863463e-15j),(27.24172581104095+1.8823082456863073e-15j),(2.5521573860214133+3.498540699996103e-17j),(10.336986625635573-6.317328236863849e-16j),(1.0336986625635574-6.317328236863849e-17j)
vegetative_stem_allocation,model_constants,0.25,0.225,decrease,-10.0,(24.689568425019537+1.8473228386863463e-15j),(23.769403979303405+1.8734931794022034e-15j),(-0.9201644457161322+2.617034071585708e-17j),(-3.726936128959103+3.8485436996574893e-16j),(0.37269361289591035-3.84854369965749e-17j)
vegetative_root_allocation,model_constants,0.15,0.165,increase,10.0,(24.689568425019537+1.8473228386863463e-15j),(27.545883064187834+1.937902471371672e-15j),(2.8563146391682963+9.057963268532557e-17j),(11.568912789394114-4.987350663289698e-16j),(1.1568912789394115-4.987350663289698e-17j)
vegetative_root_allocation,model_constants,0.15,0.135,decrease,-10.0,(24.689568425019537+1.8473228386863463e-15j),(28.224242908275414+1.8166439291263543e-15j),(3.534674483255877-3.067890955999206e-17j),(14.316469297510936-1.1954454266091401e-15j),(-1.4316469297510936+1.1954454266091403e-16j)
reproductive_leaf_allocation,model_constants,0.4,0.44000000000000006,increase,10.0,(24.689568425019537+1.8473228386863463e-15j),(29.97179563556349+2.0035476093584762e-15j),(5.282227210543951+1.5622477067212993e-16j),(21.39457085524074-9.680283545720828e-16j),(2.139457085524074-9.680283545720828e-17j)
reproductive_leaf_allocation,model_constants,0.4,0.36000000000000004,decrease,-10.0,(24.689568425019537+1.8473228386863463e-15j),(27.327245108651034+1.94531182939742e-15j),(2.637676683631497+9.798899071107372e-17j),(10.68336488603247-4.024665277992724e-16j),(-1.068336488603247+4.024665277992724e-17j)
reproductive_stem_allocation,model_constants,0.45,0.49500000000000005,increase,10.0,(24.689568425019537+1.8473228386863463e-15j),(26.412642421280697+2.0047136461098235e-15j),(1.72307399626116+1.5739080742347717e-16j),(6.978955511085635+1.152995786535716e-16j),(0.6978955511085636+1.1529957865357162e-17j)
reproductive_stem_allocation,model_constants,0.45,0.405,decrease,-10.0,(24.689568425019537+1.8473228386863463e-15j),(27.066405279457076+1.9908899697248038e-15j),(2.3768368544375384+1.435671310384575e-16j),(9.626887005561976-1.38813893705353e-16j),(-0.9626887005561976+1.3881389370535303e-17j)
reproductive_root_allocation,model_constants,0.15,0.165,increase,10.0,(24.689568425019537+1.8473228386863463e-15j),(27.07001194855217+2.030596299058462e-15j),(2.3804435235326338+1.8327346037211563e-16j),(9.6414950741722+2.0915391420453235e-17j),(0.96414950741722+2.0915391420453235e-18j)
reproductive_root_allocation,model_constants,0.15,0.135,decrease,-10.0,(24.689568425019537+1.8473228386863463e-15j),(29.01167140624066+2.0310873964080537e-15j),(4.322102981221121+1.837645577217074e-16j),(17.505785872065932-5.655174702973118e-16j),(-1.7505785872065933+5.655174702973119e-17j)
maintenance_respiration_coefficient,model_constants,0.015,0.0165,increase,10.0,(24.689568425019537+1.8473228386863463e-15j),(28.129312393468947+1.8371119889266092e-15j),(3.4397439684494096-1.0210849759737095e-17j),(13.931972844708351-1.0837749829942708e-15j),(1.3931972844708351-1.0837749829942709e-16j)
maintenance_respiration_coefficient,model_constants,0.015,0.0135,decrease,-10.0,(24.689568425019537+1.8473228386863463e-15j),(29.258778302281108+1.9611392671159343e-15j),(4.569209877261571+1.1381642842958797e-16j),(18.50664134181987-9.237139338592522e-16j),(-1.850664134181987+9.237139338592522e-17j)
growth_respiration_coefficient,model_constants,0.2,0.22000000000000003,increase,10.0,(24.689568425019537+1.8473228386863463e-15j),(27.31175969783188+1.8350928488740418e-15j),(2.622191272812344-1.2229989812304555e-17j),(10.620644426312078-8.441928847327395e-16j),(1.0620644426312078-8.441928847327396e-17j)
growth_respiration_coefficient,model_constants,0.2,0.18000000000000002,decrease,-10.0,(24.689568425019537+1.8473228386863463e-15j),(26.863676355176203+1.8291652934892515e-15j),(2.1741079301566657-1.8157545197094857e-17j),(8.805775349047824-7.324090937135308e-16j),(-0.8805775349047824+7.324090937135309e-17j)
q10_factor,respiration_parameters,1.8,1.9800000000000002,increase,10.0,(24.689568425019537+1.8473228386863463e-15j),(29.300156997491815+2.3592991402339805e-15j),(4.6105885724722775+5.119763015476342e-16j),(18.67423720456802+6.764105789226822e-16j),(1.867423720456802+6.764105789226823e-17j)
q10_factor,respiration_parameters,1.8,1.62,decrease,-10.0,(24.689568425019537+1.8473228386863463e-15j),(27.258087306467626+1.602603239360072e-15j),(2.568518881448089-2.4471959932627436e-16j),(10.403255485200146-1.769578578086956e-15j),(-1.0403255485200147+1.769578578086956e-16j)
base_temperature_respiration,model_constants,22.0,24.200000000000003,increase,10.0,(24.689568425019537+1.8473228386863463e-15j),(27.48475177967639+1.834550664751877e-15j),(2.795183354656853-1.2772173934469415e-17j),(11.321313141400692-8.988143227723814e-16j),(1.1321313141400693-8.988143227723814e-17j)
base_temperature_respiration,model_constants,22.0,19.8,decrease,-10.0,(24.689568425019537+1.8473228386863463e-15j),(28.066695390872397+2.0426510487192417e-15j),(3.3771269658528595+1.953282100328954e-16j),(13.678355602322306-2.3230530391700267e-16j),(-1.3678355602322307+2.3230530391700267e-17j)
leaf_respiration_fraction,model_constants,0.5,0.55,increase,10.0,(24.689568425019537+1.8473228386863463e-15j),(27.282002780289623+2.0421501794769618e-15j),(2.592434355270086+1.9482734079061547e-16j),(10.500120174814414+3.467953335662125e-18j),(1.0500120174814416+3.4679533356621253e-19j)
leaf_respiration_fraction,model_constants,0.5,0.45,decrease,-10.0,(24.689568425019537+1.8473228386863463e-15j),(27.033563918394236+1.878774326507332e-15j),(2.343995493374699+3.14514878209858e-17j),(9.493869852335598-5.829625522757736e-16j),(-0.9493869852335598+5.829625522757736e-17j)
stem_respiration_fraction,model_constants,0.2,0.22000000000000003,increase,10.0,(24.689568425019537+1.8473228386863463e-15j),(27.784274437385527+1.887599913067057e-15j),(3.0947060123659895+4.027707438071073e-17j),(12.53446783310284-7.747199518245133e-16j),(1.253446783310284-7.747199518245134e-17j)
stem_respiration_fraction,model_constants,0.2,0.18000000000000002,decrease,-10.0,(24.689568425019537+1.8473228386863463e-15j),(29.840308740931704+1.8722043245263363e-15j),(5.1507403159121665+2.488148583998999e-17j),(20.862010332641486-1.4601599729814492e-15j),(-2.0862010332641487+1.4601599729814493e-16j)
root_respiration_fraction,model_constants,0.3,0.33,increase,10.0,(24.689568425019537+1.8473228386863463e-15j),(26.489991614060173+2.0029867278471706e-15j),(1.800423189040636+1.556638891608243e-16j),(7.2922424484996275+8.486429813847038e-17j),(0.7292242448499628+8.486429813847038e-18j)
root_respiration_fraction,model_constants,0.3,0.27,decrease,-10.0,(24.689568425019537+1.8473228386863463e-15j),(28.169557353825343+1.9529915286386465e-15j),(3.479988928805806+1.0566868995230018e-16j),(14.094976748476931-6.266251072783664e-16j),(-1.4094976748476933+6.266251072783664e-17j)
growth_efficiency,respiration_parameters,0.75,0.8250000000000001,increase,10.0,(24.689568425019537+1.8473228386863463e-15j),(26.983070753073648+1.8988219067527634e-15j),(2.2935023280541103+5.149906806641704e-17j),(9.28935770999527-4.864619600069073e-16j),(0.9289357709995271-4.8646196000690735e-17j)
growth_efficiency,respiration_parameters,0.75,0.675,decrease,-10.0,(24.689568425019537+1.8473228386863463e-15j),(29.410761861534+1.9878142310615467e-15j),(4.721193436514461+1.4049139237520042e-16j),(19.12221937314291-8.617312773801769e-16j),(-1.9122219373142912+8.61731277380177e-17j)
maintenance_coefficient,model_constants,0.022,0.0242,increase,10.0,(24.689568425019537+1.8473228386863463e-15j),(28.171053007303417+1.8434964874788778e-15j),(3.48148458228388-3.826351207468536e-18j),(14.101034584127708-1.0705654267462586e-15j),(1.410103458412771-1.0705654267462586e-16j)
maintenance_coefficient,model_constants,0.022,0.019799999999999998,decrease,-10.0,(24.689568425019537+1.8473228386863463e-15j),(26.061528644387067+1.9850498409733477e-15j),(1.37196021936753+1.3772700228700136e-16j),(5.55684164157861+1.4206079640073193e-16j),(-0.555684164157861-1.4206079640073193e-17j)
maintenance_base_rate,respiration_parameters,0.018,0.0198,increase,10.0,(24.689568425019537+1.8473228386863463e-15j),(28.42938299014279+1.8315910103715106e-15j),(3.739814565123254-1.5731828314835755e-17j),(15.147346850070727-1.1970732782502871e-15j),(1.5147346850070729-1.1970732782502873e-16j)
maintenance_base_rate,respiration_parameters,0.018,0.0162,decrease,-10.0,(24.689568425019537+1.8473228386863463e-15j),(26.97125669492048+1.9792261779447447e-15j),(2.2816882699009433+1.319033392583984e-16j),(9.241507306335743-1.5722079536665071e-16j),(-0.9241507306335743+1.5722079536665072e-17j)
biosynthetic_cost,respiration_parameters,1.44,1.584,increase,10.0,(24.689568425019537+1.8473228386863463e-15j),(26.405602377951915+2.0142074739110656e-15j),(1.7160339529323778+1.6688463522471927e-16j),(6.950441268926393+1.5588586082921968e-16j),(0.6950441268926393+1.558858608292197e-17j)
biosynthetic_cost,respiration_parameters,1.44,1.296,decrease,-10.0,(24.689568425019537+1.8473228386863463e-15j),(32.04989292529531+2.0416496315787785e-15j),(7.360324500275773+1.943267928924322e-16j),(29.811474925649488-1.4434735586434712e-15j),(-2.981147492564949+1.4434735586434713e-16j)
carbohydrate_fraction,model_constants,0.3,0.33,increase,10.0,(24.689568425019537+1.8473228386863463e-15j),(28.606769184527202+1.9868968283673042e-15j),(3.917200759507665+1.3957398968095792e-16j),(15.86581301088322-6.217961973640137e-16j),(1.586581301088322-6.217961973640137e-17j)
carbohydrate_fraction,model_constants,0.3,0.27,decrease,-10.0,(24.689568425019537+1.8473228386863463e-15j),(25.91818265883389+1.951828745363194e-15j),(1.2286142338143513+1.0450590667684785e-16j),(4.976248319388673+5.0946759159583976e-17j),(-0.4976248319388673-5.094675915958398e-18j)
lipid_fraction,model_constants,0.05,0.05500000000000001,increase,10.0,(24.689568425019537+1.8473228386863463e-15j),(28.632790972423244+1.8864986939668928e-15j),(3.943222547403707+3.9175855280546483e-17j),(15.97120889082769-1.0363240449141845e-15j),(1.597120889082769-1.0363240449141845e-16j)
lipid_fraction,model_constants,0.05,0.045000000000000005,decrease,-10.0,(24.689568425019537+1.8473228386863463e-15j),(28.71565958708662+1.9958602324355623e-15j),(4.0260911620670825+1.48537393749216e-16j),(16.30685110715497-6.184911311333069e-16j),(-1.630685110715497+6.184911311333068e-17j)
protein_fraction,model_constants,0.2,0.22000000000000003,increase,10.0,(24.689568425019537+1.8473228386863463e-15j),(26.431641177817887+2.0043112300662866e-15j),(1.7420727527983502+1.5698839137994029e-16j),(7.055906052343122+1.0791208230174846e-16j),(0.7055906052343123+1.0791208230174846e-17j)
protein_fraction,model_constants,0.2,0.18000000000000002,decrease,-10.0,(24.689568425019537+1.8473228386863463e-15j),(29.14846918346775+1.9057641910339352e-15j),(4.4589007584482125+5.844135234758889e-17j),(18.0598570282408-1.1145699529131684e-15j),(-1.80598570282408+1.1145699529131683e-16j)
lignin_fraction,model_constants,0.1,0.11000000000000001,increase,10.0,(24.689568425019537+1.8473228386863463e-15j),(27.770590579096282+1.9543363169147997e-15j),(3.081022154076745+1.0701347822845339e-16j),(12.479044189992992-5.002710173657117e-16j),(1.2479044189992994-5.002710173657117e-17j)
lignin_fraction,model_constants,0.1,0.09000000000000001,decrease,-10.0,(24.689568425019537+1.8473228386863463e-15j),(30.525261087850055+1.831178641378664e-15j),(5.8356926628305175-1.6144197307682353e-17j),(23.636268412520455-1.8339015656772105e-15j),(-2.3636268412520454+1.8339015656772106e-16j)
organic_acid_fraction,model_constants,0.1,0.11000000000000001,increase,10.0,(24.689568425019537+1.8473228386863463e-15j),(30.235140882595026+1.989862496403663e-15j),(5.545572457575489+1.425396577173168e-16j),(22.4611964134448-1.1032641348012224e-15j),(2.24611964134448-1.1032641348012224e-16j)
organic_acid_fraction,model_constants,0.1,0.09000000000000001,decrease,-10.0,(24.689568425019537+1.8473228386863463e-15j),(27.647694023788166+1.8929034570729918e-15j),(2.9581255987686284+4.558061838664547e-17j),(11.981277063437723-7.118482030428174e-16j),(-1.1981277063437723+7.118482030428175e-17j)
initial_leaf_biomass,model_constants,0.7,0.77,increase,10.0,(24.689568425019537+1.8473228386863463e-15j),(27.581250037720267+1.9325973420684994e-15j),(2.8916816127007294+8.527450338215306e-17j),(11.712159414542059-5.309403960791663e-16j),(1.171215941454206-5.3094039607916634e-17j)
initial_leaf_biomass,model_constants,0.7,0.63,decrease,-10.0,(24.689568425019537+1.8473228386863463e-15j),(26.77592537140671+1.89205593627844e-15j),(2.0863569463871734+4.4733097592093667e-17j),(8.450358104570725-4.510904998710437e-16j),(-0.8450358104570725+4.5109049987104373e-17j)
initial_stem_biomass,model_constants,0.08,0.08800000000000001,increase,10.0,(24.689568425019537+1.8473228386863463e-15j),(25.118341597240516+1.8254926221909743e-15j),(0.42877317222097844-2.1830216495371992e-17j),(1.736657218303074-2.1835894816268754e-16j),(0.1736657218303074-2.1835894816268755e-17j)
initial_stem_biomass,model_constants,0.08,0.07200000000000001,decrease,-10.0,(24.689568425019537+1.8473228386863463e-15j),(26.36590335340825+1.846218241619961e-15j),(1.6763349283887123-1.1045970663851683e-18j),(6.789648565464488-5.124890135970467e-16j),(-0.6789648565464489+5.1248901359704675e-17j)
initial_root_biomass,model_constants,0.22,0.24200000000000002,increase,10.0,(24.689568425019537+1.8473228386863463e-15j),(28.437722457719573+2.005202641207877e-15j),(3.748154032700036+1.5787980252153053e-16j),(15.181124141893823-4.964224923299919e-16j),(1.5181124141893825-4.9642249232999194e-17j)
initial_root_biomass,model_constants,0.22,0.198,decrease,-10.0,(24.689568425019537+1.8473228386863463e-15j),(30.04620029598389+2.0542853426142315e-15j),(5.356631870964353+2.0696250392788523e-16j),(21.695931572202497-7.850740512529629e-16j),(-2.1695931572202496+7.85074051252963e-17j)
initial_canopy_height,model_constants,0.1,0.11000000000000001,increase,10.0,(24.689568425019537+1.8473228386863463e-15j),(29.530224216428888+1.8849159481477382e-15j),(4.84065579140935+3.759310946139192e-17j),(19.60607697987949-1.3147027229095491e-15j),(1.960607697987949-1.314702722909549e-16j)
initial_canopy_height,model_constants,0.1,0.09000000000000001,decrease,-10.0,(24.689568425019537+1.8473228386863463e-15j),(26.149916824851225+1.888977527202975e-15j),(1.4603483998316875+4.165468851662885e-17j),(5.914839719724797-2.738464088704916e-16j),(-0.5914839719724797+2.7384640887049162e-17j)
height_growth_factor,model_constants,0.004,0.0044,increase,10.0,(24.689568425019537+1.8473228386863463e-15j),(27.978396334254068+2.0106471957278845e-15j),(3.2888279092345307+1.6332435704153816e-16j),(13.320718501914955-3.351711811924436e-16j),(1.3320718501914957-3.351711811924436e-17j)
height_growth_factor,model_constants,0.004,0.0036000000000000003,decrease,-10.0,(24.689568425019537+1.8473228386863463e-15j),(25.17779066634125+1.9423017629418734e-15j),(0.48822224132171144+9.497892425552713e-17j),(1.977443400051352+2.3673625920918234e-16j),(-0.19774434000513522-2.3673625920918235e-17j)
metabolic_water_per_lai,model_constants,0.1,0.11000000000000001,increase,10.0,(24.689568425019537+1.8473228386863463e-15j),(27.806120076932668+1.926224351532399e-15j),(3.116551651913131+7.890151284605265e-17j),(12.62294908628264-6.248999815818934e-16j),(1.262294908628264-6.248999815818934e-17j)
metabolic_water_per_lai,model_constants,0.1,0.09000000000000001,decrease,-10.0,(24.689568425019537+1.8473228386863463e-15j),(28.521756310246595+1.9789919333721937e-15j),(3.8321878852270572+1.3166909468584738e-16j),(15.521485913636518-6.280501012853222e-16j),(-1.552148591363652+6.280501012853223e-17j)
tissue_factor_leaves,respiration_parameters,0.4,0.44000000000000006,increase,10.0,(24.689568425019537+1.8473228386863463e-15j),(28.55404632995773+1.9713691299899634e-15j),(3.864477904938191+1.240462913036171e-16j),(15.65226997253652-6.687102173263869e-16j),(1.565226997253652-6.68710217326387e-17j)
tissue_factor_leaves,respiration_parameters,0.4,0.36000000000000004,decrease,-10.0,(24.689568425019537+1.8473228386863463e-15j),(28.348695464740217+1.7766746965496396e-15j),(3.65912703972068-7.064814213670669e-17j),(14.820538685531051-1.3950480306566737e-15j),(-1.4820538685531053+1.3950480306566738e-16j)
tissue_factor_stems,respiration_parameters,0.2,0.22000000000000003,increase,10.0,(24.689568425019537+1.8473228386863463e-15j),(27.598404242830902+1.9070367361111363e-15j),(2.908835817811365+5.971389742479003e-17j),(11.781638981034813-6.396669537706367e-16j),(1.1781638981034814-6.396669537706367e-17j)
tissue_factor_stems,respiration_parameters,0.2,0.18000000000000002,decrease,-10.0,(24.689568425019537+1.8473228386863463e-15j),(26.82639059047065+1.9735135868114295e-15j),(2.136822165451111+1.2619074812508317e-16j),(8.654757056367703-1.3645664043229993e-16j),(-0.8654757056367703+1.3645664043229994e-17j)
tissue_factor_roots,respiration_parameters,0.4,0.44000000000000006,increase,10.0,(24.689568425019537+1.8473228386863463e-15j),(25.713099539493086+1.9731712150541697e-15j),(1.023531114473549+1.2584837636782344e-16j),(4.145601481783451+1.9954068271195047e-16j),(0.4145601481783451+1.9954068271195047e-17j)
tissue_factor_roots,respiration_parameters,0.4,0.36000000000000004,decrease,-10.0,(24.689568425019537+1.8473228386863463e-15j),(26.80492955491104+2.0029174800237055e-15j),(2.115361129891504+1.5559464133735923e-16j),(8.567833562241905-1.0858451603603966e-17j),(-0.8567833562241906+1.0858451603603967e-18j)
tissue_factor_reproductive,respiration_parameters,0.0,0.0,increase,10.0,(24.689568425019537+1.8473228386863463e-15j),(25.39278715926742+1.813527900023421e-15j),(0.7032187342478835-3.379493866292534e-17j),(2.8482423108508708-3.499906028524792e-16j),(0.2848242310850871-3.4999060285247923e-17j)
tissue_factor_reproductive,respiration_parameters,0.0,0.0,decrease,-10.0,(24.689568425019537+1.8473228386863463e-15j),(29.93721049159829+1.9840074487575687e-15j),(5.247642066578752+1.3668461007122235e-16j),(21.254490869354267-1.036690676802143e-15j),(-2.125449086935427+1.0366906768021431e-16j)
reference_temperature,respiration_parameters,22.0,24.200000000000003,increase,10.0,(24.689568425019537+1.8473228386863463e-15j),(30.025180112944813+1.830103817506131e-15j),(5.335611687925276-1.7219021180215284e-17j),(21.610793660201672-1.686704850071401e-15j),(2.1610793660201675-1.6867048500714013e-16j)
reference_temperature,respiration_parameters,22.0,19.8,decrease,-10.0,(24.689568425019537+1.8473228386863463e-15j),(26.863532797855814+1.960014543066425e-15j),(2.173964372836277+1.1269170438007874e-16j),(8.805193899757512-2.0238771557514257e-16j),(-0.8805193899757513+2.023877155751426e-17j)
age_effect_coefficient,respiration_parameters,0.015,0.0165,increase,10.0,(24.689568425019537+1.8473228386863463e-15j),(28.6739802827353+2.003888654560758e-15j),(3.984411857715763+1.5656581587441175e-16j),(16.138037689140408-5.733427074790081e-16j),(1.6138037689140408-5.733427074790081e-17j)
age_effect_coefficient,respiration_parameters,0.015,0.0135,decrease,-10.0,(24.689568425019537+1.8473228386863463e-15j),(27.22853863050935+1.947580474069888e-15j),(2.5389702054898144+1.0025763538354162e-16j),(10.283574673249094-3.6336474840054935e-16j),(-1.0283574673249094+3.6336474840054935e-17j)
max_age_effect,respiration_parameters,0.25,0.275,increase,10.0,(24.689568425019537+1.8473228386863463e-15j),(25.94569876396907+1.836458757433415e-15j),(1.2561303389495322-1.0864081252931208e-17j),(5.0876966228239695-4.2467434474545447e-16j),(0.508769662282397-4.246743447454545e-17j)
max_age_effect,respiration_parameters,0.25,0.225,decrease,-10.0,(24.689568425019537+1.8473228386863463e-15j),(28.1124242690158+2.015998027248297e-15j),(3.4228558439962633+1.6867518856195064e-16j),(13.863570982989163-3.5411604998207747e-16j),(-1.3863570982989164+3.541160499820775e-17j)
acclimation_memory,respiration_parameters,5.0,5.5,increase,10.0,(24.689568425019537+1.8473228386863463e-15j),(26.3296164489544+1.89847778010811e-15j),(1.6400480239348632+5.1154941421763567e-17j),(6.6426759500295525-2.8982575665658265e-16j),(0.6642675950029553-2.8982575665658264e-17j)
acclimation_memory,respiration_parameters,5.0,4.5,decrease,-10.0,(24.689568425019537+1.8473228386863463e-15j),(25.89421173803017+1.9024243296267282e-15j),(1.2046433130106315+5.510149094038193e-17j),(4.879159053221394-1.4189121487481677e-16j),(-0.4879159053221394+1.418912148748168e-17j)
n_effect_slope,respiration_parameters,0.08,0.08800000000000001,increase,10.0,(24.689568425019537+1.8473228386863463e-15j),(28.677509867300518+2.0308639637282684e-15j),(3.987941442280981+1.8354112504192206e-16j),(16.15233354277567-4.651544308007783e-16j),(1.615233354277567-4.651544308007783e-17j)
n_effect_slope,respiration_parameters,0.08,0.07200000000000001,decrease,-10.0,(24.689568425019537+1.8473228386863463e-15j),(28.829447975396523+1.846436981826888e-15j),(4.139879550376985-8.858568594582146e-19j),(16.767727483570663-1.2581828521447743e-15j),(-1.6767727483570665+1.2581828521447743e-16j)
reference_leaf_n,respiration_parameters,0.04,0.044000000000000004,increase,10.0,(24.689568425019537+1.8473228386863463e-15j),(28.895942269437317+1.9498014122937898e-15j),(4.206373844417779+1.0247857360744347e-16j),(17.03704889452498-8.596777311189806e-16j),(1.703704889452498-8.596777311189806e-17j)
reference_leaf_n,respiration_parameters,0.04,0.036000000000000004,decrease,-10.0,(24.689568425019537+1.8473228386863463e-15j),(27.306500173435303+2.0141725666153683e-15j),(2.616931748415766+1.66849727929022e-16j),(10.599341808518044-1.1727355274797343e-16j),(-1.0599341808518046+1.1727355274797344e-17j)
respiration_acclimation_rate,respiration_parameters,0.03,0.033,increase,10.0,(24.689568425019537+1.8473228386863463e-15j),(25.668261372550447+1.7584596933201904e-15j),(0.9786929475309094-8.886314536615596e-17j),(3.9639937429571934-6.565157572363424e-16j),(0.39639937429571936-6.565157572363424e-17j)
respiration_acclimation_rate,respiration_parameters,0.03,0.027,decrease,-10.0,(24.689568425019537+1.8473228386863463e-15j),(27.098255414236853+2.0152230135540013e-15j),(2.4086869892173155+1.6790017486765497e-16j),(9.755889401357203-4.9910139976809116e-17j),(-0.9755889401357204+4.991013997680912e-18j)
respiration_maintenance_base_rate,respiration_parameters,0.015,0.0165,increase,10.0,(24.689568425019537+1.8473228386863463e-15j),(27.974113053742677+2.1209866960468113e-15j),(3.2845446287231397+2.73663857360465e-16j),(13.30336995844244+1.1303423908754445e-16j),(1.3303369958442441+1.1303423908754445e-17j)
respiration_maintenance_base_rate,respiration_parameters,0.015,0.0135,decrease,-10.0,(24.689568425019537+1.8473228386863463e-15j),(31.42571708788663+1.8905629483616755e-15j),(6.736148662867091+4.3240109675329176e-17j),(27.28337955085888-1.866261831722571e-15j),(-2.728337955085888+1.8662618317225712e-16j)
respiration_growth_efficiency,respiration_parameters,0.8,0.8800000000000001,increase,10.0,(24.689568425019537+1.8473228386863463e-15j),(26.646015060475243+1.9662892133821934e-15j),(1.9564466354557055+1.1896637469584709e-16j),(7.924183208780238-1.1105447866603247e-16j),(0.7924183208780238-1.1105447866603247e-17j)
respiration_growth_efficiency,respiration_parameters,0.8,0.7200000000000001,decrease,-10.0,(24.689568425019537+1.8473228386863463e-15j),(26.388408935848304+1.896775173048431e-15j),(1.6988405108287665+4.945233436208449e-17j),(6.88080278109366-3.1453894033776546e-16j),(-0.688080278109366+3.1453894033776545e-17j)
respiration_biosynthetic_cost,respiration_parameters,1.25,1.375,increase,10.0,(24.689568425019537+1.8473228386863463e-15j),(29.075881308292473+1.9872364702409775e-15j),(4.386312883272936+1.3991363155463114e-16j),(17.76585482485794-7.625854728267929e-16j),(1.776585482485794-7.625854728267929e-17j)
respiration_biosynthetic_cost,respiration_parameters,1.25,1.125,decrease,-10.0,(24.689568425019537+1.8473228386863463e-15j),(27.733459682176747+1.9476112199967277e-15j),(3.0438912571572097+1.0028838131038138e-16j),(12.328653157309292-5.162570765629642e-16j),(-1.2328653157309293+5.1625707656296416e-17j)
protein_respiration_cost,respiration_parameters,1.89,2.079,increase,10.0,(24.689568425019537+1.8473228386863463e-15j),(26.7773743148718+1.813304908783753e-15j),(2.0878058898522625-3.401792990259312e-17j),(8.456226750956706-7.704943832527531e-16j),(0.8456226750956706-7.704943832527531e-17j)
protein_respiration_cost,respiration_parameters,1.89,1.7009999999999998,decrease,-10.0,(24.689568425019537+1.8473228386863463e-15j),(29.813731469712508+1.8852796184879755e-15j),(5.1241630446929705+3.795677980162921e-17j),(20.754364582170357-1.3991469239250607e-15j),(-2.0754364582170357+1.3991469239250607e-16j)
carbohydrate_respiration_cost,respiration_parameters,1.27,1.3970000000000002,increase,10.0,(24.689568425019537+1.8473228386863463e-15j),(26.343640228655392+1.8159988747305205e-15j),(1.6540718036358548-3.13239639558258e-17j),(6.699476374644429-6.281394572287087e-16j),(0.669947637464443-6.281394572287087e-17j)
carbohydrate_respiration_cost,respiration_parameters,1.27,1.143,decrease,-10.0,(24.689568425019537+1.8473228386863463e-15j),(28.267411168360915+1.9217688074176917e-15j),(3.577842743341378+7.44459687313454e-17j),(14.491313423347322-7.827409958609553e-16j),(-1.4491313423347323+7.827409958609553e-17j)
lipid_respiration_cost,respiration_parameters,2.41,2.6510000000000002,increase,10.0,(24.689568425019537+1.8473228386863463e-15j),(29.74351807946981+1.893240598312326e-15j),(5.053949654450271+4.591775962597952e-17j),(20.46997973981909-1.3456243765099496e-15j),(2.046997973981909-1.3456243765099497e-16j)
lipid_respiration_cost,respiration_parameters,2.41,2.169,decrease,-10.0,(24.689568425019537+1.8473228386863463e-15j),(27.214038512709088+1.9441719143949037e-15j),(2.5244700876895507+9.684907570855738e-17j),(10.22484493949818-3.7277613968250155e-16j),(-1.022484493949818+3.7277613968250156e-17j)
organic_acid_respiration_cost,respiration_parameters,0.91,1.0010000000000001,increase,10.0,(24.689568425019537+1.8473228386863463e-15j),(27.842503537093183+1.887057843808619e-15j),(3.1529351120736457+3.9735005122272497e-17j),(12.770312780674498-7.945618816407226e-16j),(1.27703127806745-7.945618816407227e-17j)
organic_acid_respiration_cost,respiration_parameters,0.91,0.8190000000000001,decrease,-10.0,(24.689568425019537+1.8473228386863463e-15j),(30.25600091166224+1.88612280896419e-15j),(5.566432486642704+3.879997027784368e-17j),(22.54568565484473-1.5297619766402843e-15j),(-2.254568565484473+1.5297619766402843e-16j)
lignin_respiration_cost,respiration_parameters,2.07,2.277,increase,10.0,(24.689568425019537+1.8473228386863463e-15j),(30.71815461025156+2.0416963588995125e-15j),(6.028586185232022+1.943735202131662e-16j),(24.417543804139022-1.0396995958293417e-15j),(2.4417543804139026-1.0396995958293417e-16j)
lignin_respiration_cost,respiration_parameters,2.07,1.863,decrease,-10.0,(24.689568425019537+1.8473228386863463e-15j),(26.97771139862021+1.9356984688326028e-15j),(2.2881429736006744+8.837563014625645e-17j),(9.267650751164815-3.3547690005696157e-16j),(-0.9267650751164815+3.354769000569616e-17j)
min_acclimation_temperature,respiration_parameters,10.0,11.0,increase,10.0,(24.689568425019537+1.8473228386863463e-15j),(30.92941040240132+1.924454163750277e-15j),(6.239841977381783+7.713132506393076e-17j),(25.273191778672594-1.5785861948624958e-15j),(2.5273191778672595-1.578586194862496e-16j)
min_acclimation_temperature,respiration_parameters,10.0,9.0,decrease,-10.0,(24.689568425019537+1.8473228386863463e-15j),(31.00228853059963+1.9213320006538462e-15j),(6.312720105580091+7.40091619674999e-17j),(25.568369592005517-1.6133176656976652e-15j),(-2.556836959200552+1.6133176656976652e-16j)
max_acclimation_temperature,respiration_parameters,35.0,38.5,increase,10.0,(24.689568425019537+1.8473228386863463e-15j),(27.938732616786872+1.916965820936753e-15j),(3.249164191767335+6.964298225040672e-17j),(13.160068802477513-7.025881187490214e-16j),(1.3160068802477514-7.025881187490214e-17j)
max_acclimation_temperature,respiration_parameters,35.0,31.5,decrease,-10.0,(24.689568425019537+1.8473228386863463e-15j),(25.391079757863846+1.992602832681549e-15j),(0.7015113328443086+1.4527999399520288e-16j),(2.8413268339410167+3.758328735145291e-16j),(-0.2841326833941017-3.758328735145292e-17j)
min_diurnal_factor,respiration_parameters,0.5,0.55,increase,10.0,(24.689568425019537+1.8473228386863463e-15j),(29.314126463486325+1.9879638818096108e-15j),(4.6245580384667875+1.4064104312326447e-16j),(18.730817642727295-8.318396884386443e-16j),(1.8730817642727295-8.318396884386443e-17j)
min_diurnal_factor,respiration_parameters,0.5,0.45,decrease,-10.0,(24.689568425019537+1.8473228386863463e-15j),(29.42661379616177+1.8982641867271268e-15j),(4.737045371142234+5.094134804078047e-17j),(19.186424361885074-1.2292391908157196e-15j),(-1.9186424361885075+1.2292391908157196e-16j)
max_diurnal_factor,respiration_parameters,1.5,1.6500000000000001,increase,10.0,(24.689568425019537+1.8473228386863463e-15j),(28.66320866150374+2.016646804081433e-15j),(3.9736402364842043+1.6932396539508662e-16j),(16.094409461031557-5.18404105438081e-16j),(1.6094409461031558-5.184041054380811e-17j)
max_diurnal_factor,respiration_parameters,1.5,1.35,decrease,-10.0,(24.689568425019537+1.8473228386863463e-15j),(24.898085904111987+1.8800065000461584e-15j),(0.20851747909244978+3.26836613598121e-17j),(0.8445570027912902+6.91869807825942e-17j),(-0.08445570027912902-6.918698078259421e-18j)
max_temperature_threshold,respiration_parameters,40.0,44.0,increase,10.0,(24.689568425019537+1.8473228386863463e-15j),(28.027158411084947+1.9018664344461444e-15j),(3.33758998606541+5.4543595759798124e-17j),(13.518219227692995-7.905425970073804e-16j),(1.3518219227692996-7.905425970073804e-17j)
max_temperature_threshold,respiration_parameters,40.0,36.0,decrease,-10.0,(24.689568425019537+1.8473228386863463e-15j),(29.115938891477967+2.0220626486764337e-15j),(4.42637046645843+1.7473980999008736e-16j),(17.928099796077852-6.336687194855869e-16j),(-1.7928099796077852+6.33668719485587e-17j)
temperature_decay_factor,respiration_parameters,0.1,0.11000000000000001,increase,10.0,(24.689568425019537+1.8473228386863463e-15j),(27.985805534960367+1.9512317345218206e-15j),(3.2962371099408294+1.0390889583547425e-16j),(13.350727939823114-5.780666072037441e-16j),(1.3350727939823115-5.780666072037441e-17j)
temperature_decay_factor,respiration_parameters,0.1,0.09000000000000001,decrease,-10.0,(24.689568425019537+1.8473228386863463e-15j),(24.927556844418895+1.7613576439987433e-15j),(0.23798841939935755-8.596519468760297e-17j),(0.9639229625342033-4.2030691640879586e-16j),(-0.09639229625342033+4.203069164087959e-17j)
size_penalty_threshold,respiration_parameters,50.0,55.00000000000001,increase,10.0,(24.689568425019537+1.8473228386863463e-15j),(26.411895013573627+2.0268507855450102e-15j),(1.7223265885540897+1.7952794685866393e-16j),(6.975928290462723+2.0518799464808363e-16j),(0.6975928290462723+2.0518799464808365e-17j)
size_penalty_threshold,respiration_parameters,50.0,45.0,decrease,-10.0,(24.689568425019537+1.8473228386863463e-15j),(28.647672795697762+1.992595629399475e-15j),(3.9581043706782246+1.4527279071312866e-16j),(16.031484643802933-6.111102628243611e-16j),(-1.6031484643802933+6.111102628243611e-17j)
size_penalty_rate,respiration_parameters,0.02,0.022000000000000002,increase,10.0,(24.689568425019537+1.8473228386863463e-15j),(28.05438481975656+1.921201935364964e-15j),(3.364816394737023+7.387909667861761e-17j),(13.628494175407443-7.204791340640122e-16j),(1.3628494175407444-7.204791340640122e-17j)
size_penalty_rate,respiration_parameters,0.02,0.018000000000000002,decrease,-10.0,(24.689568425019537+1.8473228386863463e-15j),(24.6286431629167+1.8432569421616825e-15j),(-0.06092526210283822-4.065896524663849e-18j),(-0.24676519675855776+1.995390541079897e-18j),(0.02467651967585578-1.9953905410798972e-19j)
glucose_to_carbon_ratio,respiration_parameters,0.4,0.44000000000000006,increase,10.0,(24.689568425019537+1.8473228386863463e-15j),(30.65047849807415+1.8940089225324194e-15j),(5.960910073054613+4.668608384607309e-17j),(24.14343568279645-1.6173677509936408e-15j),(2.4143435682796452-1.6173677509936409e-16j)
glucose_to_carbon_ratio,respiration_parameters,0.4,0.36000000000000004,decrease,-10.0,(24.689568425019537+1.8473228386863463e-15j),(28.622929029500664+1.9199157087098407e-15j),(3.933360604481127+7.259287002349439e-17j),(15.931265126915697-8.979866530717504e-16j),(-1.59312651269157+8.979866530717505e-17j)
min_history_threshold,respiration_parameters,3.0,3.3000000000000003,increase,10.0,(24.689568425019537+1.8473228386863463e-15j),(28.873337086101987+1.9365776643620407e-15j),(4.18376866108245+8.925482567569441e-17j),(16.945491266031066-9.06387267517093e-16j),(1.6945491266031067-9.063872675170931e-17j)
min_history_threshold,respiration_parameters,3.0,2.7,decrease,-10.0,(24.689568425019537+1.8473228386863463e-15j),(26.166365611927507+2.032166111603244e-15j),(1.4767971869079695+1.8484327291689787e-16j),(5.981462136095645+3.0112457014067063e-16j),(-0.5981462136095644-3.011245701406706e-17j)
day_start_hour,respiration_parameters,6.0,6.6000000000000005,increase,10.0,(24.689568425019537+1.8473228386863463e-15j),(24.665110800852926+1.8745639214703384e-15j),(-0.02445762416661168+2.7241082783992122e-17j),(-0.09906055766380746+1.177462910221878e-16j),(-0.009906055766380747+1.1774629102218781e-17j)
day_start_hour,respiration_parameters,6.0,5.4,decrease,-10.0,(24.689568425019537+1.8473228386863463e-15j),(24.129215846143943+1.9330449813043877e-15j),(-0.5603525788755945+8.572214261804135e-17j),(-2.269592441752659+5.170152833059751e-16j),(0.22695924417526592-5.170152833059751e-17j)
day_end_hour,respiration_parameters,18.0,19.8,increase,10.0,(24.689568425019537+1.8473228386863463e-15j),(29.41187561118609+1.993248988014412e-15j),(4.722307186166553+1.4592614932806553e-16j),(19.126730386186637-8.400564393006691e-16j),(1.9126730386186637-8.400564393006692e-17j)
day_end_hour,respiration_parameters,18.0,16.2,decrease,-10.0,(24.689568425019537+1.8473228386863463e-15j),(24.374220923394677+1.8839709516144243e-15j),(-0.3153475016248599+3.664811292807799e-17j),(-1.2772499551077525+2.4400200934596504e-16j),(0.12772499551077526-2.4400200934596505e-17j)
day_respiration_factor,respiration_parameters,1.1,1.2100000000000002,increase,10.0,(24.689568425019537+1.8473228386863463e-15j),(28.91059056330043+2.100111231380482e-15j),(4.221022138280894+2.527883926941357e-16j),(17.096378784829056-2.553180197449678e-16j),(1.7096378784829058-2.5531801974496784e-17j)
day_respiration_factor,respiration_parameters,1.1,0.9900000000000001,decrease,-10.0,(24.689568425019537+1.8473228386863463e-15j),(29.389415976151383+1.9909474892758744e-15j),(4.699847551131846+1.4362465058952809e-16j),(19.035762271037456-8.425717686931216e-16j),(-1.9035762271037457+8.425717686931217e-17j)
night_respiration_factor,respiration_parameters,0.9,0.9900000000000001,increase,10.0,(24.689568425019537+1.8473228386863463e-15j),(27.465052989243645+1.8485492389538685e-15j),(2.775484564224108+1.2264002675221385e-18j),(11.241527257364003-8.361462485740093e-16j),(1.1241527257364003-8.361462485740094e-17j)
night_respiration_factor,respiration_parameters,0.9,0.81,decrease,-10.0,(24.689568425019537+1.8473228386863463e-15j),(30.608345351538222+1.9262806686687263e-15j),(5.918776926518685+7.895782998238e-17j),(23.972784070704147-1.4738892108617821e-15j),(-2.3972784070704147+1.4738892108617823e-16j)
carbon_to_co2_ratio,respiration_parameters,3.67,4.037,increase,10.0,(24.689568425019537+1.8473228386863463e-15j),(28.113202528244564+1.9503477317404175e-15j),(3.4236341032250266+1.030248930540712e-16j),(13.866723161331715-6.202548713951356e-16j),(1.3866723161331715-6.202548713951356e-17j)
carbon_to_co2_ratio,respiration_parameters,3.67,3.303,decrease,-10.0,(24.689568425019537+1.8473228386863463e-15j),(28.707523514530735+2.0020218015113764e-15j),(4.017955089511197+1.5469896282503014e-16j),(16.27389762487522-5.910693221994188e-16j),(-1.6273897624875222+5.910693221994189e-17j)
circadian_amplitude_1,respiration_parameters,0.1,0.11000000000000001,increase,10.0,(24.689568425019537+1.8473228386863463e-15j),(25.387649246112804+1.997314072382968e-15j),(0.6980808210932672+1.499912336966216e-16j),(2.827432254287024+3.959543975492388e-16j),(0.2827432254287024+3.959543975492388e-17j)
circadian_amplitude_1,respiration_parameters,0.1,0.09000000000000001,decrease,-10.0,(24.689568425019537+1.8473228386863463e-15j),(27.340349550303518+1.786862730324189e-15j),(2.650781125283981-6.04601083621573e-17j),(10.736441721669678-1.0482032083094464e-15j),(-1.0736441721669678+1.0482032083094465e-16j)
circadian_peak_1,respiration_parameters,4.0,4.4,increase,10.0,(24.689568425019537+1.8473228386863463e-15j),(26.575075822837608+1.9037757232057003e-15j),(1.8855073978180705+5.645288451935399e-17j),(7.636858471399459-3.427542544453944e-16j),(0.7636858471399459-3.427542544453944e-17j)
circadian_peak_1,respiration_parameters,4.0,3.6,decrease,-10.0,(24.689568425019537+1.8473228386863463e-15j),(28.008533695763823+1.889803598811293e-15j),(3.318965270744286+4.248076012494661e-17j),(13.442783663164251-8.337563828425681e-16j),(-1.3442783663164253+8.337563828425681e-17j)
circadian_amplitude_2,respiration_parameters,0.05,0.05500000000000001,increase,10.0,(24.689568425019537+1.8473228386863463e-15j),(26.56412878643961+1.9820805161396507e-15j),(1.8745603614200732+1.3475767745330443e-16j),(7.59251976037159-2.2279344932735352e-17j),(0.759251976037159-2.2279344932735352e-18j)
circadian_amplitude_2,respiration_parameters,0.05,0.045000000000000005,decrease,-10.0,(24.689568425019537+1.8473228386863463e-15j),(28.704989424090545+1.9245591779433067e-15j),(4.015420999071008+7.723633925696039e-17j),(16.263633814683946-9.040477288206586e-16j),(-1.6263633814683947+9.040477288206587e-17j)
circadian_peak_2,respiration_parameters,16.0,17.6,increase,10.0,(24.689568425019537+1.8473228386863463e-15j),(25.290489836262008+1.993833148205234e-15j),(0.6009214112424708+1.4651030951888757e-16j),(2.433908122239667+4.112998945789869e-16j),(0.24339081222396672+4.11299894578987e-17j)
circadian_peak_2,respiration_parameters,16.0,14.4,decrease,-10.0,(24.689568425019537+1.8473228386863463e-15j),(27.773687611963524+1.924142541417203e-15j),(3.084119186943987+7.681970273085658e-17j),(12.491588082271415-6.235032309093238e-16j),(-1.2491588082271416+6.235032309093238e-17j)
diurnal_base_factor,respiration_parameters,1.0,1.1,increase,10.0,(24.689568425019537+1.8473228386863463e-15j),(27.442915187679763+1.8896481293500163e-15j),(2.7533467626602253+4.232529066366996e-17j),(11.151862662249213-6.629747933103674e-16j),(1.1151862662249215-6.629747933103674e-17j)
diurnal_base_factor,respiration_parameters,1.0,0.9,decrease,-10.0,(24.689568425019537+1.8473228386863463e-15j),(26.00488875166153+1.8736603657833267e-15j),(1.3153203266419915+2.633752709698043e-17j),(5.327433448812706-2.9193449831918375e-16j),(-0.5327433448812706+2.9193449831918375e-17j)
moderate_stress_threshold,respiration_parameters,3.0,3.3000000000000003,increase,10.0,(24.689568425019537+1.8473228386863463e-15j),(25.768166842112652+1.8898688072894506e-15j),(1.078598417093115+4.2545968603104246e-17j),(4.368640222970043-1.5454672726151272e-16j),(0.4368640222970044-1.5454672726151273e-17j)
moderate_stress_threshold,respiration_parameters,3.0,2.7,decrease,-10.0,(24.689568425019537+1.8473228386863463e-15j),(27.000527392178643+1.9952793175874646e-15j),(2.310958967159106+1.4795647890111832e-16j),(9.360062222947816-1.0107138297874026e-16j),(-0.9360062222947816+1.0107138297874026e-17j)
severe_stress_threshold,respiration_parameters,8.0,8.8,increase,10.0,(24.689568425019537+1.8473228386863463e-15j),(26.198886874544392+1.8273827545042073e-15j),(1.509318449524855-1.9940084182139058e-17j),(6.113182796647693-5.381637453841052e-16j),(0.6113182796647694-5.3816374538410526e-17j)
severe_stress_threshold,respiration_parameters,8.0,7.2,decrease,-10.0,(24.689568425019537+1.8473228386863463e-15j),(25.50318971593409+1.981029323286675e-15j),(0.8136212909145542+1.3370648460032855e-16j),(3.2954050751655055+2.9498172169653693e-16j),(-0.32954050751655056-2.9498172169653693e-17j)
moderate_stress_factor,respiration_parameters,0.05,0.05500000000000001,increase,10.0,(24.689568425019537+1.8473228386863463e-15j),(25.816216618877245+1.884931254608002e-15j),(1.126648193857708+3.7608415921655505e-17j),(4.563255924376557-1.8910680070756826e-16j),(0.45632559243765575-1.8910680070756826e-17j)
moderate_stress_factor,respiration_parameters,0.05,0.045000000000000005,decrease,-10.0,(24.689568425019537+1.8473228386863463e-15j),(26.406705570419163+1.804748593442034e-15j),(1.7171371453996258-4.2574245244312436e-17j),(6.954909522272327-6.928184175381561e-16j),(-0.6954909522272328+6.928184175381561e-17j)
severe_stress_base,respiration_parameters,1.25,1.375,increase,10.0,(24.689568425019537+1.8473228386863463e-15j),(28.69203047703034+1.966467356469941e-15j),(4.002462052010802+1.1914451778359488e-16j),(16.211146274856908-7.303800806090638e-16j),(1.621114627485691-7.303800806090638e-17j)
severe_stress_base,respiration_parameters,1.25,1.125,decrease,-10.0,(24.689568425019537+1.8473228386863463e-15j),(27.194846972129213+1.852214691676316e-15j),(2.5052785471096755+4.891852989969819e-18j),(10.147113566274065-7.394138700385449e-16j),(-1.0147113566274066+7.39413870038545e-17j)
severe_stress_factor,respiration_parameters,0.1,0.11000000000000001,increase,10.0,(24.689568425019537+1.8473228386863463e-15j),(30.490357662570652+1.8573422843789794e-15j),(5.800789237551115+1.0019445692633102e-17j),(23.494899293876678-1.7173536110085829e-15j),(2.349489929387668-1.717353611008583e-16j)
severe_stress_factor,respiration_parameters,0.1,0.09000000000000001,decrease,-10.0,(24.689568425019537+1.8473228386863463e-15j),(25.14512840764013+1.8334930736676147e-15j),(0.45555998262059205-1.3829765018731613e-17j),(1.8451516639672958-1.9407254226057902e-16j),(-0.1845151663967296+1.9407254226057902e-17j)
daytime_respiratory_quotient,respiration_parameters,0.95,1.045,increase,10.0,(24.689568425019537+1.8473228386863463e-15j),(29.615467593298156+1.8684221007458452e-15j),(4.925899168278619+2.109926205949891e-17j),(19.951337680276687-1.4073407422528171e-15j),(1.9951337680276688-1.4073407422528172e-16j)
daytime_respiratory_quotient,respiration_parameters,0.95,0.855,decrease,-10.0,(24.689568425019537+1.8473228386863463e-15j),(26.653997338623235+2.059143133496088e-15j),(1.9644289136036974+2.1182029480974164e-16j),(7.956513778560076+2.626121181991623e-16j),(-0.7956513778560077-2.6261211819916232e-17j)
nighttime_respiratory_quotient,respiration_parameters,0.85,0.935,increase,10.0,(24.689568425019537+1.8473228386863463e-15j),(28.049368330771358+1.979438691359398e-15j),(3.359799905751821+1.3211585267305185e-16j),(13.608175922375047-4.83082923996086e-16j),(1.3608175922375048-4.83082923996086e-17j)
nighttime_respiratory_quotient,respiration_parameters,0.85,0.765,decrease,-10.0,(24.689568425019537+1.8473228386863463e-15j),(25.045123379288196+1.891833469144187e-15j),(0.35555495426865846+4.4510630457840564e-17j),(1.4401019416295329+7.252981535151525e-17j),(-0.1440101941629533-7.252981535151525e-18j)
experiment_duration,experiment_settings,60.0,66.0,increase,10.0,(24.689568425019537+1.8473228386863463e-15j),(28.488890402638738+1.989227692718675e-15j),(3.7993219776192007+1.419048540323285e-16j),(15.388369339696927-5.766322230931729e-16j),(1.5388369339696928-5.766322230931729e-17j)
experiment_duration,experiment_settings,60.0,54.0,decrease,-10.0,(24.689568425019537+1.8473228386863463e-15j),(29.066519795356754+1.8895762773718075e-15j),(4.376951370337217+4.225343868546114e-17j),(17.72793794929914-1.1553009067223503e-15j),(-1.772793794929914+1.1553009067223503e-16j)
humidity_deadband,environmental_control_parameters,5.0,5.5,increase,10.0,(24.689568425019537+1.8473228386863463e-15j),(27.588923036278516+1.8987874357406717e-15j),(2.8993546112589783+5.146459705432535e-17j),(11.74323731119121-6.7020575227537755e-16j),(1.174323731119121-6.702057522753776e-17j)
humidity_deadband,environmental_control_parameters,5.0,4.5,decrease,-10.0,(24.689568425019537+1.8473228386863463e-15j),(28.965291273366635+2.0071652909385337e-15j),(4.2757228483470975+1.5984245225218743e-16j),(17.31793271855749-6.483534717595359e-16j),(-1.7317932718557492+6.48353471759536e-17j)
max_temperature_change_per_hour,environmental_control_parameters,2.0,2.2,increase,10.0,(24.689568425019537+1.8473228386863463e-15j),(29.89289183622831+1.9886466805695275e-15j),(5.203323411208771+1.4132384188318117e-16j),(21.074987304905285-1.00446961073353e-15j),(2.1074987304905286-1.00446961073353e-16j)
max_temperature_change_per_hour,environmental_control_parameters,2.0,1.8,decrease,-10.0,(24.689568425019537+1.8473228386863463e-15j),(29.202401984627173+2.0688205046273763e-15j),(4.512833559607635+2.2149766594102998e-16j),(18.278300705469153-4.704884083642194e-16j),(-1.8278300705469155+4.704884083642194e-17j)
ambient_temperature,environmental_control_parameters,20.0,22.0,increase,10.0,(24.689568425019537+1.8473228386863463e-15j),(27.998603003971056+2.0077920372246637e-15j),(3.3090345789515183+1.6046919853831743e-16j),(13.402561446146056-3.528590638993349e-16j),(1.3402561446146057-3.5285906389933497e-17j)
ambient_temperature,environmental_control_parameters,20.0,18.0,decrease,-10.0,(24.689568425019537+1.8473228386863463e-15j),(26.26357026543792+1.9244297811091854e-15j),(1.5740018404183829+7.710694242283909e-17j),(6.375169518246196-1.646971684263494e-16j),(-0.6375169518246196+1.646971684263494e-17j)
thermal_mass_factor,environmental_control_parameters,0.1,0.11000000000000001,increase,10.0,(24.689568425019537+1.8473228386863463e-15j),(26.99607912171107+2.0094781523644216e-15j),(2.3065106966915323+1.6215531367807532e-16j),(9.34204542171825-4.221388085186778e-17j),(0.934204542171825-4.221388085186778e-18j)
thermal_mass_factor,environmental_control_parameters,0.1,0.09000000000000001,decrease,-10.0,(24.689568425019537+1.8473228386863463e-15j),(25.9264617020026+1.9565139649050842e-15j),(1.2368932769830643+1.0919112621873794e-16j),(5.009780874620879+6.741430091932706e-17j),(-0.5009780874620879-6.741430091932706e-18j)
base_co2_loss_rate,environmental_control_parameters,50.0,55.00000000000001,increase,10.0,(24.689568425019537+1.8473228386863463e-15j),(30.521055894453674+1.903405798048998e-15j),(5.831487469434137+5.608295936265184e-17j),(23.619236144787013-1.5400859898301698e-15j),(2.3619236144787012-1.5400859898301698e-16j)
base_co2_loss_rate,environmental_control_parameters,50.0,45.0,decrease,-10.0,(24.689568425019537+1.8473228386863463e-15j),(26.43974372256463+1.9109929826332455e-15j),(1.7501752975450913+6.367014394689917e-17j),(7.088723737153401-2.7250969908706564e-16j),(-0.7088723737153402+2.7250969908706567e-17j)
min_co2_concentration,environmental_control_parameters,300.0,330.0,increase,10.0,(24.689568425019537+1.8473228386863463e-15j),(29.134082430052143+1.9608352405748652e-15j),(4.444514005032605+1.1351240188851891e-16j),(18.001586453527036-8.871561147719015e-16j),(1.8001586453527036-8.871561147719016e-17j)
min_co2_concentration,environmental_control_parameters,300.0,270.0,decrease,-10.0,(24.689568425019537+1.8473228386863463e-15j),(30.487665045001947+2.0062068884532375e-15j),(5.7980966199824095+1.588840497668912e-16j),(23.48399340227763-1.113592263161484e-15j),(-2.348399340227763+1.113592263161484e-16j)
max_co2_concentration,environmental_control_parameters,2000.0,2200.0,increase,10.0,(24.689568425019537+1.8473228386863463e-15j),(26.773841452437978+2.0967438376815614e-15j),(2.0842730274184404+2.494209989952151e-16j),(8.441917620991347+3.785871229115292e-16j),(0.8441917620991348+3.785871229115292e-17j)
max_co2_concentration,environmental_control_parameters,2000.0,1800.0,decrease,-10.0,(24.689568425019537+1.8473228386863463e-15j),(26.053548944517765+1.8228829962337015e-15j),(1.3639805194982273-2.4439842452644766e-17j),(5.524521514584343-5.123442740761562e-16j),(-0.5524521514584343+5.1234427407615625e-17j)
light_saturation_threshold,environmental_control_parameters,200.0,220.00000000000003,increase,10.0,(24.689568425019537+1.8473228386863463e-15j),(28.192439675699795+1.961684559680203e-15j),(3.5028712506802577+1.143617209938565e-16j),(14.187656869411178-5.983502914515266e-16j),(1.4187656869411178-5.983502914515266e-17j)
light_saturation_threshold,environmental_control_parameters,200.0,180.0,decrease,-10.0,(24.689568425019537+1.8473228386863463e-15j),(24.284504758161194+1.8625498315396588e-15j),(-0.40506366685834294+1.522699285331246e-17j),(-1.6406267614133978+1.8442876331673377e-16j),(0.1640626761413398-1.844287633167338e-17j)
co2_response_vmax,environmental_control_parameters,2.0,2.2,increase,10.0,(24.689568425019537+1.8473228386863463e-15j),(26.71648990505353+1.8890460235354483e-15j),(2.026921480033991+4.1723184849101986e-17j),(8.209627017943255-4.452695491952149e-16j),(0.8209627017943255-4.452695491952149e-17j)
co2_response_vmax,environmental_control_parameters,2.0,1.8,decrease,-10.0,(24.689568425019537+1.8473228386863463e-15j),(26.70468132643346+2.009050026096563e-15j),(2.0151129014139215+1.6172718741021666e-16j),(8.161798808001347+4.436049182325522e-17j),(-0.8161798808001347-4.436049182325522e-18j)
co2_response_km,environmental_control_parameters,800.0,880.0000000000001,increase,10.0,(24.689568425019537+1.8473228386863463e-15j),(25.25991602068782+1.882685982333325e-15j),(0.5703475956682844+3.5363143646978585e-17j),(2.3100751939038116-2.961332849149894e-17j),(0.23100751939038117-2.961332849149894e-18j)
co2_response_km,environmental_control_parameters,800.0,720.0,decrease,-10.0,(24.689568425019537+1.8473228386863463e-15j),(28.193264560936534+1.92030354285321e-15j),(3.5036961359169965+7.298070416686361e-17j),(14.19099789677358-7.662055397697138e-16j),(-1.419099789677358+7.662055397697139e-17j)
max_co2_enhancement_factor,environmental_control_parameters,1.4,1.54,increase,10.0,(24.689568425019537+1.8473228386863463e-15j),(28.950885614518356+1.8720331426036603e-15j),(4.261317189498818+2.4710303917313952e-17j),(17.259585571291517-1.1913126918237527e-15j),(1.7259585571291518-1.1913126918237527e-16j)
max_co2_enhancement_factor,environmental_control_parameters,1.4,1.26,decrease,-10.0,(24.689568425019537+1.8473228386863463e-15j),(27.898576582934048+1.987561208529165e-15j),(3.2090081579145107+1.4023836984281866e-16j),(12.997425077153697-4.0448674650540815e-16j),(-1.2997425077153697+4.044867465054082e-17j)
pid_humidity_kp,environmental_control_parameters,2.0,2.2,increase,10.0,(24.689568425019537+1.8473228386863463e-15j),(27.680128867445948+1.91823581655936e-15j),(2.9905604424264105+7.091297787301373e-17j),(12.11264770183622-6.190741241865297e-16j),(1.211264770183622-6.190741241865297e-17j)
pid_humidity_kp,environmental_control_parameters,2.0,1.8,decrease,-10.0,(24.689568425019537+1.8473228386863463e-15j),(24.445966429658306+1.8375606684630486e-15j),(-0.24360199536123162-9.762170223297718e-18j),(-0.9866595931031906+3.428418688602736e-17j),(0.09866595931031907-3.428418688602736e-18j)
pid_humidity_ki,environmental_control_parameters,0.5,0.55,increase,10.0,(24.689568425019537+1.8473228386863463e-15j),(29.01524577845686+1.997427398853104e-15j),(4.325677353437321+1.5010456016675788e-16j),(17.520263128835545-7.029335589126519e-16j),(1.7520263128835545-7.02933558912652e-17j)
pid_humidity_ki,environmental_control_parameters,0.5,0.45,decrease,-10.0,(24.689568425019537+1.8473228386863463e-15j),(30.82497608592376+1.9253061318073123e-15j),(6.135407660904221+7.7983293120966e-17j),(24.850202139162604-1.54348654417683e-15j),(-2.4850202139162607+1.54348654417683e-16j)
pid_humidity_kd,environmental_control_parameters,0.1,0.11000000000000001,increase,10.0,(24.689568425019537+1.8473228386863463e-15j),(29.91634508705099+1.938521979280502e-15j),(5.226776662031451+9.119914059415558e-17j),(21.169979855681966-1.2145968980213913e-15j),(2.116997985568197-1.2145968980213913e-16j)
pid_humidity_kd,environmental_control_parameters,0.1,0.09000000000000001,decrease,-10.0,(24.689568425019537+1.8473228386863463e-15j),(25.868162561323302+1.912741546220874e-15j),(1.178594136303765+6.541870753452767e-17j),(4.773652240552813-9.220922841890023e-17j),(-0.47736522405528126+9.220922841890023e-18j)
pid_co2_kp,environmental_control_parameters,1.5,1.6500000000000001,increase,10.0,(24.689568425019537+1.8473228386863463e-15j),(26.511510929150223+1.8774233938867084e-15j),(1.8219425041306856+3.0100555200362125e-17j),(7.379401991832281-4.3022551599399492e-16j),(0.7379401991832282-4.3022551599399496e-17j)
pid_co2_kp,environmental_control_parameters,1.5,1.35,decrease,-10.0,(24.689568425019537+1.8473228386863463e-15j),(27.58810667576939+1.923606905238868e-15j),(2.8985382507498514+7.628406655252183e-17j),(11.739930811478159-5.694322158803724e-16j),(-1.1739930811478159+5.694322158803725e-17j)
pid_co2_ki,environmental_control_parameters,0.3,0.33,increase,10.0,(24.689568425019537+1.8473228386863463e-15j),(27.115891668976893+1.8740320993203626e-15j),(2.4263232439573557+2.6709260634016314e-17j),(9.82732141035971-6.271194763119852e-16j),(0.9827321410359711-6.271194763119852e-17j)
pid_co2_ki,environmental_control_parameters,0.3,0.27,decrease,-10.0,(24.689568425019537+1.8473228386863463e-15j),(29.067224591634027+1.878959552007959e-15j),(4.377656166614489+3.1636713321612495e-17j),(17.730792581122344-1.198515350352183e-15j),(-1.7730792581122345+1.198515350352183e-16j)
pid_co2_kd,environmental_control_parameters,0.05,0.05500000000000001,increase,10.0,(24.689568425019537+1.8473228386863463e-15j),(27.35103748634011+1.9398253892211046e-15j),(2.661469061320574+9.250255053475831e-17j),(10.779731000172262-4.3189852631169124e-16j),(1.0779731000172263-4.3189852631169124e-17j)
pid_co2_kd,environmental_control_parameters,0.05,0.045000000000000005,decrease,-10.0,(24.689568425019537+1.8473228386863463e-15j),(31.05942005837079+1.9742536510283e-15j),(6.369851633351253+1.2693081234195381e-16j),(25.799769051030758-1.4162832158366994e-15j),(-2.579976905103076+1.4162832158366995e-16j)
pid_temperature_kp,environmental_control_parameters,3.0,3.3000000000000003,increase,10.0,(24.689568425019537+1.8473228386863463e-15j),(26.872249579215904+1.949539135003058e-15j),(2.1826811541963664+1.0221629631671159e-16j),(8.840499423167374-2.474578231974328e-16j),(0.8840499423167375-2.474578231974328e-17j)
pid_temperature_kp,environmental_control_parameters,3.0,2.7,decrease,-10.0,(24.689568425019537+1.8473228386863463e-15j),(27.47976883223165+2.034396366120996e-15j),(2.7902004072121116+1.8707352743464983e-16j),(11.301130741453628-8.787047796283841e-17j),(-1.1301130741453629+8.787047796283841e-18j)
pid_temperature_ki,environmental_control_parameters,0.8,0.8800000000000001,increase,10.0,(24.689568425019537+1.8473228386863463e-15j),(25.436291767116735+1.91683967075597e-15j),(0.7467233420971979+6.951683206962369e-17j),(3.02444874386907+5.526827948090082e-17j),(0.30244487438690704+5.526827948090083e-18j)
pid_temperature_ki,environmental_control_parameters,0.8,0.7200000000000001,decrease,-10.0,(24.689568425019537+1.8473228386863463e-15j),(28.49831158950795+1.9157935340371153e-15j),(3.808743164488412+6.847069535076895e-17j),(15.426527912204271-8.769172237466248e-16j),(-1.5426527912204273+8.769172237466249e-17j)
pid_temperature_kd,environmental_control_parameters,0.2,0.22000000000000003,increase,10.0,(24.689568425019537+1.8473228386863463e-15j),(30.314967270346315+1.9292266983928614e-15j),(5.625398845326778+8.190385970651505e-17j),(22.784516717700892-1.3730483881619896e-15j),(2.2784516717700893-1.3730483881619896e-16j)
pid_temperature_kd,environmental_control_parameters,0.2,0.18000000000000002,decrease,-10.0,(24.689568425019537+1.8473228386863463e-15j),(25.87380551779427+1.9321940225539545e-15j),(1.1842370927747332+8.487118386760824e-17j),(4.796507870808584-1.513109271461066e-17j),(-0.47965078708085845+1.513109271461066e-18j)
humidifier_capacity,control_equipment_parameters,10.0,11.0,increase,10.0,(24.689568425019537+1.8473228386863463e-15j),(26.933008512183353+2.016159079993947e-15j),(2.2434400871638154+1.6883624130760054e-16j),(9.086590938099965+3.959452159096155e-18j),(0.9086590938099965+3.9594521590961557e-19j)
humidifier_capacity,control_equipment_parameters,10.0,9.0,decrease,-10.0,(24.689568425019537+1.8473228386863463e-15j),(27.965892098900618+1.934813994770142e-15j),(3.2763236738810804+8.749115608379584e-17j),(13.270072677985612-6.385284849578512e-16j),(-1.3270072677985612+6.385284849578512e-17j)
dehumidifier_capacity,control_equipment_parameters,8.0,8.8,increase,10.0,(24.689568425019537+1.8473228386863463e-15j),(27.499944470275707+1.898636422107377e-15j),(2.81037604525617+5.131358342103079e-17j),(11.382847998299695-6.4385235338266265e-16j),(1.1382847998299697-6.438523533826627e-17j)
dehumidifier_capacity,control_equipment_parameters,8.0,7.2,decrease,-10.0,(24.689568425019537+1.8473228386863463e-15j),(28.50381214219398+1.8980590339614986e-15j),(3.814243717174442+5.0736195275152324e-17j),(15.448806765326935-9.5041410350237e-16j),(-1.5448806765326937+9.504141035023699e-17j)
humidifier_efficiency,control_equipment_parameters,0.85,0.935,increase,10.0,(24.689568425019537+1.8473228386863463e-15j),(26.910786244016254+1.91143070887005e-15j),(2.221217818996717+6.410787018370377e-17j),(8.996584228446105-4.1348671314393033e-16j),(0.8996584228446105-4.1348671314393035e-17j)
humidifier_efficiency,control_equipment_parameters,0.85,0.765,decrease,-10.0,(24.689568425019537+1.8473228386863463e-15j),(31.037301733024584+1.95639039024662e-15j),(6.347733308005047+1.0906755156027385e-16j),(25.710183340315005-1.4819316840821121e-15j),(-2.5710183340315007+1.4819316840821122e-16j)
dehumidifier_efficiency,control_equipment_parameters,0.9,0.9900000000000001,increase,10.0,(24.689568425019537+1.8473228386863463e-15j),(25.84202930897954+1.8818072600910493e-15j),(1.1524608839600035+3.448442140470303e-17j),(4.667804896873532-2.0958245859058772e-16j),(0.46678048968735325-2.0958245859058772e-17j)
dehumidifier_efficiency,control_equipment_parameters,0.9,0.81,decrease,-10.0,(24.689568425019537+1.8473228386863463e-15j),(30.28553031655942+1.9122992634529468e-15j),(5.595961891539883+6.497642476660049e-17j),(22.665288413341127-1.4326885689452891e-15j),(-2.2665288413341127+1.432688568945289e-16j)
co2_injection_rate,control_equipment_parameters,100.0,110.00000000000001,increase,10.0,(24.689568425019537+1.8473228386863463e-15j),(27.31320451537787+1.838518997801068e-15j),(2.623636090358332-8.803840885278408e-18j),(10.62649636151449-8.307538292806221e-16j),(1.062649636151449-8.307538292806221e-17j)
co2_injection_rate,control_equipment_parameters,100.0,90.0,decrease,-10.0,(24.689568425019537+1.8473228386863463e-15j),(28.0916433724636+1.83837415025045e-15j),(3.4020749474440635-8.94868843589641e-18j),(13.779402251505218-1.0672472224965772e-15j),(-1.377940225150522+1.0672472224965773e-16j)
co2_sensor_accuracy,control_equipment_parameters,10.0,11.0,increase,10.0,(24.689568425019537+1.8473228386863463e-15j),(26.93020726863745+1.9772927506097036e-15j),(2.240638843617912+1.299699119233573e-16j),(9.075245079404985-1.5261167164456012e-16j),(0.9075245079404985-1.5261167164456014e-17j)
co2_sensor_accuracy,control_equipment_parameters,10.0,9.0,decrease,-10.0,(24.689568425019537+1.8473228386863463e-15j),(24.97252441534126+1.9777102545138253e-15j),(0.28295599032172447+1.30387415827479e-16j),(1.1460548254662355+4.4235719884880026e-16j),(-0.11460548254662356-4.423571988488003e-17j)
co2_mixing_time,control_equipment_parameters,15.0,16.5,increase,10.0,(24.689568425019537+1.8473228386863463e-15j),(24.8165456122134+1.8265109086017843e-15j),(0.1269771871938623-2.0811930084562028e-17j),(0.5142948836043165-1.2277499713952955e-16j),(0.05142948836043165-1.2277499713952956e-17j)
co2_mixing_time,control_equipment_parameters,15.0,13.5,decrease,-10.0,(24.689568425019537+1.8473228386863463e-15j),(27.09730935950542+1.8784843522070294e-15j),(2.407740934485883+3.1161513520683086e-17j),(9.75205760197073-6.034551565971828e-16j),(-0.9752057601970731+6.034551565971829e-17j)
air_exchange_rate,control_equipment_parameters,0.5,0.55,increase,10.0,(24.689568425019537+1.8473228386863463e-15j),(27.786419314859728+2.049658722000823e-15j),(3.0968508898401907+2.023358833144768e-16j),(12.543155216524365-1.1898420898474013e-16j),(1.2543155216524366-1.1898420898474013e-17j)
air_exchange_rate,control_equipment_parameters,0.5,0.45,decrease,-10.0,(24.689568425019537+1.8473228386863463e-15j),(26.133288123175227+1.937372433121738e-15j),(1.4437196981556895+9.004959443539177e-17j),(5.8474885964093035-7.279348746106219e-17j),(-0.5847488596409304+7.27934874610622e-18j)
circulation_fan_power,control_equipment_parameters,50.0,55.00000000000001,increase,10.0,(24.689568425019537+1.8473228386863463e-15j),(28.77195799458776+1.9739190189221057e-15j),(4.082389569568221+1.265961802357594e-16j),(16.534876184515525-7.244207788098022e-16j),(1.6534876184515526-7.244207788098022e-17j)
circulation_fan_power,control_equipment_parameters,50.0,45.0,decrease,-10.0,(24.689568425019537+1.8473228386863463e-15j),(29.17679395486514+1.972331075191689e-15j),(4.4872255298456025+1.250082365053426e-16j),(18.174580667430405-8.535383825746476e-16j),(-1.8174580667430407+8.535383825746477e-17j)
no3_uptake_vmax,nutrient_parameters,0.03,0.033,increase,10.0,(24.689568425019537+1.8473228386863463e-15j),(27.213769452177537+1.956097820596897e-15j),(2.524201027158+1.0877498191055079e-16j),(10.223755165359892-3.243911795127062e-16j),(1.0223755165359891-3.243911795127062e-17j)
no3_uptake_vmax,nutrient_parameters,0.03,0.027,decrease,-10.0,(24.689568425019537+1.8473228386863463e-15j),(29.67783886064059+1.95188853323015e-15j),(4.988270435621054+1.0456569454380374e-16j),(20.203959622745433-1.0881788667228512e-15j),(-2.0203959622745433+1.0881788667228513e-16j)
no3_uptake_km,nutrient_parameters,0.5,0.55,increase,10.0,(24.689568425019537+1.8473228386863463e-15j),(27.579170743217034+1.999995336932984e-15j),(2.889602318197497+1.5267249824663764e-16j),(11.703737661405517-2.573285991020376e-16j),(1.1703737661405518-2.573285991020376e-17j)
no3_uptake_km,nutrient_parameters,0.5,0.45,decrease,-10.0,(24.689568425019537+1.8473228386863463e-15j),(27.1484895806421+1.8678506827384853e-15j),(2.458921155622562+2.0527844052139006e-17j),(9.959352522058579-6.620348596595788e-16j),(-0.9959352522058579+6.620348596595788e-17j)
nh4_uptake_vmax,nutrient_parameters,0.045,0.0495,increase,10.0,(24.689568425019537+1.8473228386863463e-15j),(23.495467786881136+1.854835016023081e-15j),(-1.1941006381384014+7.512177336734586e-18j),(-4.836458125077399+3.9229998352923495e-16j),(-0.48364581250773986+3.92299983529235e-17j)
nh4_uptake_vmax,nutrient_parameters,0.045,0.0405,decrease,-10.0,(24.689568425019537+1.8473228386863463e-15j),(25.96986998153701+1.997548031813873e-15j),(1.2803015565174718+1.5022519312752678e-16j),(5.18559714968553+2.2045939289874278e-16j),(-0.518559714968553-2.2045939289874278e-17j)
nh4_uptake_km,nutrient_parameters,0.3,0.33,increase,10.0,(24.689568425019537+1.8473228386863463e-15j),(29.53890398556538+1.8679697894451317e-15j),(4.849335560545843+2.0646950758785393e-17j),(19.64123259291846-1.3859700535831986e-15j),(1.964123259291846-1.3859700535831987e-16j)
nh4_uptake_km,nutrient_parameters,0.3,0.27,decrease,-10.0,(24.689568425019537+1.8473228386863463e-15j),(27.94013162635824+1.8270258099248582e-15j),(3.2505632013387036-2.029702876148808e-17j),(13.165735201935313-1.0672955374982363e-15j),(-1.3165735201935314+1.0672955374982363e-16j)
po4_uptake_vmax,nutrient_parameters,0.008,0.0088,increase,10.0,(24.689568425019537+1.8473228386863463e-15j),(28.724316498429804+1.894313093177516e-15j),(4.034748073410267+4.699025449116968e-17j),(16.3419141394209-1.0324103414726427e-15j),(1.63419141394209-1.0324103414726428e-16j)
po4_uptake_vmax,nutrient_parameters,0.008,0.007200000000000001,decrease,-10.0,(24.689568425019537+1.8473228386863463e-15j),(26.137020454892493+1.978634381718988e-15j),(1.4474520298729558+1.3131154303264152e-16j),(5.862605635528886+9.319843016002566e-17j),(-0.5862605635528886-9.319843016002567e-18j)
po4_uptake_km,nutrient_parameters,0.1,0.11000000000000001,increase,10.0,(24.689568425019537+1.8473228386863463e-15j),(27.770469737797654+1.9365888862774695e-15j),(3.080901312778117+8.926604759112319e-17j),(12.478554747259334-5.72116700305854e-16j),(1.2478554747259336-5.72116700305854e-17j)
po4_uptake_km,nutrient_parameters,0.1,0.09000000000000001,decrease,-10.0,(24.689568425019537+1.8473228386863463e-15j),(27.622851416700115+1.990723797939307e-15j),(2.933282991680578+1.434009592529607e-16j),(11.880657211926362-3.0811852803349005e-16j),(-1.1880657211926362+3.0811852803349005e-17j)
k_uptake_vmax,nutrient_parameters,0.025,0.027500000000000004,increase,10.0,(24.689568425019537+1.8473228386863463e-15j),(27.115946128975118+1.838436208942222e-15j),(2.4263777039555805-8.886629744124138e-18j),(9.827541989339817-7.7130978604596e-16j),(0.9827541989339817-7.7130978604596e-17j)
k_uptake_vmax,nutrient_parameters,0.025,0.022500000000000003,decrease,-10.0,(24.689568425019537+1.8473228386863463e-15j),(27.135665661180386+1.951351827107864e-15j),(2.446097236160849+1.0402898842151775e-16j),(9.907411883644189-3.1994440999510504e-16j),(-0.9907411883644189+3.1994440999510505e-17j)
k_uptake_km,nutrient_parameters,0.4,0.44000000000000006,increase,10.0,(24.689568425019537+1.8473228386863463e-15j),(28.691406213761585+2.0543811766498807e-15j),(4.001837788742048+2.0705833796353443e-16j),(16.2086178253595-3.7411411722416436e-16j),(1.6208617825359501-3.741141172241644e-17j)
k_uptake_km,nutrient_parameters,0.4,0.36000000000000004,decrease,-10.0,(24.689568425019537+1.8473228386863463e-15j),(28.377754183845223+1.998200211305877e-15j),(3.6881857588256857+1.5087737261953085e-16j),(14.938235028394454-5.066109403106942e-16j),(-1.4938235028394455+5.066109403106943e-17j)
ca_uptake_vmax,nutrient_parameters,0.018,0.0198,increase,10.0,(24.689568425019537+1.8473228386863463e-15j),(29.176328652121754+1.953147458839686e-15j),(4.4867602271022164+1.0582462015333974e-16j),(18.17269605472525-9.31096649861633e-16j),(1.817269605472525-9.310966498616329e-17j)
ca_uptake_vmax,nutrient_parameters,0.018,0.0162,decrease,-10.0,(24.689568425019537+1.8473228386863463e-15j),(28.338264036117796+2.024838379365491e-15j),(3.6486956110982582+1.7751554067914474e-16j),(14.778288337356269-3.867510087660951e-16j),(-1.477828833735627+3.8675100876609517e-17j)
ca_uptake_km,nutrient_parameters,0.8,0.8800000000000001,increase,10.0,(24.689568425019537+1.8473228386863463e-15j),(26.025543175463092+1.938331736365682e-15j),(1.3359747504435546+9.100889767933577e-17j),(5.411089928529187-3.625580746551076e-17j),(0.5411089928529188-3.625580746551076e-18j)
ca_uptake_km,nutrient_parameters,0.8,0.7200000000000001,decrease,-10.0,(24.689568425019537+1.8473228386863463e-15j),(29.049235659688396+1.990488387982005e-15j),(4.3596672346688585+1.4316554929565877e-16j),(17.657932125905145-7.413392593790375e-16j),(-1.7657932125905145+7.413392593790375e-17j)
mg_uptake_vmax,nutrient_parameters,0.012,0.013200000000000002,increase,10.0,(24.689568425019537+1.8473228386863463e-15j),(27.134261204603657+1.9032287512858115e-15j),(2.44469277958412+5.59059125994652e-17j),(9.901723422215653-5.144313720525447e-16j),(0.9901723422215654-5.144313720525447e-17j)
mg_uptake_vmax,nutrient_parameters,0.012,0.0108,decrease,-10.0,(24.689568425019537+1.8473228386863463e-15j),(28.498192670485018+1.8895093295947656e-15j),(3.808624245465481+4.2186490908419325e-17j),(15.42604625525149-9.833399292031942e-16j),(-1.542604625525149+9.833399292031942e-17j)
mg_uptake_km,nutrient_parameters,0.6,0.66,increase,10.0,(24.689568425019537+1.8473228386863463e-15j),(30.12522909430423+2.0444499239875368e-15j),(5.435660669284694+1.971270853011905e-16j),(22.016021405122604-8.488601448105233e-16j),(2.2016021405122603-8.488601448105234e-17j)
mg_uptake_km,nutrient_parameters,0.6,0.54,decrease,-10.0,(24.689568425019537+1.8473228386863463e-15j),(24.887304401100316+1.9799254560284354e-15j),(0.19773597608077864+1.3260261734208912e-16j),(0.8008887505720836+4.771554306349041e-16j),(-0.08008887505720837-4.7715543063490417e-17j)
so4_uptake_vmax,nutrient_parameters,0.015,0.0165,increase,10.0,(24.689568425019537+1.8473228386863463e-15j),(27.127393416232355+1.848604775644545e-15j),(2.4378249912128176+1.281936958198832e-18j),(9.87390686320143-7.335932183115773e-16j),(0.987390686320143-7.335932183115773e-17j)
so4_uptake_vmax,nutrient_parameters,0.015,0.0135,decrease,-10.0,(24.689568425019537+1.8473228386863463e-15j),(25.26538386560541+1.9660116215093306e-15j),(0.575815440585874+1.186887828229843e-16j),(2.3322215709625884+3.062229350967809e-16j),(-0.23322215709625885-3.062229350967809e-17j)
so4_uptake_km,nutrient_parameters,0.7,0.77,increase,10.0,(24.689568425019537+1.8473228386863463e-15j),(29.068207233347295+1.966153147154083e-15j),(4.378638808327757+1.1883030846773664e-16j),(17.734772568525738-8.45653484036367e-16j),(1.7734772568525738-8.45653484036367e-17j)
so4_uptake_km,nutrient_parameters,0.7,0.63,decrease,-10.0,(24.689568425019537+1.8473228386863463e-15j),(27.17304256481879+1.8888182829237474e-15j),(2.4834741397992524+4.149544423740108e-17j),(10.058799315757124-5.845507314496203e-16j),(-1.0058799315757125+5.845507314496203e-17j)
ec_factor_n_no3,nutrient_parameters,0.0064,0.007040000000000001,increase,10.0,(24.689568425019537+1.8473228386863463e-15j),(25.758315421770988+1.9863361597317938e-15j),(1.0687469967514502+1.3901332104544744e-16j),(4.328739078599768+2.3915985246423463e-16j),(0.4328739078599768+2.3915985246423464e-17j)
ec_factor_n_no3,nutrient_parameters,0.0064,0.00576,decrease,-10.0,(24.689568425019537+1.8473228386863463e-15j),(28.422005762101413+1.9897910882330724e-15j),(3.732437337081876+1.424682495467261e-16j),(15.117466910841404-5.540808448861747e-16j),(-1.5117466910841406+5.5408084488617476e-17j)
ec_factor_p_po4,nutrient_parameters,0.0052,0.00572,increase,10.0,(24.689568425019537+1.8473228386863463e-15j),(22.751697379016225+2.0197972501242565e-15j),(-1.9378710460033126+1.7247441143791023e-16j),(-7.8489466184412615+1.2858458659607945e-15j),(-0.7848946618441262+1.2858458659607944e-16j)
ec_factor_p_po4,nutrient_parameters,0.0052,0.00468,decrease,-10.0,(24.689568425019537+1.8473228386863463e-15j),(27.083681156331597+1.891201519167205e-15j),(2.3941127313120596+4.387868048085852e-17j),(9.696859378416473-5.478168557813536e-16j),(-0.9696859378416474+5.478168557813536e-17j)
ec_factor_k,nutrient_parameters,0.0073,0.00803,increase,10.0,(24.689568425019537+1.8473228386863463e-15j),(24.331403369276835+1.84615633916243e-15j),(-0.3581650557427025-1.1664995239163461e-18j),(-1.4506736188217477+1.0381763305915393e-16j),(-0.14506736188217478+1.0381763305915393e-17j)
ec_factor_k,nutrient_parameters,0.0073,0.00657,decrease,-10.0,(24.689568425019537+1.8473228386863463e-15j),(31.67301684354833+2.0194780746924166e-15j),(6.983448418528791+1.721552360060703e-16j),(28.28501615869482-1.4190621779543944e-15j),(-2.8285016158694822+1.4190621779543944e-16j)
ec_factor_ca,nutrient_parameters,0.005,0.0055000000000000005,increase,10.0,(24.689568425019537+1.8473228386863463e-15j),(26.974188376818272+1.8739907064301644e-15j),(2.284619951798735+2.666786774381806e-17j),(9.253381478647402-5.843437972605776e-16j),(0.9253381478647402-5.843437972605777e-17j)
ec_factor_ca,nutrient_parameters,0.005,0.0045000000000000005,decrease,-10.0,(24.689568425019537+1.8473228386863463e-15j),(29.6249017674552+2.0059819445957407e-15j),(4.935333342435662+1.5865910590939438e-16j),(19.989548855112304-8.5304202898918685e-16j),(-1.9989548855112305+8.530420289891868e-17j)
ec_factor_mg,nutrient_parameters,0.0082,0.009020000000000002,increase,10.0,(24.689568425019537+1.8473228386863463e-15j),(29.606890609141722+1.868751191532726e-15j),(4.917322184122185+2.1428352846379688e-17j),(19.916598376580545-1.4034085638471533e-15j),(1.9916598376580545-1.4034085638471533e-16j)
ec_factor_mg,nutrient_parameters,0.0082,0.007380000000000001,decrease,-10.0,(24.689568425019537+1.8473228386863463e-15j),(27.15716180761644+1.9914451860521568e-15j),(2.4675933825969025+1.4412234736581046e-16j),(9.994477587126758-1.6406896633932626e-16j),(-0.9994477587126758+1.6406896633932627e-17j)
ec_factor_default,nutrient_parameters,0.0006,0.00066,increase,10.0,(24.689568425019537+1.8473228386863463e-15j),(26.989124038970367+1.9923788235087966e-15j),(2.2995556139508295+1.4505598482245026e-16j),(9.31387529488179-1.0936343722923931e-16j),(0.931387529488179-1.0936343722923931e-17j)
ec_factor_default,nutrient_parameters,0.0006,0.00054,decrease,-10.0,(24.689568425019537+1.8473228386863463e-15j),(29.035058141362494+2.013134599276113e-15j),(4.345489716342957+1.6581176058976652e-16j),(17.60050901472782-6.45318943699696e-16j),(-1.760050901472782+6.453189436996961e-17j)
ec_factor_s_so4,nutrient_parameters,0.52,0.5720000000000001,increase,10.0,(24.689568425019537+1.8473228386863463e-15j),(27.452220381509452+1.9015713574937455e-15j),(2.762651956489915+5.424851880739921e-17j),(11.189551428895536-6.175021679627508e-16j),(1.1189551428895537-6.175021679627509e-17j)
ec_factor_s_so4,nutrient_parameters,0.52,0.468,decrease,-10.0,(24.689568425019537+1.8473228386863463e-15j),(27.354466916407695+2.0413487063626327e-15j),(2.6648984913881577+1.9402586767628642e-16j),(10.793621198690714-2.1738581072074253e-17j),(-1.0793621198690715+2.1738581072074255e-18j)
ec_factor_fe,nutrient_parameters,0.45,0.49500000000000005,increase,10.0,(24.689568425019537+1.8473228386863463e-15j),(26.582173862604463+1.883073463199957e-15j),(1.8926054375849262+3.575062451361058e-17j),(7.665607616158356-4.287555532825355e-16j),(0.7665607616158356-4.287555532825356e-17j)
ec_factor_fe,nutrient_parameters,0.45,0.405,decrease,-10.0,(24.689568425019537+1.8473228386863463e-15j),(25.4766283758349+1.9693079677991483e-15j),(0.7870599508153617+1.2198512911280199e-16j),(3.1878238504071335+2.555562332276394e-16j),(-0.3187823850407134-2.555562332276394e-17j)
ec_factor_mn,nutrient_parameters,0.48,0.528,increase,10.0,(24.689568425019537+1.8473228386863463e-15j),(29.97851808826232+1.9418876910889e-15j),(5.288949663242782+9.45648524025536e-17j),(21.421798762116666-1.219806370864979e-15j),(2.142179876211667-1.219806370864979e-16j)
ec_factor_mn,nutrient_parameters,0.48,0.432,decrease,-10.0,(24.689568425019537+1.8473228386863463e-15j),(25.89527215495978+1.9531739609564227e-15j),(1.205703729940243+1.0585112227007636e-16j),(4.8834540530826995+6.333832961972164e-17j),(-0.48834540530827-6.3338329619721645e-18j)
ec_factor_zn,nutrient_parameters,0.5,0.55,increase,10.0,(24.689568425019537+1.8473228386863463e-15j),(26.906238292803877+1.9262285592021354e-15j),(2.21666986778434+7.890572051578913e-17j),(8.978163690937768-3.521728138165319e-16j),(0.8978163690937768-3.521728138165319e-17j)
ec_factor_zn,nutrient_parameters,0.5,0.45,decrease,-10.0,(24.689568425019537+1.8473228386863463e-15j),(29.746143882212696+1.9247679588086e-15j),(5.0565754571931585+7.744512012225352e-17j),(20.480615011759394-1.2187250636122206e-15j),(-2.0480615011759395+1.2187250636122205e-16j)
ec_factor_cu,nutrient_parameters,0.47,0.517,increase,10.0,(24.689568425019537+1.8473228386863463e-15j),(28.240189049985656+1.9720294586751427e-15j),(3.5506206249661183+1.2470661998879643e-16j),(14.381055852592564-5.709209119975696e-16j),(1.4381055852592564-5.709209119975697e-17j)
ec_factor_cu,nutrient_parameters,0.47,0.423,decrease,-10.0,(24.689568425019537+1.8473228386863463e-15j),(26.989508807732715+1.939527617658028e-15j),(2.299940382713178+9.220477897168168e-17j),(9.315433721322156-3.235429405239948e-16j),(-0.9315433721322157+3.235429405239948e-17j)
ec_factor_b,nutrient_parameters,0.43,0.47300000000000003,increase,10.0,(24.689568425019537+1.8473228386863463e-15j),(26.64886653390689+1.903312104552791e-15j),(1.959298108887353+5.598926586644467e-17j),(7.935732513257984-3.669943990442854e-16j),(0.7935732513257985-3.6699439904428546e-17j)
ec_factor_b,nutrient_parameters,0.43,0.387,decrease,-10.0,(24.689568425019537+1.8473228386863463e-15j),(29.3808184793031+1.8584827095532023e-15j),(4.6912500542835645+1.1159870866855969e-17j),(19.00093988491762-1.3764875324750496e-15j),(-1.9000939884917623+1.3764875324750498e-16j)
ec_factor_mo,nutrient_parameters,0.55,0.6050000000000001,increase,10.0,(24.689568425019537+1.8473228386863463e-15j),(29.382572314850176+1.9413678294177376e-15j),(4.6930038898306385+9.404499073139134e-17j),(19.008043433739868-1.0413099669533905e-15j),(1.900804343373987-1.0413099669533906e-16j)
ec_factor_mo,nutrient_parameters,0.55,0.49500000000000005,decrease,-10.0,(24.689568425019537+1.8473228386863463e-15j),(28.170770489426797+2.001839252963042e-15j),(3.4812020644072597+1.5451641427669565e-16j),(14.099890303791346-4.2914512603465943e-16j),(-1.4099890303791347+4.291451260346595e-17j)
ec_uptake_high_threshold,nutrient_parameters,1.5,1.6500000000000001,increase,10.0,(24.689568425019537+1.8473228386863463e-15j),(24.91954878012428+1.955538129940457e-15j),(0.22998035510474324+1.0821529125411063e-16j),(0.9314879512907535+3.6860790769465613e-16j),(0.09314879512907535+3.6860790769465616e-17j)
ec_uptake_high_threshold,nutrient_parameters,1.5,1.35,decrease,-10.0,(24.689568425019537+1.8473228386863463e-15j),(27.677455798027673+1.8694622326045744e-15j),(2.9878873730081352+2.213939391822805e-17j),(12.101820985984977-8.158113806829341e-16j),(-1.210182098598498+8.158113806829342e-17j)
ec_uptake_low_threshold,nutrient_parameters,0.5,0.55,increase,10.0,(24.689568425019537+1.8473228386863463e-15j),(27.861535670568948+1.9228489910358255e-15j),(3.1719672455494106+7.55261523494792e-17j),(12.84739850833136-6.553649366669599e-16j),(1.284739850833136-6.5536493666696e-17j)
ec_uptake_low_threshold,nutrient_parameters,0.5,0.45,decrease,-10.0,(24.689568425019537+1.8473228386863463e-15j),(28.157399777971946+1.8248243981376362e-15j),(3.467831352952409-2.2498440548710105e-17j),(14.045734997288292-1.1420552443891277e-15j),(-1.4045734997288293+1.1420552443891277e-16j)
ec_uptake_modifier_n_high,nutrient_parameters,0.2,0.22000000000000003,increase,10.0,(24.689568425019537+1.8473228386863463e-15j),(28.08943586972138+1.91852970910287e-15j),(3.3998674447018438+7.120687041652368e-17j),(13.770461217363922-7.419246926109077e-16j),(1.3770461217363923-7.419246926109078e-17j)
ec_uptake_modifier_n_high,nutrient_parameters,0.2,0.18000000000000002,decrease,-10.0,(24.689568425019537+1.8473228386863463e-15j),(26.944557497193596+1.9744392247860403e-15j),(2.254989072174059+1.2711638609969403e-16j),(9.133367717715684-1.6851814083842483e-16j),(-0.9133367717715685+1.6851814083842483e-17j)
ec_uptake_modifier_p_high,nutrient_parameters,0.15,0.165,increase,10.0,(24.689568425019537+1.8473228386863463e-15j),(25.60958831280347+1.931309967451205e-15j),(0.9200198877839334+8.398712876485852e-17j),(3.7263506268972186+6.135952773197314e-17j),(0.3726350626897219+6.1359527731973145e-18j)
ec_uptake_modifier_p_high,nutrient_parameters,0.15,0.135,decrease,-10.0,(24.689568425019537+1.8473228386863463e-15j),(25.02985898038639+1.9932944670980368e-15j),(0.3402905553668525+1.4597162841169048e-16j),(1.378276645054735+4.881025342070921e-16j),(-0.1378276645054735-4.881025342070921e-17j)
ec_uptake_modifier_k_high,nutrient_parameters,0.25,0.275,increase,10.0,(24.689568425019537+1.8473228386863463e-15j),(27.50648548690193+2.052465857764951e-15j),(2.8169170618823927+2.051430190786048e-16j),(11.409341035819113-2.278024274411988e-17j),(1.1409341035819114-2.278024274411988e-18j)
ec_uptake_modifier_k_high,nutrient_parameters,0.25,0.225,decrease,-10.0,(24.689568425019537+1.8473228386863463e-15j),(26.952304444317107+1.939541363313964e-15j),(2.26273601929757+9.221852462761783e-17j),(9.164745127762513-3.122124449401844e-16j),(-0.9164745127762514+3.1221244494018437e-17j)
ec_uptake_modifier_ca_high,nutrient_parameters,0.1,0.11000000000000001,increase,10.0,(24.689568425019537+1.8473228386863463e-15j),(26.01672944604025+1.9587054200751105e-15j),(1.3271610210207143+1.1138258138876416e-16j),(5.375391737005075+4.8934602477568966e-17j),(0.5375391737005075+4.893460247756897e-18j)
ec_uptake_modifier_ca_high,nutrient_parameters,0.1,0.09000000000000001,decrease,-10.0,(24.689568425019537+1.8473228386863463e-15j),(27.94989356696492+1.965261682939287e-15j),(3.2603251419453834+1.1793884425294075e-16j),(13.205273927111193-5.103580376317496e-16j),(-1.3205273927111194+5.103580376317496e-17j)
ec_uptake_modifier_n_low,nutrient_parameters,0.3,0.33,increase,10.0,(24.689568425019537+1.8473228386863463e-15j),(26.352011426037027+1.9483698889677634e-15j),(1.6624430010174898+1.0104705028141713e-16j),(6.733382181491794-9.453489089613057e-17j),(0.6733382181491794-9.453489089613057e-18j)
ec_uptake_modifier_n_low,nutrient_parameters,0.3,0.27,decrease,-10.0,(24.689568425019537+1.8473228386863463e-15j),(28.508453990843+2.0288569731603907e-15j),(3.8188855658234644+1.815341344740444e-16j),(15.467607615018252-4.220507697938581e-16j),(-1.5467607615018253+4.2205076979385814e-17j)
ec_uptake_modifier_p_low,nutrient_parameters,0.2,0.22000000000000003,increase,10.0,(24.689568425019537+1.8473228386863463e-15j),(27.74361732763885+1.8943526880291364e-15j),(3.0540489026193143+4.7029849342790045e-17j),(12.369794603312906-7.350480508152374e-16j),(1.2369794603312907-7.350480508152374e-17j)
ec_uptake_modifier_p_low,nutrient_parameters,0.2,0.18000000000000002,decrease,-10.0,(24.689568425019537+1.8473228386863463e-15j),(27.316944618823353+2.000144688162751e-15j),(2.6273761938038156+1.5282184947640467e-16j),(10.641644878414827-1.7725577872029437e-16j),(-1.0641644878414827+1.772557787202944e-17j)
ec_uptake_modifier_fe_low,nutrient_parameters,0.4,0.44000000000000006,increase,10.0,(24.689568425019537+1.8473228386863463e-15j),(25.375054551181723+1.953050127703718e-15j),(0.6854861261621856+1.0572728901737153e-16j),(2.776420042512927+2.2048926306463766e-16j),(0.2776420042512927+2.2048926306463768e-17j)
ec_uptake_modifier_fe_low,nutrient_parameters,0.4,0.36000000000000004,decrease,-10.0,(24.689568425019537+1.8473228386863463e-15j),(24.681716004122187+1.97146967282038e-15j),(-0.007852420897350498+1.241468341340335e-16j),(-0.031804609793799114+5.052108072821071e-16j),(0.0031804609793799118-5.052108072821071e-17j)
min_ec_limit,nutrient_parameters,0.05,0.05500000000000001,increase,10.0,(24.689568425019537+1.8473228386863463e-15j),(27.695064816550193+2.0170487675482173e-15j),(3.005496391530656+1.6972592886187097e-16j),(12.173142680311058-2.233790202727969e-16j),(1.2173142680311058-2.2337902027279692e-17j)
min_ec_limit,nutrient_parameters,0.05,0.045000000000000005,decrease,-10.0,(24.689568425019537+1.8473228386863463e-15j),(28.294132409327162+1.883957583817654e-15j),(3.6045639843076245+3.663474513130777e-17j),(14.599542293557818-9.439854516253004e-16j),(-1.459954229355782+9.439854516253004e-17j)
max_ec_limit,nutrient_parameters,5.0,5.5,increase,10.0,(24.689568425019537+1.8473228386863463e-15j),(29.09808184857695+2.0077603233422972e-15j),(4.408513423557412+1.604374846559509e-16j),(17.855773530208737-6.861857399663003e-16j),(1.7855773530208738-6.861857399663004e-17j)
max_ec_limit,nutrient_parameters,5.0,4.5,decrease,-10.0,(24.689568425019537+1.8473228386863463e-15j),(29.172810126446276+1.9720142962327477e-15j),(4.4832417014267385+1.2469145754640138e-16j),(18.15844499283989-8.536141269405781e-16j),(-1.815844499283989+8.536141269405782e-17j)
minimum_volume_fraction,nutrient_parameters,0.1,0.11000000000000001,increase,10.0,(24.689568425019537+1.8473228386863463e-15j),(30.715083522670888+1.984970847638576e-15j),(6.0255150976513505+1.3764800895222956e-16j),(24.405104997887715-1.2685238724616764e-15j),(2.440510499788772-1.2685238724616765e-16j)
minimum_volume_fraction,nutrient_parameters,0.1,0.09000000000000001,decrease,-10.0,(24.689568425019537+1.8473228386863463e-15j),(30.808512919281576+1.836507755997615e-15j),(6.118944494262038-1.081508268873117e-17j),(24.78352148132859-1.898156853844156e-15j),(-2.4783521481328594+1.8981568538441563e-16j)
ph_target_min,nutrient_parameters,5.8,6.38,increase,10.0,(24.689568425019537+1.8473228386863463e-15j),(29.09551292455223+1.9345493243271316e-15j),(4.405944499532694+8.722648564078529e-17j),(17.845368633774356-9.819332626852354e-16j),(1.7845368633774357-9.819332626852354e-17j)
ph_target_min,nutrient_parameters,5.8,5.22,decrease,-10.0,(24.689568425019537+1.8473228386863463e-15j),(24.91720845700731+1.8486456901642343e-15j),(0.2276400319877716+1.3228514778879814e-18j),(0.9220089556409143-6.362861538916376e-17j),(-0.09220089556409145+6.3628615389163764e-18j)
ph_target_max,nutrient_parameters,6.2,6.820000000000001,increase,10.0,(24.689568425019537+1.8473228386863463e-15j),(25.98796205306312+1.9723878611436453e-15j),(1.2983936280435842+1.2506502245729895e-16j),(5.258875350481371+1.1307049426396703e-16j),(0.5258875350481371+1.1307049426396704e-17j)
ph_target_max,nutrient_parameters,6.2,5.58,decrease,-10.0,(24.689568425019537+1.8473228386863463e-15j),(31.168348424716626+1.8686572638084193e-15j),(6.478779999697089+2.1334425122072957e-17j),(26.240960911782167-1.8769904395024647e-15j),(-2.6240960911782167+1.8769904395024647e-16j)
ph_buffer_capacity,nutrient_parameters,2.5,2.75,increase,10.0,(24.689568425019537+1.8473228386863463e-15j),(24.584379275874788+1.843939482590992e-15j),(-0.1051891491447492-3.383356095354129e-18j),(-0.4260469334010481+1.817409738251709e-17j),(-0.04260469334010481+1.817409738251709e-18j)
ph_buffer_capacity,nutrient_parameters,2.5,2.25,decrease,-10.0,(24.689568425019537+1.8473228386863463e-15j),(27.86950019422434+1.9332055099525095e-15j),(3.179931769204803+8.588267126616321e-17j),(12.879657167204153-6.158316520997743e-16j),(-1.2879657167204153+6.158316520997743e-17j)
ph_drift_rate,nutrient_parameters,0.02,0.022000000000000002,increase,10.0,(24.689568425019537+1.8473228386863463e-15j),(25.051523274134645+1.993821382184441e-15j),(0.3619548491151079+1.464985434980946e-16j),(1.4660233945131078+4.836713078781758e-16j),(0.1466023394513108+4.836713078781758e-17j)
ph_drift_rate,nutrient_parameters,0.02,0.018000000000000002,decrease,-10.0,(24.689568425019537+1.8473228386863463e-15j),(27.597945216489588+2.0015471491221923e-15j),(2.908376791470051+1.5422431043584603e-16j),(11.779779789600552-2.5673292814697416e-16j),(-1.1779779789600553+2.5673292814697417e-17j)
nitrate_acidification_factor,nutrient_parameters,0.001,0.0011,increase,10.0,(24.689568425019537+1.8473228386863463e-15j),(25.598513301886474+1.833088432564266e-15j),(0.9089448768669364-1.423440612208032e-17j),(3.681493581499155-3.33110228749659e-16j),(0.36814935814991556-3.33110228749659e-17j)
nitrate_acidification_factor,nutrient_parameters,0.001,0.0009000000000000001,decrease,-10.0,(24.689568425019537+1.8473228386863463e-15j),(29.32750128247915+1.997687391262067e-15j),(4.637932857459614+1.503645525757207e-16j),(18.78498958596496-7.965098737464309e-16j),(-1.8784989585964962+7.965098737464309e-17j)
ammonium_alkalinization_factor,nutrient_parameters,0.002,0.0022,increase,10.0,(24.689568425019537+1.8473228386863463e-15j),(27.478471258480592+1.982792202990055e-15j),(2.788902833461055+1.354693643037087e-16j),(11.295875186845628-2.964892564837803e-16j),(1.1295875186845628-2.964892564837803e-17j)
ammonium_alkalinization_factor,nutrient_parameters,0.002,0.0018000000000000002,decrease,-10.0,(24.689568425019537+1.8473228386863463e-15j),(27.005660742464112+2.0123705446577305e-15j),(2.316092317444575+1.650477059713842e-16j),(9.380853798552138-3.340256326509124e-17j),(-0.9380853798552139+3.3402563265091244e-18j)
carbonate_buffer_pka,nutrient_parameters,6.35,6.985,increase,10.0,(24.689568425019537+1.8473228386863463e-15j),(24.60159558946132+1.9276088679898854e-15j),(-0.08797283555821878+8.028602930353906e-17j),(-0.35631580934833273+3.5184224824056305e-16j),(-0.035631580934833276+3.5184224824056306e-17j)
carbonate_buffer_pka,nutrient_parameters,6.35,5.715,decrease,-10.0,(24.689568425019537+1.8473228386863463e-15j),(27.29430566883835+1.9286021953456633e-15j),(2.604737243818814+8.127935665931698e-17j),(10.549950485077192-4.601631189570908e-16j),(-1.0549950485077193+4.601631189570908e-17j)
phosphate_buffer_pka1,nutrient_parameters,2.15,2.365,increase,10.0,(24.689568425019537+1.8473228386863463e-15j),(23.88981228922821+1.879874534558999e-15j),(-0.799756135791327+3.255169587265272e-17j),(-3.2392471266564637+3.7421086612126846e-16j),(-0.3239247126656464+3.7421086612126846e-17j)
phosphate_buffer_pka1,nutrient_parameters,2.15,1.935,decrease,-10.0,(24.689568425019537+1.8473228386863463e-15j),(30.827284788875826+1.944534142564346e-15j),(6.137716363856288+9.72113038779996e-17j),(24.859553063862155-1.4663071108979537e-15j),(-2.4859553063862156+1.466307110897954e-16j)
phosphate_buffer_pka2,nutrient_parameters,7.2,7.920000000000001,increase,10.0,(24.689568425019537+1.8473228386863463e-15j),(28.286375310371895+1.928428181845116e-15j),(3.5968068853523576+8.110534315876976e-17j),(14.568123765612201-7.6151567777487e-16j),(1.4568123765612202-7.6151567777487e-17j)
phosphate_buffer_pka2,nutrient_parameters,7.2,6.48,decrease,-10.0,(24.689568425019537+1.8473228386863463e-15j),(26.933193268674476+1.925806171236952e-15j),(2.2436248436549384+7.848333255060566e-17j),(9.087339256126196-3.6205234298927506e-16j),(-0.9087339256126197+3.620523429892751e-17j)
phosphate_buffer_pka3,nutrient_parameters,12.33,13.563,increase,10.0,(24.689568425019537+1.8473228386863463e-15j),(29.266233931217933+1.8413877354069234e-15j),(4.576665506198395-5.935103279422922e-18j),(18.536838827691145-1.4110022278105665e-15j),(1.8536838827691147-1.4110022278105667e-16j)
phosphate_buffer_pka3,nutrient_parameters,12.33,11.097,decrease,-10.0,(24.689568425019537+1.8473228386863463e-15j),(28.199183812993567+1.8709578853350118e-15j),(3.50961538797403+2.3635046648665482e-17j),(14.214972605262346-9.678637742375376e-16j),(-1.4214972605262348+9.678637742375376e-17j)
ph_adjustment_rate,nutrient_parameters,0.1,0.11000000000000001,increase,10.0,(24.689568425019537+1.8473228386863463e-15j),(27.35853237079484+1.850413160456078e-15j),(2.668963945775303+3.0903217697315e-18j),(10.810087482414918-7.963156333492597e-16j),(1.0810087482414918-7.963156333492598e-17j)
ph_adjustment_rate,nutrient_parameters,0.1,0.09000000000000001,decrease,-10.0,(24.689568425019537+1.8473228386863463e-15j),(26.444940565342847+1.919227411404787e-15j),(1.7553721403233098+7.190457271844052e-17j),(7.109772475992239-2.4073275395518713e-16j),(-0.710977247599224+2.4073275395518715e-17j)
ph_deadband,nutrient_parameters,0.1,0.11000000000000001,increase,10.0,(24.689568425019537+1.8473228386863463e-15j),(25.596978435319418+1.8307014478012763e-15j),(0.9074100102998806-1.6621390885069995e-17j),(3.675276921326592-3.423130748290416e-16j),(0.36752769213265923-3.423130748290416e-17j)
ph_deadband,nutrient_parameters,0.1,0.09000000000000001,decrease,-10.0,(24.689568425019537+1.8473228386863463e-15j),(25.774585897114566+1.8886437041070694e-15j),(1.0850174720950285+4.132086542072308e-17j),(4.39463928010791-1.6145405619239797e-16j),(-0.43946392801079104+1.61454056192398e-17j)
current_ph,nutrient_parameters,6.0,6.6000000000000005,increase,10.0,(24.689568425019537+1.8473228386863463e-15j),(29.630357279383773+1.8908529384995e-15j),(4.940788854364236+4.353009981315368e-17j),(20.01164527994509-1.321001599645872e-15j),(2.001164527994509-1.321001599645872e-16j)
current_ph,nutrient_parameters,6.0,5.4,decrease,-10.0,(24.689568425019537+1.8473228386863463e-15j),(25.797971348833006+1.9555636159314553e-15j),(1.1084029238134683+1.08240777245109e-16j),(4.4893572246092885+1.0250424587835253e-16j),(-0.4489357224609289-1.0250424587835254e-17j)
total_alkalinity,nutrient_parameters,2.0,2.2,increase,10.0,(24.689568425019537+1.8473228386863463e-15j),(24.09995341013538+1.9209686403838435e-15j),(-0.5896150148841564+7.364580169749721e-17j),(-2.3881138978786733+4.769705695929333e-16j),(-0.23881138978786734+4.7697056959293335e-17j)
total_alkalinity,nutrient_parameters,2.0,1.8,decrease,-10.0,(24.689568425019537+1.8473228386863463e-15j),(27.660187343433925+1.980086382123385e-15j),(2.970618918414388+1.3276354343703853e-16j),(12.031878675546501-3.6251787685630016e-16j),(-1.2031878675546501+3.625178768563002e-17j)
carbonate_conc,nutrient_parameters,50.0,55.00000000000001,increase,10.0,(24.689568425019537+1.8473228386863463e-15j),(27.895922780546275+1.9584825321736847e-15j),(3.206354355526738+1.1115969348733838e-16j),(12.986676398432026-5.214596844743511e-16j),(1.2986676398432027-5.214596844743511e-17j)
carbonate_conc,nutrient_parameters,50.0,45.0,decrease,-10.0,(24.689568425019537+1.8473228386863463e-15j),(27.492078027566784+1.8586204992968513e-15j),(2.8025096025472465+1.129766061050501e-17j),(11.350986596052778-8.035446540797395e-16j),(-1.135098659605278+8.035446540797396e-17j)
phosphate_total,nutrient_parameters,60.0,66.0,increase,10.0,(24.689568425019537+1.8473228386863463e-15j),(29.627814989843387+1.8934704219335512e-15j),(4.938246564823849+4.614758324720492e-17j),(20.001348260991083-1.3096295798172578e-15j),(2.0001348260991083-1.309629579817258e-16j)
phosphate_total,nutrient_parameters,60.0,54.0,decrease,-10.0,(24.689568425019537+1.8473228386863463e-15j),(26.605609524229315+1.973389459868902e-15j),(1.916041099209778+1.2606662118255566e-16j),(7.760528925520341-7.005145559334756e-17j),(-0.7760528925520341+7.005145559334755e-18j)
ionic_strength,nutrient_parameters,0.02,0.022000000000000002,increase,10.0,(24.689568425019537+1.8473228386863463e-15j),(27.76760321159356+1.972585042273493e-15j),(3.0780347865740225+1.2526220358714655e-16j),(12.466944474634277-4.2545299768250153e-16j),(1.2466944474634278-4.2545299768250155e-17j)
ionic_strength,nutrient_parameters,0.02,0.018000000000000002,decrease,-10.0,(24.689568425019537+1.8473228386863463e-15j),(27.316439378904885+1.979606720914668e-15j),(2.626870953885348+1.3228388222832177e-16j),(10.639598508426618-2.602874617170395e-16j),(-1.0639598508426618+2.6028746171703948e-17j)
phosphate_acidification_factor,nutrient_parameters,0.0005,0.00055,increase,10.0,(24.689568425019537+1.8473228386863463e-15j),(28.15378635222444+1.8703894196491495e-15j),(3.4642179272049027+2.306658096280318e-17j),(14.031099562252317-9.564084786926241e-16j),(1.4031099562252318-9.564084786926242e-17j)
phosphate_acidification_factor,nutrient_parameters,0.0005,0.00045000000000000004,decrease,-10.0,(24.689568425019537+1.8473228386863463e-15j),(27.19087111309888+1.826072036974749e-15j),(2.501302688079342-2.1250801711597377e-17j),(10.131010170046594-8.440944077471846e-16j),(-1.0131010170046595+8.440944077471847e-17j)
ph_min_limit,nutrient_parameters,4.0,4.4,increase,10.0,(24.689568425019537+1.8473228386863463e-15j),(28.72798314112007+1.87055863300039e-15j),(4.038414716100533+2.323579431404356e-17j),(16.356765118697442-1.129734058499305e-15j),(1.6356765118697443-1.129734058499305e-16j)
ph_min_limit,nutrient_parameters,4.0,3.6,decrease,-10.0,(24.689568425019537+1.8473228386863463e-15j),(25.4033087108847+1.922972253247627e-15j),(0.713740285865164+7.564941456128059e-17j),(2.89085768361137+9.010258889525755e-17j),(-0.28908576836113703-9.010258889525755e-18j)
ph_max_limit,nutrient_parameters,9.0,9.9,increase,10.0,(24.689568425019537+1.8473228386863463e-15j),(27.27248360036733+1.847438586386732e-15j),(2.582915175347793+1.1574770038572377e-19j),(10.461564701675213-7.822863607526052e-16j),(1.0461564701675214-7.822863607526052e-17j)
ph_max_limit,nutrient_parameters,9.0,8.1,decrease,-10.0,(24.689568425019537+1.8473228386863463e-15j),(29.195951919344004+2.025683797205471e-15j),(4.506383494324467+1.783609585191245e-16j),(18.252176047588815-6.432500375514235e-16j),(-1.8252176047588815+6.432500375514235e-17j)
temperature_correction_factor,nutrient_parameters,0.0055,0.00605,increase,10.0,(24.689568425019537+1.8473228386863463e-15j),(26.67574538356368+1.898830866325585e-15j),(1.9861769585441422+5.150802763923857e-17j),(8.044599744932846-3.9329039316624925e-16j),(0.8044599744932847-3.9329039316624925e-17j)
temperature_correction_factor,nutrient_parameters,0.0055,0.0049499999999999995,decrease,-10.0,(24.689568425019537+1.8473228386863463e-15j),(29.358757637458222+1.922667414574248e-15j),(4.669189212438685+7.534457588790172e-17j),(18.911586999257114-1.1098350736246052e-15j),(-1.8911586999257115+1.1098350736246053e-16j)
ec_buffer_factor,nutrient_parameters,0.1,0.11000000000000001,increase,10.0,(24.689568425019537+1.8473228386863463e-15j),(31.004431654980614+1.8274618273350882e-15j),(6.314863229961077-1.9861011351258094e-17j),(25.577049874884878-1.994168900308813e-15j),(2.557704987488488-1.994168900308813e-16j)
ec_buffer_factor,nutrient_parameters,0.1,0.09000000000000001,decrease,-10.0,(24.689568425019537+1.8473228386863463e-15j),(31.15546551861966+1.8940729932858604e-15j),(6.465897093600123+4.6750154599514046e-17j),(26.188781360178865-1.770145095763686e-15j),(-2.6188781360178868+1.7701450957636862e-16j)
proportional_control_factor,nutrient_parameters,2.0,2.2,increase,10.0,(24.689568425019537+1.8473228386863463e-15j),(26.009549346300897+1.987287803323514e-15j),(1.3199809212813598+1.3996496463716767e-16j),(5.346310225268002+1.6687758210069153e-16j),(0.5346310225268003+1.6687758210069154e-17j)
proportional_control_factor,nutrient_parameters,2.0,1.8,decrease,-10.0,(24.689568425019537+1.8473228386863463e-15j),(26.784498151773896+1.8748900658734394e-15j),(2.0949297267543585+2.7567227187093075e-17j),(8.485080381686343-5.232153043784569e-16j),(-0.8485080381686343+5.232153043784569e-17j)
stress_weight_temperature,stress_parameters,0.55,0.6050000000000001,increase,10.0,(24.689568425019537+1.8473228386863463e-15j),(26.410318011813178+2.0329057104165585e-15j),(1.7207495867936409+1.855828717302122e-16j),(6.969540970387696+2.3019012991351346e-16j),(0.6969540970387696+2.3019012991351347e-17j)
stress_weight_temperature,stress_parameters,0.55,0.49500000000000005,decrease,-10.0,(24.689568425019537+1.8473228386863463e-15j),(26.950353808441893+2.0086592221723706e-15j),(2.2607853834223555+1.613363834860243e-16j),(9.156844479838519-3.1673684036931293e-17j),(-0.915684447983852+3.1673684036931295e-18j)
stress_weight_water,stress_parameters,0.25,0.275,increase,10.0,(24.689568425019537+1.8473228386863463e-15j),(28.25489464162971+1.925230467311967e-15j),(3.565326216610174+7.790762862562065e-17j),(14.440617815729812-7.649271104325354e-16j),(1.4440617815729813-7.649271104325355e-17j)
stress_weight_water,stress_parameters,0.25,0.225,decrease,-10.0,(24.689568425019537+1.8473228386863463e-15j),(28.01505162041881+1.8577059277383116e-15j),(3.325483195399272+1.0383089051965324e-17j),(13.469183171421273-9.657366372454488e-16j),(-1.3469183171421273+9.657366372454488e-17j)
stress_weight_nutrient,stress_parameters,0.25,0.275,increase,10.0,(24.689568425019537+1.8473228386863463e-15j),(26.90474123560104+1.8859344402626184e-15j),(2.215172810581503+3.861160157627204e-17j),(8.972100169789623-5.149221395106971e-16j),(0.8972100169789624-5.1492213951069713e-17j)
stress_weight_nutrient,stress_parameters,0.25,0.225,decrease,-10.0,(24.689568425019537+1.8473228386863463e-15j),(26.343813148247897+1.941073360202087e-15j),(1.6542447232283592+9.375052151574052e-17j),(6.700176749756411-1.2160347762270957e-16j),(-0.6700176749756411+1.2160347762270957e-17j)
stress_weight_light,stress_parameters,0.15,0.165,increase,10.0,(24.689568425019537+1.8473228386863463e-15j),(28.246259634687213+2.0111773802657934e-15j),(3.556691209667676+1.638545415794471e-16j),(14.405643502716922-4.1420003438515934e-16j),(1.4405643502716923-4.142000343851594e-17j)
stress_weight_light,stress_parameters,0.15,0.135,decrease,-10.0,(24.689568425019537+1.8473228386863463e-15j),(27.852985646888413+1.9917627009892996e-15j),(3.163417221868876+1.4443986230295326e-16j),(12.81276840247714-3.736530873115968e-16j),(-1.2812768402477142+3.736530873115968e-17j)
stress_weight_salinity,stress_parameters,0.2,0.22000000000000003,increase,10.0,(24.689568425019537+1.8473228386863463e-15j),(29.428992559963216+1.887404621823221e-15j),(4.739424134943679+4.008178313687475e-17j),(19.196059053591693-1.2739445034977106e-15j),(1.9196059053591694-1.2739445034977106e-16j)
stress_weight_salinity,stress_parameters,0.2,0.18000000000000002,decrease,-10.0,(24.689568425019537+1.8473228386863463e-15j),(27.04001367788405+1.8962068296024128e-15j),(2.350445252864514+4.888399091606649e-17j),(9.519993271663086-5.143104036767655e-16j),(-0.9519993271663086+5.143104036767655e-17j)
stress_weight_oxygen,stress_parameters,0.1,0.11000000000000001,increase,10.0,(24.689568425019537+1.8473228386863463e-15j),(24.28146108769193+1.806590202009349e-15j),(-0.40810733732760696-4.0732636676997285e-17j),(-1.652954520314925-4.130177625862351e-17j),(-0.1652954520314925-4.130177625862351e-18j)
stress_weight_oxygen,stress_parameters,0.1,0.09000000000000001,decrease,-10.0,(24.689568425019537+1.8473228386863463e-15j),(27.37249280087363+1.851057422991455e-15j),(2.6829243758540926+3.734584305108725e-18j),(10.866631322462936-7.979369040365775e-16j),(-1.0866631322462936+7.979369040365775e-17j)
stress_weight_ph,stress_parameters,0.15,0.165,increase,10.0,(24.689568425019537+1.8473228386863463e-15j),(28.00230576131421+1.8954096472871095e-15j),(3.312737336294674+4.8086808600763236e-17j),(13.417558700368627-8.091628586866853e-16j),(1.3417558700368628-8.091628586866854e-17j)
stress_weight_ph,stress_parameters,0.15,0.135,decrease,-10.0,(24.689568425019537+1.8473228386863463e-15j),(27.397499331492327+1.9918081179131228e-15j),(2.7079309064727894+1.4448527922677646e-16j),(10.967915112394868-2.3543352630384914e-16j),(-1.0967915112394868+2.3543352630384915e-17j)
process_sensitivity_photosynthesis,stress_parameters,0.8,0.8800000000000001,increase,10.0,(24.689568425019537+1.8473228386863463e-15j),(30.5060495930127+1.9384956992672932e-15j),(5.816481167993164+9.117286058094689e-17j),(23.558456218695774-1.3934139133850485e-15j),(2.3558456218695776-1.3934139133850485e-16j)
process_sensitivity_photosynthesis,stress_parameters,0.8,0.7200000000000001,decrease,-10.0,(24.689568425019537+1.8473228386863463e-15j),(23.304898220441352+1.849447658363595e-15j),(-1.3846702045781853+2.124819677248647e-18j),(-5.608320812829637+4.2823191195318194e-16j),(0.5608320812829638-4.28231911953182e-17j)
process_sensitivity_respiration,stress_parameters,0.6,0.66,increase,10.0,(24.689568425019537+1.8473228386863463e-15j),(25.230257594006577+2.000324175245977e-15j),(0.5406891689870399+1.5300133655963055e-16j),(2.189949859306267+4.558439042572989e-16j),(0.21899498593062672+4.5584390425729894e-17j)
process_sensitivity_respiration,stress_parameters,0.6,0.54,decrease,-10.0,(24.689568425019537+1.8473228386863463e-15j),(27.423182521188682+1.9033775353011065e-15j),(2.733614096169145+5.605469661476015e-17j),(11.0719395702316-6.013866633700041e-16j),(-1.10719395702316+6.013866633700042e-17j)
process_sensitivity_growth,stress_parameters,0.9,0.9900000000000001,increase,10.0,(24.689568425019537+1.8473228386863463e-15j),(24.871239783718682+1.920484442254757e-15j),(0.18167135869914475+7.316160356841063e-17j),(0.7358223342415552+2.412702745968078e-16j),(0.07358223342415553+2.412702745968078e-17j)
process_sensitivity_growth,stress_parameters,0.9,0.81,decrease,-10.0,(24.689568425019537+1.8473228386863463e-15j),(27.080599800064277+1.9447570682614462e-15j),(2.39103137504474+9.743422957509991e-17j),(9.684378980969765-3.299673518907618e-16j),(-0.9684378980969766+3.299673518907618e-17j)
process_sensitivity_development,stress_parameters,0.7,0.77,increase,10.0,(24.689568425019537+1.8473228386863463e-15j),(26.779185329389463+1.8981277655786586e-15j),(2.089616904369926+5.08049268923123e-17j),(8.463561891395322-4.274857424677892e-16j),(0.8463561891395323-4.274857424677892e-17j)
process_sensitivity_development,stress_parameters,0.7,0.63,decrease,-10.0,(24.689568425019537+1.8473228386863463e-15j),(26.84157012339095+2.005676342713553e-15j),(2.1520016983714143+1.5835350402720677e-16j),(8.716238620804127-1.07882108081263e-17j),(-0.8716238620804128+1.0788210808126302e-18j)
stress_onset_temperature,stress_parameters,0.8,0.8800000000000001,increase,10.0,(24.689568425019537+1.8473228386863463e-15j),(25.85043114779994+2.038924734800143e-15j),(1.1608627227804043+1.916018961137965e-16j),(4.70183481054301+4.2424325131251326e-16j),(0.4701834810543011+4.242432513125133e-17j)
stress_onset_temperature,stress_parameters,0.8,0.7200000000000001,decrease,-10.0,(24.689568425019537+1.8473228386863463e-15j),(28.8682289971796+1.9177482244430433e-15j),(4.178660572160062+7.042538575669696e-17j),(16.924802006362956-9.811040150212722e-16j),(-1.6924802006362958+9.811040150212722e-17j)
stress_onset_water,stress_parameters,0.6,0.66,increase,10.0,(24.689568425019537+1.8473228386863463e-15j),(27.567156546466624+2.0089240408756103e-15j),(2.8775881214470864+1.6160120218926402e-16j),(11.655076637674396-2.1752381200178596e-16j),(1.1655076637674397-2.1752381200178598e-17j)
stress_onset_water,stress_parameters,0.6,0.54,decrease,-10.0,(24.689568425019537+1.8473228386863463e-15j),(25.86602284238229+2.023829709212226e-15j),(1.176454417362752+1.7650687052587988e-16j),(4.7649857507050415+3.5837888686337206e-16j),(-0.4764985750705042-3.583788868633721e-17j)
stress_onset_nutrient,stress_parameters,0.7,0.77,increase,10.0,(24.689568425019537+1.8473228386863463e-15j),(27.245331383669328+1.9547166653758478e-15j),(2.5557629586497903+1.0739382668950149e-16j),(10.351590253233711-3.3955014029633983e-16j),(1.0351590253233711-3.395501402963398e-17j)
stress_onset_nutrient,stress_parameters,0.7,0.63,decrease,-10.0,(24.689568425019537+1.8473228386863463e-15j),(25.68301215852377+1.9589144970758876e-15j),(0.9934437335042325+1.1159165838954125e-16j),(4.023738756395238+1.5091480228475705e-16j),(-0.4023738756395238-1.5091480228475705e-17j)
stress_onset_light,stress_parameters,0.5,0.55,increase,10.0,(24.689568425019537+1.8473228386863463e-15j),(29.39921676737282+1.944482443896513e-15j),(4.709648342353283+9.71596052101666e-17j),(19.075458352608106-1.0337389829099991e-15j),(1.9075458352608106-1.0337389829099992e-16j)
stress_onset_light,stress_parameters,0.5,0.45,decrease,-10.0,(24.689568425019537+1.8473228386863463e-15j),(28.710819828284627+1.9313940341908063e-15j),(4.02125140326509+8.407119550445997e-17j),(16.28724866324555-8.781314647266466e-16j),(-1.628724866324555+8.781314647266467e-17j)
stress_onset_salinity,stress_parameters,0.8,0.8800000000000001,increase,10.0,(24.689568425019537+1.8473228386863463e-15j),(27.657554686982884+1.824665872247883e-15j),(2.967986261963347-2.2656966438463417e-17j),(12.021215644076202-9.912187378343183e-16j),(1.2021215644076202-9.912187378343183e-17j)
stress_onset_salinity,stress_parameters,0.8,0.7200000000000001,decrease,-10.0,(24.689568425019537+1.8473228386863463e-15j),(27.827125883829524+1.9930273086868003e-15j),(3.1375574588099866+1.4570447000045395e-16j),(12.708028770687205-3.6069422638039514e-16j),(-1.2708028770687205+3.6069422638039515e-17j)
xylem_transport_capacity,nutrient_mobility,1.0,1.1,increase,10.0,(24.689568425019537+1.8473228386863463e-15j),(27.010186695759916+1.858094477993998e-15j),(2.320618270740379+1.0771639307651568e-17j),(9.399185238040639-6.596375175196279e-16j),(0.9399185238040639-6.596375175196279e-17j)
xylem_transport_capacity,nutrient_mobility,1.0,0.9,decrease,-10.0,(24.689568425019537+1.8473228386863463e-15j),(27.096645428509426+1.803981724365468e-15j),(2.4070770034898885-4.3341114320878153e-17j),(9.749368486533127-9.050114653841595e-16j),(-0.9749368486533128+9.050114653841596e-17j)
transpiration_coupling,nutrient_mobility,0.8,0.8800000000000001,increase,10.0,(24.689568425019537+1.8473228386863463e-15j),(29.91715507265269+1.9638921376841052e-15j),(5.227586647633153+1.165692989977589e-16j),(21.173260535148525-1.1120857758062875e-15j),(2.117326053514853-1.1120857758062875e-16j)
transpiration_coupling,nutrient_mobility,0.8,0.7200000000000001,decrease,-10.0,(24.689568425019537+1.8473228386863463e-15j),(26.22371629936466+2.0228349586881528e-15j),(1.5341478743451233+1.7551212000180647e-16j),(6.213749256104744+2.4595047515510593e-16j),(-0.6213749256104744-2.4595047515510595e-17j)
phloem_transport_capacity,nutrient_mobility,0.8,0.8800000000000001,increase,10.0,(24.689568425019537+1.8473228386863463e-15j),(30.382309309149512+2.025746716364215e-15j),(5.692740884129975+1.7842387767786875e-16j),(23.057271743807203-1.0025220569373296e-15j),(2.30572717438072-1.0025220569373296e-16j)
phloem_transport_capacity,nutrient_mobility,0.8,0.7200000000000001,decrease,-10.0,(24.689568425019537+1.8473228386863463e-15j),(30.363013497918317+1.8872789436100448e-15j),(5.6734450728987795+3.995610492369849e-17j),(22.97911804383551-1.5575095692603861e-15j),(-2.297911804383551+1.5575095692603863e-16j)
root_conductivity,nutrient_mobility,0.5,0.55,increase,10.0,(24.689568425019537+1.8473228386863463e-15j),(27.53668933788621+1.9045645409485432e-15j),(2.8471209128666715+5.72417022621969e-17j),(11.5316754989589-6.309773027680831e-16j),(1.1531675498958902-6.309773027680832e-17j)
root_conductivity,nutrient_mobility,0.5,0.45,decrease,-10.0,(24.689568425019537+1.8473228386863463e-15j),(27.69057248781185+2.0331390697872212e-15j),(3.001004062792312+1.8581623110087494e-16j),(12.154947430151108-1.5684716775925173e-16j),(-1.2154947430151108+1.5684716775925173e-17j)
activation_energy,nutrient_mobility,50000.0,55000.00000000001,increase,10.0,(24.689568425019537+1.8473228386863463e-15j),(27.88622905175252+1.8791276855098174e-15j),(3.1966606267329816+3.180484682347107e-17j),(12.947413951122769-8.399324141475672e-16j),(1.294741395112277-8.399324141475672e-17j)
activation_energy,nutrient_mobility,50000.0,45000.0,decrease,-10.0,(24.689568425019537+1.8473228386863463e-15j),(27.172137418229905+1.8898180124277833e-15j),(2.482568993210368+4.2495173741436995e-17j),(10.055133206356981-5.802272278472072e-16j),(-1.005513320635698+5.802272278472073e-17j)
nutrient_mobility_temperature_q10,nutrient_mobility,2.0,2.2,increase,10.0,(24.689568425019537+1.8473228386863463e-15j),(27.477103424707746+1.9629968280963508e-15j),(2.7875349996882086+1.1567398941000446e-16j),(11.290335058523821-3.7625181247065104e-16j),(1.1290335058523822-3.7625181247065104e-17j)
nutrient_mobility_temperature_q10,nutrient_mobility,2.0,1.8,decrease,-10.0,(24.689568425019537+1.8473228386863463e-15j),(24.968303688513284+1.9494371852508263e-15j),(0.278735263493747+1.0211434656448e-16j),(1.1289596427748267+3.2912206420588546e-16j),(-0.11289596427748268-3.291220642058855e-17j)
nutrient_mobility_base_temperature,nutrient_mobility,25.0,27.500000000000004,increase,10.0,(24.689568425019537+1.8473228386863463e-15j),(29.043532624697868+2.0013953937830217e-15j),(4.35396419967833+1.5407255509667539e-16j),(17.634833160008483-6.954343732408058e-16j),(1.7634833160008485-6.954343732408058e-17j)
nutrient_mobility_base_temperature,nutrient_mobility,25.0,22.5,decrease,-10.0,(24.689568425019537+1.8473228386863463e-15j),(27.430555295386206+1.862850920708074e-15j),(2.740986870366669+1.552808202172786e-17j),(11.10180147008584-7.677656764898855e-16j),(-1.1101801470085841+7.677656764898856e-17j)
mobility_classifications_nitrogen_remobilization_efficiency,nutrient_mobility,0.8,0.8800000000000001,increase,10.0,(24.689568425019537+1.8473228386863463e-15j),(28.25184175622327+1.9511204633081e-15j),(3.562273331203734+1.0379762462175368e-16j),(14.428252733627584-6.591398462235654e-16j),(1.4428252733627585-6.591398462235654e-17j)
mobility_classifications_nitrogen_remobilization_efficiency,nutrient_mobility,0.8,0.7200000000000001,decrease,-10.0,(24.689568425019537+1.8473228386863463e-15j),(28.08206466463816+1.9106290230370646e-15j),(3.392496239618623+6.33061843507183e-17j),(13.740605672883236-7.716909390170303e-16j),(-1.3740605672883237+7.716909390170303e-17j)
mobility_classifications_nitrogen_retranslocation_rate,nutrient_mobility,0.15,0.165,increase,10.0,(24.689568425019537+1.8473228386863463e-15j),(27.780864747735528+1.8724846921889403e-15j),(3.0912963227159906+2.5161853502593952e-17j),(12.520657589070613-8.349077235596095e-16j),(1.2520657589070614-8.349077235596096e-17j)
mobility_classifications_nitrogen_retranslocation_rate,nutrient_mobility,0.15,0.135,decrease,-10.0,(24.689568425019537+1.8473228386863463e-15j),(29.52389098903687+1.959210180704043e-15j),(4.834322564017334+1.1188734201769677e-16j),(19.58042554975729-1.011869979961987e-15j),(-1.9580425549757292+1.0118699799619871e-16j)
mobility_classifications_phosphorus_remobilization_efficiency,nutrient_mobility,0.7,0.77,increase,10.0,(24.689568425019537+1.8473228386863463e-15j),(27.2901374092715+1.898273428227073e-15j),(2.6005689842519644+5.095058954072682e-17j),(10.533067810195659-5.817403336454787e-16j),(1.053306781019566-5.817403336454787e-17j)
mobility_classifications_phosphorus_remobilization_efficiency,nutrient_mobility,0.7,0.63,decrease,-10.0,(24.689568425019537+1.8473228386863463e-15j),(27.674941552840068+2.026158741411897e-15j),(2.98537312782053+1.7883590272555063e-16j),(12.091637554892447-1.803825754686825e-16j),(-1.2091637554892447+1.803825754686825e-17j)
mobility_classifications_phosphorus_retranslocation_rate,nutrient_mobility,0.12,0.132,increase,10.0,(24.689568425019537+1.8473228386863463e-15j),(26.141129699702248+1.9310938203199593e-15j),(1.4515612746827102+8.3770981633613e-17j),(5.87924928331979-1.0060011051180276e-16j),(0.587924928331979-1.0060011051180277e-17j)
mobility_classifications_phosphorus_retranslocation_rate,nutrient_mobility,0.12,0.108,decrease,-10.0,(24.689568425019537+1.8473228386863463e-15j),(27.030279304933277+1.8359972234678278e-15j),(2.3407108799137397-1.1325615218518543e-17j),(9.480566203586394-7.552269716679001e-16j),(-0.9480566203586394+7.552269716679001e-17j)
mobility_classifications_potassium_remobilization_efficiency,nutrient_mobility,0.85,0.935,increase,10.0,(24.689568425019537+1.8473228386863463e-15j),(27.05443679879765+1.9530207121166647e-15j),(2.364868373778112+1.0569787343031837e-16j),(9.57841114541977-2.8856844322196023e-16j),(0.957841114541977-2.885684432219603e-17j)
mobility_classifications_potassium_remobilization_efficiency,nutrient_mobility,0.85,0.765,decrease,-10.0,(24.689568425019537+1.8473228386863463e-15j),(29.303948886160292+1.9512746532358978e-15j),(4.614380461140755+1.0395181454955146e-16j),(18.689595466823565-9.773575091034724e-16j),(-1.8689595466823565+9.773575091034725e-17j)
mobility_classifications_potassium_retranslocation_rate,nutrient_mobility,0.2,0.22000000000000003,increase,10.0,(24.689568425019537+1.8473228386863463e-15j),(28.034622709451753+1.9086107699475864e-15j),(3.3450542844322158+6.128793126124012e-17j),(13.548451827300697-7.65488121863571e-16j),(1.3548451827300698-7.65488121863571e-17j)
mobility_classifications_potassium_retranslocation_rate,nutrient_mobility,0.2,0.18000000000000002,decrease,-10.0,(24.689568425019537+1.8473228386863463e-15j),(28.664723706885333+2.000693113113203e-15j),(3.9751552818657956+1.5337027442685658e-16j),(16.100545839584274-5.834803733343673e-16j),(-1.6100545839584275+5.834803733343674e-17j)
mobility_classifications_calcium_remobilization_efficiency,nutrient_mobility,0.05,0.05500000000000001,increase,10.0,(24.689568425019537+1.8473228386863463e-15j),(26.845278391598086+1.9483972101484537e-15j),(2.1557099665785486+1.0107437146210743e-16j),(8.731258195643582-2.4390930717794525e-16j),(0.8731258195643582-2.4390930717794527e-17j)
mobility_classifications_calcium_remobilization_efficiency,nutrient_mobility,0.05,0.045000000000000005,decrease,-10.0,(24.689568425019537+1.8473228386863463e-15j),(27.081462534258012+1.9205366092316748e-15j),(2.391894109238475+7.321377054532847e-17j),(9.687873307718954-4.2832877363703243e-16j),(-0.9687873307718955+4.283287736370325e-17j)
mobility_classifications_calcium_retranslocation_rate,nutrient_mobility,0.01,0.011000000000000001,increase,10.0,(24.689568425019537+1.8473228386863463e-15j),(26.155227835922503+1.893614766025321e-15j),(1.4656594109029655+4.629192733897481e-17j),(5.936350873665811-2.566737378470803e-16j),(0.5936350873665811-2.5667373784708032e-17j)
mobility_classifications_calcium_retranslocation_rate,nutrient_mobility,0.01,0.009000000000000001,decrease,-10.0,(24.689568425019537+1.8473228386863463e-15j),(28.047414602831022+1.97515666524913e-15j),(3.357846177811485+1.278338265627836e-16j),(13.600262750679605-4.998343074592442e-16j),(-1.3600262750679606+4.998343074592442e-17j)
mobility_classifications_magnesium_remobilization_efficiency,nutrient_mobility,0.45,0.49500000000000005,increase,10.0,(24.689568425019537+1.8473228386863463e-15j),(26.332393647095103+1.8626511669891283e-15j),(1.6428252220755653+1.5328328302782032e-17j),(6.653924417774691-4.357756898928548e-16j),(0.6653924417774691-4.357756898928548e-17j)
mobility_classifications_magnesium_remobilization_efficiency,nutrient_mobility,0.45,0.405,decrease,-10.0,(24.689568425019537+1.8473228386863463e-15j),(27.600644798115997+2.0137415557458948e-15j),(2.91107637309646+1.6641871705954847e-16j),(11.79071388767767-2.0816011259072176e-16j),(-1.179071388767767+2.0816011259072177e-17j)
mobility_classifications_magnesium_retranslocation_rate,nutrient_mobility,0.08,0.08800000000000001,increase,10.0,(24.689568425019537+1.8473228386863463e-15j),(29.960521135170133+1.982482617328334e-15j),(5.2709527101505955+1.3515977864198784e-16j),(21.348905818901223-1.049931006884369e-15j),(2.1348905818901223-1.0499310068843689e-16j)
mobility_classifications_magnesium_retranslocation_rate,nutrient_mobility,0.08,0.07200000000000001,decrease,-10.0,(24.689568425019537+1.8473228386863463e-15j),(26.92706006077968+1.9233133501191175e-15j),(2.2374916357601435+7.599051143277117e-17j),(9.062497963685539-3.7029032517730017e-16j),(-0.906249796368554+3.702903251773002e-17j)
mobility_classifications_sulfur_remobilization_efficiency,nutrient_mobility,0.6,0.66,increase,10.0,(24.689568425019537+1.8473228386863463e-15j),(24.80774164028917+1.8830234416645515e-15j),(0.11817321526963198+3.570060297820517e-17j),(0.4786362128139891+1.0878540459804618e-16j),(0.04786362128139891+1.087854045980462e-17j)
mobility_classifications_sulfur_remobilization_efficiency,nutrient_mobility,0.6,0.54,decrease,-10.0,(24.689568425019537+1.8473228386863463e-15j),(31.05821191206886+1.9218955560628346e-15j),(6.368643487049322+7.45727173764883e-17j),(25.794875703844074-1.6279827406949119e-15j),(-2.5794875703844076+1.627982740694912e-16j)
mobility_classifications_sulfur_retranslocation_rate,nutrient_mobility,0.1,0.11000000000000001,increase,10.0,(24.689568425019537+1.8473228386863463e-15j),(26.16592660967973+2.0603325468735885e-15j),(1.4763581846601923+2.1300970818724215e-16j),(5.979684048118488+4.153399416295545e-16j),(0.5979684048118488+4.153399416295545e-17j)
mobility_classifications_sulfur_retranslocation_rate,nutrient_mobility,0.1,0.09000000000000001,decrease,-10.0,(24.689568425019537+1.8473228386863463e-15j),(25.27485481794264+1.989138077583111e-15j),(0.585286392923102+1.4181523889676469e-16j),(2.370581708224569+3.9702168909391834e-16j),(-0.2370581708224569-3.9702168909391836e-17j)
mobility_classifications_iron_remobilization_efficiency,nutrient_mobility,0.15,0.165,increase,10.0,(24.689568425019537+1.8473228386863463e-15j),(28.615630083353782+2.0076832865107827e-15j),(3.9260616583342447+1.6036044782443643e-16j),(15.901702252339545-5.40290244554275e-16j),(1.5901702252339547-5.4029024455427497e-17j)
mobility_classifications_iron_remobilization_efficiency,nutrient_mobility,0.15,0.135,decrease,-10.0,(24.689568425019537+1.8473228386863463e-15j),(25.626713826432706+1.9428743456891492e-15j),(0.9371454014131686+9.555150700280293e-17j),(3.7957139844676204+1.0300874943909e-16j),(-0.3795713984467621-1.0300874943909001e-17j)
mobility_classifications_iron_retranslocation_rate,nutrient_mobility,0.03,0.033,increase,10.0,(24.689568425019537+1.8473228386863463e-15j),(29.794968728610353+1.9480712971842307e-15j),(5.105400303590816+1.0074845849788439e-16j),(20.67836997270954-1.1391361235420866e-15j),(2.067836997270954-1.1391361235420867e-16j)
mobility_classifications_iron_retranslocation_rate,nutrient_mobility,0.03,0.027,decrease,-10.0,(24.689568425019537+1.8473228386863463e-15j),(24.952016929457944+1.8417981168813485e-15j),(0.2624485044384066-5.524721804997841e-18j),(1.0629934874537967-1.0191204171467975e-16j),(-0.10629934874537968+1.0191204171467976e-17j)
mobility_classifications_manganese_remobilization_efficiency,nutrient_mobility,0.35,0.385,increase,10.0,(24.689568425019537+1.8473228386863463e-15j),(25.846177037482263+1.9159961058409627e-15j),(1.1566086124627262+6.867326715461638e-17j),(4.684604414918244-7.236457031858025e-17j),(0.4684604414918244-7.236457031858025e-18j)
mobility_classifications_manganese_remobilization_efficiency,nutrient_mobility,0.35,0.315,decrease,-10.0,(24.689568425019537+1.8473228386863463e-15j),(29.169722553417465+1.93141591496006e-15j),(4.480154128397928+8.409307627371374e-17j),(18.145939415684147-1.0171137969018935e-15j),(-1.8145939415684147+1.0171137969018935e-16j)
mobility_classifications_manganese_retranslocation_rate,nutrient_mobility,0.06,0.066,increase,10.0,(24.689568425019537+1.8473228386863463e-15j),(25.429172842685055+1.934480239116652e-15j),(0.7396044176655181+8.715740043030557e-17j),(2.9956150100867256+1.2887515748397295e-16j),(0.29956150100867257+1.2887515748397296e-17j)
mobility_classifications_manganese_retranslocation_rate,nutrient_mobility,0.06,0.054,decrease,-10.0,(24.689568425019537+1.8473228386863463e-15j),(29.29291316960584+1.905515970289666e-15j),(4.603344744586302+5.819313160331965e-17j),(18.644897575129075-1.159349222409464e-15j),(-1.8644897575129076+1.159349222409464e-16j)
mobility_classifications_zinc_remobilization_efficiency,nutrient_mobility,0.4,0.44000000000000006,increase,10.0,(24.689568425019537+1.8473228386863463e-15j),(27.89623359669893+1.9491511336711543e-15j),(3.2066651716793935+1.0182829498480795e-16j),(12.987935295093584-5.593487809017928e-16j),(1.2987935295093584-5.593487809017929e-17j)
mobility_classifications_zinc_remobilization_efficiency,nutrient_mobility,0.4,0.36000000000000004,decrease,-10.0,(24.689568425019537+1.8473228386863463e-15j),(27.347734639344633+1.921109421982089e-15j),(2.658166214325096+7.378658329574272e-17j),(10.766353500255613-5.067027566241759e-16j),(-1.0766353500255614+5.067027566241759e-17j)
mobility_classifications_zinc_retranslocation_rate,nutrient_mobility,0.07,0.07700000000000001,increase,10.0,(24.689568425019537+1.8473228386863463e-15j),(25.55213156036333+1.9980389659082706e-15j),(0.862563135343791+1.5071612722192428e-16j),(3.4936339124895355+3.490438900061313e-16j),(0.34936339124895355+3.490438900061313e-17j)
mobility_classifications_zinc_retranslocation_rate,nutrient_mobility,0.07,0.06300000000000001,decrease,-10.0,(24.689568425019537+1.8473228386863463e-15j),(28.34030250595818+1.9526940525662496e-15j),(3.650734080938644+1.0537121387990326e-16j),(14.786544738623778-6.795744714567053e-16j),(-1.478654473862378+6.795744714567054e-17j)
mobility_classifications_copper_remobilization_efficiency,nutrient_mobility,0.25,0.275,increase,10.0,(24.689568425019537+1.8473228386863463e-15j),(27.529782958176295+2.013428297765522e-15j),(2.8402145331567574+1.6610545907917556e-16j),(11.503702633694415-1.8795414390718492e-16j),(1.1503702633694415-1.8795414390718493e-17j)
mobility_classifications_copper_remobilization_efficiency,nutrient_mobility,0.25,0.225,decrease,-10.0,(24.689568425019537+1.8473228386863463e-15j),(27.549805329032417+1.9370347436524427e-15j),(2.8602369040128792+8.971190496609642e-17j),(11.584799113436166-5.034382648276077e-16j),(-1.1584799113436166+5.034382648276078e-17j)
mobility_classifications_copper_retranslocation_rate,nutrient_mobility,0.04,0.044000000000000004,increase,10.0,(24.689568425019537+1.8473228386863463e-15j),(25.77219603482719+1.8450194700212644e-15j),(1.082627609807652-2.3033686650819268e-18j),(4.384959636275195-3.374207602946604e-16j),(0.43849596362751947-3.374207602946604e-17j)
mobility_classifications_copper_retranslocation_rate,nutrient_mobility,0.04,0.036000000000000004,decrease,-10.0,(24.689568425019537+1.8473228386863463e-15j),(27.839352585569948+1.948551952561304e-15j),(3.1497841605504107+1.0122911387495777e-16j),(12.757550502010922-5.4453778977114e-16j),(-1.2757550502010924+5.4453778977114004e-17j)
mobility_classifications_boron_remobilization_efficiency,nutrient_mobility,0.08,0.08800000000000001,increase,10.0,(24.689568425019537+1.8473228386863463e-15j),(28.763528091499087+1.8927196286532257e-15j),(4.073959666479549+4.5396789966879373e-17j),(16.500732602320994-1.0507474552834553e-15j),(1.6500732602320995-1.0507474552834554e-16j)
mobility_classifications_boron_remobilization_efficiency,nutrient_mobility,0.08,0.07200000000000001,decrease,-10.0,(24.689568425019537+1.8473228386863463e-15j),(25.697496424884747+1.875541184402247e-15j),(1.0079279998652098+2.8218345715900536e-17j),(4.082404287163687-1.9116106136775232e-16j),(-0.40824042871636873+1.9116106136775233e-17j)
mobility_classifications_boron_retranslocation_rate,nutrient_mobility,0.01,0.011000000000000001,increase,10.0,(24.689568425019537+1.8473228386863463e-15j),(24.63724037351257+1.9647014300478526e-15j),(-0.05232805150696862+1.1737859136150628e-16j),(-0.211943970045022+4.912758240133981e-16j),(-0.0211943970045022+4.912758240133982e-17j)
mobility_classifications_boron_retranslocation_rate,nutrient_mobility,0.01,0.009000000000000001,decrease,-10.0,(24.689568425019537+1.8473228386863463e-15j),(29.915642891333167+2.0093762856449926e-15j),(5.22607446631363+1.6205344695864629e-16j),(21.16713575688796-9.274033560750985e-16j),(-2.116713575688796+9.274033560750986e-17j)
mobility_classifications_molybdenum_remobilization_efficiency,nutrient_mobility,0.5,0.55,increase,10.0,(24.689568425019537+1.8473228386863463e-15j),(30.113226279777987+1.99574586921152e-15j),(5.423657854758449+1.484230305251735e-16j),(21.967406482740724-1.0424883986094112e-15j),(2.1967406482740723-1.0424883986094112e-16j)
mobility_classifications_molybdenum_remobilization_efficiency,nutrient_mobility,0.5,0.45,decrease,-10.0,(24.689568425019537+1.8473228386863463e-15j),(28.257435074035953+2.006668334248902e-15j),(3.567866649016416+1.5934549556255578e-16j),(14.450907312745354-4.358497231330172e-16j),(-1.4450907312745356+4.358497231330172e-17j)
mobility_classifications_molybdenum_retranslocation_rate,nutrient_mobility,0.09,0.099,increase,10.0,(24.689568425019537+1.8473228386863463e-15j),(26.381595791996922+1.927568038904521e-15j),(1.6920273669773849+8.024520021817462e-17j),(6.853207548426582-1.8775406361299976e-16j),(0.6853207548426582-1.8775406361299977e-17j)
mobility_classifications_molybdenum_retranslocation_rate,nutrient_mobility,0.09,0.081,decrease,-10.0,(24.689568425019537+1.8473228386863463e-15j),(27.56792668856386+1.9882781823352207e-15j),(2.878358263544321+1.4095534364887442e-16j),(11.658195939251389-3.0137899227236833e-16j),(-1.165819593925139+3.0137899227236834e-17j)
xylem_transport_rates_nitrogen,nutrient_mobility,0.25,0.275,increase,10.0,(24.689568425019537+1.8473228386863463e-15j),(25.27343697977935+1.975367590377345e-15j),(0.5838685547598139+1.2804475169099863e-16j),(2.3648390474421666+3.4167685079477074e-16j),(0.23648390474421666+3.4167685079477077e-17j)
xylem_transport_rates_nitrogen,nutrient_mobility,0.25,0.225,decrease,-10.0,(24.689568425019537+1.8473228386863463e-15j),(27.775671050265203+1.912213112126578e-15j),(3.0861026252456654+6.489027344023158e-17j),(12.499621589652081-6.724220046169125e-16j),(-1.2499621589652081+6.724220046169126e-17j)
xylem_transport_rates_phosphorus,nutrient_mobility,0.15,0.165,increase,10.0,(24.689568425019537+1.8473228386863463e-15j),(29.08699403594555+1.9657256740017688e-15j),(4.397425610926014+1.1840283531542248e-16j),(17.81086463410927-8.530782361693742e-16j),(1.781086463410927-8.530782361693743e-17j)
xylem_transport_rates_phosphorus,nutrient_mobility,0.15,0.135,decrease,-10.0,(24.689568425019537+1.8473228386863463e-15j),(30.748562086970484+1.9711145847619803e-15j),(6.058993661950947+1.23791746075634e-16j),(24.540703011280566-1.3347915190448662e-15j),(-2.454070301128057+1.3347915190448664e-16j)
xylem_transport_rates_potassium,nutrient_mobility,0.3,0.33,increase,10.0,(24.689568425019537+1.8473228386863463e-15j),(27.638034737510274+2.0445229535744043e-15j),(2.948466312490737+1.9720011488805798e-16j),(11.942154118428677-9.481747582543484e-17j),(1.1942154118428678-9.481747582543486e-18j)
xylem_transport_rates_potassium,nutrient_mobility,0.3,0.27,decrease,-10.0,(24.689568425019537+1.8473228386863463e-15j),(29.894160646265526+2.0024042228808305e-15j),(5.2045922212459885+1.5508138419448417e-16j),(21.08012635802835-9.491320399260016e-16j),(-2.1080126358028353+9.491320399260017e-17j)
xylem_transport_rates_calcium,nutrient_mobility,0.2,0.22000000000000003,increase,10.0,(24.689568425019537+1.8473228386863463e-15j),(25.348873659855066+1.922478428974812e-15j),(0.6593052348355286+7.515559028846575e-17j),(2.6703797469680026+1.0459905535206103e-16j),(0.2670379746968003+1.0459905535206103e-17j)
xylem_transport_rates_calcium,nutrient_mobility,0.2,0.18000000000000002,decrease,-10.0,(24.689568425019537+1.8473228386863463e-15j),(26.724540732198033+1.9215563763394877e-15j),(2.0349723071784958+7.423353765314135e-17j),(8.242235231282239-3.16032888260282e-16j),(-0.8242235231282239+3.16032888260282e-17j)
xylem_transport_rates_magnesium,nutrient_mobility,0.18,0.198,increase,10.0,(24.689568425019537+1.8473228386863463e-15j),(24.60837185045585+1.850937906200837e-15j),(-0.08119657456368756+3.615067514490535e-18j),(-0.3288699630788435+3.924879238555462e-17j),(-0.03288699630788435+3.924879238555462e-18j)
xylem_transport_rates_magnesium,nutrient_mobility,0.18,0.162,decrease,-10.0,(24.689568425019537+1.8473228386863463e-15j),(27.980265398713307+2.0218099594251543e-15j),(3.2906969736937697+1.74487120738808e-16j),(13.328288761658117-2.9052513323270545e-16j),(-1.3328288761658118+2.9052513323270546e-17j)
xylem_transport_rates_sulfur,nutrient_mobility,0.12,0.132,increase,10.0,(24.689568425019537+1.8473228386863463e-15j),(28.480385312701664+2.048073333002002e-15j),(3.7908168876821264+2.0075049431565554e-16j),(15.353921228694489-3.357126287065241e-16j),(1.535392122869449-3.3571262870652413e-17j)
xylem_transport_rates_sulfur,nutrient_mobility,0.12,0.108,decrease,-10.0,(24.689568425019537+1.8473228386863463e-15j),(29.668467170880625+2.0256983154027715e-15j),(4.978898745861088+1.7837547671642523e-16j),(20.166001528060924-7.863874808136838e-16j),(-2.0166001528060926+7.863874808136838e-17j)
xylem_transport_rates_iron,nutrient_mobility,0.08,0.08800000000000001,increase,10.0,(24.689568425019537+1.8473228386863463e-15j),(25.780165699362076+1.8562735007167916e-15j),(1.0905972743425387+8.950662030445294e-18j),(4.417239117219101-2.942538474982387e-16j),(0.44172391172191006-2.942538474982387e-17j)
xylem_transport_rates_iron,nutrient_mobility,0.08,0.07200000000000001,decrease,-10.0,(24.689568425019537+1.8473228386863463e-15j),(28.69077183417597+1.9662746827418043e-15j),(4.001203409156432+1.1895184405545794e-16j),(16.206048401809053-7.307790327225276e-16j),(-1.6206048401809054+7.307790327225276e-17j)
xylem_transport_rates_manganese,nutrient_mobility,0.1,0.11000000000000001,increase,10.0,(24.689568425019537+1.8473228386863463e-15j),(24.723708023411174+1.8363748522438764e-15j),(0.03413959839163638-1.094798644246991e-17j),(0.13827539551902623-5.4688600350316057e-17j),(0.013827539551902624-5.468860035031606e-18j)
xylem_transport_rates_manganese,nutrient_mobility,0.1,0.09000000000000001,decrease,-10.0,(24.689568425019537+1.8473228386863463e-15j),(27.786513322038246+1.9111486378522715e-15j),(3.096944897018709+6.38257991659252e-17j),(12.543535973194144-6.800191998317405e-16j),(-1.2543535973194144+6.800191998317406e-17j)
xylem_transport_rates_zinc,nutrient_mobility,0.1,0.11000000000000001,increase,10.0,(24.689568425019537+1.8473228386863463e-15j),(28.56056567261468+1.8912654578823515e-15j),(3.8709972475951417+4.3942619196005194e-17j),(15.678675224117766-9.951292983056088e-16j),(1.5678675224117766-9.951292983056089e-17j)
xylem_transport_rates_zinc,nutrient_mobility,0.1,0.09000000000000001,decrease,-10.0,(24.689568425019537+1.8473228386863463e-15j),(28.564176621139275+1.9370725879490516e-15j),(3.8746081961197376+8.974974926270533e-17j),(15.69330062567374-8.106912761433358e-16j),(-1.569330062567374+8.106912761433358e-17j)
xylem_transport_rates_copper,nutrient_mobility,0.08,0.08800000000000001,increase,10.0,(24.689568425019537+1.8473228386863463e-15j),(26.29698859242023+1.886564051291264e-15j),(1.6074201674006936+3.924121260491771e-17j),(6.5105235528207555-3.281919493670928e-16j),(0.6510523552820756-3.281919493670928e-17j)
xylem_transport_rates_copper,nutrient_mobility,0.08,0.07200000000000001,decrease,-10.0,(24.689568425019537+1.8473228386863463e-15j),(27.45038861944635+1.8832360491126204e-15j),(2.760820194426813+3.5913210426274045e-17j),(11.182132254807238-6.912104319974866e-16j),(-1.1182132254807238+6.912104319974866e-17j)
xylem_transport_rates_boron,nutrient_mobility,0.15,0.165,increase,10.0,(24.689568425019537+1.8473228386863463e-15j),(28.17751064444024+1.9788003050219505e-15j),(3.4879422194207024+1.314774663356042e-16j),(14.127189910238142-5.245022396162669e-16j),(1.4127189910238143-5.2450223961626695e-17j)
xylem_transport_rates_boron,nutrient_mobility,0.15,0.135,decrease,-10.0,(24.689568425019537+1.8473228386863463e-15j),(27.946700241527907+2.02545464377909e-15j),(3.2571318165083696+1.7813180509274368e-16j),(13.192340021657515-2.6559113531545264e-16j),(-1.3192340021657516+2.6559113531545267e-17j)
xylem_transport_rates_molybdenum,nutrient_mobility,0.12,0.132,increase,10.0,(24.689568425019537+1.8473228386863463e-15j),(29.09162178005286+2.033475241821871e-15j),(4.402053355033324+1.8615240313552453e-16j),(17.829608356266117-5.800750406514867e-16j),(1.7829608356266118-5.800750406514867e-17j)
xylem_transport_rates_molybdenum,nutrient_mobility,0.12,0.108,decrease,-10.0,(24.689568425019537+1.8473228386863463e-15j),(24.75410698675122+1.9900373563312927e-15j),(0.06453856173168404+1.4271451764494637e-16j),(0.26140012097693427+5.584772124653961e-16j),(-0.026140012097693427-5.584772124653961e-17j)
phloem_transport_rates_nitrogen,nutrient_mobility,0.2,0.22000000000000003,increase,10.0,(24.689568425019537+1.8473228386863463e-15j),(29.663661703195316+1.8750043800675295e-15j),(4.974093278175779+2.7681541381183236e-17j),(20.146537973240587-1.3952858546284406e-15j),(2.014653797324059-1.3952858546284407e-16j)
phloem_transport_rates_nitrogen,nutrient_mobility,0.2,0.18000000000000002,decrease,-10.0,(24.689568425019537+1.8473228386863463e-15j),(25.295411729326243+2.007063345094519e-15j),(0.6058433043067062+1.5974050640817274e-16j),(2.4538432340225356+4.633944909485563e-16j),(-0.24538432340225358-4.6339449094855634e-17j)
phloem_transport_rates_phosphorus,nutrient_mobility,0.18,0.198,increase,10.0,(24.689568425019537+1.8473228386863463e-15j),(29.712009960285272+1.8701709688652867e-15j),(5.022441535265735+2.2848130178940384e-17j),(20.34236260758681-1.4295145792898682e-15j),(2.0342362607586812-1.4295145792898682e-16j)
phloem_transport_rates_phosphorus,nutrient_mobility,0.18,0.162,decrease,-10.0,(24.689568425019537+1.8473228386863463e-15j),(28.04420380952457+1.907696574746755e-15j),(3.354635384505034+6.037373606040887e-17j),(13.58725809522683-7.720944432985766e-16j),(-1.358725809522683+7.720944432985766e-17j)
phloem_transport_rates_potassium,nutrient_mobility,0.25,0.275,increase,10.0,(24.689568425019537+1.8473228386863463e-15j),(27.79023392713691+1.8515006625941392e-15j),(3.100665502117373+4.177823907792887e-18j),(12.558605516065919-9.227385432146768e-16j),(1.255860551606592-9.227385432146768e-17j)
phloem_transport_rates_potassium,nutrient_mobility,0.25,0.225,decrease,-10.0,(24.689568425019537+1.8473228386863463e-15j),(27.997224256524454+1.9765116620044233e-15j),(3.307655831504917+1.29188823318077e-16j),(13.396977114241718-4.791359353491804e-16j),(-1.339697711424172+4.791359353491804e-17j)
phloem_transport_rates_calcium,nutrient_mobility,0.01,0.011000000000000001,increase,10.0,(24.689568425019537+1.8473228386863463e-15j),(29.58354921615102+1.907882112052475e-15j),(4.893980791131483+6.055927336612872e-17j),(19.822058882860404-1.2378432146473023e-15j),(1.9822058882860405-1.2378432146473023e-16j)
phloem_transport_rates_calcium,nutrient_mobility,0.01,0.009000000000000001,decrease,-10.0,(24.689568425019537+1.8473228386863463e-15j),(25.601515839731643+1.8939517197074813e-15j),(0.911947414712106+4.662888102113502e-17j),(3.693654741198192-8.750597103733359e-17j),(-0.36936547411981924+8.75059710373336e-18j)
phloem_transport_rates_magnesium,nutrient_mobility,0.12,0.132,increase,10.0,(24.689568425019537+1.8473228386863463e-15j),(32.61193432193758+1.9848182909852495e-15j),(7.922365896918045+1.3749545229890318e-16j),(32.08790757512715-1.8439844105643843e-15j),(3.208790757512715-1.8439844105643844e-16j)
phloem_transport_rates_magnesium,nutrient_mobility,0.12,0.108,decrease,-10.0,(24.689568425019537+1.8473228386863463e-15j),(26.95459928217224+1.891976885694379e-15j),(2.265030857152702+4.4654047008032524e-17j),(9.174039894749232-5.055579953814771e-16j),(-0.9174039894749232+5.0555799538147714e-17j)
phloem_transport_rates_sulfur,nutrient_mobility,0.15,0.165,increase,10.0,(24.689568425019537+1.8473228386863463e-15j),(26.066505928015722+1.894454881950947e-15j),(1.376937502996185+4.7132043264600736e-17j),(5.577001101407852-2.263837537915626e-16j),(0.5577001101407852-2.2638375379156262e-17j)
phloem_transport_rates_sulfur,nutrient_mobility,0.15,0.135,decrease,-10.0,(24.689568425019537+1.8473228386863463e-15j),(27.04160461621978+1.8863226793658996e-15j),(2.3520361912002414+3.8999840679553254e-17j),(9.526437038959218-5.548262492729551e-16j),(-0.9526437038959218+5.548262492729551e-17j)
phloem_transport_rates_iron,nutrient_mobility,0.05,0.05500000000000001,increase,10.0,(24.689568425019537+1.8473228386863463e-15j),(34.17451550745476+1.9228808791177396e-15j),(9.48494708243522+7.555804043139327e-17j),(38.41682008837185-2.5683909902432505e-15j),(3.8416820088371852-2.5683909902432506e-16j)
phloem_transport_rates_iron,nutrient_mobility,0.05,0.045000000000000005,decrease,-10.0,(24.689568425019537+1.8473228386863463e-15j),(27.344972819844294+1.828168022905044e-15j),(2.6554043948247568-1.9154815781302283e-17j),(10.755167320518504-8.823057344794339e-16j),(-1.0755167320518504+8.823057344794339e-17j)
phloem_transport_rates_manganese,nutrient_mobility,0.08,0.08800000000000001,increase,10.0,(24.689568425019537+1.8473228386863463e-15j),(27.130474416088198+2.032159090459749e-15j),(2.440905991068661+1.8483625177340265e-16j),(9.88638581707703+8.921940699695016e-18j),(0.9886385817077031+8.921940699695017e-19j)
phloem_transport_rates_manganese,nutrient_mobility,0.08,0.07200000000000001,decrease,-10.0,(24.689568425019537+1.8473228386863463e-15j),(25.21561775276645+1.8750032459820053e-15j),(0.5260493277469109+2.7680407295659007e-17j),(2.130654204606635-4.73060291634524e-17j),(-0.2130654204606635+4.730602916345241e-18j)
phloem_transport_rates_zinc,nutrient_mobility,0.1,0.11000000000000001,increase,10.0,(24.689568425019537+1.8473228386863463e-15j),(26.663802786564194+1.9981504145769503e-15j),(1.9742343615446565+1.5082757589060401e-16j),(7.996228721211818+1.2602150173301221e-17j),(0.7996228721211818+1.2602150173301222e-18j)
phloem_transport_rates_zinc,nutrient_mobility,0.1,0.09000000000000001,decrease,-10.0,(24.689568425019537+1.8473228386863463e-15j),(28.417329015773056+1.793591080902183e-15j),(3.727760590753519-5.3731757784163344e-17j),(15.098524715304206-1.3473311782055477e-15j),(-1.5098524715304207+1.3473311782055477e-16j)
phloem_transport_rates_copper,nutrient_mobility,0.06,0.066,increase,10.0,(24.689568425019537+1.8473228386863463e-15j),(27.751281114105595+2.0739666851729525e-15j),(3.0617126890860575+2.266438464866062e-16j),(12.400835188287154-9.881153418636566e-18j),(1.2400835188287154-9.881153418636565e-19j)
phloem_transport_rates_copper,nutrient_mobility,0.06,0.054,decrease,-10.0,(24.689568425019537+1.8473228386863463e-15j),(30.72372203785916+1.8990697921921722e-15j),(6.034153612839624+5.1746953505825914e-17j),(24.440093520325878-1.6190662753196326e-15j),(-2.444009352032588+1.6190662753196328e-16j)
phloem_transport_rates_boron,nutrient_mobility,0.02,0.022000000000000002,increase,10.0,(24.689568425019537+1.8473228386863463e-15j),(28.450233058551724+1.942197430961649e-15j),(3.760664633532187+9.48745922753027e-17j),(15.231795747880557-7.554034404601103e-16j),(1.5231795747880559-7.554034404601104e-17j)
phloem_transport_rates_boron,nutrient_mobility,0.02,0.018000000000000002,decrease,-10.0,(24.689568425019537+1.8473228386863463e-15j),(26.873799030910995+2.0063385170799395e-15j),(2.1842306058914573+1.590156783935932e-16j),(8.846775157390093-1.7873214712138125e-17j),(-0.8846775157390093+1.7873214712138127e-18j)
phloem_transport_rates_molybdenum,nutrient_mobility,0.12,0.132,increase,10.0,(24.689568425019537+1.8473228386863463e-15j),(26.84364743458122+1.998071465110521e-15j),(2.154079009561684+1.5074862642417456e-16j),(8.724652340940947-4.2219728942071574e-17j),(0.8724652340940948-4.221972894207158e-18j)
phloem_transport_rates_molybdenum,nutrient_mobility,0.12,0.108,decrease,-10.0,(24.689568425019537+1.8473228386863463e-15j),(25.813504543922818+1.947899052362612e-15j),(1.1239361189032806+1.005762136762658e-16j),(4.552271224653418+6.675316222860839e-17j),(-0.4552271224653418-6.6753162228608395e-18j)
buffering_capacities_leaves_nitrogen,nutrient_mobility,0.3,0.33,increase,10.0,(24.689568425019537+1.8473228386863463e-15j),(26.546271396312832+1.8914460859995084e-15j),(1.856702971293295+4.4123247313162063e-17j),(7.520192088136208-3.839636927310396e-16j),(0.7520192088136208-3.8396369273103964e-17j)
buffering_capacities_leaves_nitrogen,nutrient_mobility,0.3,0.27,decrease,-10.0,(24.689568425019537+1.8473228386863463e-15j),(27.504973520437463+1.9349759077589516e-15j),(2.815405095417926+8.765306907260525e-17j),(11.403217127784599-4.981908276262448e-16j),(-1.14032171277846+4.9819082762624485e-17j)
buffering_capacities_leaves_phosphorus,nutrient_mobility,0.25,0.275,increase,10.0,(24.689568425019537+1.8473228386863463e-15j),(29.857847038738022+1.860780963962247e-15j),(5.168278613718485+1.345812527590052e-17j),(20.933045587306147-1.5117429363925184e-15j),(2.093304558730615-1.5117429363925186e-16j)
buffering_capacities_leaves_phosphorus,nutrient_mobility,0.25,0.225,decrease,-10.0,(24.689568425019537+1.8473228386863463e-15j),(27.770949814675838+1.8825379688229024e-15j),(3.0813813896563005+3.521513013655606e-17j),(12.48049919954752-7.91184271008971e-16j),(-1.2480499199547521+7.91184271008971e-17j)
buffering_capacities_leaves_potassium,nutrient_mobility,0.35,0.385,increase,10.0,(24.689568425019537+1.8473228386863463e-15j),(25.672169042889887+1.889678676733341e-15j),(0.9826006178703501+4.2355838046994694e-17j),(3.9798209549690515-1.2622457734576218e-16j),(0.39798209549690516-1.2622457734576218e-17j)
buffering_capacities_leaves_potassium,nutrient_mobility,0.35,0.315,decrease,-10.0,(24.689568425019537+1.8473228386863463e-15j),(25.146661551184998+1.868790337924461e-15j),(0.4570931261654607+2.1467499238114576e-17j),(1.8513613453941893-5.1572880913786254e-17j),(-0.18513613453941893+5.157288091378626e-18j)
buffering_capacities_stems_nitrogen,nutrient_mobility,0.2,0.22000000000000003,increase,10.0,(24.689568425019537+1.8473228386863463e-15j),(26.23600209795719+1.9945485465608732e-15j),(1.5464336729376527+1.472257078745269e-16j),(6.2635103470279825+1.2765897802594577e-16j),(0.6263510347027983+1.2765897802594577e-17j)
buffering_capacities_stems_nitrogen,nutrient_mobility,0.2,0.18000000000000002,decrease,-10.0,(24.689568425019537+1.8473228386863463e-15j),(26.976610109914652+1.798210501458051e-15j),(2.287041684895115-4.9112337228295495e-17j),(9.263190208612588-8.920097822357096e-16j),(-0.9263190208612588+8.920097822357096e-17j)
buffering_capacities_stems_phosphorus,nutrient_mobility,0.15,0.165,increase,10.0,(24.689568425019537+1.8473228386863463e-15j),(26.065536308365537+2.0319300601207374e-15j),(1.375967883346+1.8460722143439107e-16j),(5.573073857182707+3.307249193187637e-16j),(0.5573073857182708+3.3072491931876374e-17j)
buffering_capacities_stems_phosphorus,nutrient_mobility,0.15,0.135,decrease,-10.0,(24.689568425019537+1.8473228386863463e-15j),(28.317205370207937+1.886955184277122e-15j),(3.6276369451883994+3.963234559077575e-17j),(14.69299455843173-9.388365749608775e-16j),(-1.4692994558431731+9.388365749608776e-17j)
buffering_capacities_stems_potassium,nutrient_mobility,0.25,0.275,increase,10.0,(24.689568425019537+1.8473228386863463e-15j),(27.9430064811575+1.8472646677042273e-15j),(3.2534380561379628-5.817098211898742e-20j),(13.177379207815731-9.861934499497526e-16j),(1.3177379207815731-9.861934499497527e-17j)
buffering_capacities_stems_potassium,nutrient_mobility,0.25,0.225,decrease,-10.0,(24.689568425019537+1.8473228386863463e-15j),(27.716270204723934+1.88010079258359e-15j),(3.0267017797043962+3.2777953897243536e-17j),(12.259030727476157-7.84484836667805e-16j),(-1.2259030727476157+7.84484836667805e-17j)
buffering_capacities_roots_nitrogen,nutrient_mobility,0.15,0.165,increase,10.0,(24.689568425019537+1.8473228386863463e-15j),(29.606791449653542+2.003363536589596e-15j),(4.917223024634005+1.5604069790324986e-16j),(19.916196751544124-8.581589991302786e-16j),(1.9916196751544124-8.581589991302787e-17j)
buffering_capacities_roots_nitrogen,nutrient_mobility,0.15,0.135,decrease,-10.0,(24.689568425019537+1.8473228386863463e-15j),(28.315797759317128+1.873080327607295e-15j),(3.626229334297591+2.575748892094863e-17j),(14.68729332110519-9.946072396139408e-16j),(-1.4687293321105193+9.946072396139409e-17j)
buffering_capacities_roots_phosphorus,nutrient_mobility,0.2,0.22000000000000003,increase,10.0,(24.689568425019537+1.8473228386863463e-15j),(26.462169984315224+1.9871913714919935e-15j),(1.772601559295687+1.3986853280564723e-16j),(7.179556680704856+2.9319842299144253e-17j),(0.7179556680704856+2.9319842299144256e-18j)
buffering_capacities_roots_phosphorus,nutrient_mobility,0.2,0.18000000000000002,decrease,-10.0,(24.689568425019537+1.8473228386863463e-15j),(27.124337843674837+1.8723951365573443e-15j),(2.4347694186553+2.5072297870997943e-17j),(9.861530897348494-6.363092782157738e-16j),(-0.9861530897348495+6.363092782157739e-17j)
buffering_capacities_roots_potassium,nutrient_mobility,0.2,0.22000000000000003,increase,10.0,(24.689568425019537+1.8473228386863463e-15j),(26.81750874558913+1.895871429844555e-15j),(2.127940320569593+4.8548591158208566e-17j),(8.618782977239947-4.482385163323018e-16j),(0.8618782977239947-4.4823851633230184e-17j)
buffering_capacities_roots_potassium,nutrient_mobility,0.2,0.18000000000000002,decrease,-10.0,(24.689568425019537+1.8473228386863463e-15j),(28.239974422717196+1.9292262701236065e-15j),(3.550405997697659+8.190343143726018e-17j),(14.380186549149245-7.442213479303879e-16j),(-1.4380186549149245+7.442213479303879e-17j)
storage_pool_sizes_leaves_nitrogen,nutrient_mobility,0.4,0.44000000000000006,increase,10.0,(24.689568425019537+1.8473228386863463e-15j),(25.94398958267123+2.044558094589331e-15j),(1.2544211576516915+1.9723525590298471e-16j),(5.080773936819832+4.187070296511541e-16j),(0.5080773936819832+4.1870702965115415e-17j)
storage_pool_sizes_leaves_nitrogen,nutrient_mobility,0.4,0.36000000000000004,decrease,-10.0,(24.689568425019537+1.8473228386863463e-15j),(27.42966547448906+1.853150008439105e-15j),(2.7400970494695223+5.827169752758819e-18j),(11.098197434236253-8.067875578195003e-16j),(-1.1098197434236254+8.067875578195003e-17j)
storage_pool_sizes_leaves_phosphorus,nutrient_mobility,0.3,0.33,increase,10.0,(24.689568425019537+1.8473228386863463e-15j),(27.975034211195904+1.9736294589299202e-15j),(3.285465786176367+1.263066202435739e-16j),(13.307100916543327-4.840849872193606e-16j),(1.3307100916543328-4.8408498721936063e-17j)
storage_pool_sizes_leaves_phosphorus,nutrient_mobility,0.3,0.27,decrease,-10.0,(24.689568425019537+1.8473228386863463e-15j),(24.783956959829403+1.9742724177532066e-15j),(0.09438853480986609+1.2694957906686028e-16j),(0.38230127471250597+4.855785173831457e-16j),(-0.0382301274712506-4.8557851738314575e-17j)
storage_pool_sizes_leaves_potassium,nutrient_mobility,0.5,0.55,increase,10.0,(24.689568425019537+1.8473228386863463e-15j),(26.194577012001112+1.9137836658521558e-15j),(1.5050085869815746+6.646082716580948e-17j),(6.095726588142593-1.8690858214459915e-16j),(0.6095726588142594-1.8690858214459915e-17j)
storage_pool_sizes_leaves_potassium,nutrient_mobility,0.5,0.45,decrease,-10.0,(24.689568425019537+1.8473228386863463e-15j),(27.750790609456434+1.853876640719332e-15j),(3.0612221844368968+6.553802032985848e-18j),(12.39884850046533-9.011617952169763e-16j),(-1.2398848500465331+9.011617952169763e-17j)
storage_pool_sizes_stems_nitrogen,nutrient_mobility,0.6,0.66,increase,10.0,(24.689568425019537+1.8473228386863463e-15j),(30.511056557862986+1.868406104581726e-15j),(5.821488132843449+2.108326589537975e-17j),(23.578735896185847-1.6788147133765429e-15j),(2.3578735896185847-1.678814713376543e-16j)
storage_pool_sizes_stems_nitrogen,nutrient_mobility,0.6,0.54,decrease,-10.0,(24.689568425019537+1.8473228386863463e-15j),(28.362342082125526+1.9628687306313807e-15j),(3.6727736571059886+1.155458919450344e-16j),(14.875811492047506-6.450431552545912e-16j),(-1.4875811492047506+6.450431552545913e-17j)
storage_pool_sizes_stems_phosphorus,nutrient_mobility,0.5,0.55,increase,10.0,(24.689568425019537+1.8473228386863463e-15j),(28.699170823723062+2.0520236718206995e-15j),(4.0096023987035245+2.0470083313435323e-16j),(16.2400667750852-3.8601577710499603e-16j),(1.62400667750852-3.860157771049961e-17j)
storage_pool_sizes_stems_phosphorus,nutrient_mobility,0.5,0.45,decrease,-10.0,(24.689568425019537+1.8473228386863463e-15j),(27.880683672988894+1.8477316438998588e-15j),(3.191115247969357+4.088052135124605e-19j),(12.924953539226685-9.6541506640788e-16j),(-1.2924953539226687+9.6541506640788e-17j)
storage_pool_sizes_stems_potassium,nutrient_mobility,0.7,0.77,increase,10.0,(24.689568425019537+1.8473228386863463e-15j),(29.556718063715287+1.8549909285732816e-15j),(4.86714963869575+7.668089886935262e-18j),(19.713384838932836-1.4439368253984398e-15j),(1.9713384838932837-1.4439368253984398e-16j)
storage_pool_sizes_stems_potassium,nutrient_mobility,0.7,0.63,decrease,-10.0,(24.689568425019537+1.8473228386863463e-15j),(26.428411250359133+2.045929373116108e-15j),(1.7388428253395958+1.9860653442976176e-16j),(7.042823897956489+2.774566120197272e-16j),(-0.7042823897956489-2.7745661201972718e-17j)
storage_pool_sizes_roots_nitrogen,nutrient_mobility,0.35,0.385,increase,10.0,(24.689568425019537+1.8473228386863463e-15j),(28.60439602207424+1.908226605687911e-15j),(3.9148275970547033+6.090376700156452e-17j),(15.856201006282292-9.397145042859085e-16j),(1.5856201006282293-9.397145042859085e-17j)
storage_pool_sizes_roots_nitrogen,nutrient_mobility,0.35,0.315,decrease,-10.0,(24.689568425019537+1.8473228386863463e-15j),(26.73594958949312+2.0225263380262984e-15j),(2.0463811644735834+1.7520349933995212e-16j),(8.288444452515634+8.946763109238846e-17j),(-0.8288444452515634-8.946763109238847e-18j)
storage_pool_sizes_roots_phosphorus,nutrient_mobility,0.4,0.44000000000000006,increase,10.0,(24.689568425019537+1.8473228386863463e-15j),(24.13375158623301+1.8180804595313394e-15j),(-0.5558168387865265-2.924237915500693e-17j),(-2.2512213628784266+5.000066027206188e-17j),(-0.22512213628784267+5.0000660272061884e-18j)
storage_pool_sizes_roots_phosphorus,nutrient_mobility,0.4,0.36000000000000004,decrease,-10.0,(24.689568425019537+1.8473228386863463e-15j),(26.38709578920133+1.8702557919426064e-15j),(1.6975273641817914+2.2932953256260066e-17j),(6.875484151685604-4.2155226837670387e-16j),(-0.6875484151685605+4.215522683767039e-17j)
storage_pool_sizes_roots_potassium,nutrient_mobility,0.45,0.49500000000000005,increase,10.0,(24.689568425019537+1.8473228386863463e-15j),(29.08423065185928+1.899540663345963e-15j),(4.394662226839742+5.221782465961666e-17j),(17.79967211733983-1.1203095121540941e-15j),(1.7799672117339833-1.120309512154094e-16j)
storage_pool_sizes_roots_potassium,nutrient_mobility,0.45,0.405,decrease,-10.0,(24.689568425019537+1.8473228386863463e-15j),(25.201545571412485+1.918499430309785e-15j),(0.5119771463929474+7.11765916234386e-17j),(2.073657739088415+1.3313087554727218e-16j),(-0.20736577390884153-1.3313087554727219e-17j)
redistribution_thresholds_nitrogen,nutrient_mobility,0.7,0.77,increase,10.0,(24.689568425019537+1.8473228386863463e-15j),(28.51789852687966+1.892898743438686e-15j),(3.8283301018601215+4.5575904752339674e-17j),(15.505860758508142-9.755836887387576e-16j),(1.5505860758508143-9.755836887387576e-17j)
redistribution_thresholds_nitrogen,nutrient_mobility,0.7,0.63,decrease,-10.0,(24.689568425019537+1.8473228386863463e-15j),(25.389437860761646+2.042758016641985e-15j),(0.6998694357421087+1.9543517795563852e-16j),(2.834676668681198+5.794736707799064e-16j),(-0.2834676668681198-5.794736707799064e-17j)
redistribution_thresholds_phosphorus,nutrient_mobility,0.6,0.66,increase,10.0,(24.689568425019537+1.8473228386863463e-15j),(26.86788947823951+1.96042108209053e-15j),(2.178321053219971+1.1309824340418382e-16j),(8.822839734260148-2.0206140977718677e-16j),(0.8822839734260148-2.0206140977718678e-17j)
redistribution_thresholds_phosphorus,nutrient_mobility,0.6,0.54,decrease,-10.0,(24.689568425019537+1.8473228386863463e-15j),(28.220369737155423+1.920545621511327e-15j),(3.5308013121358854+7.322278282498064e-17j),(14.300781817465452-7.734393024312733e-16j),(-1.4300781817465453+7.734393024312734e-17j)
redistribution_thresholds_potassium,nutrient_mobility,0.8,0.8800000000000001,increase,10.0,(24.689568425019537+1.8473228386863463e-15j),(28.378385381533406+1.9926689201813397e-15j),(3.688816956513868+1.4534608149499338e-16j),(14.940791564326217-5.292055782592096e-16j),(1.4940791564326217-5.292055782592096e-17j)
redistribution_thresholds_potassium,nutrient_mobility,0.8,0.7200000000000001,decrease,-10.0,(24.689568425019537+1.8473228386863463e-15j),(27.528877559764087+1.845038124800428e-15j),(2.83930913474455-2.2847138859182184e-18j),(11.500035504335889-8.697093951506919e-16j),(-1.150003550433589+8.69709395150692e-17j)
redistribution_thresholds_calcium,nutrient_mobility,0.4,0.44000000000000006,increase,10.0,(24.689568425019537+1.8473228386863463e-15j),(29.149516744051866+1.9199947234667275e-15j),(4.459948319032328+7.267188478038123e-17j),(18.064099956128736-1.0572495833819284e-15j),(1.8064099956128736-1.0572495833819284e-16j)
redistribution_thresholds_calcium,nutrient_mobility,0.4,0.36000000000000004,decrease,-10.0,(24.689568425019537+1.8473228386863463e-15j),(28.363384581770795+1.929738704052621e-15j),(3.6738161567512577+8.241586536627465e-17j),(14.880033921647417-7.79545419180171e-16j),(-1.4880033921647418+7.795454191801711e-17j)
redistribution_thresholds_magnesium,nutrient_mobility,0.6,0.66,increase,10.0,(24.689568425019537+1.8473228386863463e-15j),(28.566198082647837+1.8976647565155853e-15j),(3.8766296576282997+5.034191782923898e-17j),(15.701488138204391-9.70917168072162e-16j),(1.5701488138204391-9.709171680721619e-17j)
redistribution_thresholds_magnesium,nutrient_mobility,0.6,0.54,decrease,-10.0,(24.689568425019537+1.8473228386863463e-15j),(29.548479003768712+1.927106696620631e-15j),(4.858910578749175+7.978385793428487e-17j),(19.680014227487774-1.149349938653675e-15j),(-1.9680014227487774+1.149349938653675e-16j)
redistribution_thresholds_sulfur,nutrient_mobility,0.6,0.66,increase,10.0,(24.689568425019537+1.8473228386863463e-15j),(27.089235336259545+1.8286855884749032e-15j),(2.3996669112400077-1.8637250211443068e-17j),(9.71935543761174-8.027079273800274e-16j),(0.9719355437611741-8.027079273800275e-17j)
redistribution_thresholds_sulfur,nutrient_mobility,0.6,0.54,decrease,-10.0,(24.689568425019537+1.8473228386863463e-15j),(26.812492618384383+1.9464060995714035e-15j),(2.1229241933648453+9.90832608850572e-17j),(8.598466189524595-2.4203812631328733e-16j),(-0.8598466189524596+2.4203812631328733e-17j)
stress_redistribution_rates_nitrogen,nutrient_mobility,0.3,0.33,increase,10.0,(24.689568425019537+1.8473228386863463e-15j),(25.07473341893123+1.9641952406598588e-15j),(0.3851649939116939+1.1687240197351248e-16j),(1.5600312945178145+3.5664287873902333e-16j),(0.15600312945178146+3.5664287873902333e-17j)
stress_redistribution_rates_nitrogen,nutrient_mobility,0.3,0.27,decrease,-10.0,(24.689568425019537+1.8473228386863463e-15j),(24.875319112665714+1.8944933244971185e-15j),(0.18575068764617697+4.7170485810772155e-17j),(0.7523448140063225+1.347623727689145e-16j),(-0.07523448140063226-1.3476237276891452e-17j)
stress_redistribution_rates_phosphorus,nutrient_mobility,0.25,0.275,increase,10.0,(24.689568425019537+1.8473228386863463e-15j),(25.592913167892945+1.998278283714657e-15j),(0.9033447428734078+1.5095544502831066e-16j),(3.658811394847996+3.376542881257722e-16j),(0.3658811394847996+3.376542881257722e-17j)
stress_redistribution_rates_phosphorus,nutrient_mobility,0.25,0.225,decrease,-10.0,(24.689568425019537+1.8473228386863463e-15j),(26.479055440992816+1.8696565312900474e-15j),(1.789487015973279+2.2333692603701126e-17j),(7.247947737149896-4.518479195759003e-16j),(-0.7247947737149896+4.5184791957590034e-17j)
stress_redistribution_rates_potassium,nutrient_mobility,0.4,0.44000000000000006,increase,10.0,(24.689568425019537+1.8473228386863463e-15j),(27.53419869489577+1.812281954449682e-15j),(2.844630269876234-3.504088423666438e-17j),(11.52158766369357-1.0039940766082797e-15j),(1.152158766369357-1.0039940766082798e-16j)
stress_redistribution_rates_potassium,nutrient_mobility,0.4,0.36000000000000004,decrease,-10.0,(24.689568425019537+1.8473228386863463e-15j),(30.19555125556929+2.073525907324856e-15j),(5.505982830549751+2.2620306863850955e-16j),(22.300846802045278-7.524050820097704e-16j),(-2.230084680204528+7.524050820097704e-17j)
stress_redistribution_rates_magnesium,nutrient_mobility,0.2,0.22000000000000003,increase,10.0,(24.689568425019537+1.8473228386863463e-15j),(27.53710661178826+1.868699751407607e-15j),(2.8475381867687233+2.1376912721260622e-17j),(11.533365580757291-7.763666841864097e-16j),(1.153336558075729-7.763666841864097e-17j)
stress_redistribution_rates_magnesium,nutrient_mobility,0.2,0.18000000000000002,decrease,-10.0,(24.689568425019537+1.8473228386863463e-15j),(28.947836575566384+1.893071812648051e-15j),(4.258268150546847+4.574897396170462e-17j),(17.247236068459053-1.105175887548438e-15j),(-1.7247236068459053+1.105175887548438e-16j)
stress_redistribution_rates_sulfur,nutrient_mobility,0.25,0.275,increase,10.0,(24.689568425019537+1.8473228386863463e-15j),(26.338394266346526+1.8262966211253988e-15j),(1.648825841326989-2.102621756094755e-17j),(6.678228687286923-5.848407668988568e-16j),(0.6678228687286923-5.848407668988569e-17j)
stress_redistribution_rates_sulfur,nutrient_mobility,0.25,0.225,decrease,-10.0,(24.689568425019537+1.8473228386863463e-15j),(28.11674822866865+2.008845787709886e-15j),(3.427179803649114+1.6152294902353986e-16j),(13.881084288926374-3.8439510026803644e-16j),(-1.3881084288926375+3.843951002680365e-17j)
sink_strength_coefficients_vegetative_leaves,nutrient_mobility,0.5,0.55,increase,10.0,(24.689568425019537+1.8473228386863463e-15j),(26.072294676061144+1.979705756664096e-15j),(1.382726251041607+1.323829179777498e-16j),(5.600447230338789+1.1715302886304509e-16j),(0.5600447230338789+1.171530288630451e-17j)
sink_strength_coefficients_vegetative_leaves,nutrient_mobility,0.5,0.45,decrease,-10.0,(24.689568425019537+1.8473228386863463e-15j),(31.381498684058034+1.8828060565707016e-15j),(6.691930259038497+3.548321788435527e-17j),(27.10428203458239-1.8842790865919214e-15j),(-2.710428203458239+1.8842790865919214e-16j)
sink_strength_coefficients_vegetative_stems,nutrient_mobility,0.25,0.275,increase,10.0,(24.689568425019537+1.8473228386863463e-15j),(28.484276847691174+1.9513270378028538e-15j),(3.7947084226716363+1.0400419911650749e-16j),(15.369683087802427-7.287428589308656e-16j),(1.5369683087802428-7.287428589308656e-17j)
sink_strength_coefficients_vegetative_stems,nutrient_mobility,0.25,0.225,decrease,-10.0,(24.689568425019537+1.8473228386863463e-15j),(27.337724096644568+1.8154611377614414e-15j),(2.6481556716250303-3.186170092490488e-17j),(10.7258078636218-9.315756163243847e-16j),(-1.07258078636218+9.315756163243847e-17j)
sink_strength_coefficients_vegetative_roots,nutrient_mobility,0.25,0.275,increase,10.0,(24.689568425019537+1.8473228386863463e-15j),(30.11263894273472+1.9928095500379223e-15j),(5.423070517715182+1.4548671135157602e-16j),(21.965027595296615-1.0542033601378791e-15j),(2.1965027595296616-1.0542033601378791e-16j)
sink_strength_coefficients_vegetative_roots,nutrient_mobility,0.25,0.225,decrease,-10.0,(24.689568425019537+1.8473228386863463e-15j),(29.677448401461525+1.9509316175986286e-15j),(4.987879976441988+1.0360877891228224e-16j),(20.202378148446883-1.0919363268762505e-15j),(-2.0202378148446885+1.0919363268762505e-16j)
sink_strength_coefficients_reproductive_leaves,nutrient_mobility,0.3,0.33,increase,10.0,(24.689568425019537+1.8473228386863463e-15j),(30.544768594850808+1.947598496050266e-15j),(5.855200169831271+1.0027565736391964e-16j),(23.715279542504344-1.3682787486100285e-15j),(2.3715279542504346-1.3682787486100287e-16j)
sink_strength_coefficients_reproductive_leaves,nutrient_mobility,0.3,0.27,decrease,-10.0,(24.689568425019537+1.8473228386863463e-15j),(28.721715445712704+1.934169876786618e-15j),(4.032147020693166+8.684703810027184e-17j),(16.331379112350668-8.701904157098022e-16j),(-1.6331379112350668+8.701904157098022e-17j)
sink_strength_coefficients_reproductive_stems,nutrient_mobility,0.2,0.22000000000000003,increase,10.0,(24.689568425019537+1.8473228386863463e-15j),(26.96061566888193+1.9944110827730967e-15j),(2.271047243862391+1.4708824408675043e-16j),(9.19840802709614-9.249269894168534e-17j),(0.919840802709614-9.249269894168535e-18j)
sink_strength_coefficients_reproductive_stems,nutrient_mobility,0.2,0.18000000000000002,decrease,-10.0,(24.689568425019537+1.8473228386863463e-15j),(28.190405706195676+2.023145295511251e-15j),(3.500837281176139+1.7582245682490479e-16j),(14.179418695826671-3.487998722926031e-16j),(-1.417941869582667+3.4879987229260313e-17j)
sink_strength_coefficients_reproductive_roots,nutrient_mobility,0.15,0.165,increase,10.0,(24.689568425019537+1.8473228386863463e-15j),(27.11541127267978+1.8910163792955827e-15j),(2.425842847660242+4.369354060923637e-17j),(9.825375664331087-5.581825718955357e-16j),(0.9825375664331087-5.581825718955357e-17j)
sink_strength_coefficients_reproductive_roots,nutrient_mobility,0.15,0.135,decrease,-10.0,(24.689568425019537+1.8473228386863463e-15j),(25.625443700662267+1.7975603872490557e-15j),(0.9358752756427293-4.9762451437290564e-17j),(3.790569602238759-4.851705277049797e-16j),(-0.3790569602238759+4.8517052770497974e-17j)
sink_strength_coefficients_reproductive_reproductive,nutrient_mobility,0.35,0.385,increase,10.0,(24.689568425019537+1.8473228386863463e-15j),(27.91705421613723+1.8960371318586857e-15j),(3.2274857911176937+4.871429317233942e-17j),(13.0722649159273-7.807857911271513e-16j),(1.30722649159273-7.807857911271513e-17j)
sink_strength_coefficients_reproductive_reproductive,nutrient_mobility,0.35,0.315,decrease,-10.0,(24.689568425019537+1.8473228386863463e-15j),(26.513970044537245+1.862389522729192e-15j),(1.8244016195177082+1.506668404284575e-17j),(7.389362131048529-4.918623450468746e-16j),(-0.7389362131048529+4.918623450468747e-17j)
sink_strength_coefficients_senescence_leaves,nutrient_mobility,0.1,0.11000000000000001,increase,10.0,(24.689568425019537+1.8473228386863463e-15j),(28.72226713222106+1.8226418775115553e-15j),(4.032698707201522-2.468096117479105e-17j),(16.3336136046628-1.3220787421530186e-15j),(1.6333613604662802-1.3220787421530186e-16j)
sink_strength_coefficients_senescence_leaves,nutrient_mobility,0.1,0.09000000000000001,decrease,-10.0,(24.689568425019537+1.8473228386863463e-15j),(26.938077397646108+1.968780314641566e-15j),(2.2485089726265706+1.214574759552197e-16j),(9.107121412247979-1.8947458714072167e-16j),(-0.9107121412247979+1.8947458714072168e-17j)
sink_strength_coefficients_senescence_stems,nutrient_mobility,0.3,0.33,increase,10.0,(24.689568425019537+1.8473228386863463e-15j),(27.30320420188484+1.880350182296327e-15j),(2.6136357768653014+3.302734360998069e-17j),(10.585992156172058-6.582946465270274e-16j),(1.0585992156172057-6.582946465270274e-17j)
sink_strength_coefficients_senescence_stems,nutrient_mobility,0.3,0.27,decrease,-10.0,(24.689568425019537+1.8473228386863463e-15j),(28.14047917613615+2.03157344105624e-15j),(3.450910751116613+1.8425060236989364e-16j),(13.9772015926353-2.9953312098055227e-16j),(-1.39772015926353+2.995331209805523e-17j)
sink_strength_coefficients_senescence_roots,nutrient_mobility,0.25,0.275,increase,10.0,(24.689568425019537+1.8473228386863463e-15j),(25.861994122478144+1.9261839775814457e-15j),(1.172425697458607+7.886113889509938e-17j),(4.748668252420775-3.5894083334145596e-17j),(0.4748668252420776-3.5894083334145594e-18j)
sink_strength_coefficients_senescence_roots,nutrient_mobility,0.25,0.225,decrease,-10.0,(24.689568425019537+1.8473228386863463e-15j),(26.000371522272324+2.016283863159841e-15j),(1.310803097252787+1.689610244734946e-16j),(5.309137343706929+2.871014858005351e-16j),(-0.530913734370693-2.8710148580053513e-17j)
sink_strength_coefficients_senescence_reproductive,nutrient_mobility,0.35,0.385,increase,10.0,(24.689568425019537+1.8473228386863463e-15j),(25.316566312818868+1.9614943924248593e-15j),(0.6269978877993303+1.1417155373851296e-16j),(2.5395255073148735+2.7241593651942e-16j),(0.25395255073148737+2.7241593651942e-17j)
sink_strength_coefficients_senescence_reproductive,nutrient_mobility,0.35,0.315,decrease,-10.0,(24.689568425019537+1.8473228386863463e-15j),(29.583221312566266+1.96783390664085e-15j),(4.893652887546729+1.2051106795450366e-16j),(19.820730777082655-9.949214755659853e-16j),(-1.9820730777082656+9.949214755659854e-17j)
default_phosphorus_content,nutrient_mobility,0.01,0.011000000000000001,increase,10.0,(24.689568425019537+1.8473228386863463e-15j),(28.78145682880727+1.944999903870363e-15j),(4.091888403787731+9.767706518401658e-17j),(16.573349251585764-8.444303160216741e-16j),(1.6573349251585765-8.444303160216742e-17j)
default_phosphorus_content,nutrient_mobility,0.01,0.009000000000000001,decrease,-10.0,(24.689568425019537+1.8473228386863463e-15j),(28.709795026184583+1.848689951343493e-15j),(4.020226601165046+1.3671126571466023e-18j),(16.283097913899095-1.2127967115396608e-15j),(-1.6283097913899096+1.2127967115396608e-16j)
default_potassium_content,nutrient_mobility,0.028,0.030800000000000004,increase,10.0,(24.689568425019537+1.8473228386863463e-15j),(25.727812305234316+2.0199329036000515e-15j),(1.0382438802147789+1.7261006491370517e-16j),(4.205192502120284+3.8448052949810203e-16j),(0.42051925021202846+3.844805294981021e-17j)
default_potassium_content,nutrient_mobility,0.028,0.0252,decrease,-10.0,(24.689568425019537+1.8473228386863463e-15j),(27.907008519678296+1.838460468194189e-15j),(3.217440094658759-8.862370492157182e-18j),(13.031576896250316-1.0109438222687972e-15j),(-1.3031576896250316+1.0109438222687972e-16j)
initial_n_no3,nutrient_concentrations,60.0,66.0,increase,10.0,(24.689568425019537+1.8473228386863463e-15j),(28.012292811327733+2.02326881548281e-15j),(3.322724386308195+1.7594597679646383e-16j),(13.458009184725414-2.943222791688689e-16j),(1.3458009184725415-2.943222791688689e-17j)
initial_n_no3,nutrient_concentrations,60.0,54.0,decrease,-10.0,(24.689568425019537+1.8473228386863463e-15j),(29.25129997566965+2.0261330379433677e-15j),(4.561731550650112+1.7881019925702142e-16j),(18.476351923703188-6.582037676322123e-16j),(-1.847635192370319+6.582037676322124e-17j)
initial_n_nh4,nutrient_concentrations,20.0,22.0,increase,10.0,(24.689568425019537+1.8473228386863463e-15j),(30.847842054185044+1.8675307842945896e-15j),(6.158273629165507+2.0207945608243275e-17j),(24.94281602316276-1.7844232179964125e-15j),(2.494281602316276-1.7844232179964127e-16j)
initial_n_nh4,nutrient_concentrations,20.0,18.0,decrease,-10.0,(24.689568425019537+1.8473228386863463e-15j),(28.833934184570804+1.939053798349037e-15j),(4.144365759551267+9.17309596626908e-17j),(16.785897947699695-8.844171070340432e-16j),(-1.6785897947699695+8.844171070340433e-17j)
initial_p_po4,nutrient_concentrations,20.0,22.0,increase,10.0,(24.689568425019537+1.8473228386863463e-15j),(29.99655681074291+1.8733103719903075e-15j),(5.306988385723372+2.5987533303961187e-17j),(21.494860883616973-1.5030312987038748e-15j),(2.1494860883616975-1.503031298703875e-16j)
initial_p_po4,nutrient_concentrations,20.0,18.0,decrease,-10.0,(24.689568425019537+1.8473228386863463e-15j),(23.924266795074143+1.8040135472031174e-15j),(-0.7653016299453945-4.330929148322893e-17j),(-3.099696263503192+5.651012315077276e-17j),(0.3099696263503192-5.651012315077276e-18j)
initial_k,nutrient_concentrations,90.0,99.00000000000001,increase,10.0,(24.689568425019537+1.8473228386863463e-15j),(28.41058459827988+1.8453836144484038e-15j),(3.7210161732603417-1.9392242379425466e-18j),(15.071207844563192-1.1355123102611494e-15j),(1.5071207844563193-1.1355123102611496e-16j)
initial_k,nutrient_concentrations,90.0,81.0,decrease,-10.0,(24.689568425019537+1.8473228386863463e-15j),(26.724109479500882+1.802555976731253e-15j),(2.0345410544813447-4.476686195509345e-17j),(8.240488531260079-7.978887488886273e-16j),(-0.824048853126008+7.978887488886273e-17j)
initial_ca,nutrient_concentrations,50.0,55.00000000000001,increase,10.0,(24.689568425019537+1.8473228386863463e-15j),(27.16624098514344+1.890586990168425e-15j),(2.4766725601239017+4.326415148207862e-17j),(10.031250921397755-5.753257219793799e-16j),(1.0031250921397754-5.7532572197938e-17j)
initial_ca,nutrient_concentrations,50.0,45.0,decrease,-10.0,(24.689568425019537+1.8473228386863463e-15j),(27.9073312607328+1.886859769218121e-15j),(3.2177628357132626+3.9536930531774694e-17j),(13.032884092265034-8.150102520230577e-16j),(-1.3032884092265036+8.150102520230578e-17j)
initial_mg,nutrient_concentrations,15.0,16.5,increase,10.0,(24.689568425019537+1.8473228386863463e-15j),(25.947533432974886+1.9246324442241228e-15j),(1.2579650079553488+7.730960553777648e-17j),(5.095127570883626-6.810102732424864e-17j),(0.5095127570883626-6.810102732424865e-18j)
initial_mg,nutrient_concentrations,15.0,13.5,decrease,-10.0,(24.689568425019537+1.8473228386863463e-15j),(27.71565761572306+1.8745189487358908e-15j),(3.026089190703523+2.7196110049544447e-17j),(12.25654956219077-8.069072971151354e-16j),(-1.225654956219077+8.069072971151354e-17j)
initial_s_so4,nutrient_concentrations,60.0,66.0,increase,10.0,(24.689568425019537+1.8473228386863463e-15j),(27.5480563790568+2.067291064172379e-15j),(2.858487954037262+2.199682254860328e-16j),(11.577715352612525+2.4668092508876294e-17j),(1.1577715352612525+2.4668092508876295e-18j)
initial_s_so4,nutrient_concentrations,60.0,54.0,decrease,-10.0,(24.689568425019537+1.8473228386863463e-15j),(29.231733365587218+2.045452503083814e-15j),(4.54216494056768+1.9812966439746763e-16j),(18.39710140888818-5.740245805252432e-16j),(-1.8397101408888181+5.740245805252432e-17j)
initial_fe,nutrient_concentrations,2.0,2.2,increase,10.0,(24.689568425019537+1.8473228386863463e-15j),(28.941677303413563+2.056668195438234e-15j),(4.252108878394026+2.093453567518875e-16j),(17.222289208121953-4.4069593790105795e-16j),(1.7222289208121955-4.40695937901058e-17j)
initial_fe,nutrient_concentrations,2.0,1.8,decrease,-10.0,(24.689568425019537+1.8473228386863463e-15j),(30.184284997924344+2.005464285574712e-15j),(5.494716572904807+1.5814144688836575e-16j),(22.25521515125657-1.0246603790093622e-15j),(-2.2255215151256573+1.0246603790093623e-16j)
initial_mn,nutrient_concentrations,0.5,0.55,increase,10.0,(24.689568425019537+1.8473228386863463e-15j),(25.0057388782805+2.0189979733748667e-15j),(0.3161704532609626+1.716751346885204e-16j),(1.2805831508199494+5.995189025866382e-16j),(0.12805831508199494+5.995189025866382e-17j)
initial_mn,nutrient_concentrations,0.5,0.45,decrease,-10.0,(24.689568425019537+1.8473228386863463e-15j),(25.682441387720306+1.920973366611683e-15j),(0.9928729627007691+7.365052792533667e-17j),(4.021426967085526-2.5849414122573043e-18j),(-0.4021426967085526+2.5849414122573044e-19j)
initial_zn,nutrient_concentrations,0.1,0.11000000000000001,increase,10.0,(24.689568425019537+1.8473228386863463e-15j),(26.661950395710083+1.8766795041226625e-15j),(1.9723819706905452+2.935666543631616e-17j),(7.988725994464136-4.788293272056221e-16j),(0.7988725994464136-4.7882932720562215e-17j)
initial_zn,nutrient_concentrations,0.1,0.09000000000000001,decrease,-10.0,(24.689568425019537+1.8473228386863463e-15j),(27.118599290398816+1.9640179129177873e-15j),(2.4290308653792785+1.1669507423144102e-16j),(9.838288071968824-2.6347106250700787e-16j),(-0.9838288071968825+2.6347106250700788e-17j)
initial_cu,nutrient_concentrations,0.05,0.05500000000000001,increase,10.0,(24.689568425019537+1.8473228386863463e-15j),(27.432577561315252+1.918678419838457e-15j),(2.743009136295715+7.135558115211049e-17j),(11.109992240755599-5.422607660973835e-16j),(1.11099922407556-5.422607660973836e-17j)
initial_cu,nutrient_concentrations,0.05,0.045000000000000005,decrease,-10.0,(24.689568425019537+1.8473228386863463e-15j),(28.68902393308211+1.9565770209973526e-15j),(3.9994555080625744+1.0925418231100627e-16j),(16.19896888926445-7.695277063633873e-16j),(-1.6198968889264451+7.695277063633873e-17j)
initial_b,nutrient_concentrations,0.3,0.33,increase,10.0,(24.689568425019537+1.8473228386863463e-15j),(30.196245818978408+1.9454157137802995e-15j),(5.506677393958871+9.809287509395319e-17j),(22.3036599877485-1.2714994621151415e-15j),(2.23036599877485-1.2714994621151415e-16j)
initial_b,nutrient_concentrations,0.3,0.27,decrease,-10.0,(24.689568425019537+1.8473228386863463e-15j),(28.807387468694955+2.0044188779534685e-15j),(4.117819043675418+1.5709603926712224e-16j),(16.678375955338957-6.116243357449734e-16j),(-1.6678375955338958+6.116243357449734e-17j)
initial_mo,nutrient_concentrations,0.05,0.05500000000000001,increase,10.0,(24.689568425019537+1.8473228386863463e-15j),(27.983984111128528+1.983088158709555e-15j),(3.294415686108991+1.3576532002320857e-16j),(13.343350638606328-4.484867530432702e-16j),(1.3343350638606328-4.484867530432702e-17j)
initial_mo,nutrient_concentrations,0.05,0.045000000000000005,decrease,-10.0,(24.689568425019537+1.8473228386863463e-15j),(26.268117899488576+1.891020494344953e-15j),(1.578549474469039+4.369765565860688e-17j),(6.393588771156455-3.013927527677842e-16j),(-0.6393588771156455+3.013927527677842e-17j)
target_ec,nutrient_management,1.8,1.9800000000000002,increase,10.0,(24.689568425019537+1.8473228386863463e-15j),(24.783880279301705+1.791967627914509e-15j),(0.09431185428216793-5.535521077183714e-17j),(0.3819906960649649-2.52786160808936e-16j),(0.038199069606496494-2.5278616080893602e-17j)
target_ec,nutrient_management,1.8,1.62,decrease,-10.0,(24.689568425019537+1.8473228386863463e-15j),(26.730705829160822+1.776579027894219e-15j),(2.041137404141285-7.074381079212733e-17j),(8.267205683809637-9.05102048215092e-16j),(-0.8267205683809637+9.05102048215092e-17j)
min_ec_threshold,nutrient_management,1.0,1.1,increase,10.0,(24.689568425019537+1.8473228386863463e-15j),(28.683477228043138+1.9916447438634677e-15j),(3.9939088030236007+1.4432190517712136e-16j),(16.176503105563864-6.258121994396252e-16j),(1.6176503105563864-6.258121994396251e-17j)
min_ec_threshold,nutrient_management,1.0,0.9,decrease,-10.0,(24.689568425019537+1.8473228386863463e-15j),(30.183061210401966+1.9582976913922775e-15j),(5.493492785382429+1.1097485270593117e-16j),(22.250258452535434-1.2153280615890622e-15j),(-2.2250258452535436+1.2153280615890623e-16j)
solution_change_interval,nutrient_management,7.0,7.700000000000001,increase,10.0,(24.689568425019537+1.8473228386863463e-15j),(30.298111541431624+1.8888719366641967e-15j),(5.608543116412086+4.1549097977850343e-17j),(22.716246067422492-1.5313888732647425e-15j),(2.2716246067422494-1.5313888732647425e-16j)
solution_change_interval,nutrient_management,7.0,6.3,decrease,-10.0,(24.689568425019537+1.8473228386863463e-15j),(26.735959655205548+1.9060431535471165e-15j),(2.0463912301860105+5.872031486077023e-17j),(8.288485221605857-3.823265113190115e-16j),(-0.8288485221605857+3.8232651131901154e-17j)
ec_decline_rate,nutrient_management,0.05,0.05500000000000001,increase,10.0,(24.689568425019537+1.8473228386863463e-15j),(27.85730230035048+1.912154933263203e-15j),(3.167733875330942+6.483209457685652e-17j),(12.830252116196863-6.973960826800081e-16j),(1.2830252116196865-6.973960826800081e-17j)
ec_decline_rate,nutrient_management,0.05,0.045000000000000005,decrease,-10.0,(24.689568425019537+1.8473228386863463e-15j),(27.83176835509948+2.0340814459212687e-15j),(3.1421999300799435+1.8675860723492238e-16j),(12.72683214217608-1.9581982453681914e-16j),(-1.272683214217608+1.9581982453681914e-17j)
tank_volume,system,500.0,550.0,increase,10.0,(24.689568425019537+1.8473228386863463e-15j),(24.18731851673034+1.961241267278692e-15j),(-0.5022499082891976+1.1391842859234553e-16j),(-2.034259569236679+6.136104431031475e-16j),(-0.20342595692366794+6.136104431031476e-17j)
tank_volume,system,500.0,450.0,decrease,-10.0,(24.689568425019537+1.8473228386863463e-15j),(29.287524263971186+2.0567905572913853e-15j),(4.597955838951648+2.0946771860503897e-16j),(18.623070925339636-5.450096232834833e-16j),(-1.8623070925339638+5.4500962328348326e-17j)
flow_rate,system,50.0,55.00000000000001,increase,10.0,(24.689568425019537+1.8473228386863463e-15j),(27.132072206218382+1.8235154642778275e-15j),(2.4425037811988446-2.3807374408518765e-17j),(9.892857336152126-8.366302068228689e-16j),(0.9892857336152127-8.366302068228689e-17j)
flow_rate,system,50.0,45.0,decrease,-10.0,(24.689568425019537+1.8473228386863463e-15j),(27.40756701647503+2.009384673814658e-15j),(2.717998591455494+1.6206183512831156e-16j),(11.008692192048079-1.672943376937158e-16j),(-1.100869219204808+1.6729433769371583e-17j)
flow_rate_variation,system,0.2,0.22000000000000003,increase,10.0,(24.689568425019537+1.8473228386863463e-15j),(26.602596541023974+2.026719678711779e-15j),(1.913028116004437+1.7939684002543277e-16j),(7.748325459046265+1.468646741025151e-16j),(0.7748325459046266+1.468646741025151e-17j)
flow_rate_variation,system,0.2,0.18000000000000002,decrease,-10.0,(24.689568425019537+1.8473228386863463e-15j),(28.338861289842203+2.0071806145378864e-15j),(3.649292864822666+1.5985777585154005e-16j),(14.78070739027014-4.584511383099696e-16j),(-1.478070739027014+4.5845113830996965e-17j)
system_area,system,1.0,1.1,increase,10.0,(24.689568425019537+1.8473228386863463e-15j),(22.799460206289737+1.806693613561194e-15j),(-1.8901082187298002-4.0629225125152164e-17j),(-7.65549314671062+4.0823900382949453e-16j),(-0.7655493146710621+4.0823900382949455e-17j)
system_area,system,1.0,0.9,decrease,-10.0,(24.689568425019537+1.8473228386863463e-15j),(29.2868563708075+2.1428971195328475e-15j),(4.597287945787961+2.955742808465012e-16j),(18.620365761959743-1.9605036300295623e-16j),(-1.8620365761959743+1.9605036300295623e-17j)
number_of_plants,system,12.0,13.200000000000001,increase,10.0,(24.689568425019537+1.8473228386863463e-15j),(28.738984245970027+1.9377123521783834e-15j),(4.04941582095049+9.038951349203712e-17j),(16.4013228228281-8.610756786064571e-16j),(1.64013228228281-8.610756786064571e-17j)
number_of_plants,system,12.0,10.8,decrease,-10.0,(24.689568425019537+1.8473228386863463e-15j),(24.801577796541828+1.927343895229829e-15j),(0.11200937152229073+8.002105654348276e-17j),(0.45367083617704873+2.901642116260204e-16j),(-0.045367083617704876-2.9016421162602043e-17j)
plant_density,system,12.0,13.200000000000001,increase,10.0,(24.689568425019537+1.8473228386863463e-15j),(26.866405700370187+1.827762431964475e-15j),(2.1768372753506497-1.9560406721871342e-17j),(8.816829998311025-7.389182256581934e-16j),(0.8816829998311025-7.389182256581935e-17j)
plant_density,system,12.0,10.8,decrease,-10.0,(24.689568425019537+1.8473228386863463e-15j),(29.61449765605018+2.038857484123125e-15j),(4.924929231030642+1.915346454367786e-16j),(19.947409149687253-7.16733465994005e-16j),(-1.9947409149687254+7.16733465994005e-17j)
system_channel_length,system,10.0,11.0,increase,10.0,(24.689568425019537+1.8473228386863463e-15j),(26.696967696136287+1.8310016567630644e-15j),(2.00739927111675-1.6321181923281957e-17j),(8.130556340881691-6.744500481098165e-16j),(0.8130556340881692-6.744500481098166e-17j)
system_channel_length,system,10.0,9.0,decrease,-10.0,(24.689568425019537+1.8473228386863463e-15j),(30.45794746508553+1.9139405762901887e-15j),(5.7683790400659944+6.66177376038424e-17j),(23.3636284797126-1.4782919691615762e-15j),(-2.33636284797126+1.4782919691615763e-16j)
system_channel_width,system,10.0,11.0,increase,10.0,(24.689568425019537+1.8473228386863463e-15j),(31.474616319591227+1.983166327058827e-15j),(6.78504789457169+1.3584348837248057e-16j),(27.481435794138715-1.5060099271511436e-15j),(2.7481435794138718-1.5060099271511437e-16j)
system_channel_width,system,10.0,9.0,decrease,-10.0,(24.689568425019537+1.8473228386863463e-15j),(29.174689019216782+1.9632040459075637e-15j),(4.4851205941972445+1.1588120722121735e-16j),(18.166055060128883-8.8986762753714e-16j),(-1.8166055060128885+8.898676275371401e-17j)
system_channel_depth,system,5.0,5.5,increase,10.0,(24.689568425019537+1.8473228386863463e-15j),(27.215961017132067+2.006322211916432e-15j),(2.526392592112529+1.5899937323008577e-16j),(10.23263164678234-1.2163180685304917e-16j),(1.023263164678234-1.2163180685304918e-17j)
system_channel_depth,system,5.0,4.5,decrease,-10.0,(24.689568425019537+1.8473228386863463e-15j),(28.0412536609183+1.934901102255404e-15j),(3.3516852358987634+8.757826356905765e-17j),(13.575309127324736-6.610140750654097e-16j),(-1.3575309127324737+6.610140750654097e-17j)
container_volume,system,5.0,5.5,increase,10.0,(24.689568425019537+1.8473228386863463e-15j),(30.450935007362713+2.005019845873687e-15j),(5.761366582343175+1.5769700718734082e-16j),(23.335225967355548-1.1072690573629125e-15j),(2.333522596735555-1.1072690573629126e-16j)
container_volume,system,5.0,4.5,decrease,-10.0,(24.689568425019537+1.8473228386863463e-15j),(28.312909340323653+1.9592919743714017e-15j),(3.623340915304116+1.1196913568505537e-16j),(14.67559437625629-6.445494234691963e-16j),(-1.4675594376256291+6.445494234691963e-17j)
solution_change_days,system,7.0,7.700000000000001,increase,10.0,(24.689568425019537+1.8473228386863463e-15j),(25.523187109187464+1.7958213116484896e-15j),(0.8336186841679272-5.1501527037856754e-17j),(3.376400388283691-4.612253263233204e-16j),(0.3376400388283691-4.6122532632332044e-17j)
solution_change_days,system,7.0,6.3,decrease,-10.0,(24.689568425019537+1.8473228386863463e-15j),(24.455847127104807+1.9098393770602073e-15j),(-0.23372129791473029+6.251653837386097e-17j),(-0.9466398678637306+3.2403981906765394e-16j),(0.09466398678637306-3.240398190676539e-17j)
reservoir_topup_fraction,system,0.1,0.11000000000000001,increase,10.0,(24.689568425019537+1.8473228386863463e-15j),(24.86293146060079+1.9300186755892396e-15j),(0.17336303558125365+8.269583690289334e-17j),(0.7021711866197453+2.824045645736583e-16j),(0.07021711866197454+2.824045645736583e-17j)
reservoir_topup_fraction,system,0.1,0.09000000000000001,decrease,-10.0,(24.689568425019537+1.8473228386863463e-15j),(25.50159598447435+1.846214006410064e-15j),(0.8120275594548119-1.108832276282149e-18j),(3.288949994897164-2.505769060843433e-16j),(-0.3288949994897164+2.505769060843433e-17j)
default_ph,system,6.0,6.6000000000000005,increase,10.0,(24.689568425019537+1.8473228386863463e-15j),(29.148133883549143+1.9114714987257423e-15j),(4.4585654585296055+6.414866003939602e-17j),(18.058498965139673-1.0913520683274296e-15j),(1.8058498965139673-1.0913520683274296e-16j)
default_ph,system,6.0,5.4,decrease,-10.0,(24.689568425019537+1.8473228386863463e-15j),(26.423847053455017+1.853019198167856e-15j),(1.7342786284354794+5.696359481509671e-18j),(7.024337560627518-5.025030426075084e-16j),(-0.7024337560627518+5.025030426075084e-17j)
default_ec,system,1.8,1.9800000000000002,increase,10.0,(24.689568425019537+1.8473228386863463e-15j),(27.245027382311605+1.973722669507742e-15j),(2.5554589572920676+1.2639983082139577e-16j),(10.350358958492183-2.624781162200382e-16j),(1.0350358958492183-2.6247811622003822e-17j)
default_ec,system,1.8,1.62,decrease,-10.0,(24.689568425019537+1.8473228386863463e-15j),(29.23485357492061+1.9111227740431927e-15j),(4.545285149901073+6.379993535684634e-17j),(18.409739172658202-1.1190449997589896e-15j),(-1.8409739172658204+1.1190449997589898e-16j)
default_temperature,system,22.0,24.200000000000003,increase,10.0,(24.689568425019537+1.8473228386863463e-15j),(26.320075802486645+1.808617477668372e-15j),(1.630507377467108-3.870536101797435e-17j),(6.604033531079503-6.508950579681234e-16j),(0.6604033531079504-6.508950579681234e-17j)
default_temperature,system,22.0,19.8,decrease,-10.0,(24.689568425019537+1.8473228386863463e-15j),(27.28617453983104+2.0156529032224086e-15j),(2.596606114811504+1.6833006453606233e-16j),(10.517017025620403-1.0511805018209554e-16j),(-1.0517017025620403+1.0511805018209554e-17j)
default_humidity,system,60.0,66.0,increase,10.0,(24.689568425019537+1.8473228386863463e-15j),(26.569768221802455+1.8922020329037653e-15j),(1.880199796782918+4.487919421741902e-17j),(7.615361129105803-3.880226236434067e-16j),(0.7615361129105804-3.880226236434067e-17j)
default_humidity,system,60.0,54.0,decrease,-10.0,(24.689568425019537+1.8473228386863463e-15j),(28.392501185787822+1.936224430020039e-15j),(3.7029327607682845+8.890159133369285e-17j),(14.997964715397224-7.621001426711285e-16j),(-1.4997964715397225+7.621001426711285e-17j)
default_co2,system,400.0,440.00000000000006,increase,10.0,(24.689568425019537+1.8473228386863463e-15j),(28.476314733761285+1.9596329798719506e-15j),(3.7867463087417477+1.1231014118560432e-16j),(15.337434189025323-6.926884282166758e-16j),(1.5337434189025325-6.926884282166759e-17j)
default_co2,system,400.0,360.0,decrease,-10.0,(24.689568425019537+1.8473228386863463e-15j),(26.371693143837426+1.870405614189717e-15j),(1.6821247188178887+2.3082775503370828e-17j),(6.813098916355632-4.1627765634253867e-16j),(-0.6813098916355633+4.162776563425387e-17j)
base_solution_change_probability,system,0.05,0.05500000000000001,increase,10.0,(24.689568425019537+1.8473228386863463e-15j),(26.178786517964312+1.994212620848339e-15j),(1.4892180929447747+1.4688978216199277e-16j),(6.031770451830392+1.4363762224477703e-16j),(0.6031770451830392+1.4363762224477705e-17j)
base_solution_change_probability,system,0.05,0.045000000000000005,decrease,-10.0,(24.689568425019537+1.8473228386863463e-15j),(27.833221474587454+1.830728029148485e-15j),(3.1436530495679165-1.6594809537861282e-17j),(12.732717702680658-1.0199012283656039e-15j),(-1.2732717702680658+1.0199012283656039e-16j)
solution_change_probability_increase,system,0.02,0.022000000000000002,increase,10.0,(24.689568425019537+1.8473228386863463e-15j),(28.491052823336304+1.881243633259924e-15j),(3.8014843983167665+3.392079457357751e-17j),(15.397127778323075-1.0146546876179593e-15j),(1.5397127778323076-1.0146546876179594e-16j)
solution_change_probability_increase,system,0.02,0.018000000000000002,decrease,-10.0,(24.689568425019537+1.8473228386863463e-15j),(27.901941455372288+1.9980607541689096e-15j),(3.212373030352751+1.5073791548256331e-16j),(13.011053798321745-3.6298023256164208e-16j),(-1.3011053798321746+3.629802325616421e-17j)
forced_solution_change_interval,system,12.0,13.200000000000001,increase,10.0,(24.689568425019537+1.8473228386863463e-15j),(29.372660272103538+2.0047824119596936e-15j),(4.683091847084+1.5745957327334724e-16j),(18.96789675083312-7.814584366234652e-16j),(1.896789675083312-7.814584366234652e-17j)
forced_solution_change_interval,system,12.0,10.8,decrease,-10.0,(24.689568425019537+1.8473228386863463e-15j),(26.821400375014058+1.8505780232291885e-15j),(2.1318319499945204+3.2551845428421453e-18j),(8.63454521883905-6.328694718824271e-16j),(-0.8634545218839049+6.328694718824271e-17j)
crop_coefficient,water,0.8,0.8800000000000001,increase,10.0,(24.689568425019537+1.8473228386863463e-15j),(29.527714470055457+1.9454763546873666e-15j),(4.83814604503592+9.81535160010203e-17j),(19.595911770305037-1.0686547169989338e-15j),(1.9595911770305037-1.0686547169989338e-16j)
crop_coefficient,water,0.8,0.7200000000000001,decrease,-10.0,(24.689568425019537+1.8473228386863463e-15j),(25.907596074327312+1.9810639996466936e-15j),(1.2180276493077749+1.337411609603473e-16j),(4.933369544335447+1.7256639693979715e-16j),(-0.4933369544335447-1.7256639693979716e-17j)
water_use_efficiency,water,0.1,0.11000000000000001,increase,10.0,(24.689568425019537+1.8473228386863463e-15j),(28.42096729088199+2.079681426198803e-15j),(3.7313988658624524+2.3235858751245685e-16j),(15.11326079754875-1.8968387808445233e-16j),(1.511326079754875-1.8968387808445234e-17j)
water_use_efficiency,water,0.1,0.09000000000000001,decrease,-10.0,(24.689568425019537+1.8473228386863463e-15j),(25.79164610847886+1.953010906672145e-15j),(1.1020776834593242+1.0568806798579859e-16j),(4.463738144335149+9.408189477626672e-17j),(-0.446373814433515-9.408189477626672e-18j)
water_uptake_sensitivity_low,water,0.3,0.33,increase,10.0,(24.689568425019537+1.8473228386863463e-15j),(30.233472530746454+1.9246833183452015e-15j),(5.5439041057269165+7.736047965885518e-17j),(22.454439098696106-1.3667533441707279e-15j),(2.2454439098696106-1.366753344170728e-16j)
water_uptake_sensitivity_low,water,0.3,0.27,decrease,-10.0,(24.689568425019537+1.8473228386863463e-15j),(26.65758567478037+2.011490733398423e-15j),(1.968017249760834+1.6416789471207686e-16j),(7.971047593389743+6.8518459884e-17j),(-0.7971047593389744-6.8518459884e-18j)
water_uptake_sensitivity_high,water,0.8,0.8800000000000001,increase,10.0,(24.689568425019537+1.8473228386863463e-15j),(26.2712518469886+1.9173636111234214e-15j),(1.581683421969064+7.004077243707504e-17j),(6.4062821785343225-1.9564514262117773e-16j),(0.6406282178534323-1.9564514262117775e-17j)
water_uptake_sensitivity_high,water,0.8,0.7200000000000001,decrease,-10.0,(24.689568425019537+1.8473228386863463e-15j),(27.18003791586311+1.863936065863388e-15j),(2.490469490843573+1.6613227177041823e-17j),(10.087132541044415-6.874509635018043e-16j),(-1.0087132541044415+6.874509635018043e-17j)
water_temp_interaction_factor,water,0.1,0.11000000000000001,increase,10.0,(24.689568425019537+1.8473228386863463e-15j),(26.239440755719595+1.8233989993898017e-15j),(1.5498723307000581-2.392383929654463e-17j),(6.277437920419346-5.66589019608178e-16j),(0.6277437920419346-5.66589019608178e-17j)
water_temp_interaction_factor,water,0.1,0.09000000000000001,decrease,-10.0,(24.689568425019537+1.8473228386863463e-15j),(28.634824016171606+1.9816955903541834e-15j),(3.945255591152069+1.343727516678371e-16j),(15.97944331482962-6.513647845661838e-16j),(-1.597944331482962+6.513647845661838e-17j)
water_nutrient_interaction_factor,water,0.2,0.22000000000000003,increase,10.0,(24.689568425019537+1.8473228386863463e-15j),(27.65603065908791+1.8875328872961824e-15j),(2.9664622340683735+4.021004860983609e-17j),(12.015042883707377-7.3612701336113e-16j),(1.2015042883707379-7.3612701336113e-17j)
water_nutrient_interaction_factor,water,0.2,0.18000000000000002,decrease,-10.0,(24.689568425019537+1.8473228386863463e-15j),(31.246841267166303+1.8327598032893203e-15j),(6.557272842146766-1.4563035397026032e-17j),(26.558879966090686-2.0461730315138632e-15j),(-2.655887996609069+2.0461730315138634e-16j)
water_salinity_interaction_factor,water,0.3,0.33,increase,10.0,(24.689568425019537+1.8473228386863463e-15j),(27.420130913085668+1.9861225045842517e-15j),(2.7305624880661306+1.3879966589790541e-16j),(11.059579661583207-2.6532045407018696e-16j),(1.1059579661583208-2.65320454070187e-17j)
water_salinity_interaction_factor,water,0.3,0.27,decrease,-10.0,(24.689568425019537+1.8473228386863463e-15j),(29.796663383407918+1.9125672357169976e-15j),(5.10709495838838+6.524439703065128e-17j),(20.685233822123152-1.2834515619964775e-15j),(-2.0685233822123155+1.2834515619964776e-16j)
lai_water_demand_factor,water,0.5,0.55,increase,10.0,(24.689568425019537+1.8473228386863463e-15j),(27.44085460443115+1.9793042853896023e-15j),(2.7512861794116112+1.3198144670325597e-16j),(11.14351669518676-2.9921657992568406e-16j),(1.114351669518676-2.992165799256841e-17j)
lai_water_demand_factor,water,0.5,0.45,decrease,-10.0,(24.689568425019537+1.8473228386863463e-15j),(26.707365771974395+1.8979333561732963e-15j),(2.0177973469548576+5.0610517486950025e-17j),(8.172671600488945-4.065081648734238e-16j),(-0.8172671600488945+4.0650816487342386e-17j)
water_system_stress_factor,water,0.5,0.55,increase,10.0,(24.689568425019537+1.8473228386863463e-15j),(29.075618006892388+2.058536701678912e-15j),(4.38604958187285+2.1121386299256576e-16j),(17.76478837689274-4.737188108138377e-16j),(1.776478837689274-4.737188108138377e-17j)
water_system_stress_factor,water,0.5,0.45,decrease,-10.0,(24.689568425019537+1.8473228386863463e-15j),(28.68267758826037+1.9378802742144813e-15j),(3.993109163240831+9.055743552813499e-17j),(16.1732643297011-8.433317529542072e-16j),(-1.6173264329701103+8.433317529542072e-17j)
optimal_root_temperature,root_zone_temperature,22.0,24.200000000000003,increase,10.0,(24.689568425019537+1.8473228386863463e-15j),(27.742090340118665+2.006109006924152e-15j),(3.0525219150991276+1.587861682378057e-16j),(12.36360985559314-2.8193939688351325e-16j),(1.236360985559314-2.8193939688351324e-17j)
optimal_root_temperature,root_zone_temperature,22.0,19.8,decrease,-10.0,(24.689568425019537+1.8473228386863463e-15j),(26.24479792514048+1.861298868311446e-15j),(1.5552295001209444+1.397602962509958e-17j),(6.299136029226536-4.147069204294584e-16j),(-0.6299136029226536+4.147069204294584e-17j)
optimal_rzt_offset,root_zone_temperature,2.0,2.2,increase,10.0,(24.689568425019537+1.8473228386863463e-15j),(27.216226424568017+2.0445019315389044e-15j),(2.5266579995484797+1.9717909285255806e-16j),(10.233706624811042+3.292683366643168e-17j),(1.0233706624811043+3.2926833666431678e-18j)
optimal_rzt_offset,root_zone_temperature,2.0,1.8,decrease,-10.0,(24.689568425019537+1.8473228386863463e-15j),(27.184169934294+1.8211531855672804e-15j),(2.494601509274464-2.6169653119065944e-17j),(10.103868428686354-8.6198640061015895e-16j),(-1.0103868428686356+8.61986400610159e-17j)
min_effective_rzt,root_zone_temperature,15.0,16.5,increase,10.0,(24.689568425019537+1.8473228386863463e-15j),(29.067065133446807+1.9617796817830467e-15j),(4.37749670842727+1.1445684309670037e-16j),(17.7301467286535-8.630211880835956e-16j),(1.7730146728653502-8.630211880835957e-17j)
min_effective_rzt,root_zone_temperature,15.0,13.5,decrease,-10.0,(24.689568425019537+1.8473228386863463e-15j),(27.986529075325294+1.9194710724404077e-15j),(3.2969606503057562+7.214823375406137e-17j),(13.35365849070384-7.069258819770197e-16j),(-1.3353658490703841+7.069258819770197e-17j)
max_effective_rzt,root_zone_temperature,30.0,33.0,increase,10.0,(24.689568425019537+1.8473228386863463e-15j),(25.41425232667907+1.9933416927651865e-15j),(0.7246839016595317+1.4601885407884018e-16j),(2.935182540190385+3.7180300229041573e-16j),(0.2935182540190385+3.7180300229041575e-17j)
max_effective_rzt,root_zone_temperature,30.0,27.0,decrease,-10.0,(24.689568425019537+1.8473228386863463e-15j),(24.028582318713674+1.8392671368008587e-15j),(-0.6609861063058631-8.055701885487572e-18j),(-2.677187769860096+1.676845804226442e-16j),(0.2677187769860096-1.6768458042264422e-17j)
root_temp_tolerance,root_zone_temperature,5.0,5.5,increase,10.0,(24.689568425019537+1.8473228386863463e-15j),(25.266891420753513+1.966921208359586e-15j),(0.5773229957339758+1.1959836967323972e-16j),(2.3383276118708376+3.094501626784926e-16j),(0.23383276118708377+3.094501626784926e-17j)
root_temp_tolerance,root_zone_temperature,5.0,4.5,decrease,-10.0,(24.689568425019537+1.8473228386863463e-15j),(29.809628627790175+2.0645312075450016e-15j),(5.120060202770638+2.1720836885865527e-16j),(20.737746867953145-6.718819965030411e-16j),(-2.0737746867953146+6.718819965030412e-17j)
root_metabolism_sensitivity_low,root_zone_temperature,0.3,0.33,increase,10.0,(24.689568425019537+1.8473228386863463e-15j),(27.118581734071842+1.9124483975980385e-15j),(2.429013309052305+6.512555891169218e-17j),(9.83821696369074-4.723374178541924e-16j),(0.9838216963690741-4.7233741785419245e-17j)
root_metabolism_sensitivity_low,root_zone_temperature,0.3,0.27,decrease,-10.0,(24.689568425019537+1.8473228386863463e-15j),(27.805051262965474+1.988629235843929e-15j),(3.1154828379459367+1.4130639715758287e-16j),(12.618620075954087-3.718179753176659e-16j),(-1.2618620075954088+3.7181797531766594e-17j)
root_metabolism_sensitivity_high,root_zone_temperature,0.8,0.8800000000000001,increase,10.0,(24.689568425019537+1.8473228386863463e-15j),(27.911552915407295+1.9970678260299253e-15j),(3.221984490387758+1.4974498734357897e-16j),(13.049983033007221-3.6991464612765633e-16j),(1.3049983033007222-3.6991464612765635e-17j)
root_metabolism_sensitivity_high,root_zone_temperature,0.8,0.7200000000000001,decrease,-10.0,(24.689568425019537+1.8473228386863463e-15j),(28.263800488496557+1.9372939768763365e-15j),(3.5742320634770195+8.997113818999016e-17j),(14.476689109944177-7.187652816312335e-16j),(-1.4476689109944179+7.187652816312336e-17j)
linear_growth_slope,root_zone_temperature,0.05,0.05500000000000001,increase,10.0,(24.689568425019537+1.8473228386863463e-15j),(28.436792580693954+1.8787568743807745e-15j),(3.7472241556744166+3.1434035694428204e-17j),(15.177357866965027-1.0082831672298811e-15j),(1.5177357866965027-1.0082831672298812e-16j)
linear_growth_slope,root_zone_temperature,0.05,0.045000000000000005,decrease,-10.0,(24.689568425019537+1.8473228386863463e-15j),(29.339903618040026+1.8516629629983195e-15j),(4.650335193020489+4.340124311973233e-18j),(18.835222685820636-1.3917102160944367e-15j),(-1.8835222685820636+1.3917102160944367e-16j)
rapid_decline_slope,root_zone_temperature,0.15,0.165,increase,10.0,(24.689568425019537+1.8473228386863463e-15j),(23.57272694877719+1.9002559667094795e-15j),(-1.116841476242346+5.293312802313319e-17j),(-4.523535839170758+5.528546969576633e-16j),(-0.4523535839170758+5.5285469695766335e-17j)
rapid_decline_slope,root_zone_temperature,0.15,0.135,decrease,-10.0,(24.689568425019537+1.8473228386863463e-15j),(28.484744515211858+2.0289396421192494e-15j),(3.795176090192321+1.8161680343290312e-16j),(15.371577278549847-4.145307546014279e-16j),(-1.5371577278549848+4.145307546014279e-17j)
base_growth_factor,root_zone_temperature,0.8,0.8800000000000001,increase,10.0,(24.689568425019537+1.8473228386863463e-15j),(30.88999157320417+2.1556619491401235e-15j),(6.200423148184633+3.083391104537772e-16j),(25.113533948618326-6.301808727552722e-16j),(2.5113533948618327-6.301808727552722e-17j)
base_growth_factor,root_zone_temperature,0.8,0.7200000000000001,decrease,-10.0,(24.689568425019537+1.8473228386863463e-15j),(27.08241772264632+1.672925569694711e-15j),(2.392849297626782-1.7439726899163533e-16j),(9.691742101097049-1.4315156433987013e-15j),(-0.969174210109705+1.4315156433987013e-16j)
nutrient_uptake_sensitivity_low,root_zone_temperature,0.6,0.66,increase,10.0,(24.689568425019537+1.8473228386863463e-15j),(26.3588244033747+1.8255687734396083e-15j),(1.6692559783551637-2.1754065246738007e-17j),(6.7609767397294736-5.939801383057837e-16j),(0.6760976739729474-5.939801383057837e-17j)
nutrient_uptake_sensitivity_low,root_zone_temperature,0.6,0.54,decrease,-10.0,(24.689568425019537+1.8473228386863463e-15j),(26.82222802216187+1.9469260773728074e-15j),(2.1326595971423323+9.960323868646109e-17j),(8.637897432752085-2.428823879736259e-16j),(-0.8637897432752086+2.4288238797362592e-17j)
nutrient_uptake_sensitivity_high,root_zone_temperature,0.9,0.9900000000000001,increase,10.0,(24.689568425019537+1.8473228386863463e-15j),(27.21287287629436+1.8934160044111412e-15j),(2.5233044512748215+4.6093165724794896e-17j),(10.220123769833878-5.77999227693043e-16j),(1.0220123769833878-5.77999227693043e-17j)
nutrient_uptake_sensitivity_high,root_zone_temperature,0.9,0.81,decrease,-10.0,(24.689568425019537+1.8473228386863463e-15j),(24.438109100935108+1.9286058411147058e-15j),(-0.25145932408442917+8.128300242835946e-17j),(-1.0184840810324134+4.0542503515055585e-16j),(0.10184840810324135-4.0542503515055585e-17j)
photosynthesis_sensitivity_low,root_zone_temperature,0.5,0.55,increase,10.0,(24.689568425019537+1.8473228386863463e-15j),(28.69133073281026+2.0167492726824856e-15j),(4.001762307790724+1.6942643399613932e-16j),(16.208312105348423-5.265115009454566e-16j),(1.6208312105348424-5.265115009454566e-17j)
photosynthesis_sensitivity_low,root_zone_temperature,0.5,0.45,decrease,-10.0,(24.689568425019537+1.8473228386863463e-15j),(27.13628451327764+1.81236824643637e-15j),(2.4467160882581034-3.495459224997632e-17j),(9.909918416308514-8.830562555669916e-16j),(-0.9909918416308514+8.830562555669916e-17j)
photosynthesis_sensitivity_high,root_zone_temperature,0.85,0.935,increase,10.0,(24.689568425019537+1.8473228386863463e-15j),(25.01930156552187+2.028928223559992e-15j),(0.32973314050233427+1.8160538487364563e-16j),(1.3355160156148955+6.356291442658281e-16j),(0.13355160156148957+6.356291442658281e-17j)
photosynthesis_sensitivity_high,root_zone_temperature,0.85,0.765,decrease,-10.0,(24.689568425019537+1.8473228386863463e-15j),(27.64194429734002+1.8418492887581017e-15j),(2.9523758723204843-5.47354992824464e-18j),(11.957988983430957-9.168901115232143e-16j),(-1.1957988983430956+9.168901115232143e-17j)
rzt_water_uptake_sensitivity_low,root_zone_temperature,0.7,0.77,increase,10.0,(24.689568425019537+1.8473228386863463e-15j),(28.807151908032175+2.0069003566634697e-15j),(4.117583483012638+1.5957751797712336e-16j),(16.677421865503423-6.015022315979361e-16j),(1.6677421865503423-6.015022315979361e-17j)
rzt_water_uptake_sensitivity_low,root_zone_temperature,0.7,0.63,decrease,-10.0,(24.689568425019537+1.8473228386863463e-15j),(27.404239822600243+1.8550875631622854e-15j),(2.7146713975807053+7.764724475939081e-18j),(10.995216080122944-7.912346217324822e-16j),(-1.0995216080122945+7.912346217324823e-17j)
rzt_water_uptake_sensitivity_high,root_zone_temperature,0.95,1.045,increase,10.0,(24.689568425019537+1.8473228386863463e-15j),(27.433438008309544+1.9787308688238785e-15j),(2.7438695832900066+1.3140803013753224e-16j),(11.113477303675612-2.9929147805844016e-16j),(1.1113477303675612-2.9929147805844016e-17j)
rzt_water_uptake_sensitivity_high,root_zone_temperature,0.95,0.855,decrease,-10.0,(24.689568425019537+1.8473228386863463e-15j),(26.13639314199098+2.038994627408918e-15j),(1.4468247169714417+1.916717887225718e-16j),(5.86006483412355+3.3786525241748635e-16j),(-0.5860064834123551-3.3786525241748637e-17j)
rzt_min_growth_factor,root_zone_temperature,0.2,0.22000000000000003,increase,10.0,(24.689568425019537+1.8473228386863463e-15j),(26.76752805988219+2.0198162536839158e-15j),(2.0779596348626512+1.7249341499756947e-16j),(8.416346527778591+6.892110511614491e-17j),(0.8416346527778592+6.892110511614491e-18j)
rzt_min_growth_factor,root_zone_temperature,0.2,0.18000000000000002,decrease,-10.0,(24.689568425019537+1.8473228386863463e-15j),(27.781588136756355+2.055569085775125e-15j),(3.0920197117368176+2.082462470887787e-16j),(12.523587526963306-9.358140702158006e-17j),(-1.2523587526963307+9.358140702158006e-18j)
rzt_thermal_mass_factor,root_zone_temperature,0.2,0.22000000000000003,increase,10.0,(24.689568425019537+1.8473228386863463e-15j),(28.352605605200097+1.8818457900081134e-15j),(3.6630371801805595+3.452295132176709e-17j),(14.836375902255817-9.70259200283176e-16j),(1.4836375902255818-9.702592002831761e-17j)
rzt_thermal_mass_factor,root_zone_temperature,0.2,0.18000000000000002,decrease,-10.0,(24.689568425019537+1.8473228386863463e-15j),(29.216444409445092+2.0093591942097563e-15j),(4.526875984425555+1.6203635552341003e-16j),(18.335176648281053-7.155797427173208e-16j),(-1.8335176648281053+7.155797427173209e-17j)
rzt_ambient_temp_amplitude,root_zone_temperature,2.0,2.2,increase,10.0,(24.689568425019537+1.8473228386863463e-15j),(27.182139345824314+2.035843567085432e-15j),(2.492570920804777+1.885207283990857e-16j),(10.095643949283833+8.188041105897113e-18j),(1.0095643949283832+8.188041105897114e-19j)
rzt_ambient_temp_amplitude,root_zone_temperature,2.0,1.8,decrease,-10.0,(24.689568425019537+1.8473228386863463e-15j),(30.22025937667048+1.865394090111908e-15j),(5.530690951650943+1.8071251425561672e-17j),(22.400921945830106-1.6028878631795957e-15j),(-2.240092194583011+1.6028878631795959e-16j)
rzt_root_respiration_heat,root_zone_temperature,0.5,0.55,increase,10.0,(24.689568425019537+1.8473228386863463e-15j),(26.50738292070994+1.8117882501949576e-15j),(1.8178144956904028-3.5534588491388686e-17j),(7.362682345829478-6.948161185028432e-16j),(0.7362682345829479-6.948161185028432e-17j)
rzt_root_respiration_heat,root_zone_temperature,0.5,0.45,decrease,-10.0,(24.689568425019537+1.8473228386863463e-15j),(30.72486360908106+1.9701102464922286e-15j),(6.035295184061521+1.2278740780588224e-16j),(24.444717218894624-1.3316775351077927e-15j),(-2.4444717218894625+1.3316775351077927e-16j)
rzt_pump_heat_generation,root_zone_temperature,0.3,0.33,increase,10.0,(24.689568425019537+1.8473228386863463e-15j),(28.693409397815337+2.012759984685603e-15j),(4.0038409727958+1.6543714599925672e-16j),(16.21673130883263-5.432992300557058e-16j),(1.6216731308832633-5.4329923005570583e-17j)
rzt_pump_heat_generation,root_zone_temperature,0.3,0.27,decrease,-10.0,(24.689568425019537+1.8473228386863463e-15j),(27.070407824613213+1.9317857449351554e-15j),(2.3808393995936754+8.446290624880908e-17j),(9.64309848843294-3.79416330299651e-16j),(-0.9643098488432941+3.79416330299651e-17j)
rzt_ambient_exchange_factor,root_zone_temperature,0.1,0.11000000000000001,increase,10.0,(24.689568425019537+1.8473228386863463e-15j),(27.851303356515047+1.9774867440558545e-15j),(3.161734931495509+1.3016390536950818e-16j),(12.80595463261123-4.309650838720446e-16j),(1.2805954632611232-4.309650838720446e-17j)
rzt_ambient_exchange_factor,root_zone_temperature,0.1,0.09000000000000001,decrease,-10.0,(24.689568425019537+1.8473228386863463e-15j),(25.65151703296436+1.7593551014980748e-15j),(0.961948607944823-8.79677371882715e-17j),(3.8961742521591347-6.478147014564415e-16j),(-0.38961742521591347+6.478147014564414e-17j)
rzt_thermal_response_time,root_zone_temperature,2.0,2.2,increase,10.0,(24.689568425019537+1.8473228386863463e-15j),(26.950914394157415+1.952063508645907e-15j),(2.261345969137878+1.047406699595607e-16j),(9.15911501655213-2.610728241707066e-16j),(0.9159115016552131-2.6107282417070658e-17j)
rzt_thermal_response_time,root_zone_temperature,2.0,1.8,decrease,-10.0,(24.689568425019537+1.8473228386863463e-15j),(30.42595354210956+1.9487788508177114e-15j),(5.736385117090023+1.014560121313651e-16j),(23.23404369951227-1.3274909380269244e-15j),(-2.323404369951227+1.3274909380269244e-16j)
rzt_heat_transfer_coefficient,root_zone_temperature,10.0,11.0,increase,10.0,(24.689568425019537+1.8473228386863463e-15j),(26.997271529467973+1.950124806038444e-15j),(2.3077031044484357+1.0280196735209771e-16j),(9.346875023177361-2.82973717692565e-16j),(0.9346875023177361-2.82973717692565e-17j)
rzt_heat_transfer_coefficient,root_zone_temperature,10.0,9.0,decrease,-10.0,(24.689568425019537+1.8473228386863463e-15j),(28.031945058701893+1.9283738049364994e-15j),(3.342376633682356+8.105096625015307e-17j),(13.53760655571164-6.846305636258782e-16j),(-1.353760655571164+6.846305636258783e-17j)
min_temp,leaf_development,4.0,4.4,increase,10.0,(24.689568425019537+1.8473228386863463e-15j),(29.26441001204637+1.8797182100695093e-15j),(4.574841587026832+3.2395371383163013e-17j),(18.52945141961594-1.2551998124869956e-15j),(1.8529451419615939-1.2551998124869956e-16j)
min_temp,leaf_development,4.0,3.6,decrease,-10.0,(24.689568425019537+1.8473228386863463e-15j),(27.50855484221318+1.926979255174041e-15j),(2.818986417193642+7.965641648769469e-17j),(11.41772253231037-5.316649414434143e-16j),(-1.141772253231037+5.3166494144341434e-17j)
opt_temp_min,leaf_development,18.0,19.8,increase,10.0,(24.689568425019537+1.8473228386863463e-15j),(31.111285615599897+1.961988841949616e-15j),(6.42171719058036+1.1466600326326974e-16j),(26.009839783480448-1.4816772049850138e-15j),(2.600983978348045-1.4816772049850139e-16j)
opt_temp_min,leaf_development,18.0,16.2,decrease,-10.0,(24.689568425019537+1.8473228386863463e-15j),(25.670888484690558+1.9148104217141087e-15j),(0.9813200596710203+6.748758302776242e-17j),(3.9746343183406365-2.4045557974166343e-17j),(-0.3974634318340637+2.4045557974166344e-18j)
opt_temp_max,leaf_development,24.0,26.400000000000002,increase,10.0,(24.689568425019537+1.8473228386863463e-15j),(30.133580960765887+1.997540027616523e-15j),(5.444012535746349+1.5021718893017683e-16j),(22.049848916069262-1.0413900379548694e-15j),(2.204984891606926-1.0413900379548694e-16j)
opt_temp_max,leaf_development,24.0,21.6,decrease,-10.0,(24.689568425019537+1.8473228386863463e-15j),(25.144067291815432+1.9271496851915053e-15j),(0.4544988667958947+7.982684650515897e-17j),(1.8408538333757245+1.8558580055187756e-16j),(-0.18408538333757246-1.8558580055187756e-17j)
max_temp,leaf_development,35.0,38.5,increase,10.0,(24.689568425019537+1.8473228386863463e-15j),(28.055345561356688+2.0418478401510923e-15j),(3.365777136337151+1.9452500146474602e-16j),(13.632385460923613-2.3211895658158925e-16j),(1.3632385460923615-2.3211895658158927e-17j)
max_temp,leaf_development,35.0,31.5,decrease,-10.0,(24.689568425019537+1.8473228386863463e-15j),(28.75754354267774+1.905349183816649e-15j),(4.067975117658204+5.802634513030261e-17j),(16.476493422768222-9.977804254913926e-16j),(-1.6476493422768224+9.977804254913927e-17j)
leaf_appearance_rate,leaf_development,0.5,0.55,increase,10.0,(24.689568425019537+1.8473228386863463e-15j),(26.044339738745904+1.9406043337893817e-15j),(1.354771313726367+9.328149510303543e-17j),(5.48722152775052-3.27474391177309e-17j),(0.548722152775052-3.2747439117730904e-18j)
leaf_appearance_rate,leaf_development,0.5,0.45,decrease,-10.0,(24.689568425019537+1.8473228386863463e-15j),(28.757779356240064+1.9559466786578683e-15j),(4.068210931220527+1.08623839971522e-16j),(16.477448536921145-7.929171815147135e-16j),(-1.6477448536921147+7.929171815147135e-17j)
initial_leaf_number,leaf_development,2.0,2.2,increase,10.0,(24.689568425019537+1.8473228386863463e-15j),(29.565110336543952+2.01791457642455e-15j),(4.875541911524415+1.705917377382036e-16j),(19.74737600752759-7.865915108233321e-16j),(1.9747376007527588-7.865915108233322e-17j)
initial_leaf_number,leaf_development,2.0,1.8,decrease,-10.0,(24.689568425019537+1.8473228386863463e-15j),(26.149812202605805+1.682479255266774e-15j),(1.4602437775862676-1.6484358341957228e-16j),(5.9144159689179014-1.1101933240377737e-15j),(-0.5914415968917902+1.1101933240377737e-16j)
max_leaf_number,leaf_development,25.0,27.500000000000004,increase,10.0,(24.689568425019537+1.8473228386863463e-15j),(26.111355421075743+1.94616679698114e-15j),(1.4217869960562055+9.884395829479385e-17j),(5.758654714334401-3.052700360916726e-17j),(0.5758654714334401-3.0527003609167262e-18j)
max_leaf_number,leaf_development,25.0,22.5,decrease,-10.0,(24.689568425019537+1.8473228386863463e-15j),(28.104650877224948+1.955209273536643e-15j),(3.415082452205411+1.078864348502968e-16j),(13.832086464276493-5.979726130875404e-16j),(-1.3832086464276494+5.979726130875405e-17j)
leaf_area_ratio,leaf_development,0.8,0.8800000000000001,increase,10.0,(24.689568425019537+1.8473228386863463e-15j),(29.824711143670193+1.9501132440379497e-15j),(5.1351427186506555+1.0279040535160336e-16j),(20.798835484896053-1.139879109658673e-15j),(2.0798835484896054-1.139879109658673e-16j)
leaf_area_ratio,leaf_development,0.8,0.7200000000000001,decrease,-10.0,(24.689568425019537+1.8473228386863463e-15j),(26.05016212473888+1.980985660908128e-15j),(1.3605936997193417+1.3366282222178155e-16j),(5.510803900243813+1.2904430984331564e-16j),(-0.5510803900243814-1.2904430984331565e-17j)
leaf_area_index,leaf_development,0.0,0.0,increase,10.0,(24.689568425019537+1.8473228386863463e-15j),(28.726623817059014+1.996816534320528e-15j),(4.037055392039477+1.4949369563418157e-16j),(16.3512594572065-6.17940549244471e-16j),(1.63512594572065-6.17940549244471e-17j)
leaf_area_index,leaf_development,0.0,0.0,decrease,-10.0,(24.689568425019537+1.8473228386863463e-15j),(29.12602810217509+1.966378030037214e-15j),(4.436459677155554+1.1905519135086759e-16j),(17.96896406119356-8.622653177330064e-16j),(-1.7968964061193562+8.622653177330065e-17j)
minimum_leaf_life,leaf_development,7.0,7.700000000000001,increase,10.0,(24.689568425019537+1.8473228386863463e-15j),(27.86651683633846+1.829762075294879e-15j),(3.1769484113189215-1.7560763391467347e-17j),(12.86757369197071-1.0339038195959725e-15j),(1.286757369197071-1.0339038195959725e-16j)
minimum_leaf_life,leaf_development,7.0,6.3,decrease,-10.0,(24.689568425019537+1.8473228386863463e-15j),(28.78982039169056+2.0176625130446344e-15j),(4.100251966671024+1.7033967435828806e-16j),(16.607224136473658-5.526600045724098e-16j),(-1.660722413647366+5.526600045724098e-17j)
base_phyllochron,leaf_development,50.0,55.00000000000001,increase,10.0,(24.689568425019537+1.8473228386863463e-15j),(23.67529270222768+1.7781160971393266e-15j),(-1.014275722791858-6.920674154701973e-17j),(-4.108114428456459+2.7069709823087907e-17j),(-0.41081144284564597+2.706970982308791e-18j)
base_phyllochron,leaf_development,50.0,45.0,decrease,-10.0,(24.689568425019537+1.8473228386863463e-15j),(33.33145547222072+2.0458545744955537e-15j),(8.64188704720118+1.9853173580920738e-16j),(35.00217945666396-1.8148211893313883e-15j),(-3.500217945666396+1.8148211893313885e-16j)
leaf_angle,leaf_development,45.0,49.50000000000001,increase,10.0,(24.689568425019537+1.8473228386863463e-15j),(30.123665919016048+2.010289822745655e-15j),(5.434097493996511+1.6296698405930873e-16j),(22.009690086319157-9.867448609691806e-16j),(2.200969008631916-9.867448609691806e-17j)
leaf_angle,leaf_development,45.0,40.5,decrease,-10.0,(24.689568425019537+1.8473228386863463e-15j),(27.60877496880366+2.0229516366132544e-15j),(2.9192065437841244+1.7562879792690813e-16j),(11.82364346565857-1.7332043818021755e-16j),(-1.182364346565857+1.7332043818021755e-17j)
canopy_height,leaf_development,0.0,0.0,increase,10.0,(24.689568425019537+1.8473228386863463e-15j),(25.796810169664603+1.9457300821921353e-15j),(1.1072417446450658+9.840724350578904e-17j),(4.48465410810108+6.302744407222258e-17j),(0.44846541081010804+6.302744407222258e-18j)
canopy_height,leaf_development,0.0,0.0,decrease,-10.0,(24.689568425019537+1.8473228386863463e-15j),(25.230841717483194+1.852472968363924e-15j),(0.5412732924636572+5.15012967757763e-18j),(2.192315730862067-1.4317390610574375e-16j),(-0.21923157308620672+1.4317390610574374e-17j)
base_crop_coefficient,crop_parameters,0.7,0.77,increase,10.0,(24.689568425019537+1.8473228386863463e-15j),(26.592767110308156+1.9688765748007613e-15j),(1.9031986852886185+1.2155373611441502e-16j),(7.708513379115951-8.443805781578817e-17j),(0.7708513379115951-8.443805781578818e-18j)
base_crop_coefficient,crop_parameters,0.7,0.63,decrease,-10.0,(24.689568425019537+1.8473228386863463e-15j),(27.75192587560272+1.9152386819110362e-15j),(3.062357450583182+6.791584322468992e-17j),(12.403446661626926-6.529715585326029e-16j),(-1.2403446661626927+6.52971558532603e-17j)
maximum_height,crop_parameters,0.25,0.275,increase,10.0,(24.689568425019537+1.8473228386863463e-15j),(28.08687361320679+1.948896023595262e-15j),(3.3973051881872536+1.0157318490891576e-16j),(13.760083326302878-6.181557100264641e-16j),(1.3760083326302879-6.181557100264641e-17j)
maximum_height,crop_parameters,0.25,0.225,decrease,-10.0,(24.689568425019537+1.8473228386863463e-15j),(27.11568259564072+1.9461083977603642e-15j),(2.426114170621183+9.87855590740179e-17j),(9.826474601972567-3.351259489902125e-16j),(-0.9826474601972568+3.351259489902125e-17j)
kc_light_interception_factor,crop_parameters,0.4,0.44000000000000006,increase,10.0,(24.689568425019537+1.8473228386863463e-15j),(27.51906434194605+1.9856868162244517e-15j),(2.8294959169265113+1.3836397753810535e-16j),(11.460289091401046-2.9706699997437524e-16j),(1.1460289091401046-2.9706699997437523e-17j)
kc_light_interception_factor,crop_parameters,0.4,0.36000000000000004,decrease,-10.0,(24.689568425019537+1.8473228386863463e-15j),(29.02195774623415+2.001193934011363e-15j),(4.332389321214613+1.5387109532501668e-16j),(17.547448568701277-6.897120547428428e-16j),(-1.7547448568701278+6.897120547428429e-17j)
heat_tolerance,genetic_parameters,0.3,0.33,increase,10.0,(24.689568425019537+1.8473228386863463e-15j),(28.031115362134173+1.999429638493275e-15j),(3.341546937114636+1.5210679980692886e-16j),(13.534246041046346-3.965821381231596e-16j),(1.3534246041046347-3.9658213812315964e-17j)
heat_tolerance,genetic_parameters,0.3,0.27,decrease,-10.0,(24.689568425019537+1.8473228386863463e-15j),(31.80704539078116+1.856595364760946e-15j),(7.117476965761622+9.272526074599528e-18j),(28.82787112045677-2.1194024619336776e-15j),(-2.882787112045677+2.1194024619336778e-16j)
cold_tolerance,genetic_parameters,0.25,0.275,increase,10.0,(24.689568425019537+1.8473228386863463e-15j),(25.79146025484772+1.964115259635802e-15j),(1.1018918298281832+1.1679242094945566e-16j),(4.462985382569769+1.3911410721625002e-16j),(0.44629853825697696+1.3911410721625002e-17j)
cold_tolerance,genetic_parameters,0.25,0.225,decrease,-10.0,(24.689568425019537+1.8473228386863463e-15j),(27.38688431863416+2.0209914071542646e-15j),(2.697315893614622+1.736685684679183e-16j),(10.92492119417226-1.1401574695807475e-16j),(-1.0924921194172261+1.1401574695807475e-17j)
salinity_tolerance,genetic_parameters,0.2,0.22000000000000003,increase,10.0,(24.689568425019537+1.8473228386863463e-15j),(27.960083163281233+1.9198352982294184e-15j),(3.2705147382616957+7.251245954307206e-17j),(13.246544783453853-6.974361990223795e-16j),(1.3246544783453853-6.974361990223796e-17j)
salinity_tolerance,genetic_parameters,0.2,0.18000000000000002,decrease,-10.0,(24.689568425019537+1.8473228386863463e-15j),(30.751512021251223+1.857633146484428e-15j),(6.061943596231686+1.0310307798081652e-17j),(24.55265111110134-1.7953186384217635e-15j),(-2.4552651111101342+1.7953186384217637e-16j)
light_stress_tolerance,genetic_parameters,0.15,0.165,increase,10.0,(24.689568425019537+1.8473228386863463e-15j),(29.167881417162477+1.963355671112082e-15j),(4.478312992142939+1.1603283242573576e-16j),(18.138482273366815-8.871904499524297e-16j),(1.8138482273366816-8.871904499524297e-17j)
light_stress_tolerance,genetic_parameters,0.15,0.135,decrease,-10.0,(24.689568425019537+1.8473228386863463e-15j),(27.143752992543455+2.039273897091875e-15j),(2.4541845675239173+1.919510584055288e-16j),(9.940167949784547+3.371490956052189e-17j),(-0.9940167949784547-3.3714909560521895e-18j)
nutrient_stress_tolerance,genetic_parameters,0.25,0.275,increase,10.0,(24.689568425019537+1.8473228386863463e-15j),(24.876526569794805+1.9980543017589194e-15j),(0.18695814477526795+1.507314630725731e-16j),(0.7572353698406942+5.5384881091856e-16j),(0.07572353698406942+5.5384881091856e-17j)
nutrient_stress_tolerance,genetic_parameters,0.25,0.225,decrease,-10.0,(24.689568425019537+1.8473228386863463e-15j),(28.84016018954652+1.996601249644956e-15j),(4.1505917645269825+1.492784109586098e-16j),(16.811115095559625-6.532198330209718e-16j),(-1.6811115095559626+6.532198330209717e-17j)
temperature_tolerance,genetic_parameters,0.5,0.55,increase,10.0,(24.689568425019537+1.8473228386863463e-15j),(28.557782813565588+2.019792077291208e-15j),(3.8682143885460505+1.7246923860486158e-16j),(15.667403828031834-4.73715411003572e-16j),(1.5667403828031834-4.7371541100357197e-17j)
temperature_tolerance,genetic_parameters,0.5,0.45,decrease,-10.0,(24.689568425019537+1.8473228386863463e-15j),(26.53977171717323+1.94729902227634e-15j),(1.8502032921536937+9.997618358999356e-17j),(7.493866479572656-1.557731699710023e-16j),(-0.7493866479572656+1.557731699710023e-17j)
stress_response_capacity,genetic_parameters,0.2,0.22000000000000003,increase,10.0,(24.689568425019537+1.8473228386863463e-15j),(28.30554294261939+1.980128470901152e-15j),(3.6159745175998523+1.3280563221480576e-16j),(14.645758303071638-5.579231011468338e-16j),(1.4645758303071639-5.579231011468338e-17j)
stress_response_capacity,genetic_parameters,0.2,0.18000000000000002,decrease,-10.0,(24.689568425019537+1.8473228386863463e-15j),(28.72373217617139+1.87978434926199e-15j),(4.034163751151851+3.24615105756435e-17j),(16.339547462740466-1.0910789399160727e-15j),(-1.6339547462740467+1.0910789399160727e-16j)
temperature_stress_impact,stress_parameters,0.5,0.55,increase,10.0,(24.689568425019537+1.8473228386863463e-15j),(27.25694444100091+1.8719268959497532e-15j),(2.567376015981374+2.4604057263406913e-17j),(10.398626544559951-6.783923595611306e-16j),(1.0398626544559952-6.783923595611306e-17j)
temperature_stress_impact,stress_parameters,0.5,0.45,decrease,-10.0,(24.689568425019537+1.8473228386863463e-15j),(25.99019908827762+1.962478234649595e-15j),(1.300630663258083+1.151553959632486e-16j),(5.267935999804961+7.225566200417491e-17j),(-0.5267935999804961-7.22556620041749e-18j)
water_stress_impact,stress_parameters,0.25,0.275,increase,10.0,(24.689568425019537+1.8473228386863463e-15j),(26.041855596932763+2.010782264571473e-15j),(1.3522871719132254+1.634594258851266e-16j),(5.477160024161724+2.522466038097187e-16j),(0.5477160024161724+2.5224660380971874e-17j)
water_stress_impact,stress_parameters,0.25,0.225,decrease,-10.0,(24.689568425019537+1.8473228386863463e-15j),(30.805160200541824+2.0116246352360967e-15j),(6.115591775522287+1.6430179654975038e-16j),(24.769941986207268-1.1878660405971952e-15j),(-2.476994198620727+1.187866040597195e-16j)
nutrient_stress_impact,stress_parameters,0.25,0.275,increase,10.0,(24.689568425019537+1.8473228386863463e-15j),(27.317142365343635+1.9682167318401893e-15j),(2.6275739403240976+1.20893893153843e-16j),(10.642445809872509-3.0663330190102365e-16j),(1.064244580987251-3.0663330190102363e-17j)
nutrient_stress_impact,stress_parameters,0.25,0.225,decrease,-10.0,(24.689568425019537+1.8473228386863463e-15j),(26.442264533553356+2.064950103132811e-15j),(1.7526961085338186+2.1762726444646463e-16j),(7.098933761667936+3.5029790021082e-16j),(-0.7098933761667937-3.5029790021082e-17j)
light_stress_impact,stress_parameters,0.15,0.165,increase,10.0,(24.689568425019537+1.8473228386863463e-15j),(26.525399105501155+1.8478420098460567e-15j),(1.8358306804816173+5.191711597103412e-19j),(7.435653183071646-5.542476317974447e-16j),(0.7435653183071647-5.542476317974448e-17j)
light_stress_impact,stress_parameters,0.15,0.135,decrease,-10.0,(24.689568425019537+1.8473228386863463e-15j),(27.640498427084236+1.948278338975836e-15j),(2.9509300020646982+1.0095550028948985e-16j),(11.952132784444826-4.853830422820885e-16j),(-1.1952132784444827+4.853830422820885e-17j)
salinity_stress_impact,stress_parameters,0.2,0.22000000000000003,increase,10.0,(24.689568425019537+1.8473228386863463e-15j),(28.706127194486655+2.002415578010126e-15j),(4.016558769467117+1.5509273932377958e-16j),(16.26824211879248-5.890512555176445e-16j),(1.626824211879248-5.890512555176445e-17j)
salinity_stress_impact,stress_parameters,0.2,0.18000000000000002,decrease,-10.0,(24.689568425019537+1.8473228386863463e-15j),(29.659622716978284+1.8819350772706084e-15j),(4.970054291958746+3.4612238584262075e-17j),(20.13017889337534-1.3659904773374434e-15j),(-2.0130178893375343+1.3659904773374436e-16j)
oxygen_stress_impact,stress_parameters,0.1,0.11000000000000001,increase,10.0,(24.689568425019537+1.8473228386863463e-15j),(27.08750166015369+1.9768932316453823e-15j),(2.397933235134154+1.2957039295903597e-16j),(9.712333540444446-2.0189807227442068e-16j),(0.9712333540444447-2.018980722744207e-17j)
oxygen_stress_impact,stress_parameters,0.1,0.09000000000000001,decrease,-10.0,(24.689568425019537+1.8473228386863463e-15j),(26.94727895433426+1.9981420232432294e-15j),(2.2577105293147213+1.5081918455688313e-16j),(9.144390418047312-7.333958934657407e-17j),(-0.9144390418047312+7.333958934657407e-18j)
ph_stress_impact,stress_parameters,0.15,0.165,increase,10.0,(24.689568425019537+1.8473228386863463e-15j),(24.323880969121525+1.796992704554864e-15j),(-0.3656874558980121-5.033013413148243e-17j),(-1.4811415477292722-9.302984828091006e-17j),(-0.14811415477292722-9.302984828091006e-18j)
ph_stress_impact,stress_parameters,0.15,0.135,decrease,-10.0,(24.689568425019537+1.8473228386863463e-15j),(27.65949823742177+1.875619103816544e-15j),(2.9699298124022313+2.8296265130197517e-17j),(12.029087593903055-7.854321871460825e-16j),(-1.2029087593903056+7.854321871460825e-17j)
initial_root_activity,root_system,1.0,1.1,increase,10.0,(24.689568425019537+1.8473228386863463e-15j),(27.197143828776245+1.884283871103901e-15j),(2.5075754037567073+3.6961032417554495e-17j),(10.156416509960614-6.102203439505423e-16j),(1.0156416509960615-6.102203439505423e-17j)
initial_root_activity,root_system,1.0,0.9,decrease,-10.0,(24.689568425019537+1.8473228386863463e-15j),(28.872029164634426+1.8097013765281103e-15j),(4.182460739614889-3.762146215823601e-17j),(16.940193800133542-1.419877112110979e-15j),(-1.6940193800133543+1.419877112110979e-16j)
